Date,Close,High,Low,Open,Volume
2003-01-23,126.87999725341797,127.11000061035156,126.5199966430664,126.9800033569336,0
2003-01-24,127.48999786376953,127.76000213623047,126.80000305175781,126.9000015258789,0
2003-01-27,128.44000244140625,128.94000244140625,127.48999786376953,127.58999633789062,0
2003-01-28,128.47000122070312,128.72000122070312,128.02000427246094,128.4600067138672,0
2003-01-29,128.27999877929688,128.6199951171875,127.88999938964844,128.4600067138672,0
2003-01-30,128.77999877929688,128.8699951171875,127.72000122070312,128.24000549316406,0
2003-01-31,129.11000061035156,129.3699951171875,128.61000061035156,128.7899932861328,0
2003-02-03,129.77999877929688,129.8000030517578,128.6699981689453,129.1699981689453,0
2003-02-04,130.38999938964844,130.42999267578125,129.3699951171875,129.75999450683594,0
2003-02-05,129.42999267578125,130.4600067138672,129.0800018310547,130.42999267578125,0
2003-02-06,129.85000610351562,130.0800018310547,129.1300048828125,129.4499969482422,0
2003-02-07,130.19000244140625,130.25999450683594,129.13999938964844,129.8800048828125,0
2003-02-10,129.8300018310547,130.4499969482422,129.7899932861328,130.27000427246094,0
2003-02-11,130.0,130.32000732421875,129.55999755859375,129.8699951171875,0
2003-02-12,129.89999389648438,130.22000122070312,129.4199981689453,129.97999572753906,0
2003-02-13,130.47000122070312,130.77999877929688,129.72000122070312,129.94000244140625,0
2003-02-14,129.77999877929688,130.60000610351562,129.5,130.4499969482422,0
2003-02-17,128.9199981689453,129.82000732421875,128.33999633789062,129.80999755859375,0
2003-02-18,127.11000061035156,128.86000061035156,126.9000015258789,128.86000061035156,0
2003-02-19,127.52999877929688,127.80000305175781,126.87999725341797,127.12000274658203,0
2003-02-20,128.0399932861328,128.2100067138672,127.48999786376953,127.48999786376953,0
2003-02-21,127.80999755859375,128.72000122070312,127.54000091552734,128.02000427246094,0
2003-02-24,127.62999725341797,127.62999725341797,126.23999786376953,127.0,0
2003-02-25,126.20999908447266,127.70999908447266,126.0199966430664,127.61000061035156,0
2003-02-26,126.37000274658203,126.58999633789062,126.0199966430664,126.22000122070312,0
2003-02-27,126.4800033569336,126.7699966430664,126.06999969482422,126.4000015258789,0
2003-02-28,127.62000274658203,127.66999816894531,126.37999725341797,126.45999908447266,0
2003-03-03,128.19000244140625,128.1999969482422,127.08000183105469,127.5199966430664,0
2003-03-04,128.58999633789062,128.6699981689453,128.0500030517578,128.17999267578125,0
2003-03-05,128.61000061035156,128.97999572753906,128.4499969482422,128.61000061035156,0
2003-03-06,128.6999969482422,128.97999572753906,128.47000122070312,128.5800018310547,0
2003-03-07,128.91000366210938,129.32000732421875,127.91000366210938,128.72000122070312,0
2003-03-10,129.05999755859375,129.1999969482422,128.50999450683594,128.8699951171875,0
2003-03-11,129.25,129.4499969482422,128.99000549316406,129.0399932861328,0
2003-03-12,129.05999755859375,129.58999633789062,128.83999633789062,129.1999969482422,0
2003-03-13,128.11000061035156,129.3800048828125,127.73999786376953,129.05999755859375,0
2003-03-14,126.98999786376953,128.11000061035156,126.83000183105469,128.0800018310547,0
2003-03-17,126.12999725341797,127.7699966430664,125.5199966430664,127.22000122070312,0
2003-03-18,126.19999694824219,126.62000274658203,125.47000122070312,126.12999725341797,0
2003-03-19,127.05999755859375,127.4800033569336,125.94999694824219,126.19999694824219,0
2003-03-20,127.54000091552734,127.94999694824219,126.72000122070312,127.05999755859375,0
2003-03-21,128.22000122070312,128.22000122070312,127.3499984741211,127.51000213623047,0
2003-03-24,128.5,128.57000732421875,127.98999786376953,128.1300048828125,0
2003-03-25,127.81999969482422,128.55999755859375,127.66999816894531,128.5399932861328,0
2003-03-26,128.27999877929688,128.39999389648438,127.56999969482422,127.8499984741211,0
2003-03-27,128.30999755859375,128.6699981689453,128.0,128.32000732421875,0
2003-03-28,129.22999572753906,129.4499969482422,128.2100067138672,128.32000732421875,0
2003-03-31,128.86000061035156,129.74000549316406,128.4199981689453,129.32000732421875,0
2003-04-01,128.89999389648438,129.10000610351562,128.5,128.8000030517578,0
2003-04-02,127.97000122070312,128.97999572753906,127.9000015258789,128.9499969482422,0
2003-04-03,128.3800048828125,128.49000549316406,127.6500015258789,128.00999450683594,0
2003-04-04,128.75999450683594,129.00999450683594,128.27999877929688,128.4199981689453,0
2003-04-07,128.0399932861328,128.8000030517578,127.47000122070312,128.38999938964844,0
2003-04-08,128.30999755859375,128.61000061035156,127.68000030517578,128.02000427246094,0
2003-04-09,129.36000061035156,129.5,128.27000427246094,128.3000030517578,0
2003-04-10,128.91000366210938,129.64999389648438,128.86000061035156,129.35000610351562,0
2003-04-11,129.5,129.74000549316406,128.8699951171875,128.94000244140625,0
2003-04-14,129.64999389648438,129.85000610351562,129.33999633789062,129.52000427246094,0
2003-04-15,129.88999938964844,130.02999877929688,129.22999572753906,129.63999938964844,0
2003-04-16,130.42999267578125,130.67999267578125,129.77999877929688,129.88999938964844,0
2003-04-17,130.17999267578125,130.7100067138672,129.91000366210938,130.4499969482422,0
2003-04-18,130.38999938964844,130.4499969482422,130.07000732421875,130.08999633789062,0
2003-04-21,130.89999389648438,130.99000549316406,130.1999969482422,130.27999877929688,0
2003-04-22,131.4499969482422,131.72000122070312,130.6699981689453,130.91000366210938,0
2003-04-23,131.9499969482422,132.1199951171875,131.32000732421875,131.4499969482422,0
2003-04-24,132.2100067138672,132.3699951171875,131.6699981689453,131.94000244140625,0
2003-04-25,132.57000732421875,132.88999938964844,132.0800018310547,132.22999572753906,0
2003-04-28,132.2899932861328,132.94000244140625,132.11000061035156,132.6199951171875,0
2003-04-29,132.66000366210938,132.77000427246094,131.5,132.33999633789062,0
2003-04-30,132.75999450683594,133.3000030517578,132.50999450683594,132.6999969482422,0
2003-05-01,133.1699981689453,133.38999938964844,132.3699951171875,132.77000427246094,0
2003-05-02,133.63999938964844,133.6999969482422,133.00999450683594,133.24000549316406,0
2003-05-05,133.80999755859375,133.8800048828125,133.22000122070312,133.52999877929688,0
2003-05-06,134.2899932861328,134.47000122070312,133.64999389648438,133.75,0
2003-05-07,132.16000366210938,134.42999267578125,131.88999938964844,134.33999633789062,0
2003-05-08,134.47999572753906,134.61000061035156,131.61000061035156,132.19000244140625,0
2003-05-09,134.82000732421875,135.27999877929688,134.27000427246094,134.4499969482422,0
2003-05-12,135.1999969482422,135.42999267578125,134.77999877929688,135.42999267578125,0
2003-05-13,134.4499969482422,135.2100067138672,133.94000244140625,135.1999969482422,0
2003-05-14,133.5,134.69000244140625,133.22000122070312,134.63999938964844,0
2003-05-15,132.5800018310547,133.47000122070312,132.25999450683594,133.4499969482422,0
2003-05-16,134.5500030517578,134.55999755859375,132.4499969482422,132.58999633789062,0
2003-05-19,136.35000610351562,136.82000732421875,134.41000366210938,134.82000732421875,0
2003-05-20,136.83999633789062,136.89999389648438,136.0399932861328,136.4499969482422,0
2003-05-21,136.94000244140625,137.35000610351562,136.4199981689453,136.85000610351562,0
2003-05-22,137.0800018310547,137.32000732421875,136.72000122070312,136.89999389648438,0
2003-05-23,138.35000610351562,138.47999572753906,136.75999450683594,137.10000610351562,0
2003-05-26,138.60000610351562,138.88999938964844,137.9199981689453,138.22999572753906,0
2003-05-27,138.52999877929688,139.1199951171875,138.3000030517578,138.58999633789062,0
2003-05-28,139.41000366210938,139.67999267578125,138.1199951171875,138.5500030517578,0
2003-05-29,140.5500030517578,140.64999389648438,139.10000610351562,139.36000061035156,0
2003-05-30,140.49000549316406,140.86000061035156,140.1999969482422,140.55999755859375,0
2003-06-02,139.36000061035156,140.0800018310547,138.22999572753906,140.0500030517578,0
2003-06-03,139.8300018310547,140.00999450683594,138.85000610351562,139.30999755859375,0
2003-06-04,138.44000244140625,140.0500030517578,138.25,139.8300018310547,0
2003-06-05,139.41000366210938,139.83999633789062,137.74000549316406,138.4499969482422,0
2003-06-06,138.83999633789062,139.8699951171875,138.1300048828125,139.38999938964844,0
2003-06-09,138.41000366210938,139.19000244140625,138.02000427246094,138.85000610351562,0
2003-06-10,137.47000122070312,138.77000427246094,137.27999877929688,138.41000366210938,0
2003-06-11,138.42999267578125,138.69000244140625,137.16000366210938,137.4499969482422,0
2003-06-12,138.47999572753906,138.7899932861328,137.8000030517578,138.4499969482422,0
2003-06-13,139.3000030517578,139.41000366210938,138.14999389648438,138.49000549316406,0
2003-06-16,139.0500030517578,140.13999938964844,139.00999450683594,139.30999755859375,0
2003-06-17,139.16000366210938,139.72000122070312,139.00999450683594,139.0500030517578,0
2003-06-18,137.83999633789062,139.47999572753906,137.5500030517578,139.22000122070312,0
2003-06-19,138.7100067138672,138.97999572753906,137.47000122070312,137.8300018310547,0
2003-06-20,137.52999877929688,138.97999572753906,136.80999755859375,138.6999969482422,0
2003-06-23,135.97000122070312,137.3699951171875,135.58999633789062,137.2899932861328,0
2003-06-24,135.57000732421875,136.4199981689453,135.22999572753906,135.9600067138672,0
2003-06-25,136.0800018310547,136.57000732421875,135.1300048828125,135.57000732421875,0
2003-06-26,136.47999572753906,136.67999267578125,135.6999969482422,136.0800018310547,0
2003-06-27,136.75,137.07000732421875,136.27000427246094,136.4499969482422,0
2003-06-30,137.8800048828125,138.05999755859375,136.58999633789062,136.82000732421875,0
2003-07-01,137.91000366210938,138.57000732421875,137.5,137.8800048828125,0
2003-07-02,136.33999633789062,138.0,136.07000732421875,137.94000244140625,0
2003-07-03,135.80999755859375,136.52000427246094,135.1999969482422,136.2899932861328,0
2003-07-04,135.60000610351562,135.89999389648438,135.19000244140625,135.83999633789062,0
2003-07-07,133.8300018310547,135.61000061035156,133.5500030517578,135.42999267578125,0
2003-07-08,133.85000610351562,134.19000244140625,133.19000244140625,133.75999450683594,0
2003-07-09,133.61000061035156,134.2100067138672,133.2100067138672,133.82000732421875,0
2003-07-10,133.6699981689453,134.0399932861328,133.02999877929688,133.58999633789062,0
2003-07-11,132.97000122070312,133.7100067138672,132.80999755859375,133.6699981689453,0
2003-07-14,132.72999572753906,132.97999572753906,132.1999969482422,132.83999633789062,0
2003-07-15,131.77999877929688,133.10000610351562,130.6300048828125,132.74000549316406,0
2003-07-16,132.52999877929688,132.6699981689453,131.47999572753906,131.77000427246094,0
2003-07-17,133.5,133.5,132.22999572753906,132.52000427246094,0
2003-07-18,133.52999877929688,133.80999755859375,132.9499969482422,133.50999450683594,0
2003-07-21,134.3800048828125,134.50999450683594,133.22000122070312,133.52000427246094,0
2003-07-22,134.77000427246094,135.4600067138672,134.36000061035156,134.3699951171875,0
2003-07-23,136.35000610351562,136.5,134.55999755859375,134.74000549316406,0
2003-07-24,136.52999877929688,136.74000549316406,136.02999877929688,136.3800048828125,0
2003-07-25,136.61000061035156,137.0500030517578,136.24000549316406,136.55999755859375,0
2003-07-28,137.14999389648438,137.4199981689453,136.4499969482422,136.69000244140625,0
2003-07-29,137.14999389648438,137.69000244140625,136.97000122070312,137.22000122070312,0
2003-07-30,136.5,137.3699951171875,136.3300018310547,137.2100067138672,0
2003-07-31,135.44000244140625,136.61000061035156,134.97000122070312,136.47999572753906,0
2003-08-01,135.47999572753906,135.7100067138672,134.25999450683594,135.44000244140625,0
2003-08-04,136.69000244140625,136.85000610351562,134.97000122070312,135.39999389648438,0
2003-08-05,136.61000061035156,137.0,135.75999450683594,136.57000732421875,0
2003-08-06,136.24000549316406,136.97000122070312,136.1999969482422,136.60000610351562,0
2003-08-07,135.41000366210938,136.41000366210938,135.17999267578125,136.24000549316406,0
2003-08-08,134.7100067138672,135.5500030517578,134.3000030517578,135.52000427246094,0
2003-08-11,134.6199951171875,134.92999267578125,133.41000366210938,134.57000732421875,0
2003-08-12,133.6999969482422,134.99000549316406,133.6199951171875,134.61000061035156,0
2003-08-13,134.83999633789062,134.99000549316406,133.5500030517578,133.72000122070312,0
2003-08-14,134.11000061035156,135.30999755859375,133.8300018310547,134.7899932861328,0
2003-08-15,134.17999267578125,134.39999389648438,133.63999938964844,134.10000610351562,0
2003-08-18,133.08999633789062,134.25999450683594,132.92999267578125,134.1999969482422,0
2003-08-19,132.07000732421875,133.1300048828125,131.61000061035156,133.11000061035156,0
2003-08-20,131.22999572753906,132.1199951171875,130.7899932861328,132.00999450683594,0
2003-08-21,128.75999450683594,131.27000427246094,128.13999938964844,131.27000427246094,0
2003-08-22,127.86000061035156,128.92999267578125,127.23999786376953,128.80999755859375,0
2003-08-25,126.97000122070312,128.25999450683594,126.87999725341797,127.52999877929688,0
2003-08-26,127.55000305175781,127.9800033569336,126.68000030517578,126.98999786376953,0
2003-08-27,127.66999816894531,128.69000244140625,127.37000274658203,127.55999755859375,0
2003-08-28,127.77999877929688,128.14999389648438,126.93000030517578,127.69000244140625,0
2003-08-29,128.3000030517578,128.49000549316406,126.73999786376953,127.76000213623047,0
2003-09-01,127.66999816894531,128.50999450683594,127.5199966430664,128.2100067138672,0
2003-09-02,125.94000244140625,127.91000366210938,125.4800033569336,127.79000091552734,0
2003-09-03,125.37000274658203,126.1500015258789,125.04000091552734,125.94000244140625,0
2003-09-04,127.77999877929688,127.80999755859375,125.29000091552734,125.36000061035156,0
2003-09-05,129.69000244140625,129.8699951171875,127.5,127.77999877929688,0
2003-09-08,129.00999450683594,130.5500030517578,128.97000122070312,130.39999389648438,0
2003-09-09,131.10000610351562,131.36000061035156,128.94000244140625,129.00999450683594,0
2003-09-10,131.08999633789062,131.39999389648438,130.33999633789062,131.08999633789062,0
2003-09-11,131.0399932861328,132.05999755859375,130.1999969482422,131.05999755859375,0
2003-09-12,132.41000366210938,132.80999755859375,130.27999877929688,131.02000427246094,0
2003-09-15,132.49000549316406,132.83999633789062,132.02999877929688,132.07000732421875,0
2003-09-16,129.82000732421875,132.64999389648438,129.50999450683594,132.47000122070312,0
2003-09-17,130.91000366210938,131.4499969482422,129.22000122070312,129.85000610351562,0
2003-09-18,129.61000061035156,131.05999755859375,129.36000061035156,130.89999389648438,0
2003-09-19,129.75,130.33999633789062,128.85000610351562,129.6199951171875,0
2003-09-22,128.6199951171875,128.9199981689453,127.9800033569336,128.27000427246094,0
2003-09-23,128.4499969482422,128.69000244140625,127.4800033569336,128.61000061035156,0
2003-09-24,128.42999267578125,128.6999969482422,127.47000122070312,128.4199981689453,0
2003-09-25,128.6199951171875,129.0800018310547,128.02000427246094,128.4499969482422,0
2003-09-26,128.0800018310547,128.8800048828125,127.95999908447266,128.66000366210938,0
2003-09-29,128.72000122070312,128.91000366210938,126.91000366210938,127.75,0
2003-09-30,129.8699951171875,130.17999267578125,128.41000366210938,128.72999572753906,0
2003-10-01,130.3000030517578,130.3000030517578,129.22000122070312,129.8800048828125,0
2003-10-02,129.55999755859375,130.52999877929688,129.2899932861328,130.36000061035156,0
2003-10-03,128.36000061035156,129.64999389648438,128.1199951171875,129.57000732421875,0
2003-10-06,129.88999938964844,130.0,128.05999755859375,128.4600067138672,0
2003-10-07,129.4600067138672,130.35000610351562,128.82000732421875,129.94000244140625,0
2003-10-08,129.42999267578125,129.75,128.99000549316406,129.42999267578125,0
2003-10-09,128.02000427246094,129.61000061035156,127.58000183105469,129.42999267578125,0
2003-10-10,128.16000366210938,128.4600067138672,127.1500015258789,128.02000427246094,0
2003-10-13,127.51000213623047,128.22000122070312,126.52999877929688,128.0800018310547,0
2003-10-14,127.6500015258789,128.52000427246094,126.68000030517578,127.5199966430664,0
2003-10-15,127.30000305175781,127.9800033569336,127.18000030517578,127.62999725341797,0
2003-10-16,127.26000213623047,127.8499984741211,127.19000244140625,127.29000091552734,0
2003-10-17,127.75,127.80999755859375,126.81999969482422,127.25,0
2003-10-20,128.22999572753906,128.77999877929688,127.26000213623047,127.4000015258789,0
2003-10-21,127.83000183105469,128.30999755859375,127.5199966430664,128.22000122070312,0
2003-10-22,128.75,128.75999450683594,127.56999969482422,127.81999969482422,0
2003-10-23,129.3300018310547,129.94000244140625,128.5399932861328,128.7100067138672,0
2003-10-24,128.75,129.77000427246094,128.5,129.36000061035156,0
2003-10-27,127.29000091552734,127.7699966430664,127.20999908447266,127.69000244140625,0
2003-10-28,126.13999938964844,127.41000366210938,126.08000183105469,127.30999755859375,0
2003-10-29,126.2300033569336,126.63999938964844,126.0999984741211,126.18000030517578,0
2003-10-30,126.30000305175781,127.0199966430664,125.97000122070312,126.22000122070312,0
2003-10-31,127.43000030517578,127.9000015258789,126.19999694824219,126.30999755859375,0
2003-11-03,127.0,128.08999633789062,126.87000274658203,127.13999938964844,0
2003-11-04,125.69000244140625,126.97000122070312,125.69000244140625,126.94000244140625,0
2003-11-05,125.55000305175781,126.30999755859375,125.36000061035156,125.69999694824219,0
2003-11-06,125.7300033569336,126.0199966430664,125.48999786376953,125.52999877929688,0
2003-11-07,126.0,126.12000274658203,125.51000213623047,125.68000030517578,0
2003-11-10,124.5199966430664,126.30000305175781,124.13999938964844,126.05000305175781,0
2003-11-11,125.18000030517578,125.37000274658203,124.37999725341797,124.4800033569336,0
2003-11-12,126.58000183105469,126.75,125.12000274658203,125.2300033569336,0
2003-11-13,126.83000183105469,127.05000305175781,126.08999633789062,126.62000274658203,0
2003-11-14,127.55999755859375,127.6500015258789,126.7699966430664,126.83999633789062,0
2003-11-17,128.0800018310547,129.30999755859375,127.81999969482422,128.0800018310547,0
2003-11-18,129.1999969482422,129.38999938964844,127.87999725341797,128.0500030517578,0
2003-11-19,129.7899932861328,130.1999969482422,128.5,129.25,0
2003-11-20,129.8000030517578,130.27000427246094,129.3699951171875,129.75,0
2003-11-21,129.5500030517578,130.07000732421875,128.85000610351562,129.80999755859375,0
2003-11-24,128.8800048828125,129.8000030517578,128.47000122070312,129.6300048828125,0
2003-11-25,128.83999633789062,129.77999877929688,128.6999969482422,128.85000610351562,0
2003-11-26,130.11000061035156,130.3300018310547,128.77000427246094,128.85000610351562,0
2003-11-27,130.22000122070312,130.30999755859375,129.77000427246094,130.10000610351562,0
2003-11-28,131.39999389648438,131.52999877929688,130.13999938964844,130.1999969482422,0
2003-12-01,130.5800018310547,132.27000427246094,130.5,132.16000366210938,0
2003-12-02,131.44000244140625,131.89999389648438,130.5500030517578,130.6300048828125,0
2003-12-03,131.25999450683594,131.55999755859375,130.6300048828125,131.41000366210938,0
2003-12-04,130.75999450683594,131.3699951171875,130.32000732421875,131.22000122070312,0
2003-12-05,130.72999572753906,131.10000610351562,130.50999450683594,130.75,0
2003-12-08,131.25999450683594,131.39999389648438,130.6999969482422,130.86000061035156,0
2003-12-09,131.17999267578125,131.55999755859375,130.72999572753906,131.22000122070312,0
2003-12-10,132.10000610351562,132.67999267578125,130.75999450683594,131.19000244140625,0
2003-12-11,132.0,132.19000244140625,131.1699981689453,132.1199951171875,0
2003-12-12,132.27999877929688,132.50999450683594,131.7100067138672,132.02999877929688,0
2003-12-15,132.67999267578125,132.75999450683594,131.5800018310547,131.6999969482422,0
2003-12-16,132.5,133.08999633789062,132.2899932861328,132.6699981689453,0
2003-12-17,133.1699981689453,133.3800048828125,132.1199951171875,132.44000244140625,0
2003-12-18,133.7100067138672,133.83999633789062,133.0,133.13999938964844,0
2003-12-19,133.22999572753906,133.85000610351562,133.1300048828125,133.7100067138672,0
2003-12-22,133.27000427246094,133.75,133.14999389648438,133.25999450683594,0
2003-12-23,133.14999389648438,133.4600067138672,132.94000244140625,133.27000427246094,0
2003-12-24,133.58999633789062,133.75999450683594,133.0500030517578,133.16000366210938,0
2003-12-25,133.4600067138672,133.69000244140625,133.30999755859375,133.60000610351562,0
2003-12-26,133.41000366210938,133.6699981689453,133.10000610351562,133.4600067138672,0
2003-12-29,133.6199951171875,133.72999572753906,133.0500030517578,133.38999938964844,0
2003-12-30,134.22000122070312,134.47999572753906,133.50999450683594,133.66000366210938,0
2003-12-31,135.16000366210938,135.27999877929688,134.1300048828125,134.2100067138672,0
2004-01-01,135.00999450683594,135.16000366210938,133.8800048828125,135.16000366210938,0
2004-01-02,134.6699981689453,135.07000732421875,134.14999389648438,134.99000549316406,0
2004-01-05,134.8000030517578,135.72999572753906,134.27000427246094,135.10000610351562,0
2004-01-06,135.11000061035156,135.99000549316406,134.44000244140625,134.77999877929688,0
2004-01-07,134.17999267578125,135.3000030517578,134.0399932861328,135.1300048828125,0
2004-01-08,135.6199951171875,135.72999572753906,133.30999755859375,134.1699981689453,0
2004-01-09,136.8300018310547,137.69000244140625,135.44000244140625,135.61000061035156,0
2004-01-12,135.8000030517578,137.3000030517578,135.7100067138672,136.97000122070312,0
2004-01-13,135.85000610351562,136.1699981689453,135.11000061035156,135.80999755859375,0
2004-01-14,134.4199981689453,135.80999755859375,134.11000061035156,135.80999755859375,0
2004-01-15,133.9199981689453,134.60000610351562,133.42999267578125,134.41000366210938,0
2004-01-16,132.22999572753906,133.9499969482422,131.66000366210938,133.9499969482422,0
2004-01-19,132.41000366210938,132.97000122070312,131.64999389648438,132.07000732421875,0
2004-01-20,134.67999267578125,135.0800018310547,132.35000610351562,132.44000244140625,0
2004-01-21,135.22000122070312,135.3699951171875,134.5,134.66000366210938,0
2004-01-22,135.02999877929688,135.5800018310547,134.47000122070312,135.2100067138672,0
2004-01-23,134.4600067138672,135.3800048828125,133.44000244140625,135.02000427246094,0
2004-01-26,132.7899932861328,134.08999633789062,132.47000122070312,134.08999633789062,0
2004-01-27,133.4600067138672,133.6300048828125,131.9600067138672,132.7899932861328,0
2004-01-28,132.00999450683594,134.1699981689453,131.86000061035156,133.44000244140625,0
2004-01-29,131.4199981689453,132.77999877929688,131.0500030517578,132.00999450683594,0
2004-01-30,131.74000549316406,132.0399932861328,130.75999450683594,131.4499969482422,0
2004-02-02,131.16000366210938,131.85000610351562,130.82000732421875,131.75999450683594,0
2004-02-03,132.27000427246094,132.99000549316406,131.02999877929688,131.17999267578125,0
2004-02-04,132.22000122070312,132.4600067138672,131.77999877929688,132.27999877929688,0
2004-02-05,132.72999572753906,133.24000549316406,132.0800018310547,132.22000122070312,0
2004-02-06,133.94000244140625,134.39999389648438,132.66000366210938,132.6999969482422,0
2004-02-09,134.30999755859375,134.8800048828125,133.6699981689453,133.6999969482422,0
2004-02-10,133.91000366210938,134.75,133.7100067138672,134.32000732421875,0
2004-02-11,135.08999633789062,135.33999633789062,133.47999572753906,133.91000366210938,0
2004-02-12,134.99000549316406,135.3000030517578,134.75999450683594,135.11000061035156,0
2004-02-13,133.9199981689453,135.77000427246094,133.89999389648438,134.92999267578125,0
2004-02-16,134.5800018310547,134.8000030517578,134.13999938964844,134.22999572753906,0
2004-02-17,135.8000030517578,136.0399932861328,134.52999877929688,134.57000732421875,0
2004-02-18,135.35000610351562,136.4600067138672,135.22000122070312,135.82000732421875,0
2004-02-19,136.3800048828125,136.49000549316406,135.25,135.3300018310547,0
2004-02-20,136.64999389648438,137.13999938964844,136.10000610351562,136.4199981689453,0
2004-02-23,136.10000610351562,136.4600067138672,135.52000427246094,135.97000122070312,0
2004-02-24,137.1699981689453,137.3800048828125,135.94000244140625,136.11000061035156,0
2004-02-25,136.19000244140625,137.58999633789062,135.9600067138672,137.14999389648438,0
2004-02-26,136.27999877929688,136.63999938964844,135.8000030517578,136.1999969482422,0
2004-02-27,136.49000549316406,136.5800018310547,134.85000610351562,136.2899932861328,0
2004-03-01,135.57000732421875,137.02999877929688,135.36000061035156,136.74000549316406,0
2004-03-02,134.38999938964844,136.10000610351562,134.27999877929688,135.58999633789062,0
2004-03-03,134.24000549316406,134.52000427246094,132.82000732421875,134.3800048828125,0
2004-03-04,135.72000122070312,135.75,133.75,134.2100067138672,0
2004-03-05,138.50999450683594,138.9499969482422,135.30999755859375,135.6999969482422,0
2004-03-08,138.25999450683594,139.0,137.72000122070312,138.5500030517578,0
2004-03-09,137.25,138.6300048828125,136.8300018310547,138.30999755859375,0
2004-03-10,135.58999633789062,137.32000732421875,135.30999755859375,137.25999450683594,0
2004-03-11,136.85000610351562,137.19000244140625,134.5399932861328,135.63999938964844,0
2004-03-12,135.24000549316406,136.89999389648438,134.8300018310547,136.8000030517578,0
2004-03-15,135.35000610351562,136.35000610351562,134.1999969482422,135.33999633789062,0
2004-03-16,133.25,135.35000610351562,133.14999389648438,135.35000610351562,0
2004-03-17,132.3800048828125,133.61000061035156,131.66000366210938,133.19000244140625,0
2004-03-18,132.27999877929688,132.6999969482422,130.66000366210938,132.3800048828125,0
2004-03-19,130.86000061035156,133.05999755859375,130.86000061035156,132.22000122070312,0
2004-03-22,131.75999450683594,132.52999877929688,131.1300048828125,131.25,0
2004-03-23,131.75999450683594,131.97999572753906,130.97999572753906,131.75,0
2004-03-24,129.13999938964844,132.1199951171875,128.6300048828125,131.74000549316406,0
2004-03-25,128.75999450683594,129.22000122070312,128.22000122070312,129.1699981689453,0
2004-03-26,128.72999572753906,128.91000366210938,127.72000122070312,128.75999450683594,0
2004-03-29,128.2899932861328,128.49000549316406,127.33999633789062,127.5199966430664,0
2004-03-30,128.7899932861328,129.7100067138672,128.10000610351562,128.2899932861328,0
2004-03-31,128.30999755859375,128.99000549316406,126.6500015258789,128.89999389648438,0
2004-04-01,128.25,128.60000610351562,127.5199966430664,128.32000732421875,0
2004-04-02,126.8499984741211,128.8000030517578,126.30000305175781,128.24000549316406,0
2004-04-05,126.22000122070312,127.02999877929688,125.91999816894531,126.13999938964844,0
2004-04-06,128.25,128.67999267578125,126.04000091552734,126.20999908447266,0
2004-04-07,127.98999786376953,128.4199981689453,127.31999969482422,128.27999877929688,0
2004-04-08,128.50999450683594,129.25,127.87000274658203,127.98999786376953,0
2004-04-09,128.5399932861328,128.99000549316406,127.94999694824219,128.52999877929688,0
2004-04-12,127.13999938964844,128.6199951171875,126.93000030517578,128.52999877929688,0
2004-04-13,127.47000122070312,127.72000122070312,126.43000030517578,127.13999938964844,0
2004-04-14,129.72999572753906,130.25,127.27999877929688,127.44999694824219,0
2004-04-15,129.67999267578125,130.13999938964844,129.16000366210938,129.7899932861328,0
2004-04-16,129.3699951171875,130.3800048828125,129.02000427246094,129.69000244140625,0
2004-04-19,130.17999267578125,130.6699981689453,129.3699951171875,129.5500030517578,0
2004-04-20,129.0,130.3800048828125,128.33999633789062,129.69000244140625,0
2004-04-21,129.05999755859375,129.94000244140625,128.5399932861328,129.02999877929688,0
2004-04-22,130.47999572753906,130.50999450683594,129.0,129.19000244140625,0
2004-04-23,129.3300018310547,130.8699951171875,128.8000030517578,130.4499969482422,0
2004-04-26,128.74000549316406,129.19000244140625,128.27000427246094,128.77000427246094,0
2004-04-27,130.67999267578125,130.6999969482422,128.3800048828125,128.83999633789062,0
2004-04-28,130.30999755859375,130.8300018310547,129.5800018310547,130.6300048828125,0
2004-04-29,131.42999267578125,131.66000366210938,130.1699981689453,130.27000427246094,0
2004-04-30,132.25,132.47000122070312,131.35000610351562,131.47999572753906,0
2004-05-03,131.47999572753906,132.41000366210938,131.32000732421875,132.39999389648438,0
2004-05-04,132.57000732421875,132.8800048828125,131.44000244140625,131.47999572753906,0
2004-05-05,132.3300018310547,132.85000610351562,131.5399932861328,132.57000732421875,0
2004-05-06,132.47999572753906,133.24000549316406,132.02000427246094,132.2899932861328,0
2004-05-07,133.41000366210938,133.75,132.44000244140625,132.52999877929688,0
2004-05-10,134.72999572753906,135.1699981689453,133.13999938964844,133.47000122070312,0
2004-05-11,134.14999389648438,134.83999633789062,133.92999267578125,134.7100067138672,0
2004-05-12,134.4499969482422,134.97000122070312,133.27000427246094,134.25999450683594,0
2004-05-13,135.19000244140625,135.74000549316406,134.36000061035156,134.58999633789062,0
2004-05-14,135.35000610351562,135.86000061035156,134.8699951171875,135.22000122070312,0
2004-05-17,137.5399932861328,137.5399932861328,135.4600067138672,135.99000549316406,0
2004-05-18,136.22000122070312,137.8000030517578,135.77000427246094,137.52999877929688,0
2004-05-19,135.4199981689453,136.30999755859375,135.1199951171875,136.22999572753906,0
2004-05-20,134.77000427246094,136.17999267578125,134.44000244140625,135.42999267578125,0
2004-05-21,135.11000061035156,135.22999572753906,134.2899932861328,134.8000030517578,0
2004-05-24,135.75,135.82000732421875,134.33999633789062,134.8300018310547,0
2004-05-25,135.25,136.27000427246094,135.1199951171875,135.7100067138672,0
2004-05-26,135.5,135.5500030517578,134.75,135.27999877929688,0
2004-05-27,136.27999877929688,136.36000061035156,135.24000549316406,135.4499969482422,0
2004-05-28,134.3300018310547,136.27999877929688,134.30999755859375,136.27999877929688,0
2004-05-31,133.55999755859375,135.08999633789062,133.0,134.99000549316406,0
2004-06-01,135.1999969482422,135.5500030517578,133.47000122070312,133.52000427246094,0
2004-06-02,134.2100067138672,135.97999572753906,134.10000610351562,135.16000366210938,0
2004-06-03,135.82000732421875,136.27999877929688,134.05999755859375,134.1699981689453,0
2004-06-04,136.5500030517578,136.66000366210938,135.27000427246094,135.85000610351562,0
2004-06-07,135.05999755859375,136.66000366210938,134.86000061035156,136.63999938964844,0
2004-06-08,134.2899932861328,135.42999267578125,134.24000549316406,135.0399932861328,0
2004-06-09,132.9600067138672,134.50999450683594,132.02999877929688,134.2899932861328,0
2004-06-10,132.3000030517578,133.0800018310547,131.57000732421875,132.8699951171875,0
2004-06-11,132.2899932861328,132.47999572753906,131.9499969482422,132.2899932861328,0
2004-06-14,133.85000610351562,134.3800048828125,131.8300018310547,131.97000122070312,0
2004-06-15,133.08999633789062,134.38999938964844,132.72999572753906,133.86000061035156,0
2004-06-16,132.16000366210938,133.2100067138672,131.9600067138672,133.07000732421875,0
2004-06-17,131.82000732421875,132.3000030517578,131.3699951171875,132.16000366210938,0
2004-06-18,132.00999450683594,132.1699981689453,131.0500030517578,131.82000732421875,0
2004-06-21,131.77999877929688,132.02999877929688,130.8800048828125,131.91000366210938,0
2004-06-22,132.32000732421875,132.36000061035156,130.88999938964844,131.7899932861328,0
2004-06-23,130.7899932861328,132.3300018310547,130.7100067138672,132.32000732421875,0
2004-06-24,130.49000549316406,130.82000732421875,130.1199951171875,130.7899932861328,0
2004-06-25,131.27999877929688,131.35000610351562,130.27000427246094,130.4600067138672,0
2004-06-28,131.58999633789062,131.75,130.6699981689453,130.8699951171875,0
2004-06-29,130.8800048828125,132.13999938964844,130.6699981689453,131.58999633789062,0
2004-06-30,132.6300048828125,133.3699951171875,130.8300018310547,130.8699951171875,0
2004-07-01,131.72999572753906,132.6300048828125,131.24000549316406,132.6300048828125,0
2004-07-02,133.25999450683594,133.72999572753906,131.77999877929688,131.8800048828125,0
2004-07-05,134.05999755859375,134.24000549316406,133.4499969482422,133.47999572753906,0
2004-07-06,134.3800048828125,134.8699951171875,133.82000732421875,134.07000732421875,0
2004-07-07,134.22000122070312,134.64999389648438,133.8699951171875,134.38999938964844,0
2004-07-08,134.89999389648438,135.0,134.0800018310547,134.1999969482422,0
2004-07-09,134.3300018310547,134.97999572753906,133.8699951171875,134.91000366210938,0
2004-07-12,134.3699951171875,134.42999267578125,133.41000366210938,133.6199951171875,0
2004-07-13,133.67999267578125,134.8300018310547,133.67999267578125,134.3800048828125,0
2004-07-14,135.1699981689453,135.25,133.63999938964844,133.67999267578125,0
2004-07-15,135.6300048828125,135.7100067138672,134.8699951171875,135.16000366210938,0
2004-07-16,135.39999389648438,135.75999450683594,135.0,135.61000061035156,0
2004-07-19,134.64999389648438,135.49000549316406,134.10000610351562,135.44000244140625,0
2004-07-20,133.80999755859375,135.35000610351562,133.66000366210938,134.69000244140625,0
2004-07-21,134.72000122070312,134.8000030517578,133.50999450683594,133.8000030517578,0
2004-07-22,134.5,134.75,134.07000732421875,134.69000244140625,0
2004-07-23,133.22999572753906,134.64999389648438,133.07000732421875,134.5,0
2004-07-26,133.3300018310547,133.6999969482422,132.85000610351562,133.3300018310547,0
2004-07-27,133.7100067138672,134.10000610351562,133.1999969482422,133.35000610351562,0
2004-07-28,134.5500030517578,134.88999938964844,133.58999633789062,133.74000549316406,0
2004-07-29,134.92999267578125,135.32000732421875,134.47000122070312,134.5500030517578,0
2004-07-30,133.77999877929688,135.00999450683594,133.5399932861328,134.91000366210938,0
2004-08-02,133.24000549316406,134.19000244140625,133.02999877929688,133.9199981689453,0
2004-08-03,133.3699951171875,133.5500030517578,132.8300018310547,133.25999450683594,0
2004-08-04,133.8699951171875,134.27000427246094,133.22000122070312,133.3699951171875,0
2004-08-05,134.67999267578125,134.8800048828125,133.6699981689453,133.77999877929688,0
2004-08-06,135.97999572753906,135.97999572753906,134.39999389648438,134.6199951171875,0
2004-08-09,135.75999450683594,135.8800048828125,135.16000366210938,135.60000610351562,0
2004-08-10,136.05999755859375,136.47999572753906,135.52000427246094,135.77000427246094,0
2004-08-11,135.32000732421875,136.33999633789062,135.1300048828125,136.05999755859375,0
2004-08-12,135.67999267578125,136.08999633789062,135.08999633789062,135.32000732421875,0
2004-08-13,136.97999572753906,137.0,135.6300048828125,135.69000244140625,0
2004-08-16,136.39999389648438,137.02000427246094,136.2100067138672,136.77000427246094,0
2004-08-17,135.6699981689453,136.6300048828125,135.52000427246094,136.38999938964844,0
2004-08-18,135.0,135.92999267578125,133.9499969482422,135.72000122070312,0
2004-08-19,135.24000549316406,135.4499969482422,134.8699951171875,134.9600067138672,0
2004-08-20,134.41000366210938,135.4499969482422,134.22000122070312,135.27999877929688,0
2004-08-23,133.33999633789062,134.5500030517578,133.19000244140625,134.4600067138672,0
2004-08-24,132.49000549316406,133.55999755859375,132.07000732421875,133.32000732421875,0
2004-08-25,133.02000427246094,133.5,132.02000427246094,132.50999450683594,0
2004-08-26,132.6199951171875,133.14999389648438,132.33999633789062,132.9600067138672,0
2004-08-27,131.7899932861328,132.82000732421875,131.5500030517578,132.63999938964844,0
2004-08-30,132.42999267578125,132.69000244140625,131.58999633789062,131.8300018310547,0
2004-08-31,132.88999938964844,133.41000366210938,132.2100067138672,132.42999267578125,0
2004-09-01,133.2899932861328,133.64999389648438,132.72000122070312,132.91000366210938,0
2004-09-02,133.27999877929688,133.5500030517578,132.77000427246094,133.3000030517578,0
2004-09-03,133.07000732421875,133.57000732421875,132.3800048828125,133.25999450683594,0
2004-09-06,132.92999267578125,133.3699951171875,132.67999267578125,133.3300018310547,0
2004-09-07,132.27999877929688,132.9199981689453,132.02000427246094,132.9199981689453,0
2004-09-08,133.1199951171875,133.25999450683594,131.77999877929688,132.27999877929688,0
2004-09-09,133.9199981689453,134.00999450683594,133.0,133.11000061035156,0
2004-09-10,134.47000122070312,134.89999389648438,133.88999938964844,133.91000366210938,0
2004-09-13,134.89999389648438,135.05999755859375,134.13999938964844,134.27000427246094,0
2004-09-14,134.3000030517578,135.02000427246094,134.08999633789062,134.91000366210938,0
2004-09-15,133.74000549316406,134.3300018310547,133.57000732421875,134.2899932861328,0
2004-09-16,133.5399932861328,133.75,133.07000732421875,133.72000122070312,0
2004-09-17,133.60000610351562,134.38999938964844,133.32000732421875,133.5500030517578,0
2004-09-20,133.7100067138672,134.00999450683594,133.13999938964844,133.8699951171875,0
2004-09-21,135.3000030517578,135.3699951171875,133.72999572753906,133.77000427246094,0
2004-09-22,135.66000366210938,135.7100067138672,135.08999633789062,135.25999450683594,0
2004-09-23,135.8699951171875,136.47000122070312,135.57000732421875,135.6699981689453,0
2004-09-24,135.6699981689453,136.41000366210938,135.5399932861328,135.8300018310547,0
2004-09-27,136.7899932861328,136.9199981689453,135.67999267578125,135.88999938964844,0
2004-09-28,137.14999389648438,137.52999877929688,136.6300048828125,136.80999755859375,0
2004-09-29,136.97000122070312,137.1699981689453,136.30999755859375,137.1699981689453,0
2004-09-30,136.86000061035156,137.27000427246094,136.39999389648438,136.9600067138672,0
2004-10-01,137.14999389648438,137.1999969482422,136.5399932861328,136.85000610351562,0
2004-10-04,136.22000122070312,137.2899932861328,136.0,137.13999938964844,0
2004-10-05,136.74000549316406,136.97999572753906,135.85000610351562,136.2100067138672,0
2004-10-06,136.7100067138672,137.0,136.3300018310547,136.77000427246094,0
2004-10-07,136.60000610351562,136.88999938964844,136.44000244140625,136.6699981689453,0
2004-10-08,135.8300018310547,136.74000549316406,135.75,136.6199951171875,0
2004-10-11,135.4199981689453,135.92999267578125,135.14999389648438,135.8300018310547,0
2004-10-12,135.08999633789062,135.7100067138672,134.94000244140625,135.41000366210938,0
2004-10-13,135.4499969482422,135.55999755859375,134.57000732421875,135.08999633789062,0
2004-10-14,135.8800048828125,135.9199981689453,135.19000244140625,135.3800048828125,0
2004-10-15,136.47000122070312,136.47000122070312,135.4199981689453,135.82000732421875,0
2004-10-18,136.47999572753906,136.8699951171875,136.1999969482422,136.3000030517578,0
2004-10-19,135.60000610351562,136.5399932861328,135.4600067138672,136.47999572753906,0
2004-10-20,136.19000244140625,136.58999633789062,135.55999755859375,135.55999755859375,0
2004-10-21,135.5500030517578,136.33999633789062,135.3800048828125,136.1699981689453,0
2004-10-22,136.4199981689453,136.4199981689453,135.4600067138672,135.57000732421875,0
2004-10-25,136.5,136.8300018310547,135.74000549316406,136.4499969482422,0
2004-10-26,136.16000366210938,136.9499969482422,135.72999572753906,136.52999877929688,0
2004-10-27,135.49000549316406,136.4600067138672,135.1300048828125,136.16000366210938,0
2004-10-29,135.24000549316406,135.5500030517578,134.82000732421875,135.50999450683594,0
2004-11-01,135.60000610351562,136.02999877929688,135.33999633789062,135.67999267578125,0
2004-11-02,134.88999938964844,135.72000122070312,134.72999572753906,135.64999389648438,0
2004-11-03,136.0399932861328,136.24000549316406,134.69000244140625,134.8800048828125,0
2004-11-04,136.6300048828125,136.75,135.99000549316406,136.07000732421875,0
2004-11-05,136.77999877929688,136.9600067138672,136.10000610351562,136.58999633789062,0
2004-11-08,136.33999633789062,136.9199981689453,136.1300048828125,136.77999877929688,0
2004-11-09,136.3699951171875,136.6699981689453,136.1699981689453,136.2899932861328,0
2004-11-10,137.7899932861328,138.25999450683594,136.3000030517578,136.38999938964844,0
2004-11-11,137.6999969482422,137.88999938964844,137.39999389648438,137.75999450683594,0
2004-11-12,137.00999450683594,137.8000030517578,136.5800018310547,137.7100067138672,0
2004-11-15,136.36000061035156,136.91000366210938,136.08999633789062,136.91000366210938,0
2004-11-16,136.61000061035156,136.77999877929688,136.17999267578125,136.3699951171875,0
2004-11-17,135.63999938964844,136.75,135.25,136.6199951171875,0
2004-11-18,135.0399932861328,135.8800048828125,134.82000732421875,135.6699981689453,0
2004-11-19,134.38999938964844,135.17999267578125,134.02000427246094,135.02000427246094,0
2004-11-22,134.5,134.74000549316406,134.1199951171875,134.25,0
2004-11-23,135.3000030517578,135.52999877929688,134.25,134.52000427246094,0
2004-11-24,135.5500030517578,135.75,135.0500030517578,135.27999877929688,0
2004-11-25,135.91000366210938,136.00999450683594,135.10000610351562,135.52000427246094,0
2004-11-26,136.27999877929688,136.5,135.8300018310547,135.88999938964844,0
2004-11-29,136.5800018310547,136.63999938964844,136.0500030517578,136.30999755859375,0
2004-11-30,136.8300018310547,136.94000244140625,136.32000732421875,136.60000610351562,0
2004-12-01,136.82000732421875,137.02999877929688,136.55999755859375,136.82000732421875,0
2004-12-02,136.69000244140625,136.97999572753906,136.3000030517578,136.8300018310547,0
2004-12-03,137.44000244140625,137.5,136.6699981689453,136.69000244140625,0
2004-12-06,138.16000366210938,138.57000732421875,137.14999389648438,137.2100067138672,0
2004-12-07,138.1699981689453,138.35000610351562,137.61000061035156,138.13999938964844,0
2004-12-08,138.77000427246094,138.9600067138672,137.80999755859375,138.14999389648438,0
2004-12-09,139.3000030517578,139.3699951171875,138.4499969482422,138.82000732421875,0
2004-12-10,138.7899932861328,139.82000732421875,138.6999969482422,139.3000030517578,0
2004-12-13,139.4199981689453,139.55999755859375,138.91000366210938,139.35000610351562,0
2004-12-14,140.02000427246094,140.49000549316406,139.27000427246094,139.35000610351562,0
2004-12-15,139.72999572753906,140.2899932861328,139.3699951171875,140.0500030517578,0
2004-12-16,138.6199951171875,140.11000061035156,138.42999267578125,139.72999572753906,0
2004-12-17,138.85000610351562,138.91000366210938,138.32000732421875,138.5800018310547,0
2004-12-20,139.44000244140625,139.6699981689453,138.6199951171875,138.67999267578125,0
2004-12-21,139.39999389648438,139.91000366210938,138.94000244140625,139.4600067138672,0
2004-12-22,139.44000244140625,139.58999633789062,139.05999755859375,139.42999267578125,0
2004-12-23,139.8800048828125,139.99000549316406,139.16000366210938,139.44000244140625,0
2004-12-24,140.30999755859375,140.32000732421875,139.8000030517578,139.88999938964844,0
2004-12-27,140.17999267578125,140.72000122070312,140.0500030517578,140.3000030517578,0
2004-12-28,140.22999572753906,140.58999633789062,140.13999938964844,140.14999389648438,0
2004-12-29,141.33999633789062,141.52000427246094,140.1300048828125,140.25999450683594,0
2004-12-30,140.22000122070312,141.57000732421875,140.30999755859375,141.33999633789062,0
2004-12-31,138.9600067138672,140.30999755859375,138.75999450683594,140.1999969482422,0
2005-01-03,138.36000061035156,139.25999450683594,138.17999267578125,139.22999572753906,0
2005-01-04,138.57000732421875,138.97000122070312,137.82000732421875,138.3800048828125,0
2005-01-05,137.97999572753906,138.9499969482422,137.74000549316406,138.57000732421875,0
2005-01-06,138.22999572753906,138.5800018310547,137.86000061035156,137.99000549316406,0
2005-01-07,137.07000732421875,138.27000427246094,136.5800018310547,138.24000549316406,0
2005-01-10,136.57000732421875,137.02000427246094,136.22000122070312,136.83999633789062,0
2005-01-11,135.61000061035156,136.94000244140625,135.3300018310547,136.57000732421875,0
2005-01-12,135.80999755859375,136.11000061035156,135.0500030517578,135.6199951171875,0
2005-01-13,135.3300018310547,136.13999938964844,135.1300048828125,135.77000427246094,0
2005-01-14,133.5800018310547,135.4499969482422,133.30999755859375,135.33999633789062,0
2005-01-17,133.4199981689453,133.97999572753906,133.22999572753906,133.58999633789062,0
2005-01-18,133.11000061035156,134.3300018310547,132.97000122070312,133.38999938964844,0
2005-01-19,133.77999877929688,134.33999633789062,133.05999755859375,133.08999633789062,0
2005-01-20,133.94000244140625,134.19000244140625,133.11000061035156,133.75999450683594,0
2005-01-21,133.3800048828125,134.7899932861328,133.3800048828125,133.94000244140625,0
2005-01-24,133.75,134.69000244140625,133.58999633789062,134.07000732421875,0
2005-01-25,134.91000366210938,135.3000030517578,133.66000366210938,133.72000122070312,0
2005-01-26,134.8000030517578,134.88999938964844,134.25999450683594,134.88999938964844,0
2005-01-27,134.1300048828125,135.41000366210938,133.8000030517578,134.80999755859375,0
2005-01-28,134.0,135.14999389648438,133.9600067138672,134.13999938964844,0
2005-01-31,135.17999267578125,135.25999450683594,134.50999450683594,134.89999389648438,0
2005-02-01,135.22999572753906,135.50999450683594,135.0500030517578,135.1999969482422,0
2005-02-02,135.08999633789062,135.7899932861328,134.88999938964844,135.24000549316406,0
2005-02-03,135.5,135.75,135.10000610351562,135.1199951171875,0
2005-02-04,133.74000549316406,135.58999633789062,133.74000549316406,135.52000427246094,0
2005-02-07,133.77000427246094,134.35000610351562,133.6199951171875,134.0800018310547,0
2005-02-08,134.99000549316406,135.2100067138672,133.75999450683594,133.77999877929688,0
2005-02-09,135.25999450683594,135.42999267578125,134.6699981689453,134.97999572753906,0
2005-02-10,136.25999450683594,136.32000732421875,135.1300048828125,135.25,0
2005-02-11,135.94000244140625,136.2899932861328,135.77000427246094,136.27000427246094,0
2005-02-14,136.30999755859375,136.42999267578125,135.42999267578125,135.8699951171875,0
2005-02-15,136.08999633789062,136.57000732421875,135.5500030517578,136.32000732421875,0
2005-02-16,137.3800048828125,137.41000366210938,136.05999755859375,136.05999755859375,0
2005-02-17,137.89999389648438,138.0399932861328,137.1999969482422,137.36000061035156,0
2005-02-18,137.55999755859375,138.27999877929688,137.44000244140625,137.88999938964844,0
2005-02-21,137.72999572753906,138.1199951171875,137.60000610351562,138.0399932861328,0
2005-02-22,138.2100067138672,138.25999450683594,137.1199951171875,137.72999572753906,0
2005-02-23,138.66000366210938,138.8000030517578,138.0399932861328,138.1999969482422,0
2005-02-24,139.08999633789062,139.3000030517578,138.42999267578125,138.66000366210938,0
2005-02-25,139.3699951171875,139.39999389648438,138.52000427246094,139.0800018310547,0
2005-02-28,138.14999389648438,139.1199951171875,138.00999450683594,138.91000366210938,0
2005-03-01,137.57000732421875,138.22999572753906,137.44000244140625,138.22999572753906,0
2005-03-02,137.63999938964844,137.94000244140625,137.32000732421875,137.58999633789062,0
2005-03-03,137.99000549316406,138.1199951171875,137.6300048828125,137.63999938964844,0
2005-03-04,138.7899932861328,138.7899932861328,137.97000122070312,138.0,0
2005-03-07,138.9199981689453,138.97999572753906,138.35000610351562,138.44000244140625,0
2005-03-08,139.57000732421875,139.77999877929688,138.72999572753906,138.89999389648438,0
2005-03-09,139.11000061035156,139.83999633789062,138.7100067138672,139.57000732421875,0
2005-03-10,139.6999969482422,139.92999267578125,139.11000061035156,139.11000061035156,0
2005-03-11,140.19000244140625,140.1999969482422,139.44000244140625,139.6699981689453,0
2005-03-14,140.27000427246094,140.67999267578125,139.85000610351562,139.85000610351562,0
2005-03-15,139.11000061035156,140.2899932861328,138.88999938964844,140.25,0
2005-03-16,139.7100067138672,139.89999389648438,138.82000732421875,139.1300048828125,0
2005-03-17,139.85000610351562,140.0,139.47000122070312,139.72000122070312,0
2005-03-18,139.47999572753906,140.14999389648438,139.1300048828125,139.8699951171875,0
2005-03-21,138.41000366210938,139.44000244140625,138.27000427246094,139.38999938964844,0
2005-03-22,138.02999877929688,138.75,137.94000244140625,138.4499969482422,0
2005-03-23,137.55999755859375,138.0800018310547,137.3000030517578,138.0500030517578,0
2005-03-24,137.55999755859375,138.5,137.47000122070312,137.5800018310547,0
2005-03-25,137.77999877929688,137.92999267578125,137.49000549316406,137.58999633789062,0
2005-03-28,138.27000427246094,138.2899932861328,137.69000244140625,137.77999877929688,0
2005-03-29,138.8300018310547,139.0800018310547,138.17999267578125,138.25,0
2005-03-30,138.8300018310547,139.33999633789062,138.66000366210938,138.85000610351562,0
2005-03-31,138.91000366210938,139.08999633789062,138.27000427246094,138.86000061035156,0
2005-04-01,138.94000244140625,139.41000366210938,138.55999755859375,138.89999389648438,0
2005-04-04,139.1199951171875,139.36000061035156,138.63999938964844,138.8000030517578,0
2005-04-05,139.1999969482422,139.4499969482422,138.97000122070312,139.11000061035156,0
2005-04-06,139.86000061035156,139.94000244140625,138.88999938964844,139.2100067138672,0
2005-04-07,139.5399932861328,140.08999633789062,139.4499969482422,139.82000732421875,0
2005-04-08,139.8800048828125,140.08999633789062,139.05999755859375,139.5399932861328,0
2005-04-11,139.72000122070312,140.2100067138672,139.61000061035156,139.97999572753906,0
2005-04-12,139.19000244140625,139.97999572753906,139.02999877929688,139.72999572753906,0
2005-04-13,138.5399932861328,139.22999572753906,138.27000427246094,139.19000244140625,0
2005-04-14,138.5399932861328,138.89999389648438,138.38999938964844,138.57000732421875,0
2005-04-15,138.63999938964844,139.36000061035156,138.4199981689453,138.5399932861328,0
2005-04-18,139.80999755859375,140.00999450683594,138.77999877929688,139.02999877929688,0
2005-04-19,139.58999633789062,139.97000122070312,139.25999450683594,139.8300018310547,0
2005-04-20,139.86000061035156,139.94000244140625,139.27999877929688,139.60000610351562,0
2005-04-21,139.30999755859375,140.4499969482422,139.32000732421875,139.86000061035156,0
2005-04-22,138.36000061035156,139.39999389648438,138.1300048828125,139.30999755859375,0
2005-04-25,137.36000061035156,138.02999877929688,136.97999572753906,137.85000610351562,0
2005-04-26,137.77000427246094,137.8800048828125,137.17999267578125,137.36000061035156,0
2005-04-27,136.86000061035156,137.89999389648438,136.72000122070312,137.77999877929688,0
2005-04-28,136.8300018310547,137.35000610351562,136.42999267578125,136.8699951171875,0
2005-04-29,134.67999267578125,136.94000244140625,134.69000244140625,136.83999633789062,0
2005-05-02,135.02000427246094,135.64999389648438,134.8300018310547,135.2100067138672,0
2005-05-03,135.13999938964844,135.6300048828125,134.8699951171875,135.00999450683594,0
2005-05-04,135.3300018310547,135.75,134.91000366210938,135.11000061035156,0
2005-05-05,135.3800048828125,135.49000549316406,134.9600067138672,135.3300018310547,0
2005-05-06,134.50999450683594,135.7100067138672,134.38999938964844,135.3800048828125,0
2005-05-09,135.88999938964844,135.9600067138672,134.66000366210938,134.85000610351562,0
2005-05-10,135.91000366210938,135.97999572753906,135.57000732421875,135.8800048828125,0
2005-05-11,135.47999572753906,136.2100067138672,135.16000366210938,135.89999389648438,0
2005-05-12,135.39999389648438,135.82000732421875,135.2899932861328,135.50999450683594,0
2005-05-13,135.3800048828125,135.64999389648438,135.08999633789062,135.38999938964844,0
2005-05-16,135.0399932861328,135.88999938964844,134.80999755859375,135.3699951171875,0
2005-05-17,135.35000610351562,135.6199951171875,134.52000427246094,135.00999450683594,0
2005-05-18,135.67999267578125,135.8699951171875,135.22000122070312,135.35000610351562,0
2005-05-19,135.92999267578125,136.16000366210938,135.44000244140625,135.6699981689453,0
2005-05-20,135.77000427246094,136.22000122070312,135.60000610351562,135.94000244140625,0
2005-05-23,135.42999267578125,135.86000061035156,135.27000427246094,135.74000549316406,0
2005-05-24,135.22000122070312,135.5500030517578,135.05999755859375,135.4499969482422,0
2005-05-25,135.6699981689453,135.86000061035156,135.0,135.24000549316406,0
2005-05-26,135.14999389648438,136.0,134.92999267578125,135.64999389648438,0
2005-05-27,135.8300018310547,135.97000122070312,134.92999267578125,135.1199951171875,0
2005-05-30,134.7100067138672,135.42999267578125,134.5,135.38999938964844,0
2005-05-31,133.41000366210938,134.77000427246094,133.08999633789062,134.72999572753906,0
2005-06-01,132.5399932861328,133.6699981689453,132.35000610351562,133.39999389648438,0
2005-06-02,132.75,133.0399932861328,132.17999267578125,132.5399932861328,0
2005-06-03,131.55999755859375,132.83999633789062,131.50999450683594,132.72000122070312,0
2005-06-06,130.97999572753906,131.8699951171875,130.9199981689453,131.75999450683594,0
2005-06-07,130.91000366210938,131.4199981689453,130.7100067138672,131.00999450683594,0
2005-06-08,131.19000244140625,131.82000732421875,130.75999450683594,130.92999267578125,0
2005-06-09,131.38999938964844,131.6300048828125,130.8800048828125,131.19000244140625,0
2005-06-10,131.8699951171875,131.9499969482422,131.08999633789062,131.41000366210938,0
2005-06-13,132.58999633789062,132.74000549316406,131.17999267578125,131.57000732421875,0
2005-06-14,131.55999755859375,132.97999572753906,131.5399932861328,132.5800018310547,0
2005-06-15,132.33999633789062,132.47000122070312,131.42999267578125,131.55999755859375,0
2005-06-16,131.83999633789062,132.3800048828125,131.6699981689453,132.3300018310547,0
2005-06-17,133.22999572753906,133.4499969482422,131.60000610351562,131.8300018310547,0
2005-06-20,132.88999938964844,133.1300048828125,132.52000427246094,132.7899932861328,0
2005-06-21,131.97999572753906,132.88999938964844,131.44000244140625,132.86000061035156,0
2005-06-22,131.82000732421875,132.3300018310547,131.63999938964844,131.9499969482422,0
2005-06-23,131.02999877929688,131.92999267578125,130.6999969482422,131.8300018310547,0
2005-06-24,131.89999389648438,132.1999969482422,130.83999633789062,131.0399932861328,0
2005-06-27,132.92999267578125,133.1699981689453,132.1999969482422,132.1999969482422,0
2005-06-28,132.49000549316406,133.3699951171875,132.4499969482422,133.2899932861328,0
2005-06-29,133.3800048828125,133.49000549316406,132.4499969482422,132.77999877929688,0
2005-06-30,133.99000549316406,134.3699951171875,133.0500030517578,133.27999877929688,0
2005-07-01,133.36000061035156,134.27000427246094,133.33999633789062,133.97999572753906,0
2005-07-04,132.82000732421875,133.27999877929688,132.47999572753906,132.9499969482422,0
2005-07-05,133.05999755859375,133.32000732421875,132.75999450683594,132.80999755859375,0
2005-07-06,133.8800048828125,133.91000366210938,132.89999389648438,133.0500030517578,0
2005-07-07,133.75999450683594,134.24000549316406,133.41000366210938,133.8800048828125,0
2005-07-08,134.47000122070312,134.47000122070312,133.58999633789062,133.75999450683594,0
2005-07-11,134.77999877929688,135.1300048828125,134.0399932861328,134.24000549316406,0
2005-07-12,135.6999969482422,135.74000549316406,134.60000610351562,134.77000427246094,0
2005-07-13,135.25999450683594,135.83999633789062,135.1199951171875,135.66000366210938,0
2005-07-14,135.7899932861328,135.92999267578125,134.7899932861328,135.22999572753906,0
2005-07-15,134.88999938964844,136.0,134.9199981689453,135.75,0
2005-07-18,134.86000061035156,135.5,134.6699981689453,135.11000061035156,0
2005-07-19,135.7899932861328,135.80999755859375,134.74000549316406,134.85000610351562,0
2005-07-20,137.02000427246094,137.1699981689453,135.72000122070312,135.7899932861328,0
2005-07-21,134.25999450683594,137.19000244140625,133.61000061035156,137.0500030517578,0
2005-07-22,134.2100067138672,135.2899932861328,134.0500030517578,134.27000427246094,0
2005-07-25,134.64999389648438,135.13999938964844,134.1699981689453,134.47999572753906,0
2005-07-26,135.1699981689453,135.24000549316406,134.33999633789062,134.66000366210938,0
2005-07-27,135.67999267578125,135.74000549316406,134.8699951171875,135.19000244140625,0
2005-07-28,136.17999267578125,136.22999572753906,135.32000732421875,135.6999969482422,0
2005-07-29,136.33999633789062,137.07000732421875,135.6999969482422,136.17999267578125,0
2005-08-01,136.69000244140625,137.0500030517578,136.41000366210938,136.5800018310547,0
2005-08-02,135.7899932861328,136.8300018310547,135.72999572753906,136.6999969482422,0
2005-08-03,137.05999755859375,137.10000610351562,135.75,135.80999755859375,0
2005-08-04,137.6999969482422,137.83999633789062,136.6999969482422,137.0500030517578,0
2005-08-05,139.39999389648438,139.3699951171875,137.61000061035156,137.72000122070312,0
2005-08-08,138.38999938964844,138.77000427246094,138.0,138.47999572753906,0
2005-08-09,138.33999633789062,138.6999969482422,138.19000244140625,138.39999389648438,0
2005-08-10,137.02000427246094,138.35000610351562,136.55999755859375,138.35000610351562,0
2005-08-11,136.8300018310547,137.11000061035156,136.5,137.0,0
2005-08-12,135.9600067138672,136.94000244140625,135.9600067138672,136.8000030517578,0
2005-08-15,135.25,136.2899932861328,134.99000549316406,136.13999938964844,0
2005-08-16,135.3699951171875,135.4600067138672,134.50999450683594,135.24000549316406,0
2005-08-17,134.85000610351562,135.5500030517578,134.66000366210938,135.32000732421875,0
2005-08-18,134.5500030517578,135.39999389648438,134.39999389648438,134.86000061035156,0
2005-08-19,134.2100067138672,134.64999389648438,134.1199951171875,134.5500030517578,0
2005-08-22,134.1999969482422,134.42999267578125,133.5399932861328,134.41000366210938,0
2005-08-23,134.39999389648438,134.77000427246094,133.86000061035156,134.19000244140625,0
2005-08-24,135.27999877929688,135.3000030517578,134.32000732421875,134.41000366210938,0
2005-08-25,135.42999267578125,135.49000549316406,134.7899932861328,135.25,0
2005-08-26,135.42999267578125,135.66000366210938,134.8300018310547,135.33999633789062,0
2005-08-29,135.38999938964844,136.0800018310547,135.0800018310547,135.27999877929688,0
2005-08-30,136.02000427246094,136.1300048828125,135.07000732421875,135.38999938964844,0
2005-08-31,136.52999877929688,136.72000122070312,135.75999450683594,136.02999877929688,0
2005-09-01,137.25999450683594,137.32000732421875,136.39999389648438,136.5,0
2005-09-02,137.47000122070312,137.75,137.07000732421875,137.24000549316406,0
2005-09-05,136.94000244140625,137.6300048828125,136.5500030517578,137.58999633789062,0
2005-09-06,136.5500030517578,136.97999572753906,136.32000732421875,136.9499969482422,0
2005-09-07,136.58999633789062,137.3699951171875,136.27999877929688,136.5399932861328,0
2005-09-08,136.9600067138672,137.2899932861328,136.5500030517578,136.58999633789062,0
2005-09-09,136.07000732421875,137.55999755859375,136.0,136.97000122070312,0
2005-09-12,135.38999938964844,135.72999572753906,134.88999938964844,135.5399932861328,0
2005-09-13,135.92999267578125,136.25999450683594,135.36000061035156,135.4499969482422,0
2005-09-14,135.6199951171875,136.0500030517578,135.2899932861328,135.91000366210938,0
2005-09-15,135.30999755859375,135.74000549316406,134.55999755859375,135.61000061035156,0
2005-09-16,136.14999389648438,136.41000366210938,135.27000427246094,135.3000030517578,0
2005-09-19,135.2899932861328,135.72999572753906,135.0399932861328,135.35000610351562,0
2005-09-20,135.64999389648438,135.94000244140625,135.13999938964844,135.25999450683594,0
2005-09-22,135.66000366210938,136.47000122070312,135.38999938964844,136.05999755859375,0
2005-09-23,135.39999389648438,135.72000122070312,134.8699951171875,135.6300048828125,0
2005-09-26,135.5800018310547,135.69000244140625,135.0,135.1699981689453,0
2005-09-27,136.08999633789062,136.2100067138672,135.35000610351562,135.58999633789062,0
2005-09-28,136.16000366210938,136.25999450683594,135.7899932861328,136.10000610351562,0
2005-09-29,136.07000732421875,136.35000610351562,135.74000549316406,136.16000366210938,0
2005-09-30,136.49000549316406,136.72999572753906,135.9499969482422,136.0500030517578,0
2005-10-03,136.08999633789062,136.72000122070312,135.88999938964844,136.5800018310547,0
2005-10-04,136.25,136.47000122070312,135.89999389648438,136.10000610351562,0
2005-10-05,137.02999877929688,137.07000732421875,135.85000610351562,136.25,0
2005-10-06,137.97000122070312,138.00999450683594,136.8300018310547,137.0399932861328,0
2005-10-07,137.99000549316406,138.14999389648438,137.58999633789062,137.9499969482422,0
2005-10-10,137.63999938964844,138.22999572753906,137.52999877929688,137.8000030517578,0
2005-10-11,137.27000427246094,137.6300048828125,136.97999572753906,137.6199951171875,0
2005-10-12,137.5,137.6999969482422,137.05999755859375,137.25999450683594,0
2005-10-13,137.5500030517578,137.74000549316406,136.97000122070312,137.5399932861328,0
2005-10-14,137.72999572753906,137.88999938964844,137.4600067138672,137.5500030517578,0
2005-10-17,138.24000549316406,138.4499969482422,137.69000244140625,137.8699951171875,0
2005-10-18,138.35000610351562,138.64999389648438,138.02000427246094,138.25999450683594,0
2005-10-19,138.2899932861328,138.55999755859375,137.64999389648438,138.3300018310547,0
2005-10-20,138.58999633789062,138.66000366210938,138.0399932861328,138.3000030517578,0
2005-10-21,138.50999450683594,139.10000610351562,138.32000732421875,138.58999633789062,0
2005-10-24,138.22000122070312,138.4600067138672,137.94000244140625,138.36000061035156,0
2005-10-25,139.39999389648438,139.41000366210938,138.0,138.22999572753906,0
2005-10-26,139.8000030517578,139.9199981689453,139.11000061035156,139.41000366210938,0
2005-10-27,140.05999755859375,140.17999267578125,139.61000061035156,139.77999877929688,0
2005-10-28,139.50999450683594,140.16000366210938,139.3300018310547,140.0500030517578,0
2005-10-31,139.57000732421875,139.83999633789062,139.3300018310547,139.6199951171875,0
2005-11-01,140.39999389648438,140.4600067138672,139.4600067138672,139.5800018310547,0
2005-11-02,140.89999389648438,141.14999389648438,140.1699981689453,140.36000061035156,0
2005-11-03,140.07000732421875,141.14999389648438,139.7899932861328,140.91000366210938,0
2005-11-04,139.74000549316406,140.7899932861328,139.50999450683594,140.07000732421875,0
2005-11-07,138.67999267578125,139.58999633789062,138.47999572753906,139.55999755859375,0
2005-11-08,138.10000610351562,138.69000244140625,137.8000030517578,138.64999389648438,0
2005-11-09,138.6699981689453,138.6699981689453,137.60000610351562,138.1199951171875,0
2005-11-10,137.74000549316406,138.74000549316406,137.85000610351562,138.66000366210938,0
2005-11-11,138.4199981689453,138.52000427246094,137.49000549316406,137.72000122070312,0
2005-11-14,138.8800048828125,139.3300018310547,138.27999877929688,138.3699951171875,0
2005-11-15,139.39999389648438,139.4600067138672,138.8000030517578,138.88999938964844,0
2005-11-16,139.07000732421875,139.82000732421875,138.88999938964844,139.39999389648438,0
2005-11-17,139.55999755859375,139.6699981689453,138.5800018310547,139.0800018310547,0
2005-11-18,140.22000122070312,140.2899932861328,139.07000732421875,139.57000732421875,0
2005-11-21,139.7100067138672,140.6999969482422,139.32000732421875,140.30999755859375,0
2005-11-22,140.41000366210938,140.42999267578125,139.47999572753906,139.72000122070312,0
2005-11-23,140.2100067138672,140.42999267578125,139.52999877929688,140.38999938964844,0
2005-11-24,140.2899932861328,140.3800048828125,139.89999389648438,140.2100067138672,0
2005-11-25,140.22000122070312,140.5800018310547,140.08999633789062,140.30999755859375,0
2005-11-28,140.8699951171875,140.91000366210938,139.97000122070312,140.2100067138672,0
2005-11-29,140.88999938964844,141.07000732421875,140.4199981689453,140.85000610351562,0
2005-11-30,141.25999450683594,141.3300018310547,140.5399932861328,140.8699951171875,0
2005-12-01,141.36000061035156,141.58999633789062,140.7899932861328,141.25999450683594,0
2005-12-02,141.16000366210938,141.72000122070312,140.6999969482422,141.3699951171875,0
2005-12-05,142.36000061035156,142.67999267578125,141.67999267578125,141.80999755859375,0
2005-12-06,142.3699951171875,142.77000427246094,142.17999267578125,142.4199981689453,0
2005-12-07,141.80999755859375,142.52999877929688,141.57000732421875,142.33999633789062,0
2005-12-08,142.27000427246094,142.5399932861328,141.3000030517578,141.80999755859375,0
2005-12-09,142.52000427246094,142.63999938964844,141.77000427246094,142.27999877929688,0
2005-12-12,143.35000610351562,143.5500030517578,142.44000244140625,142.47000122070312,0
2005-12-13,143.42999267578125,143.5399932861328,143.08999633789062,143.3300018310547,0
2005-12-14,140.75,143.47000122070312,140.17999267578125,143.4199981689453,0
2005-12-15,139.17999267578125,140.9499969482422,139.02999877929688,140.75999450683594,0
2005-12-16,138.91000366210938,139.91000366210938,138.22999572753906,139.1699981689453,0
2005-12-19,139.3300018310547,139.99000549316406,138.88999938964844,139.10000610351562,0
2005-12-20,139.27999877929688,139.92999267578125,138.5800018310547,139.32000732421875,0
2005-12-21,138.97000122070312,139.36000061035156,138.5500030517578,139.27000427246094,0
2005-12-22,138.49000549316406,139.19000244140625,138.25999450683594,138.97000122070312,0
2005-12-23,137.92999267578125,138.5800018310547,137.60000610351562,138.4600067138672,0
2005-12-26,137.97000122070312,138.47999572753906,137.52999877929688,137.8800048828125,0
2005-12-27,139.07000732421875,139.10000610351562,137.94000244140625,137.94000244140625,0
2005-12-28,139.4600067138672,139.88999938964844,138.77999877929688,139.11000061035156,0
2005-12-29,139.61000061035156,139.88999938964844,139.3000030517578,139.47000122070312,0
2005-12-30,139.69000244140625,139.80999755859375,138.72000122070312,139.60000610351562,0
2006-01-02,139.1999969482422,139.69000244140625,138.99000549316406,139.49000549316406,0
2006-01-03,139.49000549316406,139.80999755859375,138.92999267578125,139.19000244140625,0
2006-01-04,140.77999877929688,140.86000061035156,139.4499969482422,139.5500030517578,0
2006-01-05,140.39999389648438,140.8800048828125,140.02000427246094,140.75,0
2006-01-06,139.00999450683594,140.60000610351562,138.85000610351562,140.39999389648438,0
2006-01-09,138.2899932861328,139.0,137.64999389648438,139.0,0
2006-01-10,138.0399932861328,138.4199981689453,137.8000030517578,138.2899932861328,0
2006-01-11,138.7100067138672,138.72000122070312,137.97000122070312,138.0399932861328,0
2006-01-12,138.0,138.77499389648438,137.11000061035156,138.72000122070312,0
2006-01-13,138.6300048828125,138.83999633789062,137.85499572753906,138.00999450683594,0
2006-01-16,139.42999267578125,139.47999572753906,138.47000122070312,138.5500030517578,0
2006-01-17,139.94000244140625,139.94000244140625,139.02999877929688,139.42999267578125,0
2006-01-18,139.58999633789062,140.0399932861328,139.25,139.9199981689453,0
2006-01-19,139.66000366210938,139.72999572753906,138.82000732421875,139.52000427246094,0
2006-01-20,139.89999389648438,139.9600067138672,139.05999755859375,139.66000366210938,0
2006-01-23,140.8000030517578,141.0,140.10000610351562,140.10000610351562,0
2006-01-24,141.10499572753906,141.17999267578125,140.38999938964844,140.7899932861328,0
2006-01-25,141.75,142.00999450683594,140.9499969482422,141.10000610351562,0
2006-01-26,142.02000427246094,142.27000427246094,141.55999755859375,141.75999450683594,0
2006-01-27,141.9199981689453,142.42999267578125,141.72999572753906,142.0,0
2006-01-30,142.1199951171875,142.3000030517578,141.5399932861328,141.66000366210938,0
2006-01-31,142.49000549316406,142.6199951171875,141.61000061035156,142.14999389648438,0
2006-02-01,142.3300018310547,142.7100067138672,142.0500030517578,142.5,0
2006-02-02,143.19000244140625,143.38999938964844,142.2899932861328,142.32000732421875,0
2006-02-03,143.0,143.3699951171875,142.7550048828125,143.2100067138672,0
2006-02-06,142.44000244140625,142.97000122070312,142.1300048828125,142.9199981689453,0
2006-02-07,141.13999938964844,142.5,140.9499969482422,142.42999267578125,0
2006-02-08,141.76499938964844,141.80999755859375,140.97000122070312,141.1699981689453,0
2006-02-09,142.47500610351562,142.44000244140625,141.66000366210938,141.75999450683594,0
2006-02-10,140.30999755859375,142.47999572753906,139.91000366210938,142.4499969482422,0
2006-02-13,139.97999572753906,140.57000732421875,139.77000427246094,140.02999877929688,0
2006-02-14,140.10000610351562,140.22000122070312,139.3699951171875,139.9499969482422,0
2006-02-15,140.13999938964844,140.35000610351562,139.52000427246094,140.10499572753906,0
2006-02-16,139.86000061035156,140.25,139.82000732421875,140.13999938964844,0
2006-02-17,141.07000732421875,141.30999755859375,139.86000061035156,139.86000061035156,0
2006-02-20,141.22999572753906,141.47000122070312,140.97000122070312,141.07000732421875,0
2006-02-21,141.55999755859375,141.65499877929688,141.19000244140625,141.25,0
2006-02-22,141.02999877929688,141.61000061035156,140.67999267578125,141.5800018310547,0
2006-02-23,139.5500030517578,141.0800018310547,139.3300018310547,141.0800018310547,0
2006-02-24,138.75999450683594,139.5500030517578,138.6300048828125,139.5500030517578,0
2006-02-27,137.6699981689453,138.58999633789062,137.3699951171875,138.58999633789062,0
2006-02-28,138.13499450683594,138.36000061035156,137.55999755859375,137.67999267578125,0
2006-03-01,138.3300018310547,138.82000732421875,138.02999877929688,138.14500427246094,0
2006-03-02,139.4199981689453,139.58999633789062,138.2100067138672,138.3300018310547,0
2006-03-03,140.14999389648438,140.27499389648438,139.41000366210938,139.42999267578125,0
2006-03-06,141.27999877929688,141.35000610351562,140.2899932861328,140.2899932861328,0
2006-03-07,139.97999572753906,141.2899932861328,139.77000427246094,141.2899932861328,0
2006-03-08,140.47999572753906,140.58999633789062,139.52000427246094,139.97999572753906,0
2006-03-09,140.6649932861328,141.00999450683594,139.77499389648438,140.50999450683594,0
2006-03-10,141.72000122070312,141.83999633789062,140.4499969482422,140.66000366210938,0
2006-03-13,141.99000549316406,142.2899932861328,141.6999969482422,141.7899932861328,0
2006-03-14,141.39999389648438,142.05999755859375,140.94000244140625,142.00999450683594,0
2006-03-15,141.83999633789062,141.85000610351562,141.11000061035156,141.41000366210938,0
2006-03-16,142.25999450683594,142.44000244140625,141.60000610351562,141.84500122070312,0
2006-03-17,141.24000549316406,142.3000030517578,141.1300048828125,142.27999877929688,0
2006-03-20,141.5,141.6999969482422,140.6999969482422,141.4199981689453,0
2006-03-21,141.9199981689453,141.9199981689453,141.2100067138672,141.49000549316406,0
2006-03-22,141.16000366210938,141.9600067138672,141.0,141.92999267578125,0
2006-03-23,141.0399932861328,141.38999938964844,140.75,141.1750030517578,0
2006-03-24,141.33999633789062,141.85000610351562,140.97999572753906,141.00999450683594,0
2006-03-27,140.1999969482422,141.50999450683594,139.97999572753906,141.47000122070312,0
2006-03-28,141.4199981689453,141.6699981689453,139.6999969482422,140.22000122070312,0
2006-03-29,141.66000366210938,141.82000732421875,141.19000244140625,141.4199981689453,0
2006-03-30,142.67999267578125,142.82000732421875,141.52999877929688,141.6699981689453,0
2006-03-31,142.63999938964844,142.9499969482422,142.24000549316406,142.67999267578125,0
2006-04-03,142.9499969482422,143.0399932861328,142.42999267578125,142.57000732421875,0
2006-04-04,143.97000122070312,144.11000061035156,142.69000244140625,142.96499633789062,0
2006-04-05,144.25999450683594,144.4949951171875,143.1999969482422,143.9600067138672,0
2006-04-06,143.85000610351562,144.86000061035156,143.6649932861328,144.27999877929688,0
2006-04-07,143.0399932861328,143.9550018310547,142.72999572753906,143.85000610351562,0
2006-04-10,143.39999389648438,143.57000732421875,142.82000732421875,143.02999877929688,0
2006-04-11,143.50999450683594,143.96499633789062,143.22999572753906,143.39999389648438,0
2006-04-12,143.38999938964844,143.74000549316406,142.8300018310547,143.5,0
2006-04-13,143.60000610351562,143.6199951171875,143.0800018310547,143.3800048828125,0
2006-04-14,143.72000122070312,143.75999450683594,143.4600067138672,143.63999938964844,0
2006-04-17,144.35000610351562,144.5800018310547,143.5800018310547,143.69000244140625,0
2006-04-18,144.5399932861328,144.7899932861328,144.16000366210938,144.3300018310547,0
2006-04-19,145.24000549316406,145.38499450683594,144.25,144.5500030517578,0
2006-04-20,144.50999450683594,145.41000366210938,144.5,145.2100067138672,0
2006-04-21,143.8699951171875,144.97999572753906,143.72999572753906,144.50999450683594,0
2006-04-24,141.9600067138672,143.3699951171875,141.72000122070312,143.19000244140625,0
2006-04-25,142.7899932861328,142.85000610351562,141.49000549316406,141.94000244140625,0
2006-04-26,142.85000610351562,143.1199951171875,142.63999938964844,142.8000030517578,0
2006-04-27,143.02999877929688,143.1300048828125,142.1300048828125,142.82000732421875,0
2006-04-28,143.7100067138672,143.80999755859375,142.92999267578125,143.02000427246094,0
2006-05-01,142.8800048828125,143.64500427246094,142.38999938964844,143.5399932861328,0
2006-05-02,143.00999450683594,143.75,142.8300018310547,142.8300018310547,0
2006-05-03,143.6300048828125,143.72999572753906,142.82000732421875,143.0399932861328,0
2006-05-04,144.25,144.4149932861328,143.36000061035156,143.6300048828125,0
2006-05-05,143.25,144.64999389648438,143.0050048828125,144.22000122070312,0
2006-05-08,141.85000610351562,142.9199981689453,141.63999938964844,142.67999267578125,0
2006-05-09,141.7100067138672,141.97999572753906,141.27999877929688,141.85000610351562,0
2006-05-10,141.58999633789062,141.8699951171875,141.05999755859375,141.7100067138672,0
2006-05-11,141.9600067138672,142.1300048828125,141.27000427246094,141.5500030517578,0
2006-05-12,142.2100067138672,142.39999389648438,141.16000366210938,141.94000244140625,0
2006-05-15,141.52000427246094,142.05999755859375,140.97999572753906,142.00999450683594,0
2006-05-16,141.02999877929688,141.67999267578125,140.85000610351562,141.5,0
2006-05-17,141.32000732421875,141.63499450683594,140.22000122070312,141.02999877929688,0
2006-05-18,142.49000549316406,142.55999755859375,141.02999877929688,141.30999755859375,0
2006-05-19,142.72000122070312,142.8699951171875,142.0500030517578,142.49000549316406,0
2006-05-22,143.1699981689453,143.72999572753906,142.49000549316406,142.49000549316406,0
2006-05-23,143.35000610351562,143.75999450683594,142.72000122070312,143.1999969482422,0
2006-05-24,143.98500061035156,144.19000244140625,143.30999755859375,143.32000732421875,0
2006-05-25,143.1300048828125,144.08999633789062,142.77000427246094,143.99000549316406,0
2006-05-26,143.4600067138672,143.6199951171875,142.77999877929688,143.1300048828125,0
2006-05-29,143.52000427246094,143.6699981689453,143.00999450683594,143.2100067138672,0
2006-05-30,144.30999755859375,144.4199981689453,143.3300018310547,143.50999450683594,0
2006-05-31,144.19000244140625,144.44000244140625,143.80999755859375,144.27999877929688,0
2006-06-01,144.0800018310547,144.34500122070312,143.72999572753906,144.1999969482422,0
2006-06-02,144.30999755859375,144.6699981689453,144.0399932861328,144.08999633789062,0
2006-06-05,144.8800048828125,144.94000244140625,144.22999572753906,144.24000549316406,0
2006-06-06,145.13499450683594,145.4499969482422,144.47999572753906,144.91000366210938,0
2006-06-07,145.18499755859375,145.24000549316406,144.69000244140625,145.14999389648438,0
2006-06-08,144.08999633789062,145.6699981689453,144.0,145.19000244140625,0
2006-06-09,144.00999450683594,144.3300018310547,143.72000122070312,144.0800018310547,0
2006-06-12,143.9600067138672,144.25999450683594,143.64999389648438,144.08999633789062,0
2006-06-13,144.5500030517578,144.9199981689453,143.8000030517578,143.97999572753906,0
2006-06-14,144.82000732421875,145.13999938964844,144.3699951171875,144.57000732421875,0
2006-06-15,144.9600067138672,145.22999572753906,144.77000427246094,144.83999633789062,0
2006-06-16,145.52000427246094,145.66000366210938,144.88999938964844,144.9600067138672,0
2006-06-19,145.1300048828125,145.8000030517578,144.85000610351562,145.8000030517578,0
2006-06-20,144.60000610351562,145.22000122070312,144.1999969482422,145.13999938964844,0
2006-06-21,145.3699951171875,145.47000122070312,144.4499969482422,144.60000610351562,0
2006-06-22,146.0500030517578,146.25,145.24000549316406,145.3699951171875,0
2006-06-23,145.9199981689453,146.10000610351562,145.17999267578125,146.05999755859375,0
2006-06-26,146.3000030517578,146.3699951171875,145.5399932861328,145.6199951171875,0
2006-06-27,146.2100067138672,146.58999633789062,146.05999755859375,146.32000732421875,0
2006-06-28,146.02000427246094,146.3000030517578,145.6300048828125,146.22000122070312,0
2006-06-29,145.7899932861328,146.25,145.32000732421875,146.02000427246094,0
2006-06-30,146.33999633789062,146.42999267578125,145.49000549316406,145.7899932861328,0
2006-07-03,146.85000610351562,147.0,145.8350067138672,146.10000610351562,0
2006-07-04,147.19000244140625,147.25999450683594,146.4499969482422,146.86000061035156,0
2006-07-05,147.11000061035156,147.375,146.55999755859375,147.1999969482422,0
2006-07-06,147.25,147.3800048828125,146.66000366210938,147.14999389648438,0
2006-07-07,146.1300048828125,147.26499938964844,145.9199981689453,147.25,0
2006-07-10,145.6199951171875,146.00999450683594,144.99000549316406,146.0,0
2006-07-11,145.92999267578125,145.9600067138672,145.14999389648438,145.6199951171875,0
2006-07-12,146.60000610351562,146.75,145.77999877929688,145.8800048828125,0
2006-07-13,146.4199981689453,146.80999755859375,146.17999267578125,146.61500549316406,0
2006-07-14,146.74000549316406,147.17999267578125,146.38999938964844,146.42999267578125,0
2006-07-17,146.52999877929688,147.1300048828125,146.4600067138672,146.8800048828125,0
2006-07-18,146.64999389648438,146.9199981689453,146.22999572753906,146.5,0
2006-07-19,147.1699981689453,147.25,146.27999877929688,146.63999938964844,0
2006-07-20,147.75999450683594,147.85000610351562,146.9499969482422,147.1699981689453,0
2006-07-21,147.5800018310547,147.80999755859375,146.86000061035156,147.77000427246094,0
2006-07-24,147.36000061035156,147.63499450683594,147.16000366210938,147.6199951171875,0
2006-07-25,147.39500427246094,147.75,147.27999877929688,147.36000061035156,0
2006-07-26,147.89999389648438,147.99000549316406,146.85000610351562,147.38999938964844,0
2006-07-27,146.91000366210938,147.9499969482422,146.88999938964844,147.90499877929688,0
2006-07-28,146.25999450683594,147.0850067138672,146.11000061035156,146.94000244140625,0
2006-07-31,146.25999450683594,146.5500030517578,145.72000122070312,146.50999450683594,0
2006-08-01,146.84500122070312,147.0,145.8699951171875,146.25999450683594,0
2006-08-02,146.5399932861328,146.92999267578125,146.4199981689453,146.83999633789062,0
2006-08-03,147.22000122070312,147.38999938964844,146.1699981689453,146.52000427246094,0
2006-08-04,147.69000244140625,147.8800048828125,147.08999633789062,147.22500610351562,0
2006-08-07,147.4600067138672,147.99000549316406,147.07000732421875,147.1999969482422,0
2006-08-08,147.77000427246094,148.0399932861328,147.39999389648438,147.5399932861328,0
2006-08-09,148.4600067138672,148.44000244140625,147.6199951171875,147.77999877929688,0
2006-08-10,147.3300018310547,148.5500030517578,147.2100067138672,148.47000122070312,0
2006-08-11,147.75999450683594,148.30999755859375,147.25999450683594,147.33999633789062,0
2006-08-14,148.3300018310547,148.52000427246094,147.92999267578125,147.99000549316406,0
2006-08-15,148.27999877929688,148.5399932861328,148.0399932861328,148.32000732421875,0
2006-08-16,148.7899932861328,148.8800048828125,148.1999969482422,148.2899932861328,0
2006-08-17,148.72000122070312,148.8699951171875,148.25999450683594,148.77999877929688,0
2006-08-18,148.49000549316406,148.9199981689453,148.10000610351562,148.72999572753906,0
2006-08-21,149.2899932861328,149.7100067138672,148.49000549316406,148.52999877929688,0
2006-08-22,149.24000549316406,149.6699981689453,148.94000244140625,149.27000427246094,0
2006-08-23,148.72999572753906,149.3000030517578,148.69000244140625,149.2100067138672,0
2006-08-24,148.60000610351562,149.4199981689453,148.5,148.72000122070312,0
2006-08-25,149.57000732421875,149.77999877929688,148.52000427246094,148.58999633789062,0
2006-08-28,149.89999389648438,149.9499969482422,149.5399932861328,149.61000061035156,0
2006-08-29,149.69000244140625,149.96499633789062,149.00999450683594,149.89999389648438,0
2006-08-30,150.24000549316406,150.39999389648438,149.64999389648438,149.7100067138672,0
2006-08-31,150.27000427246094,150.72000122070312,150.0500030517578,150.25,0
2006-09-01,150.25,150.4600067138672,149.63999938964844,150.19000244140625,0
2006-09-04,149.33999633789062,150.3300018310547,149.0399932861328,150.25,0
2006-09-05,148.9600067138672,149.33999633789062,148.23500061035156,149.3300018310547,0
2006-09-06,149.38999938964844,149.44000244140625,148.64999389648438,148.92999267578125,0
2006-09-07,148.2100067138672,149.77999877929688,147.83999633789062,149.42999267578125,0
2006-09-08,148.17999267578125,148.27999877929688,147.5800018310547,148.19000244140625,0
2006-09-11,149.38999938964844,149.4600067138672,147.75999450683594,148.1699981689453,0
2006-09-12,149.52000427246094,149.77000427246094,149.1699981689453,149.3699951171875,0
2006-09-13,149.1199951171875,149.72000122070312,149.0,149.5500030517578,0
2006-09-14,149.5399932861328,149.83999633789062,149.00999450683594,149.1300048828125,0
2006-09-15,148.85000610351562,149.80999755859375,148.4600067138672,149.5800018310547,0
2006-09-18,149.7899932861328,149.89999389648438,148.77999877929688,148.80999755859375,0
2006-09-19,149.08999633789062,150.22000122070312,148.60000610351562,149.7899932861328,0
2006-09-20,149.0,149.1999969482422,148.30999755859375,149.07000732421875,0
2006-09-21,148.7100067138672,149.13999938964844,148.50999450683594,149.0,0
2006-09-22,149.33999633789062,149.33999633789062,148.6199951171875,148.7100067138672,0
2006-09-25,148.44000244140625,149.14999389648438,148.27000427246094,149.0399932861328,0
2006-09-26,148.61000061035156,148.7100067138672,147.72000122070312,148.4499969482422,0
2006-09-27,149.22999572753906,149.3699951171875,148.25,148.60000610351562,0
2006-09-28,149.5800018310547,149.74000549316406,149.19000244140625,149.2100067138672,0
2006-09-29,149.3699951171875,149.8699951171875,149.09500122070312,149.57000732421875,0
2006-10-02,149.86000061035156,150.22999572753906,149.61000061035156,149.67999267578125,0
2006-10-03,150.33999633789062,150.42999267578125,149.5800018310547,149.8800048828125,0
2006-10-04,149.77999877929688,150.33999633789062,149.4499969482422,150.32000732421875,0
2006-10-05,149.60000610351562,149.80999755859375,149.0,149.8000030517578,0
2006-10-06,149.75,149.99000549316406,149.13999938964844,149.6199951171875,0
2006-10-09,149.9199981689453,150.27000427246094,149.5399932861328,149.75,0
2006-10-10,149.91000366210938,150.18499755859375,149.77000427246094,149.9199981689453,0
2006-10-11,149.9499969482422,150.16000366210938,149.74000549316406,149.94000244140625,0
2006-10-12,149.91000366210938,150.05999755859375,149.64999389648438,149.94000244140625,0
2006-10-13,149.52000427246094,150.08999633789062,149.52000427246094,149.89999389648438,0
2006-10-16,149.16000366210938,149.75,148.9600067138672,149.72999572753906,0
2006-10-17,148.77000427246094,149.30999755859375,148.39999389648438,149.15499877929688,0
2006-10-18,149.11000061035156,149.1199951171875,148.52999877929688,148.77000427246094,0
2006-10-19,149.33999633789062,149.3800048828125,148.75999450683594,149.11000061035156,0
2006-10-20,149.6999969482422,149.85000610351562,149.0500030517578,149.32000732421875,0
2006-10-23,149.7100067138672,149.88999938964844,149.49000549316406,149.6199951171875,0
2006-10-24,149.86000061035156,150.02999877929688,149.58999633789062,149.7100067138672,0
2006-10-25,150.0,150.1300048828125,149.60000610351562,149.88999938964844,0
2006-10-26,150.2100067138672,150.44000244140625,149.91000366210938,150.0,0
2006-10-27,149.80999755859375,150.72000122070312,149.38999938964844,150.22999572753906,0
2006-10-30,149.55999755859375,149.61000061035156,149.1199951171875,149.5800018310547,0
2006-10-31,149.07000732421875,149.75,148.97999572753906,149.57000732421875,0
2006-11-01,149.52000427246094,149.55999755859375,149.08999633789062,149.10000610351562,0
2006-11-02,149.63999938964844,149.82000732421875,148.92999267578125,149.50999450683594,0
2006-11-03,149.9600067138672,150.1699981689453,149.39999389648438,149.64999389648438,0
2006-11-06,150.3800048828125,150.55999755859375,149.8699951171875,149.9600067138672,0
2006-11-07,150.25999450683594,150.49000549316406,150.13999938964844,150.375,0
2006-11-08,150.3300018310547,150.47000122070312,150.13999938964844,150.25999450683594,0
2006-11-09,151.17999267578125,151.4600067138672,150.25999450683594,150.32000732421875,0
2006-11-10,151.0399932861328,151.27000427246094,150.82000732421875,151.17999267578125,0
2006-11-13,150.8000030517578,151.42999267578125,150.77000427246094,150.99000549316406,0
2006-11-14,150.7100067138672,151.25999450683594,150.5399932861328,150.77000427246094,0
2006-11-15,151.19000244140625,151.39999389648438,150.64999389648438,150.72000122070312,0
2006-11-16,151.22999572753906,151.4499969482422,151.05999755859375,151.17999267578125,0
2006-11-17,151.02000427246094,151.27999877929688,150.77999877929688,151.22000122070312,0
2006-11-20,151.32000732421875,151.64999389648438,151.11000061035156,151.11000061035156,0
2006-11-21,151.3699951171875,151.52000427246094,151.1300048828125,151.32000732421875,0
2006-11-22,151.0800018310547,151.4149932861328,150.6199951171875,151.3699951171875,0
2006-11-23,150.57000732421875,151.4149932861328,150.3000030517578,151.3699951171875,0
2006-11-24,151.6300048828125,151.92999267578125,150.52000427246094,150.5800018310547,0
2006-11-27,152.4499969482422,152.52000427246094,151.8300018310547,151.9499969482422,0
2006-11-28,153.22000122070312,153.39999389648438,152.2899932861328,152.4600067138672,0
2006-11-29,153.05499267578125,153.2100067138672,152.49000549316406,153.2100067138672,0
2006-11-30,153.27000427246094,153.4499969482422,152.8000030517578,153.05999755859375,0
2006-12-01,153.83999633789062,154.61000061035156,153.0399932861328,153.27000427246094,0
2006-12-04,153.82000732421875,154.13499450683594,153.60000610351562,153.86000061035156,0
2006-12-05,153.05999755859375,153.86000061035156,152.60000610351562,153.83999633789062,0
2006-12-06,153.2100067138672,153.22000122070312,152.4600067138672,153.0399932861328,0
2006-12-07,152.9600067138672,153.27000427246094,152.60000610351562,153.22000122070312,0
2006-12-08,155.6999969482422,156.27000427246094,152.9600067138672,152.97000122070312,0
2006-12-11,154.72000122070312,154.88999938964844,153.17999267578125,153.27999877929688,0
2006-12-12,155.00999450683594,155.25999450683594,154.5,154.7100067138672,0
2006-12-13,155.14999389648438,155.44000244140625,154.94000244140625,155.0,0
2006-12-14,154.94000244140625,155.52999877929688,154.74000549316406,155.17999267578125,0
2006-12-15,154.72999572753906,155.4600067138672,153.9199981689453,154.97000122070312,0
2006-12-18,154.6699981689453,154.77000427246094,154.11000061035156,154.40499877929688,0
2006-12-19,155.82000732421875,155.91000366210938,154.32000732421875,154.66000366210938,0
2006-12-20,155.99000549316406,156.36000061035156,155.83999633789062,155.83999633789062,0
2006-12-21,155.8800048828125,156.3800048828125,155.57000732421875,155.99000549316406,0
2006-12-22,156.1199951171875,156.3699951171875,155.83999633789062,155.85000610351562,0
2006-12-25,156.10000610351562,156.35000610351562,155.63999938964844,155.9600067138672,0
2006-12-26,156.17999267578125,156.32000732421875,155.94000244140625,156.1199951171875,0
2006-12-27,155.8699951171875,156.22000122070312,155.46499633789062,156.17999267578125,0
2006-12-28,156.32000732421875,156.68499755859375,155.6999969482422,155.8699951171875,0
2006-12-29,157.02999877929688,157.19000244140625,156.25,156.32000732421875,0
2007-01-01,157.13999938964844,157.19000244140625,156.7100067138672,157.10000610351562,0
2007-01-02,157.75999450683594,157.88999938964844,156.89999389648438,157.14999389648438,0
2007-01-03,157.17999267578125,158.00999450683594,157.02999877929688,157.75,0
2007-01-04,155.5399932861328,157.3000030517578,155.47500610351562,157.19000244140625,0
2007-01-05,154.19000244140625,155.5500030517578,154.14999389648438,155.5399932861328,0
2007-01-08,154.74000549316406,154.8300018310547,153.66000366210938,154.24000549316406,0
2007-01-09,155.00999450683594,155.39999389648438,154.72999572753906,154.72999572753906,0
2007-01-10,154.6300048828125,155.2100067138672,154.52999877929688,155.02000427246094,0
2007-01-11,155.13999938964844,156.25,154.63999938964844,154.63999938964844,0
2007-01-12,155.58999633789062,155.83999633789062,155.10000610351562,155.13499450683594,0
2007-01-15,155.77999877929688,156.08999633789062,155.07000732421875,155.44000244140625,0
2007-01-16,156.02000427246094,156.30999755859375,155.69000244140625,155.7899932861328,0
2007-01-17,156.05999755859375,156.19000244140625,155.50999450683594,156.02000427246094,0
2007-01-18,157.1649932861328,157.35000610351562,155.9499969482422,156.07000732421875,0
2007-01-19,157.1699981689453,157.6649932861328,156.8300018310547,157.1649932861328,0
2007-01-22,157.47999572753906,157.61000061035156,157.1699981689453,157.1699981689453,0
2007-01-23,158.44000244140625,158.4600067138672,157.32000732421875,157.50999450683594,0
2007-01-24,156.67999267578125,158.61000061035156,156.47999572753906,158.42999267578125,0
2007-01-25,157.3000030517578,157.3699951171875,155.85000610351562,156.69000244140625,0
2007-01-26,157.0800018310547,157.32000732421875,156.55999755859375,157.32000732421875,0
2007-01-29,157.77000427246094,157.98500061035156,156.92999267578125,156.99000549316406,0
2007-01-30,157.74000549316406,158.1199951171875,157.39999389648438,157.77000427246094,0
2007-01-31,157.2100067138672,157.83999633789062,156.82000732421875,157.75999450683594,0
2007-02-01,157.25,157.4499969482422,156.58999633789062,157.22000122070312,0
2007-02-02,156.8699951171875,157.74000549316406,156.7899932861328,157.22000122070312,0
2007-02-05,155.4499969482422,156.83999633789062,155.2899932861328,156.7899932861328,0
2007-02-06,155.8699951171875,156.13999938964844,155.25,155.42999267578125,0
2007-02-07,157.0399932861328,157.22999572753906,155.82000732421875,155.8300018310547,0
2007-02-08,157.94000244140625,158.0,157.02000427246094,157.05999755859375,0
2007-02-09,158.27000427246094,159.36000061035156,157.55999755859375,157.92999267578125,0
2007-02-12,157.80999755859375,158.8800048828125,157.52000427246094,158.63999938964844,0
2007-02-13,158.02000427246094,158.1199951171875,157.27000427246094,157.82000732421875,0
2007-02-14,158.0399932861328,158.7100067138672,157.77000427246094,158.02499389648438,0
2007-02-15,156.80999755859375,158.07000732421875,156.57000732421875,158.07000732421875,0
2007-02-16,156.83999633789062,157.02000427246094,156.2100067138672,156.8000030517578,0
2007-02-19,157.4199981689453,157.4600067138672,156.85000610351562,156.94000244140625,0
2007-02-20,157.8000030517578,158.07000732421875,157.2100067138672,157.4199981689453,0
2007-02-21,158.8699951171875,158.96499633789062,157.3300018310547,157.7899932861328,0
2007-02-22,159.42999267578125,159.6300048828125,158.5399932861328,158.9199981689453,0
2007-02-23,159.4499969482422,159.55999755859375,159.1199951171875,159.4499969482422,0
2007-02-26,159.16000366210938,159.5,158.5800018310547,159.42999267578125,0
2007-02-27,156.24000549316406,159.17999267578125,155.9199981689453,159.1649932861328,0
2007-02-28,157.07000732421875,157.24000549316406,155.9499969482422,156.25999450683594,0
2007-03-01,155.02000427246094,157.1999969482422,154.61000061035156,157.0800018310547,0
2007-03-02,154.25999450683594,155.14999389648438,153.61000061035156,155.0500030517578,0
2007-03-05,151.25,153.05999755859375,150.72999572753906,153.05999755859375,0
2007-03-06,153.39999389648438,153.5399932861328,151.24000549316406,151.24000549316406,0
2007-03-07,152.44000244140625,153.44000244140625,152.27999877929688,153.39999389648438,0
2007-03-08,153.9199981689453,154.19500732421875,152.30999755859375,152.4600067138672,0
2007-03-09,155.1999969482422,155.22000122070312,153.88999938964844,153.88999938964844,0
2007-03-12,155.0399932861328,155.67999267578125,154.24000549316406,155.13999938964844,0
2007-03-13,153.00999450683594,155.25999450683594,152.86000061035156,155.0500030517578,0
2007-03-14,155.17999267578125,155.25999450683594,152.75999450683594,153.0449981689453,0
2007-03-15,155.61000061035156,155.83200073242188,154.72999572753906,155.14999389648438,0
2007-03-16,155.4600067138672,155.80999755859375,153.58999633789062,155.52999877929688,0
2007-03-19,156.5500030517578,156.60000610351562,155.00999450683594,155.02000427246094,0
2007-03-20,156.1300048828125,156.8300018310547,155.61000061035156,156.57000732421875,0
2007-03-21,157.3000030517578,157.4600067138672,156.0399932861328,156.0800018310547,0
2007-03-22,157.4600067138672,157.61000061035156,156.83999633789062,157.3040008544922,0
2007-03-23,156.94000244140625,157.5500030517578,156.44000244140625,157.44200134277344,0
2007-03-26,157.4600067138672,157.52999877929688,156.3000030517578,156.64999389648438,0
2007-03-27,157.34300231933594,157.97500610351562,157.22000122070312,157.47999572753906,0
2007-03-28,155.55999755859375,157.5260009765625,155.42999267578125,157.2899932861328,0
2007-03-29,157.3300018310547,157.4600067138672,155.37399291992188,155.5500030517578,0
2007-03-30,157.36000061035156,157.5500030517578,156.75999450683594,157.343994140625,0
2007-04-02,157.44000244140625,157.55999755859375,156.88999938964844,157.24000549316406,0
2007-04-03,158.33999633789062,158.82000732421875,157.33999633789062,157.42999267578125,0
2007-04-04,158.80999755859375,158.97999572753906,158.1009979248047,158.2899932861328,0
2007-04-05,159.36000061035156,159.4600067138672,158.38999938964844,158.83999633789062,0
2007-04-06,159.77999877929688,159.77999877929688,159.22000122070312,159.36000061035156,0
2007-04-09,159.22000122070312,159.58999633789062,159.2209930419922,159.5500030517578,0
2007-04-10,159.97000122070312,160.08999633789062,159.1230010986328,159.21400451660156,0
2007-04-11,160.27999877929688,160.41700744628906,159.55999755859375,159.97999572753906,0
2007-04-12,160.5399932861328,160.83099365234375,160.17999267578125,160.27999877929688,0
2007-04-13,161.1999969482422,161.47000122070312,159.88999938964844,160.5500030517578,0
2007-04-16,161.99000549316406,162.38999938964844,161.4600067138672,162.1999969482422,0
2007-04-17,161.4199981689453,162.0800018310547,161.1999969482422,162.00999450683594,0
2007-04-18,161.25999450683594,161.58999633789062,160.46200561523438,161.4199981689453,0
2007-04-19,161.08999633789062,161.36000061035156,159.6300048828125,161.25999450683594,0
2007-04-20,161.38999938964844,161.91000366210938,161.10000610351562,161.11000061035156,0
2007-04-23,161.0399932861328,161.75999450683594,160.47000122070312,161.52999877929688,0
2007-04-24,161.5500030517578,161.80999755859375,160.19000244140625,161.02000427246094,0
2007-04-25,161.81500244140625,161.9600067138672,161.27000427246094,161.5500030517578,0
2007-04-26,162.4199981689453,162.74200439453125,161.6699981689453,161.80999755859375,0
2007-04-27,163.1300048828125,163.41000366210938,162.22999572753906,162.4600067138672,0
2007-04-30,162.9499969482422,163.19000244140625,162.3800048828125,162.67999267578125,0
2007-05-01,162.88999938964844,163.27000427246094,162.8000030517578,162.9600067138672,0
2007-05-02,163.27999877929688,163.38999938964844,162.60000610351562,162.93800354003906,0
2007-05-03,163.1199951171875,163.5749969482422,163.00999450683594,163.28799438476562,0
2007-05-04,163.25,163.44000244140625,162.82000732421875,163.14999389648438,0
2007-05-07,163.25,163.42999267578125,162.94000244140625,163.16000366210938,0
2007-05-08,162.47000122070312,163.3300018310547,161.94000244140625,163.24000549316406,0
2007-05-09,162.47999572753906,162.5,162.02999877929688,162.45700073242188,0
2007-05-10,161.5399932861328,162.97999572753906,161.25999450683594,162.47999572753906,0
2007-05-11,162.42999267578125,162.69000244140625,161.16000366210938,161.55999755859375,0
2007-05-14,162.97000122070312,163.17999267578125,162.55999755859375,162.61000061035156,0
2007-05-15,163.41000366210938,163.63999938964844,162.66000366210938,162.9600067138672,0
2007-05-16,163.25999450683594,163.8800048828125,163.10000610351562,163.39999389648438,0
2007-05-17,163.6699981689453,163.8000030517578,163.1699981689453,163.25,0
2007-05-18,163.57000732421875,163.85000610351562,162.64999389648438,163.67999267578125,0
2007-05-21,163.58099365234375,163.9199981689453,163.25,163.77999877929688,0
2007-05-22,163.58999633789062,163.61000061035156,163.22999572753906,163.58999633789062,0
2007-05-23,163.5500030517578,163.96099853515625,163.38999938964844,163.61099243164062,0
2007-05-24,162.97000122070312,163.63999938964844,162.85000610351562,163.5399932861328,0
2007-05-25,163.67999267578125,163.8000030517578,162.24000549316406,162.97000122070312,0
2007-05-28,163.6999969482422,163.7899932861328,163.5399932861328,163.74099731445312,0
2007-05-29,163.47999572753906,164.26600646972656,162.97000122070312,163.7100067138672,0
2007-05-30,163.31100463867188,163.66000366210938,162.97000122070312,163.49000549316406,0
2007-05-31,163.8000030517578,163.9499969482422,163.02999877929688,163.32000732421875,0
2007-06-01,164.0800018310547,164.22000122070312,163.5500030517578,163.8000030517578,0
2007-06-04,164.19000244140625,164.41000366210938,163.86000061035156,164.00999450683594,0
2007-06-05,164.00999450683594,164.57000732421875,163.91000366210938,164.19000244140625,0
2007-06-06,163.3000030517578,164.3800048828125,163.24000549316406,164.02499389648438,0
2007-06-07,162.2899932861328,163.9499969482422,162.27999877929688,163.31100463867188,0
2007-06-08,162.57000732421875,162.86000061035156,161.75,162.3000030517578,0
2007-06-11,162.5800018310547,162.75999450683594,162.0800018310547,162.5399932861328,0
2007-06-12,161.80999755859375,162.67999267578125,161.77999877929688,162.5500030517578,0
2007-06-13,163.1580047607422,163.35000610351562,161.5500030517578,161.80999755859375,0
2007-06-14,163.67999267578125,163.77999877929688,163.05999755859375,163.14500427246094,0
2007-06-15,165.07000732421875,165.32000732421875,163.66000366210938,163.67999267578125,0
2007-06-18,165.92599487304688,165.97000122070312,165.19000244140625,165.27999877929688,0
2007-06-19,165.6699981689453,166.07000732421875,165.3000030517578,165.88999938964844,0
2007-06-20,165.33999633789062,166.00100708007812,165.2100067138672,165.64999389648438,0
2007-06-21,165.6999969482422,165.72999572753906,165.3300018310547,165.33999633789062,0
2007-06-22,166.8300018310547,166.91000366210938,165.63999938964844,165.6999969482422,0
2007-06-25,166.38999938964844,166.88900756835938,165.92999267578125,166.8000030517578,0
2007-06-26,165.47000122070312,166.4199981689453,165.11000061035156,166.3699951171875,0
2007-06-27,165.72000122070312,165.74000549316406,164.25999450683594,165.4510040283203,0
2007-06-28,165.61599731445312,165.92999267578125,165.24000549316406,165.6999969482422,0
2007-06-29,166.69000244140625,166.9199981689453,165.4600067138672,165.60000610351562,0
2007-07-02,166.61000061035156,166.85000610351562,166.14999389648438,166.67999267578125,0
2007-07-03,166.6999969482422,167.1479949951172,166.25999450683594,166.6199951171875,0
2007-07-04,167.00999450683594,167.07000732421875,166.32000732421875,166.6999969482422,0
2007-07-05,167.16000366210938,167.27999877929688,166.77999877929688,167.00999450683594,0
2007-07-06,167.97000122070312,168.13999938964844,167.0399932861328,167.13999938964844,0
2007-07-09,168.0500030517578,168.47000122070312,167.9199981689453,168.2100067138672,0
2007-07-10,166.89999389648438,168.3000030517578,166.60800170898438,168.07000732421875,0
2007-07-11,168.1199951171875,168.36000061035156,166.55999755859375,166.88999938964844,0
2007-07-12,168.6999969482422,168.83999633789062,167.82000732421875,168.1699981689453,0
2007-07-13,168.11000061035156,168.91000366210938,168.0,168.69000244140625,0
2007-07-16,167.75,168.2899932861328,167.6999969482422,168.16000366210938,0
2007-07-17,168.24000549316406,168.6999969482422,167.72000122070312,167.80999755859375,0
2007-07-18,168.27999877929688,168.47999572753906,167.97000122070312,168.24099731445312,0
2007-07-19,168.47999572753906,168.7899932861328,168.10000610351562,168.27999877929688,0
2007-07-20,167.72999572753906,168.81100463867188,167.1699981689453,168.49000549316406,0
2007-07-23,167.08999633789062,167.9499969482422,166.97999572753906,167.8699951171875,0
2007-07-24,166.1699981689453,167.32000732421875,165.86000061035156,167.0399932861328,0
2007-07-25,165.27999877929688,166.27999877929688,164.72999572753906,166.22000122070312,0
2007-07-26,162.85000610351562,165.46800231933594,162.24000549316406,165.2899932861328,0
2007-07-27,161.7100067138672,163.89999389648438,161.50999450683594,162.85000610351562,0
2007-07-30,163.33999633789062,163.48599243164062,161.16000366210938,161.3300018310547,0
2007-07-31,161.9199981689453,163.77499389648438,161.83999633789062,163.36000061035156,0
2007-08-01,162.72000122070312,162.92999267578125,160.49000549316406,161.89999389648438,0
2007-08-02,163.3000030517578,163.47999572753906,161.60000610351562,162.7100067138672,0
2007-08-03,162.7100067138672,163.7100067138672,162.25,163.3000030517578,0
2007-08-06,163.92999267578125,164.1999969482422,162.1999969482422,162.4600067138672,0
2007-08-07,163.25,164.10000610351562,162.35000610351562,163.91000366210938,0
2007-08-08,165.1999969482422,165.3699951171875,163.22999572753906,163.22999572753906,0
2007-08-09,161.75,165.25999450683594,161.5399932861328,165.2100067138672,0
2007-08-10,162.19000244140625,162.4499969482422,160.0,161.72000122070312,0
2007-08-13,160.89999389648438,162.16000366210938,160.61000061035156,162.05999755859375,0
2007-08-14,158.91000366210938,160.9600067138672,158.82000732421875,160.9149932861328,0
2007-08-15,156.1699981689453,159.1199951171875,156.0,158.89999389648438,0
2007-08-16,153.1199951171875,156.4320068359375,150.0399932861328,156.2100067138672,0
2007-08-17,153.9600067138672,155.19000244140625,149.50999450683594,153.1300048828125,0
2007-08-20,154.6999969482422,155.88999938964844,153.39999389648438,153.4499969482422,0
2007-08-21,153.5800018310547,155.3000030517578,153.48500061035156,154.75,0
2007-08-22,156.6300048828125,156.66000366210938,153.55999755859375,153.5800018310547,0
2007-08-23,157.3000030517578,159.0800018310547,156.5399932861328,156.63999938964844,0
2007-08-24,159.10000610351562,159.3300018310547,156.6300048828125,157.32000732421875,0
2007-08-27,157.57000732421875,159.64999389648438,157.36000061035156,159.55999755859375,0
2007-08-28,155.4600067138672,158.1199951171875,155.22999572753906,157.57000732421875,0
2007-08-29,158.3699951171875,158.9499969482422,154.50999450683594,155.4600067138672,0
2007-08-30,158.14999389648438,158.39999389648438,156.82000732421875,158.35000610351562,0
2007-08-31,157.97999572753906,159.47000122070312,157.42999267578125,158.17999267578125,0
2007-09-03,157.61000061035156,158.41000366210938,157.61000061035156,157.97999572753906,0
2007-09-04,158.3000030517578,158.39999389648438,156.58999633789062,157.60000610351562,0
2007-09-05,157.16000366210938,158.6300048828125,156.77000427246094,158.2899932861328,0
2007-09-06,158.0240020751953,158.17999267578125,156.77000427246094,157.17999267578125,0
2007-09-07,156.16000366210938,158.25999450683594,155.74000549316406,158.02000427246094,0
2007-09-11,158.10000610351562,158.25999450683594,156.38999938964844,156.72999572753906,0
2007-09-12,158.7100067138672,158.89500427246094,157.77000427246094,158.11000061035156,0
2007-09-13,158.91000366210938,160.42999267578125,158.55999755859375,158.72000122070312,0
2007-09-14,159.97999572753906,160.17999267578125,158.85000610351562,158.92999267578125,0
2007-09-17,159.47999572753906,160.1179962158203,159.0,159.6999969482422,0
2007-09-18,162.02999877929688,162.47999572753906,158.83999633789062,159.47999572753906,0
2007-09-19,162.01499938964844,162.39999389648438,161.4600067138672,162.02999877929688,0
2007-09-20,161.3800048828125,162.35000610351562,160.77999877929688,162.02000427246094,0
2007-09-21,162.72000122070312,162.83999633789062,161.33999633789062,161.3800048828125,0
2007-09-24,161.6699981689453,162.5399932861328,161.50999450683594,162.4199981689453,0
2007-09-25,162.25,162.3730010986328,161.02000427246094,161.63999938964844,0
2007-09-26,163.1199951171875,163.42999267578125,162.07000732421875,162.24000549316406,0
2007-09-27,163.52000427246094,163.89999389648438,163.00999450683594,163.13299560546875,0
2007-09-28,163.94000244140625,163.94000244140625,162.74000549316406,163.5,0
2007-10-01,164.80999755859375,165.02000427246094,163.74000549316406,163.8000030517578,0
2007-10-02,163.74000549316406,164.8699951171875,163.60000610351562,164.82000732421875,0
2007-10-03,164.35000610351562,165.25,163.6300048828125,163.75,0
2007-10-04,164.57000732421875,164.82000732421875,163.9499969482422,164.30999755859375,0
2007-10-05,165.08999633789062,165.38999938964844,164.30999755859375,164.5500030517578,0
2007-10-08,164.77999877929688,165.6320037841797,164.66000366210938,165.4600067138672,0
2007-10-09,165.30999755859375,165.38999938964844,164.13999938964844,164.7899932861328,0
2007-10-10,165.6199951171875,166.2100067138672,165.14999389648438,165.3000030517578,0
2007-10-11,166.67999267578125,167.60299682617188,165.5500030517578,165.63999938964844,0
2007-10-12,166.6699981689453,167.08999633789062,166.1199951171875,166.63999938964844,0
2007-10-15,166.63999938964844,167.6739959716797,166.3000030517578,166.5800018310547,0
2007-10-16,165.75999450683594,166.89199829101562,164.9199981689453,166.63999938964844,0
2007-10-17,165.57000732421875,166.37100219726562,164.63999938964844,165.77999877929688,0
2007-10-18,165.02000427246094,166.10000610351562,164.85000610351562,165.5399932861328,0
2007-10-19,163.77999877929688,165.24000549316406,163.4499969482422,165.02000427246094,0
2007-10-22,162.25999450683594,163.63999938964844,160.64999389648438,162.92999267578125,0
2007-10-23,163.72999572753906,163.94000244140625,162.05499267578125,162.23699951171875,0
2007-10-24,162.7899932861328,163.86900329589844,161.78799438476562,163.74400329589844,0
2007-10-25,163.1959991455078,163.94000244140625,162.42999267578125,162.8300018310547,0
2007-10-26,164.3699951171875,164.55999755859375,163.1999969482422,163.28700256347656,0
2007-10-29,165.3699951171875,165.47999572753906,164.41000366210938,164.52000427246094,0
2007-10-30,165.74000549316406,165.86000061035156,164.44000244140625,165.32000732421875,0
2007-10-31,166.97000122070312,167.27000427246094,165.3800048828125,165.72000122070312,0
2007-11-01,165.11000061035156,167.17999267578125,165.0,166.97999572753906,0
2007-11-02,166.6199951171875,166.99899291992188,165.10000610351562,165.22999572753906,0
2007-11-05,165.5,166.3699951171875,164.9600067138672,166.1699981689453,0
2007-11-06,167.0399932861328,167.1199951171875,165.48800659179688,165.49000549316406,0
2007-11-07,164.66000366210938,167.5189971923828,164.13999938964844,167.02999877929688,0
2007-11-08,165.4499969482422,166.1300048828125,164.5399932861328,164.64999389648438,0
2007-11-09,162.3800048828125,165.9600067138672,162.2100067138672,165.4499969482422,0
2007-11-12,159.22000122070312,162.32000732421875,158.77999877929688,162.11000061035156,0
2007-11-13,162.49000549316406,162.60000610351562,159.13999938964844,159.24899291992188,0
2007-11-14,163.0330047607422,164.12399291992188,162.3800048828125,162.4600067138672,0
2007-11-15,161.51199340820312,163.72000122070312,161.0800018310547,163.02000427246094,0
2007-11-16,162.44000244140625,163.20799255371094,160.54800415039062,161.50999450683594,0
2007-11-19,160.97000122070312,163.052001953125,160.74000549316406,162.58999633789062,0
2007-11-20,162.75,163.2899932861328,160.5,160.99000549316406,0
2007-11-21,160.9600067138672,162.8070068359375,160.2100067138672,162.72999572753906,0
2007-11-22,161.1699981689453,162.2100067138672,160.8800048828125,160.8800048828125,0
2007-11-23,160.3000030517578,161.6199951171875,159.5500030517578,161.11000061035156,0
2007-11-26,161.2100067138672,161.4499969482422,160.97000122070312,161.2100067138672,0
2007-11-27,161.4499969482422,161.7689971923828,159.4600067138672,159.74000549316406,0
2007-11-28,163.16000366210938,163.5500030517578,160.3000030517578,161.4600067138672,0
2007-11-29,161.99000549316406,163.5800018310547,161.61000061035156,163.2100067138672,0
2007-11-30,163.1300048828125,163.76499938964844,161.99000549316406,161.99000549316406,0
2007-12-03,162.02000427246094,162.64999389648438,161.4499969482422,162.60000610351562,0
2007-12-04,162.16000366210938,162.32000732421875,160.9600067138672,162.0399932861328,0
2007-12-05,161.8800048828125,163.0399932861328,161.49000549316406,162.17999267578125,0
2007-12-06,163.2100067138672,163.22999572753906,161.22000122070312,161.89999389648438,0
2007-12-07,163.6300048828125,163.85000610351562,162.375,163.2100067138672,0
2007-12-10,164.44000244140625,164.63999938964844,163.25999450683594,163.55999755859375,0
2007-12-11,162.5399932861328,165.0,161.89999389648438,164.4499969482422,0
2007-12-12,164.7899932861328,165.26800537109375,162.3800048828125,162.5500030517578,0
2007-12-13,164.2899932861328,164.9199981689453,163.6199951171875,164.77999877929688,0
2007-12-14,163.47999572753906,164.61000061035156,163.2899932861328,164.25999450683594,0
2007-12-17,162.61000061035156,163.5,162.36000061035156,163.4340057373047,0
2007-12-18,163.27999877929688,163.52000427246094,163.02000427246094,163.25999450683594,0
2007-12-19,162.94000244140625,163.44000244140625,162.33999633789062,163.3800048828125,0
2007-12-20,162.17999267578125,163.02000427246094,161.77000427246094,162.8800048828125,0
2007-12-21,164.07000732421875,164.07000732421875,161.97000122070312,162.1300048828125,0
2007-12-24,164.3300018310547,164.91000366210938,163.8800048828125,164.0500030517578,0
2007-12-25,164.3800048828125,164.67999267578125,163.94000244140625,164.33999633789062,0
2007-12-26,165.5,165.67999267578125,164.14999389648438,164.38999938964844,0
2007-12-27,166.36000061035156,166.64999389648438,165.35000610351562,165.49000549316406,0
2007-12-28,165.17999267578125,166.44000244140625,165.0,166.36000061035156,0
2007-12-31,163.00999450683594,165.47999572753906,162.39999389648438,165.44000244140625,0
2008-01-01,163.49000549316406,163.77000427246094,162.50999450683594,163.00999450683594,0
2008-01-02,160.77999877929688,164.02999877929688,160.77999877929688,163.5,0
2008-01-03,161.4499969482422,161.60000610351562,159.76300048828125,160.8040008544922,0
2008-01-04,160.27000427246094,161.49000549316406,159.8000030517578,161.47000122070312,0
2008-01-07,160.39999389648438,160.89999389648438,159.97999572753906,160.13999938964844,0
2008-01-08,160.25999450683594,161.42100524902344,159.99000549316406,160.3699951171875,0
2008-01-09,161.1199951171875,161.5800018310547,160.08999633789062,160.25999450683594,0
2008-01-10,162.2100067138672,162.26400756835938,160.63999938964844,161.11000061035156,0
2008-01-11,161.30999755859375,162.25999450683594,160.6699981689453,162.22000122070312,0
2008-01-14,160.94000244140625,161.42999267578125,159.94000244140625,161.2100067138672,0
2008-01-15,158.0240020751953,160.9499969482422,157.72000122070312,160.9499969482422,0
2008-01-16,157.36500549316406,158.44000244140625,156.3300018310547,157.99000549316406,0
2008-01-17,155.75999450683594,157.72000122070312,155.74000549316406,157.3699951171875,0
2008-01-18,156.14999389648438,157.74000549316406,155.74000549316406,155.77000427246094,0
2008-01-21,153.14999389648438,153.4199981689453,152.91000366210938,153.17999267578125,0
2008-01-22,156.8000030517578,156.9199981689453,152.125,155.25999450683594,0
2008-01-23,156.11000061035156,157.0800018310547,152.82000732421875,156.7899932861328,0
2008-01-24,158.2899932861328,158.3249969482422,154.8699951171875,156.11000061035156,0
2008-01-25,156.6999969482422,159.0800018310547,156.49000549316406,158.27999877929688,0
2008-01-28,158.17999267578125,158.46200561523438,155.55599975585938,156.83999633789062,0
2008-01-29,158.08999633789062,158.3000030517578,157.11000061035156,158.19500732421875,0
2008-01-30,157.50999450683594,159.38999938964844,157.25,158.10299682617188,0
2008-01-31,157.92999267578125,158.6999969482422,156.7220001220703,157.49200439453125,0
2008-02-01,157.6199951171875,158.84100341796875,157.25,158.03500366210938,0
2008-02-04,158.17999267578125,158.67999267578125,157.72000122070312,157.74000549316406,0
2008-02-05,155.88999938964844,158.5,155.8000030517578,158.19000244140625,0
2008-02-06,155.47999572753906,156.42999267578125,155.22000122070312,155.91000366210938,0
2008-02-07,155.35000610351562,156.10000610351562,154.13699340820312,155.4600067138672,0
2008-02-08,155.61000061035156,156.0800018310547,155.1300048828125,155.3000030517578,0
2008-02-11,154.9600067138672,156.25,154.35000610351562,156.11000061035156,0
2008-02-12,156.49000549316406,156.9600067138672,154.8800048828125,154.9199981689453,0
2008-02-13,157.5800018310547,157.86000061035156,155.77999877929688,156.49000549316406,0
2008-02-14,157.85000610351562,158.4600067138672,157.3300018310547,157.5800018310547,0
2008-02-15,157.97000122070312,158.80999755859375,157.5800018310547,157.8300018310547,0
2008-02-18,158.47000122070312,158.6999969482422,158.0800018310547,158.16000366210938,0
2008-02-19,158.9600067138672,159.02000427246094,157.9499969482422,158.44500732421875,0
2008-02-20,159.0399932861328,159.25,157.8300018310547,158.97500610351562,0
2008-02-21,159.1300048828125,159.47999572753906,158.7899932861328,159.02999877929688,0
2008-02-22,158.88999938964844,159.25999450683594,158.22500610351562,159.11000061035156,0
2008-02-25,160.24000549316406,160.36000061035156,158.88999938964844,159.17999267578125,0
2008-02-26,161.00999450683594,161.25999450683594,159.6300048828125,160.27000427246094,0
2008-02-27,160.82000732421875,161.1300048828125,159.86000061035156,160.97999572753906,0
2008-02-28,159.39999389648438,160.9199981689453,159.22999572753906,160.8300018310547,0
2008-02-29,157.6199951171875,159.41000366210938,157.22999572753906,159.3699951171875,0
2008-03-03,157.33999633789062,157.63999938964844,155.89999389648438,156.64999389648438,0
2008-03-04,157.22500610351562,157.35499572753906,156.16000366210938,157.33999633789062,0
2008-03-05,158.77000427246094,159.14999389648438,157.0,157.22000122070312,0
2008-03-06,157.8000030517578,158.8800048828125,157.6699981689453,158.75,0
2008-03-07,157.47999572753906,158.25,156.70899963378906,157.8000030517578,0
2008-03-10,155.60000610351562,157.55999755859375,155.6199951171875,157.44000244140625,0
2008-03-11,158.39999389648438,158.7899932861328,155.5800018310547,155.5800018310547,0
2008-03-12,157.72999572753906,159.10000610351562,157.33999633789062,158.39999389648438,0
2008-03-13,157.2899932861328,157.94000244140625,155.60000610351562,157.6999969482422,0
2008-03-14,154.63999938964844,157.5500030517578,154.5500030517578,157.3300018310547,0
2008-03-17,152.82000732421875,154.60000610351562,151.8699951171875,154.57000732421875,0
2008-03-18,156.3000030517578,156.9499969482422,152.60000610351562,152.82000732421875,0
2008-03-19,154.24000549316406,156.58999633789062,154.08999633789062,156.25999450683594,0
2008-03-20,153.36000061035156,155.10000610351562,151.8300018310547,154.25,0
2008-03-21,156.27999877929688,156.27999877929688,153.14999389648438,153.36300659179688,0
2008-03-24,155.52000427246094,155.55999755859375,153.08999633789062,153.47000122070312,0
2008-03-25,156.22000122070312,156.67999267578125,155.3000030517578,155.47999572753906,0
2008-03-26,156.86000061035156,157.3699951171875,155.6699981689453,156.19000244140625,0
2008-03-27,157.3800048828125,157.97999572753906,155.89999389648438,156.82000732421875,0
2008-03-28,156.19000244140625,158.30999755859375,156.17999267578125,157.36000061035156,0
2008-03-31,157.3300018310547,158.0399932861328,156.22999572753906,156.24000549316406,0
2008-04-02,160.35000610351562,160.72000122070312,158.50999450683594,158.72999572753906,0
2008-04-03,160.22000122070312,161.02999877929688,159.33999633789062,160.39999389648438,0
2008-04-04,159.72999572753906,161.05999755859375,159.57000732421875,160.22999572753906,0
2008-04-07,160.88999938964844,161.42999267578125,159.72999572753906,159.82000732421875,0
2008-04-08,161.3000030517578,161.61000061035156,160.47000122070312,160.83999633789062,0
2008-04-09,161.10000610351562,161.44000244140625,160.61000061035156,161.30999755859375,0
2008-04-10,160.6699981689453,161.14999389648438,158.89999389648438,161.0800018310547,0
2008-04-11,159.89999389648438,161.27999877929688,159.22000122070312,160.6999969482422,0
2008-04-14,160.0800018310547,160.22999572753906,158.22999572753906,159.14999389648438,0
2008-04-15,160.72000122070312,160.92999267578125,159.6999969482422,160.0800018310547,0
2008-04-16,162.39999389648438,162.47999572753906,160.42999267578125,160.72000122070312,0
2008-04-17,162.94000244140625,163.22000122070312,162.17999267578125,162.42999267578125,0
2008-04-18,163.07000732421875,164.64999389648438,162.6699981689453,162.9499969482422,0
2008-04-21,164.35000610351562,164.78500366210938,163.91799926757812,164.322998046875,0
2008-04-22,164.4600067138672,164.91000366210938,163.2899932861328,164.37100219726562,0
2008-04-23,164.22999572753906,164.92999267578125,163.88999938964844,164.44400024414062,0
2008-04-24,163.49000549316406,164.4600067138672,162.90199279785156,164.23199462890625,0
2008-04-25,163.22000122070312,163.72999572753906,162.72999572753906,163.47000122070312,0
2008-04-28,163.0800018310547,163.8300018310547,162.8300018310547,162.9550018310547,0
2008-04-29,161.69000244140625,163.1999969482422,161.1300048828125,163.0500030517578,0
2008-04-30,162.3489990234375,162.94000244140625,161.6199951171875,161.83999633789062,0
2008-05-02,162.49000549316406,162.58999633789062,161.44000244140625,161.55999755859375,0
2008-05-05,162.572998046875,163.08299255371094,162.27000427246094,162.49000549316406,0
2008-05-06,162.6199951171875,162.7519989013672,162.02999877929688,162.57000732421875,0
2008-05-07,161.14999389648438,162.99000549316406,160.97000122070312,162.67999267578125,0
2008-05-08,159.9600067138672,161.25999450683594,159.11300659179688,161.1199951171875,0
2008-05-09,159.22000122070312,160.01199340820312,158.6699981689453,159.96499633789062,0
2008-05-12,161.22000122070312,161.5050048828125,158.6300048828125,158.99000549316406,0
2008-05-13,161.88099670410156,162.30999755859375,160.16000366210938,161.1699981689453,0
2008-05-14,162.4969940185547,162.8699951171875,161.7100067138672,161.91200256347656,0
2008-05-15,161.89999389648438,162.9199981689453,161.55999755859375,162.50999450683594,0
2008-05-16,162.1999969482422,162.4499969482422,161.25999450683594,161.9199981689453,0
2008-05-19,162.08599853515625,162.4969940185547,161.572998046875,162.24000549316406,0
2008-05-20,162.08999633789062,162.97000122070312,161.4600067138672,162.10000610351562,0
2008-05-21,162.656005859375,163.11199951171875,161.60000610351562,162.08399963378906,0
2008-05-22,163.64999389648438,163.83999633789062,162.22000122070312,162.67999267578125,0
2008-05-23,162.86000061035156,163.83999633789062,162.7030029296875,163.6479949951172,0
2008-05-26,163.08999633789062,163.28399658203125,162.72999572753906,162.9199981689453,0
2008-05-27,163.5,163.875,163.00999450683594,163.05999755859375,0
2008-05-28,163.8300018310547,164.36000061035156,163.1199951171875,163.47999572753906,0
2008-05-29,163.6269989013672,164.17999267578125,163.3000030517578,163.83200073242188,0
2008-05-30,163.9499969482422,164.22000122070312,163.1199951171875,163.6199951171875,0
2008-06-02,162.38400268554688,164.11000061035156,162.10000610351562,164.0399932861328,0
2008-06-03,162.43299865722656,163.1999969482422,161.82000732421875,162.41000366210938,0
2008-06-04,162.39100646972656,162.58599853515625,161.74600219726562,162.3939971923828,0
2008-06-05,165.10899353027344,165.2310028076172,162.24000549316406,162.3699951171875,0
2008-06-06,165.55999755859375,166.12399291992188,165.00999450683594,165.10000610351562,0
2008-06-09,166.33999633789062,167.125,165.1999969482422,165.1999969482422,0
2008-06-10,165.96200561523438,166.56300354003906,165.53799438476562,166.33999633789062,0
2008-06-11,166.34300231933594,166.9199981689453,165.61000061035156,165.9600067138672,0
2008-06-12,166.63999938964844,166.88499450683594,165.66000366210938,166.32000732421875,0
2008-06-13,166.19000244140625,166.8000030517578,165.6699981689453,166.61000061035156,0
2008-06-16,167.33900451660156,167.6060028076172,166.44000244140625,166.5570068359375,0
2008-06-17,167.5,167.75999450683594,167.10000610351562,167.33399963378906,0
2008-06-18,167.5489959716797,167.9929962158203,167.0800018310547,167.50999450683594,0
2008-06-19,167.33999633789062,167.74000549316406,166.77000427246094,167.5449981689453,0
2008-06-20,167.8300018310547,168.052001953125,167.1999969482422,167.3520050048828,0
2008-06-23,167.38800048828125,167.7259979248047,166.89999389648438,167.54200744628906,0
2008-06-24,167.79400634765625,168.3300018310547,167.33999633789062,167.39300537109375,0
2008-06-25,168.92999267578125,169.11000061035156,167.61000061035156,167.75999450683594,0
2008-06-26,168.4429931640625,169.42999267578125,167.99000549316406,168.94400024414062,0
2008-06-27,167.13999938964844,168.57000732421875,167.02000427246094,168.48199462890625,0
2008-06-30,167.1199951171875,168.07000732421875,166.16000366210938,167.82000732421875,0
2008-07-02,168.21499633789062,168.60000610351562,167.3300018310547,167.39999389648438,0
2008-07-03,167.5399932861328,169.05999755859375,167.36000061035156,168.11000061035156,0
2008-07-04,167.63999938964844,167.98699951171875,167.1699981689453,167.5500030517578,0
2008-07-07,168.42999267578125,168.58799743652344,167.14999389648438,167.61199951171875,0
2008-07-08,168.27000427246094,168.47900390625,167.24000549316406,168.42999267578125,0
2008-07-09,168.1439971923828,168.8699951171875,167.9499969482422,168.2899932861328,0
2008-07-10,169.01300048828125,169.10000610351562,167.82000732421875,168.10000610351562,0
2008-07-11,169.3699951171875,169.59300231933594,168.2100067138672,169.02000427246094,0
2008-07-14,168.7729949951172,169.6300048828125,168.75,169.36000061035156,0
2008-07-15,166.6300048828125,168.80999755859375,166.42999267578125,168.75999450683594,0
2008-07-16,166.39700317382812,166.83900451660156,165.35000610351562,166.6300048828125,0
2008-07-17,168.3300018310547,169.03399658203125,166.0399932861328,166.3800048828125,0
2008-07-18,169.5500030517578,169.5800018310547,168.2270050048828,168.36000061035156,0
2008-07-21,169.44000244140625,169.8509979248047,169.0959930419922,169.27999877929688,0
2008-07-22,169.31300354003906,169.6929931640625,169.0659942626953,169.45399475097656,0
2008-07-23,169.3000030517578,169.93899536132812,169.1199951171875,169.30999755859375,0
2008-07-24,168.47999572753906,169.33099365234375,167.89999389648438,169.30999755859375,0
2008-07-25,169.02000427246094,169.4600067138672,167.53799438476562,168.47000122070312,0
2008-07-28,169.14999389648438,169.6909942626953,169.02000427246094,169.25999450683594,0
2008-07-29,168.5,169.4499969482422,168.2899932861328,169.13299560546875,0
2008-07-30,168.3800048828125,168.54200744628906,167.9499969482422,168.5,0
2008-07-31,168.11000061035156,169.16000366210938,168.0970001220703,168.3800048828125,0
2008-08-26,160.52000427246094,161.21299743652344,160.00999450683594,160.61599731445312,0
2008-08-27,161.27699279785156,161.47999572753906,160.0800018310547,160.5449981689453,0
2008-08-28,160.96499633789062,161.97000122070312,160.77000427246094,161.30999755859375,0
2008-08-29,159.42999267578125,161.07000732421875,159.23199462890625,160.97000122070312,0
2008-09-01,157.52999877929688,159.55999755859375,157.16000366210938,159.32000732421875,0
2008-09-02,157.72000122070312,158.39999389648438,156.99000549316406,157.5070037841797,0
2008-09-03,156.91799926757812,157.98500061035156,156.25999450683594,157.66000366210938,0
2008-09-04,152.17999267578125,157.63900756835938,150.6999969482422,156.9199981689453,0
2008-09-05,153.67999267578125,153.86000061035156,150.72999572753906,152.2100067138672,0
2008-09-08,152.97999572753906,156.91000366210938,151.7100067138672,155.60000610351562,0
2008-09-09,151.77000427246094,153.4459991455078,150.54400634765625,152.9459991455078,0
2008-09-10,150.60000610351562,152.32000732421875,150.3000030517578,151.7050018310547,0
2008-09-11,149.7100067138672,150.72000122070312,147.55999755859375,150.61500549316406,0
2008-09-12,153.6999969482422,153.6999969482422,149.60000610351562,149.8300018310547,0
2008-09-15,148.7100067138672,152.8000030517578,148.57000732421875,152.0800018310547,0
2008-09-16,149.11199951171875,150.4499969482422,147.052001953125,148.72000122070312,0
2008-09-17,149.4600067138672,151.4720001220703,147.5800018310547,149.13099670410156,0
2008-09-18,150.82000732421875,151.96400451660156,149.1300048828125,149.4499969482422,0
2008-09-19,154.8699951171875,155.52000427246094,150.86000061035156,150.91000366210938,0
2008-09-22,156.1479949951172,156.77000427246094,153.9199981689453,154.41000366210938,0
2008-09-23,155.26800537109375,156.25,154.47000122070312,156.14999389648438,0
2008-09-24,155.22000122070312,156.10000610351562,154.5399932861328,155.28799438476562,0
2008-09-25,155.66000366210938,156.27000427246094,155.13900756835938,155.20799255371094,0
2008-09-26,154.82000732421875,155.75,153.49000549316406,155.68299865722656,0
2008-09-29,149.47000122070312,155.0449981689453,148.95899963378906,154.55999755859375,0
2008-09-30,149.52200317382812,151.2740020751953,148.8000030517578,149.45799255371094,0
2008-10-01,148.50900268554688,150.447998046875,147.6199951171875,149.5399932861328,0
2008-10-02,145.23500061035156,148.66000366210938,144.91200256347656,148.47999572753906,0
2008-10-03,145.1300048828125,146.75999450683594,144.14999389648438,145.22000122070312,0
2008-10-06,137.66600036621094,143.45199584960938,135.13999938964844,143.3719940185547,0
2008-10-07,137.8459930419922,140.8419952392578,136.6699981689453,137.70599365234375,0
2008-10-08,135.63400268554688,138.6300048828125,134.3300018310547,137.84100341796875,0
2008-10-09,135.27999877929688,139.6300048828125,135.12399291992188,135.6300048828125,0
2008-10-10,134.7899932861328,136.2209930419922,132.31700134277344,135.27699279785156,0
2008-10-13,139.33599853515625,139.17999267578125,134.22999572753906,137.10000610351562,0
2008-10-14,138.80499267578125,141.55999755859375,138.56300354003906,139.36000061035156,0
2008-10-15,134.07200622558594,138.85000610351562,133.52999877929688,138.8300018310547,0
2008-10-16,136.6179962158203,137.16700744628906,133.47000122070312,134.03900146484375,0
2008-10-17,136.4199981689453,137.3769989013672,134.83999633789062,136.61700439453125,0
2008-10-20,135.7100067138672,138.3800048828125,134.9600067138672,135.9199981689453,0
2008-10-21,130.94000244140625,136.27999877929688,130.61000061035156,135.75,0
2008-10-22,125.39800262451172,131.24000549316406,124.65299987792969,131.02000427246094,0
2008-10-23,126.16999816894531,127.20500183105469,123.23999786376953,125.4000015258789,0
2008-10-24,119.05000305175781,126.55000305175781,113.7699966430664,126.18599700927734,0
2008-10-27,116.19000244140625,119.29000091552734,113.81500244140625,118.52999877929688,0
2008-10-28,125.80000305175781,127.0770034790039,114.52899932861328,116.26000213623047,0
2008-10-29,126.37000274658203,126.9000015258789,121.41999816894531,125.83000183105469,0
2008-10-30,127.13400268554688,130.90899658203125,125.05699920654297,126.40599822998047,0
2008-10-31,125.01000213623047,127.1500015258789,122.30000305175781,127.1500015258789,0
2008-11-03,124.87999725341797,128.38999938964844,124.60399627685547,125.81999969482422,0
2008-11-04,129.5,130.843994140625,123.44000244140625,124.86000061035156,0
2008-11-05,126.83999633789062,130.0500030517578,126.1500015258789,129.4499969482422,0
2008-11-06,123.44999694824219,127.01499938964844,123.36000061035156,126.83999633789062,0
2008-11-07,124.80999755859375,126.19999694824219,122.45999908447266,123.50299835205078,0
2008-11-10,124.88099670410156,128.3800048828125,124.2300033569336,126.87000274658203,0
2008-11-11,121.72000122070312,125.447998046875,121.30899810791016,124.87999725341797,0
2008-11-12,118.12000274658203,123.76499938964844,117.69999694824219,121.76499938964844,0
2008-11-13,124.73999786376953,125.86000061035156,118.1500015258789,118.1500015258789,0
2008-11-14,122.22000122070312,125.0,121.69999694824219,124.78800201416016,0
2008-11-17,121.87999725341797,123.81999969482422,120.33999633789062,120.53800201416016,0
2008-11-18,122.25700378417969,123.51000213623047,121.0479965209961,121.88999938964844,0
2008-11-19,120.05400085449219,124.0009994506836,119.23500061035156,122.16999816894531,0
2008-11-20,116.95999908447266,120.96600341796875,116.44999694824219,119.99500274658203,0
2008-11-21,120.73999786376953,120.80999755859375,116.77999877929688,116.91000366210938,0
2008-11-24,125.1050033569336,126.13999938964844,119.54000091552734,121.22000122070312,0
2008-11-25,124.33599853515625,125.81999969482422,122.79000091552734,125.11000061035156,0
2008-11-26,123.2699966430664,124.41000366210938,122.06400299072266,124.41000366210938,0
2008-11-27,123.04000091552734,123.62000274658203,122.5199966430664,123.2300033569336,0
2008-11-28,121.23999786376953,123.4000015258789,120.5,123.0199966430664,0
2008-12-01,117.4000015258789,120.98200225830078,117.23999786376953,120.79000091552734,0
2008-12-02,118.37799835205078,119.31999969482422,116.68099975585938,117.2979965209961,0
2008-12-03,118.34200286865234,119.08999633789062,116.9000015258789,118.375,0
2008-12-04,118.08999633789062,119.26000213623047,116.54000091552734,118.29900360107422,0
2008-12-05,118.0199966430664,118.5199966430664,116.05999755859375,118.08999633789062,0
2008-12-08,120.0479965209961,120.81099700927734,118.0790023803711,118.12300109863281,0
2008-12-09,119.33000183105469,120.20999908447266,118.45999908447266,120.05999755859375,0
2008-12-10,120.8270034790039,121.33000183105469,119.30000305175781,119.30000305175781,0
2008-12-11,121.96800231933594,122.69000244140625,120.29000091552734,120.81400299072266,0
2008-12-12,121.58999633789062,122.44999694824219,118.51000213623047,121.98699951171875,0
2008-12-15,123.94999694824219,124.50599670410156,121.7699966430664,121.91999816894531,0
2008-12-16,124.69400024414062,125.43599700927734,122.697998046875,123.9000015258789,0
2008-12-17,125.75700378417969,126.62100219726562,124.19999694824219,124.72000122070312,0
2008-12-18,127.94000244140625,130.05999755859375,125.66000366210938,125.76000213623047,0
2008-12-19,124.30000305175781,128.1580047607422,123.69999694824219,127.86000061035156,0
2008-12-22,125.80999755859375,126.56400299072266,125.05000305175781,125.12000274658203,0
2008-12-23,126.61599731445312,126.96299743652344,125.7770004272461,125.80999755859375,0
2008-12-24,126.66000366210938,126.80999755859375,126.01000213623047,126.62999725341797,0
2008-12-25,126.5999984741211,127.69999694824219,126.33999633789062,126.68000030517578,0
2008-12-26,127.33999633789062,127.69499969482422,126.7300033569336,126.87300109863281,0
2008-12-29,127.20800018310547,129.60000610351562,126.20999908447266,127.80000305175781,0
2008-12-30,127.66000366210938,128.0800018310547,126.40699768066406,127.20999908447266,0
2008-12-31,126.72000122070312,127.72000122070312,125.4000015258789,127.62999725341797,0
2009-01-01,126.91999816894531,128.17999267578125,125.56999969482422,126.87000274658203,0
2009-01-02,127.86000061035156,128.0,126.03299713134766,126.97699737548828,0
2009-01-05,127.11000061035156,128.4600067138672,126.41799926757812,128.4600067138672,0
2009-01-06,126.05899810791016,127.12000274658203,125.19100189208984,127.0999984741211,0
2009-01-07,126.18000030517578,127.55999755859375,125.89900207519531,126.02999877929688,0
2009-01-08,125.16999816894531,126.37999725341797,124.16000366210938,126.22000122070312,0
2009-01-09,121.56999969482422,125.23999786376953,121.16000366210938,125.16000366210938,0
2009-01-12,119.45800018310547,121.125,118.62999725341797,120.94000244140625,0
2009-01-13,117.99500274658203,119.45700073242188,117.11000061035156,119.45700073242188,0
2009-01-14,117.76000213623047,119.63999938964844,116.66000366210938,118.0199966430664,0
2009-01-15,118.37999725341797,118.37000274658203,116.36000061035156,117.7300033569336,0
2009-01-16,120.54000091552734,120.70700073242188,118.24199676513672,118.41999816894531,0
2009-01-19,118.6500015258789,121.97000122070312,118.22799682617188,121.80000305175781,0
2009-01-20,115.70999908447266,118.66999816894531,115.30999755859375,118.64600372314453,0
2009-01-21,115.73600006103516,117.08699798583984,112.37000274658203,115.7490005493164,0
2009-01-22,115.89900207519531,116.56999969482422,114.05000305175781,115.66200256347656,0
2009-01-23,115.05999755859375,115.9219970703125,112.58000183105469,115.91899871826172,0
2009-01-26,117.7239990234375,117.94999694824219,113.98999786376953,114.1760025024414,0
2009-01-27,118.02999877929688,119.41000366210938,116.17500305175781,117.69100189208984,0
2009-01-28,118.96700286865234,119.49800109863281,117.19999694824219,118.12000274658203,0
2009-01-29,116.3499984741211,119.16999816894531,116.04199981689453,118.95700073242188,0
2009-01-30,115.41999816894531,116.35800170898438,114.7249984741211,116.30400085449219,0
2009-02-02,114.46099853515625,115.9219970703125,113.12000274658203,114.38300323486328,0
2009-02-03,116.30000305175781,116.68099975585938,114.4800033569336,114.4800033569336,0
2009-02-04,114.9530029296875,116.96399688720703,114.2300033569336,116.31600189208984,0
2009-02-05,116.55400085449219,118.66000366210938,114.4540023803711,114.95999908447266,0
2009-02-06,118.80000305175781,119.66000366210938,115.87999725341797,116.51000213623047,0
2009-02-09,118.36000061035156,119.91300201416016,117.16699981689453,119.29000091552734,0
2009-02-10,116.70999908447266,119.03600311279297,115.94999694824219,118.41000366210938,0
2009-02-11,116.1500015258789,117.20099639892578,116.01000213623047,116.82599639892578,0
2009-02-12,116.80999755859375,117.1500015258789,114.92900085449219,116.08100128173828,0
2009-02-13,118.18000030517578,118.79000091552734,116.55999755859375,116.83999633789062,0
2009-02-16,117.4000015258789,117.55999755859375,116.62300109863281,116.98999786376953,0
2009-02-17,116.13300323486328,117.37200164794922,115.68000030517578,117.37200164794922,0
2009-02-18,117.6500015258789,117.98999786376953,115.94999694824219,116.19999694824219,0
2009-02-19,118.98400115966797,120.2699966430664,117.36900329589844,117.63099670410156,0
2009-02-20,120.6500015258789,120.6500015258789,117.90799713134766,119.01399993896484,0
2009-02-23,119.56999969482422,121.8740005493164,119.08000183105469,119.51000213623047,0
2009-02-24,124.27999877929688,124.70999908447266,119.37999725341797,119.63400268554688,0
2009-02-25,123.8489990234375,125.11900329589844,123.10600280761719,124.25,0
2009-02-26,125.05999755859375,126.05400085449219,123.81999969482422,123.85099792480469,0
2009-02-27,123.66999816894531,125.06700134277344,122.2509994506836,125.04000091552734,0
2009-03-02,121.95999908447266,123.2699966430664,121.80000305175781,122.447998046875,0
2009-03-03,123.46700286865234,124.14600372314453,121.95800018310547,121.95800018310547,0
2009-03-04,125.08300018310547,125.58399963378906,122.54499816894531,123.36000061035156,0
2009-03-05,123.11399841308594,125.70999908447266,122.75,125.0199966430664,0
2009-03-06,124.1500015258789,124.7300033569336,122.44999694824219,123.0999984741211,0
2009-03-09,124.86000061035156,125.38999938964844,123.99299621582031,124.54000091552734,0
2009-03-10,125.61199951171875,125.97100067138672,124.68599700927734,124.87999725341797,0
2009-03-11,124.51000213623047,125.63099670410156,124.19000244140625,125.5999984741211,0
2009-03-12,125.4800033569336,126.37999725341797,122.16999816894531,124.5199966430664,0
2009-03-13,126.62000274658203,127.55000305175781,125.46700286865234,125.4800033569336,0
2009-03-16,127.41100311279297,128.64999389648438,126.33000183105469,126.39700317382812,0
2009-03-17,128.73300170898438,128.7949981689453,127.37300109863281,127.37300109863281,0
2009-03-18,130.02999877929688,130.06900024414062,128.07000732421875,128.72000122070312,0
2009-03-19,129.0959930419922,130.25999450683594,128.1840057373047,130.0399932861328,0
2009-03-20,130.27999877929688,130.44000244140625,129.05999755859375,129.05999755859375,0
2009-03-23,132.1999969482422,132.5229949951172,130.66200256347656,130.78199768066406,0
2009-03-24,132.58200073242188,134.39100646972656,131.4600067138672,132.1699981689453,0
2009-03-25,132.71600341796875,132.80999755859375,130.88999938964844,132.5399932861328,0
2009-03-26,133.53399658203125,133.85400390625,132.3300018310547,132.74099731445312,0
2009-03-27,130.0500030517578,133.82400512695312,129.72999572753906,133.5,0
2009-03-30,128.43800354003906,130.52099609375,126.5,130.2449951171875,0
2009-03-31,131.11399841308594,131.7760009765625,128.29600524902344,128.43800354003906,0
2009-04-01,130.61399841308594,131.73899841308594,129.88999938964844,131.0800018310547,0
2009-04-02,134.05999755859375,134.2010040283203,130.32000732421875,130.61000061035156,0
2009-04-03,135.27999877929688,135.27999877929688,133.14999389648438,134.0500030517578,0
2009-04-06,135.0800018310547,137.38600158691406,134.44000244140625,135.88999938964844,0
2009-04-07,133.7100067138672,135.16000366210938,132.35000610351562,135.08999633789062,0
2009-04-08,132.14500427246094,133.7209930419922,131.0800018310547,133.72000122070312,0
2009-04-09,132.12600708007812,133.47000122070312,131.92999267578125,132.16000366210938,0
2009-04-10,132.08999633789062,132.32000732421875,131.52000427246094,132.18499755859375,0
2009-04-13,133.6999969482422,133.97300720214844,131.7100067138672,132.27000427246094,0
2009-04-14,131.35899353027344,134.24000549316406,130.8699951171875,133.72999572753906,0
2009-04-15,131.24400329589844,131.76199340820312,129.92999267578125,131.3520050048828,0
2009-04-16,130.9199981689453,131.94900512695312,129.47999572753906,131.25,0
2009-04-17,129.3000030517578,131.3800048828125,128.8300018310547,130.94500732421875,0
2009-04-20,126.76000213623047,129.52000427246094,126.18900299072266,129.52000427246094,0
2009-04-21,127.58000183105469,128.00399780273438,126.11299896240234,126.77999877929688,0
2009-04-22,127.5999984741211,127.96399688720703,126.22000122070312,127.58000183105469,0
2009-04-23,128.67599487304688,128.9499969482422,126.79000091552734,127.625,0
2009-04-24,128.9600067138672,129.22000122070312,127.26000213623047,128.64999389648438,0
2009-04-27,125.66000366210938,128.11000061035156,125.58000183105469,127.89299774169922,0
2009-04-28,126.76699829101562,126.85299682617188,124.41999816894531,125.72000122070312,0
2009-04-29,129.3000030517578,129.97999572753906,126.68000030517578,126.75,0
2009-04-30,130.60000610351562,131.13999938964844,128.9199981689453,129.24000549316406,0
2009-05-01,131.58999633789062,132.30999755859375,130.5800018310547,130.58399963378906,0
2009-05-04,132.5800018310547,132.84500122070312,131.33999633789062,132.05599975585938,0
2009-05-05,131.70799255371094,132.7899932861328,131.5500030517578,132.5919952392578,0
2009-05-06,131.0,132.36700439453125,129.8780059814453,131.7100067138672,0
2009-05-07,132.76199340820312,133.5449981689453,130.7100067138672,131.0500030517578,0
2009-05-08,134.27000427246094,134.36000061035156,132.19000244140625,132.75399780273438,0
2009-05-11,132.49000549316406,134.7169952392578,132.07400512695312,134.39999389648438,0
2009-05-12,131.6269989013672,133.5469970703125,130.77999877929688,132.47999572753906,0
2009-05-13,129.58999633789062,132.3699951171875,129.26100158691406,131.61000061035156,0
2009-05-14,130.92599487304688,131.0800018310547,128.9199981689453,129.61700439453125,0
2009-05-15,128.4199981689453,131.04200744628906,127.96800231933594,130.93899536132812,0
2009-05-18,130.6699981689453,130.7209930419922,126.9800033569336,128.1929931640625,0
2009-05-19,131.00999450683594,131.74000549316406,130.14999389648438,130.66000366210938,0
2009-05-20,130.70700073242188,131.67599487304688,129.78199768066406,131.02000427246094,0
2009-05-21,130.89100646972656,131.35000610351562,129.8459930419922,130.71800231933594,0
2009-05-22,132.67999267578125,132.9669952392578,130.77000427246094,130.8800048828125,0
2009-05-25,132.802001953125,133.40699768066406,132.0800018310547,132.7740020751953,0
2009-05-26,133.01100158691406,133.2689971923828,131.5,132.77999877929688,0
2009-05-27,131.9239959716797,133.49000549316406,131.6999969482422,132.99000549316406,0
2009-05-28,134.80999755859375,135.2689971923828,131.95399475097656,131.95399475097656,0
2009-05-29,135.10000610351562,135.67599487304688,134.27999877929688,134.83700561523438,0
2009-06-01,136.69000244140625,137.20399475097656,133.91000366210938,134.63600158691406,0
2009-06-02,136.75,137.40899658203125,135.77499389648438,136.6909942626953,0
2009-06-03,135.98500061035156,137.9409942626953,135.25999450683594,136.75,0
2009-06-04,137.0030059814453,137.36199951171875,135.67999267578125,135.9739990234375,0
2009-06-05,138.0399932861328,139.22999572753906,136.3489990234375,136.99000549316406,0
2009-06-08,136.8769989013672,137.96600341796875,135.97999572753906,137.66000366210938,0
2009-06-09,137.03500366210938,137.27999877929688,135.7169952392578,136.91000366210938,0
2009-06-10,137.2270050048828,138.2760009765625,136.6699981689453,137.02000427246094,0
2009-06-11,137.7550048828125,137.97000122070312,136.58900451660156,137.2480010986328,0
2009-06-12,137.72000122070312,138.2480010986328,136.91000366210938,137.76499938964844,0
2009-06-15,134.82000732421875,137.72999572753906,134.42999267578125,137.60000610351562,0
2009-06-16,133.4320068359375,135.2830047607422,132.72000122070312,134.8300018310547,0
2009-06-17,133.427001953125,134.60699462890625,132.36900329589844,133.43899536132812,0
2009-06-18,134.36700439453125,134.97500610351562,133.02999877929688,133.42100524902344,0
2009-06-19,134.94000244140625,135.1199951171875,134.07000732421875,134.36000061035156,0
2009-06-22,132.88999938964844,134.00399780273438,132.47999572753906,134.00399780273438,0
2009-06-23,133.88099670410156,134.31900024414062,131.43099975585938,132.8979949951172,0
2009-06-24,133.61399841308594,134.947998046875,132.98199462890625,133.88999938964844,0
2009-06-25,134.2100067138672,134.7740020751953,133.31500244140625,133.58999633789062,0
2009-06-26,133.80999755859375,134.9080047607422,133.6999969482422,134.1580047607422,0
2009-06-29,135.35000610351562,135.4499969482422,133.3800048828125,134.09100341796875,0
2009-06-30,135.2100067138672,135.91099548339844,134.44000244140625,135.3769989013672,0
2009-07-01,136.593994140625,136.86900329589844,135.05299377441406,135.22000122070312,0
2009-07-02,133.93699645996094,136.63699340820312,133.64199829101562,136.5800018310547,0
2009-07-03,134.1999969482422,134.7949981689453,133.57000732421875,133.9199981689453,0
2009-07-06,133.0030059814453,133.9600067138672,131.73500061035156,133.91799926757812,0
2009-07-07,131.87100219726562,133.91099548339844,131.77000427246094,133.0070037841797,0
2009-07-08,128.75999450683594,131.87399291992188,127.13800048828125,131.87399291992188,0
2009-07-09,130.47999572753906,130.83799743652344,128.10000610351562,128.76800537109375,0
2009-07-10,128.99000549316406,130.56399536132812,127.86000061035156,130.4810028076172,0
2009-07-13,130.11000061035156,130.3459930419922,128.0500030517578,129.05999755859375,0
2009-07-14,130.52699279785156,130.91000366210938,129.36000061035156,130.05999755859375,0
2009-07-15,132.8209991455078,133.38400268554688,130.47999572753906,130.51199340820312,0
2009-07-16,132.60000610351562,133.06700134277344,131.64999389648438,132.7899932861328,0
2009-07-17,132.85000610351562,133.44500732421875,131.6999969482422,132.58299255371094,0
2009-07-20,133.78700256347656,133.99000549316406,133.75999450683594,133.8769989013672,0
2009-07-21,132.8000030517578,133.24099731445312,132.8000030517578,133.1959991455078,0
2009-07-22,132.9029998779297,132.9739990234375,132.83299255371094,132.94000244140625,0
2009-07-23,134.4499969482422,134.7100067138672,134.4499969482422,134.7100067138672,0
2009-07-24,134.74000549316406,134.74000549316406,134.74000549316406,134.74000549316406,0
2009-07-27,135.56700134277344,135.6300048828125,135.47999572753906,135.5679931640625,0
2009-07-28,133.5500030517578,133.8000030517578,133.42999267578125,133.6320037841797,0
2009-07-29,133.25999450683594,133.44000244140625,133.20599365234375,133.25,0
2009-07-30,134.60000610351562,134.66200256347656,134.3090057373047,134.4199981689453,0
2009-07-31,134.94000244140625,134.94000244140625,134.94000244140625,134.94000244140625,0
2009-08-03,137.12399291992188,137.3209991455078,137.1230010986328,137.2779998779297,0
2009-08-04,137.38800048828125,137.5070037841797,137.14199829101562,137.14199829101562,0
2009-08-05,136.58999633789062,136.89999389648438,136.5850067138672,136.8730010986328,0
2009-08-06,137.18899536132812,137.2779998779297,137.00399780273438,137.08700561523438,0
2009-08-07,138.1699981689453,138.1699981689453,138.1699981689453,138.1699981689453,0
2009-08-10,137.05999755859375,137.1439971923828,136.875,137.1300048828125,0
2009-08-11,135.72000122070312,135.97300720214844,135.72000122070312,135.9010009765625,0
2009-08-12,136.75,136.81300354003906,136.48800659179688,136.60000610351562,0
2009-08-13,135.97999572753906,136.22999572753906,135.97999572753906,136.16000366210938,0
2009-08-14,134.77000427246094,134.77000427246094,134.77000427246094,134.77000427246094,0
2009-08-17,133.16000366210938,133.1699981689453,132.86000061035156,132.89999389648438,0
2009-08-18,134.3699951171875,134.42999267578125,133.9199981689453,133.9600067138672,0
2009-08-19,134.10699462890625,134.16000366210938,133.7469940185547,133.81100463867188,0
2009-08-20,134.3699951171875,134.4459991455078,134.1999969482422,134.1999969482422,0
2009-08-21,135.19000244140625,135.19000244140625,135.19000244140625,135.19000244140625,0
2009-08-24,134.9080047607422,134.99600219726562,134.77999877929688,134.9600067138672,0
2009-08-25,134.11900329589844,134.7100067138672,134.10000610351562,134.69000244140625,0
2009-08-26,133.9199981689453,134.27000427246094,133.89999389648438,134.27000427246094,0
2009-08-27,134.5469970703125,134.6739959716797,134.1929931640625,134.23500061035156,0
2009-08-28,134.3800048828125,134.3800048828125,133.83999633789062,133.83999633789062,0
2009-08-31,133.22999572753906,133.44000244140625,133.17799377441406,133.25999450683594,0
2009-09-01,131.7169952392578,131.99200439453125,131.50999450683594,131.91700744628906,0
2009-09-02,131.6300048828125,131.7100067138672,131.4600067138672,131.4600067138672,0
2009-09-03,132.13999938964844,132.22999572753906,132.10000610351562,132.1699981689453,0
2009-09-04,132.92999267578125,132.92999267578125,132.92999267578125,132.92999267578125,0
2009-09-07,133.16000366210938,133.3699951171875,133.16000366210938,133.3000030517578,0
2009-09-08,133.8699951171875,133.94000244140625,133.78799438476562,133.78799438476562,0
2009-09-09,134.0399932861328,134.11000061035156,133.9499969482422,134.0,0
2009-09-10,133.66000366210938,133.77000427246094,133.5800018310547,133.77000427246094,0
2009-09-11,132.0800018310547,132.0800018310547,132.0800018310547,132.0800018310547,0
2009-09-14,133.02000427246094,133.0570068359375,132.77999877929688,132.91400146484375,0
2009-09-15,133.3300018310547,133.42999267578125,133.2480010986328,133.41900634765625,0
2009-09-16,133.89700317382812,133.9499969482422,133.57000732421875,133.60000610351562,0
2009-09-17,134.36199951171875,134.4199981689453,134.25999450683594,134.39599609375,0
2009-09-18,134.2899932861328,134.2899932861328,134.2899932861328,134.2899932861328,0
2009-09-21,135.1300048828125,135.19000244140625,135.05999755859375,135.11000061035156,0
2009-09-22,134.33999633789062,134.85000610351562,134.11000061035156,134.8000030517578,0
2009-09-23,134.49400329589844,134.64999389648438,134.4600067138672,134.60000610351562,0
2009-09-24,133.02000427246094,133.8300018310547,132.80999755859375,133.8070068359375,0
2009-09-25,131.8800048828125,131.8800048828125,131.8800048828125,131.8800048828125,0
2009-09-28,131.41200256347656,131.46499633789062,131.11900329589844,131.13800048828125,0
2009-09-29,131.6699981689453,131.6699981689453,131.35000610351562,131.41799926757812,0
2009-09-30,131.72000122070312,131.77000427246094,131.50399780273438,131.50399780273438,0
2009-10-01,129.97000122070312,130.21200561523438,129.8300018310547,130.125,0
2009-10-02,130.74000549316406,130.74000549316406,130.6300048828125,130.6300048828125,0
2009-10-05,131.37100219726562,131.39999389648438,131.10000610351562,131.10000610351562,0
2009-10-06,130.7100067138672,130.77999877929688,130.52000427246094,130.5800018310547,0
2009-10-07,130.22999572753906,130.30999755859375,130.18299865722656,130.25999450683594,0
2009-10-08,131.14999389648438,131.14999389648438,130.77999877929688,130.77999877929688,0
2009-10-09,132.24000549316406,132.24000549316406,132.24000549316406,132.24000549316406,0
2009-10-12,132.71099853515625,132.73599243164062,132.58999633789062,132.63999938964844,0
2009-10-13,133.33999633789062,133.47000122070312,133.22000122070312,133.22000122070312,0
2009-10-14,133.48300170898438,133.58999633789062,133.4600067138672,133.49000549316406,0
2009-10-15,135.8470001220703,136.0,135.3699951171875,135.44000244140625,0
2009-10-16,135.49000549316406,135.49000549316406,135.49000549316406,135.49000549316406,0
2009-10-19,135.8209991455078,135.8260040283203,135.58999633789062,135.6300048828125,0
2009-10-20,135.58999633789062,135.73300170898438,135.3699951171875,135.4199981689453,0
2009-10-21,136.38999938964844,136.60000610351562,136.27999877929688,136.47999572753906,0
2009-10-22,137.4199981689453,137.4600067138672,137.28599548339844,137.28599548339844,0
2009-10-23,138.13999938964844,138.13999938964844,138.13999938964844,138.13999938964844,0
2009-10-26,137.00999450683594,138.46200561523438,136.82000732421875,138.0800018310547,0
2009-10-27,135.77000427246094,137.33999633789062,135.65499877929688,137.00999450683594,0
2009-10-28,133.33799743652344,135.89999389648438,133.26300048828125,135.86599731445312,0
2009-10-29,135.77999877929688,135.97000122070312,132.8090057373047,133.36599731445312,0
2009-10-30,132.69000244140625,135.7740020751953,132.30999755859375,135.75,0
2009-11-02,133.53900146484375,134.42999267578125,131.99600219726562,131.99600219726562,0
2009-11-03,133.13999938964844,133.94200134277344,131.72999572753906,133.531005859375,0
2009-11-04,134.83900451660156,135.6999969482422,132.52999877929688,133.1199951171875,0
2009-11-05,135.0500030517578,135.08900451660156,133.43299865722656,134.72000122070312,0
2009-11-06,133.39999389648438,135.00999450683594,133.2100067138672,135.00999450683594,0
2009-11-09,134.80499267578125,135.0590057373047,133.3699951171875,133.55999755859375,0
2009-11-10,134.5,135.35299682617188,134.13699340820312,134.8000030517578,0
2009-11-11,134.72000122070312,135.3249969482422,133.7899932861328,134.38800048828125,0
2009-11-12,134.10000610351562,134.98199462890625,133.9199981689453,134.67999267578125,0
2009-11-13,133.6199951171875,134.43099975585938,132.89999389648438,134.11000061035156,0
2009-11-16,133.3699951171875,134.30999755859375,133.1699981689453,134.0800018310547,0
2009-11-17,132.74000549316406,133.5570068359375,132.44000244140625,133.38999938964844,0
2009-11-18,133.66700744628906,133.97999572753906,132.5800018310547,132.79299926757812,0
2009-11-19,132.58900451660156,133.7100067138672,131.77000427246094,133.67100524902344,0
2009-11-20,132.0399932861328,132.92999267578125,131.77999877929688,132.58700561523438,0
2009-11-23,132.98500061035156,133.58599853515625,132.19000244140625,132.1999969482422,0
2009-11-24,132.5919952392578,132.97999572753906,132.00999450683594,132.92999267578125,0
2009-11-25,132.13400268554688,132.6739959716797,131.51600646972656,132.6009979248047,0
2009-11-26,127.47000122070312,132.197998046875,126.90399932861328,132.0919952392578,0
2009-11-27,129.63999938964844,130.14599609375,127.39700317382812,127.39700317382812,0
2009-11-30,129.6999969482422,130.77699279785156,128.9929962158203,129.9199981689453,0
2009-12-01,130.75999450683594,131.25,129.56700134277344,129.74000549316406,0
2009-12-02,131.94400024414062,131.9949951171875,130.61000061035156,130.76800537109375,0
2009-12-03,132.9499969482422,133.53599548339844,132.02200317382812,132.02999877929688,0
2009-12-04,134.47000122070312,134.53599548339844,132.47999572753906,132.9510040283203,0
2009-12-07,132.52999877929688,134.2100067138672,132.38900756835938,133.97000122070312,0
2009-12-08,129.8699951171875,132.63699340820312,129.64999389648438,132.5399932861328,0
2009-12-09,129.8300018310547,130.43099975585938,128.82000732421875,129.91400146484375,0
2009-12-10,129.96800231933594,130.32200622558594,129.0500030517578,129.7689971923828,0
2009-12-11,130.19000244140625,131.5469970703125,130.01400756835938,130.0240020751953,0
2009-12-14,129.99000549316406,130.61099243164062,129.2100067138672,130.5399932861328,0
2009-12-15,130.16000366210938,130.71200561523438,129.52999877929688,129.9600067138672,0
2009-12-16,130.5,130.73300170898438,129.9499969482422,130.11000061035156,0
2009-12-17,128.61099243164062,130.64999389648438,128.27999877929688,130.50999450683594,0
2009-12-18,129.7100067138672,129.97999572753906,127.4000015258789,128.64999389648438,0
2009-12-21,130.07000732421875,130.37100219726562,129.26499938964844,129.61000061035156,0
2009-12-22,130.85299682617188,131.0500030517578,129.96200561523438,130.10000610351562,0
2009-12-23,131.3679962158203,131.4669952392578,130.5500030517578,130.8679962158203,0
2009-12-24,131.49099731445312,131.83999633789062,130.927001953125,131.33399963378906,0
2009-12-25,131.17999267578125,131.75,131.14999389648438,131.47999572753906,0
2009-12-28,131.7899932861328,131.9199981689453,131.4199981689453,131.48300170898438,0
2009-12-29,131.91099548339844,132.5679931640625,131.64999389648438,131.81199645996094,0
2009-12-30,132.5399932861328,132.77000427246094,131.77999877929688,131.93800354003906,0
2009-12-31,133.14999389648438,133.58999633789062,132.5500030517578,132.5500030517578,0
2010-01-01,133.7100067138672,134.0500030517578,133.0,133.14999389648438,0
2010-01-04,133.38999938964844,133.75,132.38999938964844,132.72999572753906,0
2010-01-05,131.52999877929688,133.43099975585938,131.46499633789062,133.39999389648438,0
2010-01-06,133.01300048828125,133.4600067138672,131.28700256347656,131.52000427246094,0
2010-01-07,133.7480010986328,134.10499572753906,132.38999938964844,132.99000549316406,0
2010-01-08,133.49000549316406,133.97000122070312,132.60400390625,133.7949981689453,0
2010-01-11,133.6199951171875,134.35000610351562,133.47999572753906,133.57000732421875,0
2010-01-12,131.83999633789062,133.7899932861328,131.64999389648438,133.6009979248047,0
2010-01-13,132.74000549316406,133.177001953125,131.5290069580078,131.85400390625,0
2010-01-14,132.3300018310547,133.60699462890625,131.74000549316406,132.69000244140625,0
2010-01-15,130.57000732421875,132.37100219726562,130.2899932861328,132.3249969482422,0
2010-01-18,130.64999389648438,130.9199981689453,130.09800720214844,130.52999877929688,0
2010-01-19,130.22000122070312,130.69400024414062,129.63999938964844,130.63600158691406,0
2010-01-20,128.6699981689453,130.3000030517578,128.41000366210938,130.22000122070312,0
2010-01-21,127.45999908447266,129.42999267578125,126.55000305175781,128.7100067138672,0
2010-01-22,127.02999877929688,128.1540069580078,126.77999877929688,127.38999938964844,0
2010-01-25,127.91999816894531,128.11700439453125,127.06999969482422,127.37999725341797,0
2010-01-26,126.19999694824219,128.3419952392578,125.69000244140625,127.87999725341797,0
2010-01-27,126.20800018310547,126.32499694824219,125.23600006103516,126.1760025024414,0
2010-01-28,125.38700103759766,127.04000091552734,125.12799835205078,126.19599914550781,0
2010-01-29,125.16000366210938,126.68000030517578,124.81400299072266,125.38999938964844,0
2010-02-01,126.37300109863281,126.4800033569336,124.75,125.2300033569336,0
2010-02-02,126.3499984741211,126.6500015258789,125.83100128173828,126.32499694824219,0
2010-02-03,126.24700164794922,126.93000030517578,125.9800033569336,126.38700103759766,0
2010-02-04,122.87000274658203,126.36599731445312,121.91000366210938,126.2699966430664,0
2010-02-05,121.97000122070312,123.19999694824219,120.68099975585938,122.80000305175781,0
2010-02-08,121.81099700927734,122.76599884033203,121.56400299072266,121.78199768066406,0
2010-02-09,123.70999908447266,124.125,121.77799987792969,121.83000183105469,0
2010-02-10,123.63099670410156,124.24299621582031,122.6969985961914,123.73899841308594,0
2010-02-11,122.88200378417969,124.11799621582031,122.05000305175781,123.61000061035156,0
2010-02-12,122.62999725341797,123.06999969482422,121.45600128173828,122.91400146484375,0
2010-02-15,122.46399688720703,122.87000274658203,122.24700164794922,122.71399688720703,0
2010-02-16,124.22200012207031,124.44400024414062,122.30000305175781,122.41999816894531,0
2010-02-17,123.88800048828125,124.81700134277344,123.37000274658203,124.19999694824219,0
2010-02-18,123.83000183105469,124.43900299072266,122.7699966430664,123.93299865722656,0
2010-02-19,124.62000274658203,124.77300262451172,123.55699920654297,123.80999755859375,0
2010-02-22,124.125,125.22100067138672,123.64800262451172,124.87000274658203,0
2010-02-23,121.95099639892578,124.51000213623047,121.5530014038086,124.14099884033203,0
2010-02-24,122.26200103759766,122.58899688720703,121.68000030517578,121.94000244140625,0
2010-02-25,120.85800170898438,122.27799987792969,119.66000366210938,122.26799774169922,0
2010-02-26,121.22000122070312,121.60900115966797,120.5530014038086,120.83000183105469,0
2010-03-01,120.87100219726562,121.87999725341797,120.13999938964844,121.2040023803711,0
2010-03-02,120.88300323486328,121.2770004272461,119.79000091552734,120.93000030517578,0
2010-03-03,121.33200073242188,121.67900085449219,120.6500015258789,120.85700225830078,0
2010-03-04,121.08999633789062,121.73999786376953,120.30999755859375,121.35199737548828,0
2010-03-05,123.0199966430664,123.30000305175781,121.09200286865234,121.0999984741211,0
2010-03-08,122.94000244140625,123.87000274658203,122.81999969482422,123.57599639892578,0
2010-03-09,122.43000030517578,122.97000122070312,121.51000213623047,122.97000122070312,0
2010-03-10,123.44000244140625,123.98999786376953,121.8499984741211,122.48899841308594,0
2010-03-11,124.04000091552734,124.12000274658203,123.0,123.4520034790039,0
2010-03-12,124.6500015258789,125.16100311279297,123.66799926757812,124.03500366210938,0
2010-03-15,123.5199966430664,124.94400024414062,123.33799743652344,124.9219970703125,0
2010-03-16,124.3239974975586,124.56999969482422,123.22000122070312,123.52300262451172,0
2010-03-17,124.18499755859375,125.04000091552734,123.91000366210938,124.31999969482422,0
2010-03-18,123.16000366210938,124.19999694824219,122.75599670410156,124.13999938964844,0
2010-03-19,122.5199966430664,123.31999969482422,122.2300033569336,123.1510009765625,0
2010-03-22,122.55000305175781,122.59200286865234,121.0739974975586,122.1989974975586,0
2010-03-23,121.68000030517578,122.55999755859375,121.66200256347656,122.54399871826172,0
2010-03-24,122.6500015258789,123.00900268554688,121.41999816894531,121.71800231933594,0
2010-03-25,123.07599639892578,123.86399841308594,122.2699966430664,122.66000366210938,0
2010-03-26,124.04000091552734,124.16000366210938,123.0,123.08499908447266,0
2010-03-29,124.65499877929688,125.052001953125,124.08999633789062,124.28199768066406,0
2010-03-30,124.58100128173828,125.41999816894531,124.16000366210938,124.6500015258789,0
2010-03-31,126.33999633789062,126.54000091552734,124.45600128173828,124.5780029296875,0
2010-04-01,127.45999908447266,127.54399871826172,125.94999694824219,126.41999816894531,0
2010-04-02,127.70999908447266,127.81900024414062,127.13999938964844,127.47899627685547,0
2010-04-05,127.23400115966797,127.8030014038086,126.92500305175781,127.62000274658203,0
2010-04-06,125.65799713134766,127.33699798583984,125.3499984741211,127.26000213623047,0
2010-04-07,124.5199966430664,126.12999725341797,124.33999633789062,125.67500305175781,0
2010-04-08,124.8010025024414,124.83000183105469,123.43699645996094,124.45700073242188,0
2010-04-09,125.76000213623047,125.79000091552734,124.77999877929688,124.81300354003906,0
2010-04-12,126.68000030517578,127.41699981689453,126.5739974975586,126.96299743652344,0
2010-04-13,126.80400085449219,126.99800109863281,125.69000244140625,126.65899658203125,0
2010-04-14,127.41999816894531,127.65299987792969,126.83999633789062,126.87100219726562,0
2010-04-15,126.2699966430664,127.63899993896484,125.81999969482422,127.42400360107422,0
2010-04-16,124.43000030517578,126.3290023803711,123.87000274658203,126.2699966430664,0
2010-04-19,124.72000122070312,124.7760009765625,123.15499877929688,123.98999786376953,0
2010-04-20,125.15899658203125,125.58999633789062,124.48999786376953,124.68399810791016,0
2010-04-21,124.58000183105469,125.5009994506836,124.3010025024414,125.14299774169922,0
2010-04-22,123.9229965209961,125.0989990234375,123.31800079345703,124.58599853515625,0
2010-04-23,125.7300033569336,126.04000091552734,123.4000015258789,123.93000030517578,0
2010-04-26,125.80899810791016,126.24800109863281,125.04000091552734,125.69999694824219,0
2010-04-27,122.68000030517578,125.93599700927734,122.36000061035156,125.83999633789062,0
2010-04-28,124.16000366210938,124.85700225830078,122.47000122070312,122.70999908447266,0
2010-04-29,124.68699645996094,124.86299896240234,123.74099731445312,124.2040023803711,0
2010-04-30,124.75,125.94000244140625,124.38400268554688,124.69000244140625,0
2010-05-03,124.97000122070312,125.39399719238281,123.98200225830078,125.2300033569336,0
2010-05-04,122.7699966430664,125.43900299072266,122.62000274658203,124.96199798583984,0
2010-05-05,120.15399932861328,123.36000061035156,119.947998046875,122.77999877929688,0
2010-05-06,114.71299743652344,120.68099975585938,110.6500015258789,120.16000366210938,0
2010-05-07,116.80999755859375,118.43699645996094,114.3550033569336,114.71700286865234,0
2010-05-10,119.08300018310547,122.25,118.12000274658203,118.62699890136719,0
2010-05-11,116.78299713134766,119.30599975585938,116.66999816894531,119.08699798583984,0
2010-05-12,117.7229995727539,118.36699676513672,116.58000183105469,116.94000244140625,0
2010-05-13,116.3270034790039,118.68000030517578,115.93299865722656,117.69000244140625,0
2010-05-14,114.2300033569336,116.88999938964844,113.56500244140625,116.3280029296875,0
2010-05-17,114.68000030517578,114.8270034790039,112.5479965209961,114.21600341796875,0
2010-05-18,111.91000366210938,115.44200134277344,111.83999633789062,114.66000366210938,0
2010-05-19,113.43199920654297,114.11000061035156,110.875,111.98300170898438,0
2010-05-20,111.62799835205078,113.70899963378906,109.55999755859375,113.41300201416016,0
2010-05-21,113.18000030517578,114.3270034790039,111.55000305175781,111.55999755859375,0
2010-05-24,111.35600280761719,113.23999786376953,111.0770034790039,112.95999908447266,0
2010-05-25,111.51300048828125,111.96099853515625,108.84400177001953,111.40899658203125,0
2010-05-26,109.4800033569336,111.7959976196289,109.19499969482422,111.5009994506836,0
2010-05-27,112.16999816894531,112.7239990234375,109.41999816894531,109.52799987792969,0
2010-05-28,111.7300033569336,113.61799621582031,111.39099884033203,112.16000366210938,0
2010-05-31,112.05000305175781,112.91300201416016,111.5790023803711,111.6500015258789,0
2010-06-01,111.43000030517578,112.68699645996094,109.76799774169922,112.0270004272461,0
2010-06-02,112.81999969482422,113.03600311279297,111.08000183105469,111.45999908447266,0
2010-06-03,112.69100189208984,114.12200164794922,112.12999725341797,112.8280029296875,0
2010-06-04,109.95999908447266,113.36100006103516,109.39800262451172,112.66000366210938,0
2010-06-07,109.10299682617188,110.27899932861328,108.08899688720703,109.26200103759766,0
2010-06-08,109.40599822998047,110.0199966430664,108.33699798583984,109.09100341796875,0
2010-06-09,109.52999877929688,110.5790023803711,108.83999633789062,109.43900299072266,0
2010-06-10,110.58000183105469,110.83000183105469,108.95999908447266,109.48200225830078,0
2010-06-11,110.97000122070312,111.36100006103516,110.31999969482422,110.54299926757812,0
2010-06-14,111.92900085449219,112.84500122070312,111.3479995727539,111.3479995727539,0
2010-06-15,112.6969985961914,113.03700256347656,110.85600280761719,111.9260025024414,0
2010-06-16,112.50800323486328,113.31300354003906,111.71600341796875,112.66999816894531,0
2010-06-17,112.4800033569336,113.16799926757812,111.66000366210938,112.53800201416016,0
2010-06-18,112.3499984741211,112.78299713134766,111.90699768066406,112.51000213623047,0
2010-06-21,112.04000091552734,113.35600280761719,111.83999633789062,112.19100189208984,0
2010-06-22,111.11000061035156,112.4219970703125,110.86000061035156,112.09300231933594,0
2010-06-23,110.75,111.33000183105469,109.9020004272461,111.12000274658203,0
2010-06-24,110.56999969482422,110.98300170898438,109.52999877929688,110.76000213623047,0
2010-06-25,110.36000061035156,110.87899780273438,109.59600067138672,110.50900268554688,0
2010-06-28,109.61900329589844,110.78399658203125,109.58300018310547,110.62000274658203,0
2010-06-29,108.0199966430664,109.83599853515625,107.31500244140625,109.61000061035156,0
2010-06-30,108.12000274658203,109.10299682617188,107.66999816894531,108.04000091552734,0
2010-07-01,109.54000091552734,108.302001953125,107.75900268554688,108.13999938964844,0
2010-07-02,110.26000213623047,110.68000030517578,109.5199966430664,109.58000183105469,0
2010-07-05,109.81900024414062,110.40699768066406,109.70999908447266,110.1780014038086,0
2010-07-06,110.44100189208984,110.81099700927734,109.1500015258789,109.87799835205078,0
2010-07-07,110.74400329589844,110.93000030517578,109.32499694824219,110.40299987792969,0
2010-07-08,112.23600006103516,112.4800033569336,110.73699951171875,110.75199890136719,0
2010-07-09,111.95999908447266,112.6500015258789,111.53099822998047,112.19000244140625,0
2010-07-12,111.60099792480469,112.36100006103516,111.13300323486328,112.10099792480469,0
2010-07-13,112.94599914550781,112.9739990234375,110.71700286865234,111.58000183105469,0
2010-07-14,112.4800033569336,113.26200103759766,112.0510025024414,112.97899627685547,0
2010-07-15,112.94000244140625,113.33399963378906,111.81099700927734,112.47899627685547,0
2010-07-16,111.91000366210938,113.30000305175781,111.5999984741211,112.88800048828125,0
2010-07-19,112.24199676513672,113.01699829101562,111.41000366210938,111.61599731445312,0
2010-07-20,112.45999908447266,113.25800323486328,111.4800033569336,112.25900268554688,0
2010-07-21,110.88999938964844,112.83000183105469,110.77799987792969,112.49199676513672,0
2010-07-22,112.38999938964844,112.62999725341797,110.05999755859375,110.96900177001953,0
2010-07-23,112.88999938964844,112.98100280761719,111.6500015258789,112.44999694824219,0
2010-07-26,113.06600189208984,113.4469985961914,112.21700286865234,112.7750015258789,0
2010-07-27,114.06400299072266,114.4010009765625,112.77100372314453,113.06300354003906,0
2010-07-28,113.61000061035156,114.7300033569336,113.21800231933594,113.06300354003906,0
2010-07-29,113.38200378417969,114.18000030517578,113.19499969482422,113.64399719238281,0
2010-07-30,112.68000030517578,113.41999816894531,112.0199966430664,113.33000183105469,0
2010-08-02,114.06400299072266,114.13099670410156,112.76000213623047,112.77999877929688,0
2010-08-03,113.43000030517578,114.12999725341797,113.13099670410156,114.05799865722656,0
2010-08-04,113.43599700927734,113.56700134277344,112.6989974975586,113.41999816894531,0
2010-08-05,113.52300262451172,113.87999725341797,112.75800323486328,113.54100036621094,0
2010-08-06,113.12000274658203,113.6709976196289,112.62999725341797,113.12000274658203,0
2010-08-09,113.37999725341797,113.89099884033203,113.32499694824219,113.37999725341797,0
2010-08-10,113.62999725341797,113.69599914550781,112.27899932861328,113.63999938964844,0
2010-08-11,112.53600311279297,112.55599975585938,109.75,112.5199966430664,0
2010-08-12,109.37999725341797,110.8499984741211,109.23999786376953,109.4260025024414,0
2010-08-13,110.39299774169922,111.07599639892578,109.55699920654297,110.40899658203125,0
2010-08-16,109.98999786376953,110.23500061035156,109.2300033569336,109.99099731445312,0
2010-08-17,109.28299713134766,110.3740005493164,109.05599975585938,109.30000305175781,0
2010-08-18,110.2229995727539,110.31700134277344,109.55999755859375,110.19999694824219,0
2010-08-19,109.81900024414062,110.09500122070312,109.25499725341797,109.8499984741211,0
2010-08-20,109.2959976196289,109.59700012207031,108.23999786376953,109.29299926757812,0
2010-08-23,108.7300033569336,108.81999969482422,107.7300033569336,108.7300033569336,0
2010-08-24,107.56999969482422,107.66600036621094,105.427001953125,107.61699676513672,0
2010-08-25,106.33999633789062,107.60600280761719,106.28900146484375,106.36000061035156,0
2010-08-26,107.22000122070312,107.98799896240234,107.09300231933594,107.19999694824219,0
2010-08-27,107.18299865722656,108.697998046875,107.0,107.18000030517578,0
2010-08-30,109.04100036621094,109.52999877929688,107.26699829101562,109.04000091552734,0
2010-08-31,107.06099700927734,107.72000122070312,106.16799926757812,107.05999755859375,0
2010-09-01,106.75,108.5510025024414,106.56300354003906,106.72699737548828,0
2010-09-02,108.06300354003906,108.24299621582031,107.44000244140625,108.052001953125,0
2010-09-03,108.05999755859375,109.5250015258789,107.91000366210938,108.0770034790039,0
2010-09-06,108.86000061035156,108.91600036621094,108.26799774169922,108.83999633789062,0
2010-09-07,108.23400115966797,108.25,106.3479995727539,108.23999786376953,0
2010-09-08,106.14700317382812,107.0979995727539,105.8030014038086,106.1500015258789,0
2010-09-09,106.87999725341797,106.9280014038086,105.95700073242188,106.87799835205078,0
2010-09-10,106.5,107.35299682617188,106.25800323486328,106.50800323486328,0
2010-09-13,107.21099853515625,107.9000015258789,107.13600158691406,107.22100067138672,0
2010-09-14,107.70999908447266,108.05999755859375,106.7699966430664,107.71700286865234,0
2010-09-15,107.88899993896484,111.58000183105469,107.73699951171875,107.89199829101562,0
2010-09-16,111.51599884033203,112.35600280761719,110.63999938964844,111.53399658203125,0
2010-09-17,112.25,112.95899963378906,111.6240005493164,112.23100280761719,0
2010-09-20,111.79000091552734,112.34700012207031,111.67500305175781,111.76000213623047,0
2010-09-21,111.9800033569336,112.55000305175781,111.44000244140625,111.99700164794922,0
2010-09-22,112.80000305175781,113.51599884033203,112.54499816894531,112.80599975585938,0
2010-09-23,113.12999725341797,113.38999938964844,112.20999908447266,113.12999725341797,0
2010-09-24,112.54299926757812,113.71600341796875,112.31700134277344,112.54000091552734,0
2010-09-27,113.62799835205078,113.73999786376953,113.09300231933594,113.6500015258789,0
2010-09-28,113.2300033569336,113.85900115966797,112.66799926757812,113.22000122070312,0
2010-09-29,113.83699798583984,114.16200256347656,113.49800109863281,113.81999969482422,0
2010-09-30,114.1500015258789,114.20800018310547,112.94999694824219,114.1240005493164,0
2010-10-01,113.81099700927734,114.6500015258789,113.75,113.8219985961914,0
2010-10-04,114.80999755859375,115.26399993896484,113.7490005493164,114.81900024414062,0
2010-10-05,114.20600128173828,115.11299896240234,113.87799835205078,114.2020034790039,0
2010-10-06,115.11799621582031,115.36699676513672,114.68000030517578,115.12000274658203,0
2010-10-07,115.5,115.6500015258789,114.4800033569336,115.50299835205078,0
2010-10-08,114.7030029296875,114.91600036621094,113.7300033569336,114.69999694824219,0
2010-10-11,114.34600067138672,114.71900177001953,113.90599822998047,114.35700225830078,0
2010-10-12,113.92500305175781,114.12999725341797,112.89399719238281,113.93000030517578,0
2010-10-13,113.80999755859375,114.6510009765625,113.7959976196289,113.81999969482422,0
2010-10-14,114.2300033569336,114.75,113.9800033569336,114.25,0
2010-10-15,114.65299987792969,114.66899871826172,113.73899841308594,114.6500015258789,0
2010-10-18,113.62000274658203,113.6520004272461,112.39099884033203,113.62000274658203,0
2010-10-19,113.1500015258789,113.63999938964844,112.66799926757812,113.1760025024414,0
2010-10-20,112.0270004272461,113.33599853515625,111.55999755859375,112.03099822998047,0
2010-10-21,113.16000366210938,113.87999725341797,112.80000305175781,113.16300201416016,0
2010-10-22,113.14399719238281,113.47699737548828,112.64800262451172,113.14299774169922,0
2010-10-25,113.33799743652344,113.77200317382812,112.5199966430664,113.33999633789062,0
2010-10-26,112.62999725341797,113.25299835205078,112.43699645996094,112.58799743652344,0
2010-10-27,112.69599914550781,113.16200256347656,112.23999786376953,112.69200134277344,0
2010-10-28,112.5250015258789,112.86299896240234,112.20999908447266,112.49600219726562,0
2010-10-29,112.5250015258789,112.95600128173828,111.53500366210938,112.49600219726562,0
2010-11-01,112.35199737548828,113.06999969482422,111.83799743652344,112.35199737548828,0
2010-11-02,112.05999755859375,113.43800354003906,111.93900299072266,112.06099700927734,0
2010-11-03,113.19000244140625,114.23999786376953,112.80999755859375,113.16699981689453,0
2010-11-04,114.4990005493164,115.37999725341797,114.02999877929688,114.5199966430664,0
2010-11-05,114.94000244140625,115.02999877929688,113.87999725341797,114.94000244140625,0
2010-11-08,114.21199798583984,114.26000213623047,112.63999938964844,114.25499725341797,0
2010-11-09,112.41000366210938,112.6500015258789,111.72000122070312,112.41699981689453,0
2010-11-10,112.31999969482422,113.76000213623047,112.22699737548828,112.33999633789062,0
2010-11-11,113.24199676513672,113.51599884033203,112.58100128173828,113.19000244140625,0
2010-11-12,112.25,113.375,111.08499908447266,112.22000122070312,0
2010-11-15,112.91000366210938,113.60299682617188,112.6500015258789,112.93699645996094,0
2010-11-16,112.86000061035156,113.37999725341797,112.76499938964844,112.87200164794922,0
2010-11-17,112.51100158691406,112.76000213623047,112.30999755859375,112.4800033569336,0
2010-11-18,112.65799713134766,113.80500030517578,112.63899993896484,112.66999816894531,0
2010-11-19,114.0739974975586,114.3010025024414,113.53800201416016,114.09300231933594,0
2010-11-22,114.71800231933594,114.93000030517578,113.5999984741211,114.71700286865234,0
2010-11-23,113.30999755859375,113.64399719238281,111.01000213623047,113.31199645996094,0
2010-11-24,111.45899963378906,111.76000213623047,110.33999633789062,111.47699737548828,0
2010-11-25,111.56600189208984,111.77300262451172,111.00199890136719,111.55999755859375,0
2010-11-26,111.5780029296875,111.8010025024414,110.56999969482422,111.61000061035156,0
2010-11-29,111.41200256347656,111.61900329589844,110.25900268554688,111.45999908447266,0
2010-11-30,110.37000274658203,110.66000366210938,108.31999969482422,110.37999725341797,0
2010-12-01,108.73999786376953,110.5999984741211,108.43499755859375,108.70999908447266,0
2010-12-02,110.40599822998047,111.16600036621094,109.97000122070312,110.37899780273438,0
2010-12-03,110.63500213623047,111.0739974975586,109.93900299072266,110.64700317382812,0
2010-12-06,111.0199966430664,111.06900024414062,109.6500015258789,111.06900024414062,0
2010-12-07,109.83999633789062,111.0199966430664,109.55699920654297,109.86499786376953,0
2010-12-08,110.58000183105469,111.44999694824219,110.56999969482422,110.58200073242188,0
2010-12-09,111.43399810791016,111.6259994506836,110.58000183105469,111.4020004272461,0
2010-12-10,110.9800033569336,111.10900115966797,110.46900177001953,110.9800033569336,0
2010-12-13,110.81999969482422,112.04499816894531,110.63999938964844,110.81999969482422,0
2010-12-14,111.74800109863281,112.18099975585938,111.54000091552734,111.74199676513672,0
2010-12-15,111.93000030517578,112.05699920654297,111.41999816894531,111.9229965209961,0
2010-12-16,111.43000030517578,111.58999633789062,111.04000091552734,111.447998046875,0
2010-12-17,111.26000213623047,111.91999816894531,110.47000122070312,111.26000213623047,0
2010-12-20,110.58200073242188,110.69000244140625,109.56999969482422,110.58000183105469,0
2010-12-21,109.88700103759766,110.47100067138672,109.80000305175781,109.88999938964844,0
2010-12-22,109.68000030517578,110.08999633789062,109.18000030517578,109.68699645996094,0
2010-12-23,109.55999755859375,109.60299682617188,108.45099639892578,109.55999755859375,0
2010-12-24,108.93800354003906,109.03399658203125,108.57099914550781,108.94000244140625,0
2010-12-27,108.46800231933594,109.04299926757812,108.41999816894531,108.44000244140625,0
2010-12-28,109.12000274658203,109.50399780273438,107.82099914550781,109.13899993896484,0
2010-12-29,107.75900268554688,108.06199645996094,107.61799621582031,107.76200103759766,0
2010-12-30,107.92400360107422,108.89199829101562,107.58999633789062,107.92500305175781,0
2010-12-31,108.38400268554688,108.87000274658203,108.27999877929688,108.37999725341797,0
2011-01-03,108.35399627685547,109.1510009765625,107.79499816894531,108.35299682617188,0
2011-01-04,109.06300354003906,110.19999694824219,108.9260025024414,109.11299896240234,0
2011-01-05,109.2699966430664,109.54000091552734,108.5,109.26000213623047,0
2011-01-06,109.43299865722656,109.64399719238281,108.41999816894531,109.47000122070312,0
2011-01-07,108.11000061035156,108.53399658203125,107.75,108.15699768066406,0
2011-01-10,107.08000183105469,107.65299987792969,106.83000183105469,107.08000183105469,0
2011-01-11,107.2300033569336,107.90599822998047,107.09300231933594,107.22000122070312,0
2011-01-12,108.20999908447266,108.8010025024414,107.8499984741211,108.21499633789062,0
2011-01-13,109.0459976196289,110.5009994506836,108.68000030517578,109.06700134277344,0
2011-01-14,110.47000122070312,110.90299987792969,110.05699920654297,110.47000122070312,0
2011-01-17,110.87999725341797,110.89299774169922,109.55999755859375,110.89299774169922,0
2011-01-18,109.7959976196289,111.13600158691406,109.57599639892578,109.79399871826172,0
2011-01-19,110.52200317382812,111.02999877929688,110.33000183105469,110.52300262451172,0
2011-01-20,110.51100158691406,111.66400146484375,110.30999755859375,110.51000213623047,0
2011-01-21,111.68399810791016,112.27999877929688,111.61499786376953,111.65899658203125,0
2011-01-24,112.4800033569336,112.86000061035156,112.2300033569336,112.47100067138672,0
2011-01-25,112.58999633789062,112.77999877929688,111.83000183105469,112.61000061035156,0
2011-01-26,112.5790023803711,112.72799682617188,112.12000274658203,112.55999755859375,0
2011-01-27,112.6520004272461,114.00299835205078,112.44000244140625,112.6500015258789,0
2011-01-28,113.73400115966797,113.78199768066406,112.01499938964844,113.7300033569336,0
2011-01-31,111.41200256347656,112.68000030517578,111.43900299072266,111.45899963378906,0
2011-02-01,112.55999755859375,112.68000030517578,111.88300323486328,112.58000183105469,0
2011-02-02,112.55000305175781,112.89800262451172,112.20899963378906,112.53700256347656,0
2011-02-03,112.58999633789062,112.85199737548828,111.45099639892578,112.5999984741211,0
2011-02-04,111.23999786376953,111.49500274658203,110.80699920654297,111.26000213623047,0
2011-02-07,111.5999984741211,112.18699645996094,111.22000122070312,111.5999984741211,0
2011-02-08,111.83999633789062,112.20999908447266,111.56999969482422,111.8499984741211,0
2011-02-09,112.12899780273438,113.07099914550781,112.06999969482422,112.08999633789062,0
2011-02-10,113.05500030517578,113.21900177001953,112.60299682617188,113.0479965209961,0
2011-02-11,113.36100006103516,113.43000030517578,112.77999877929688,113.37999725341797,0
2011-02-14,112.75399780273438,112.76699829101562,112.05999755859375,112.73999786376953,0
2011-02-15,112.39800262451172,113.37200164794922,112.36000061035156,112.43499755859375,0
2011-02-16,112.9990005493164,113.51000213623047,112.96399688720703,112.97000122070312,0
2011-02-17,113.47699737548828,113.6500015258789,113.06600189208984,113.48999786376953,0
2011-02-18,113.46900177001953,113.76100158691406,112.94000244140625,113.45600128173828,0
2011-02-21,113.94200134277344,113.9280014038086,113.54000091552734,113.92500305175781,0
2011-02-22,113.6449966430664,113.88400268554688,112.23600006103516,113.6449966430664,0
2011-02-23,113.1500015258789,113.81999969482422,113.01000213623047,113.15699768066406,0
2011-02-24,113.43399810791016,113.41699981689453,112.197998046875,113.41699981689453,0
2011-02-25,113.38500213623047,113.41000366210938,112.23999786376953,113.38200378417969,0
2011-02-28,112.09600067138672,113.33000183105469,111.95999908447266,112.08999633789062,0
2011-03-01,113.15499877929688,113.7040023803711,113.05999755859375,113.15699768066406,0
2011-03-02,112.75900268554688,113.44100189208984,112.52899932861328,112.73999786376953,0
2011-03-03,113.47000122070312,114.80999755859375,113.08999633789062,113.46399688720703,0
2011-03-04,114.9530029296875,115.8499984741211,114.86900329589844,114.93000030517578,0
2011-03-07,115.19999694824219,115.23999786376953,114.54000091552734,115.18000030517578,0
2011-03-08,114.89299774169922,115.19000244140625,114.54000091552734,114.88999938964844,0
2011-03-09,115.05000305175781,115.23300170898438,114.75800323486328,115.04000091552734,0
2011-03-10,115.15299987792969,115.24299621582031,114.33999633789062,115.1500015258789,0
2011-03-11,114.4219970703125,114.98100280761719,112.91699981689453,114.4000015258789,0
2011-03-14,113.26000213623047,114.69999694824219,113.26000213623047,113.26000213623047,0
2011-03-15,114.44999694824219,114.62300109863281,111.9800033569336,114.46199798583984,0
2011-03-16,113.37100219726562,113.47100067138672,111.62999725341797,113.3280029296875,0
2011-03-17,109.85700225830078,110.81999969482422,109.47000122070312,109.78399658203125,0
2011-03-18,111.54000091552734,115.45999908447266,111.20999908447266,111.20999908447266,0
2011-03-21,114.78600311279297,115.19300079345703,114.5,114.72000122070312,0
2011-03-22,115.46499633789062,115.5260009765625,114.80000305175781,115.44100189208984,0
2011-03-23,114.81800079345703,115.01200103759766,114.23200225830078,114.83999633789062,0
2011-03-24,114.05999755859375,114.87300109863281,113.55999755859375,114.05999755859375,0
2011-03-25,114.79000091552734,115.19999694824219,114.4990005493164,114.77300262451172,0
2011-03-28,114.21800231933594,115.28800201416016,114.2040023803711,114.22200012207031,0
2011-03-29,115.10299682617188,116.1050033569336,114.79000091552734,115.08200073242188,0
2011-03-30,116.29000091552734,117.25599670410156,116.22000122070312,116.30000305175781,0
2011-03-31,117.41000366210938,117.87300109863281,116.74800109863281,117.41899871826172,0
2011-04-01,118.02100372314453,119.56800079345703,117.93099975585938,118.01300048828125,0
2011-04-04,119.78600311279297,120.03099822998047,119.1719970703125,119.78399658203125,0
2011-04-05,119.61000061035156,120.4489974975586,119.33000183105469,119.61199951171875,0
2011-04-06,121.0780029296875,122.58000183105469,120.8499984741211,121.06600189208984,0
2011-04-07,122.30000305175781,122.5270004272461,120.76000213623047,122.27999877929688,0
2011-04-08,121.4800033569336,123.06900024414062,121.33799743652344,121.51200103759766,0
2011-04-11,122.98799896240234,123.30000305175781,122.01000213623047,122.9800033569336,0
2011-04-12,122.18199920654297,122.20899963378906,120.19999694824219,122.14700317382812,0
2011-04-13,121.00499725341797,122.14800262451172,120.81199645996094,120.98999786376953,0
2011-04-14,121.0,121.34600067138672,119.33599853515625,120.98899841308594,0
2011-04-18,119.83599853515625,120.0199966430664,116.552001953125,119.83300018310547,0
2011-04-19,117.08499908447266,118.3499984741211,117.09100341796875,117.10600280761719,0
2011-04-20,118.38600158691406,120.33699798583984,118.38899993896484,118.38899993896484,0
2011-04-21,119.63999938964844,120.22799682617188,118.66999816894531,119.64900207519531,0
2011-04-22,119.16699981689453,119.6780014038086,118.80999755859375,119.16000366210938,0
2011-04-25,119.18000030517578,119.9739990234375,119.16000366210938,119.1780014038086,0
2011-04-26,119.31500244140625,119.80400085449219,118.51300048828125,119.30899810791016,0
2011-04-27,119.70999908447266,121.14900207519531,119.51499938964844,119.62999725341797,0
2011-04-28,121.46700286865234,121.81400299072266,120.38999938964844,121.47000122070312,0
2011-04-29,121.0,121.1240005493164,120.33000183105469,121.0,0
2011-05-02,120.21399688720703,121.01799774169922,120.07599639892578,120.20999908447266,0
2011-05-03,120.33300018310547,120.56700134277344,119.2229995727539,120.3479995727539,0
2011-05-04,120.0999984741211,120.7969970703125,119.4800033569336,120.0999984741211,0
2011-05-05,119.60800170898438,119.75900268554688,116.55999755859375,119.58999633789062,0
2011-05-06,116.94000244140625,117.56999969482422,116.37000274658203,116.90499877929688,0
2011-05-09,115.81999969482422,116.44499969482422,115.02999877929688,115.80999755859375,0
2011-05-10,115.34300231933594,116.16999816894531,114.7979965209961,115.36000061035156,0
2011-05-11,116.69999694824219,116.80400085449219,115.16000366210938,116.73699951171875,0
2011-05-12,115.13099670410156,115.58999633789062,114.2030029296875,115.13999938964844,0
2011-05-13,115.37799835205078,115.48100280761719,114.1500015258789,115.37000274658203,0
2011-05-16,113.75700378417969,115.20899963378906,113.41500091552734,113.76399993896484,0
2011-05-17,114.3499984741211,116.20500183105469,114.27999877929688,114.34500122070312,0
2011-05-18,116.16200256347656,116.36499786376953,115.22000122070312,116.19300079345703,0
2011-05-19,116.40799713134766,117.20999908447266,116.19000244140625,116.4219970703125,0
2011-05-20,116.97699737548828,117.13300323486328,115.51699829101562,116.97000122070312,0
2011-05-23,115.2979965209961,115.58399963378906,113.86000061035156,115.30500030517578,0
2011-05-24,115.0260009765625,116.12000274658203,114.72200012207031,115.05000305175781,0
2011-05-25,115.6729965209961,115.7699966430664,114.7300033569336,115.69000244140625,0
2011-05-26,115.51300048828125,116.3489990234375,114.45999908447266,115.49700164794922,0
2011-05-27,114.83799743652344,115.9739990234375,114.68499755859375,114.81999969482422,0
2011-05-30,115.55999755859375,115.66899871826172,115.19000244140625,115.55999755859375,0
2011-05-31,115.79000091552734,117.7699966430664,115.82099914550781,115.82099914550781,0
2011-06-01,117.51100158691406,117.69000244140625,116.3239974975586,117.47000122070312,0
2011-06-02,116.03099822998047,117.11900329589844,115.99800109863281,116.0199966430664,0
2011-06-03,117.27899932861328,117.54299926757812,115.9469985961914,117.27999877929688,0
2011-06-06,117.54399871826172,117.68000030517578,116.79000091552734,117.55999755859375,0
2011-06-07,116.83000183105469,117.86000061035156,116.75399780273438,116.8219985961914,0
2011-06-08,117.7509994506836,117.82599639892578,116.36199951171875,117.7509994506836,0
2011-06-09,116.66799926757812,117.44599914550781,115.94999694824219,116.6500015258789,0
2011-06-10,116.50599670410156,116.83999633789062,115.05999755859375,116.50599670410156,0
2011-06-13,115.11299896240234,115.64700317382812,115.06999969482422,115.12799835205078,0
2011-06-14,115.58000183105469,116.64099884033203,115.25599670410156,115.59500122070312,0
2011-06-15,116.36000061035156,116.3740005493164,114.58499908447266,116.3740005493164,0
2011-06-16,114.73999786376953,114.9520034790039,113.48999786376953,114.72000122070312,0
2011-06-17,114.41400146484375,114.7699966430664,113.7300033569336,114.43000030517578,0
2011-06-20,114.45999908447266,114.96099853515625,113.58000183105469,114.3499984741211,0
2011-06-21,114.92500305175781,115.4260025024414,114.66600036621094,114.927001953125,0
2011-06-22,115.33899688720703,115.71199798583984,115.13700103759766,115.37999725341797,0
2011-06-23,115.0719985961914,115.33399963378906,113.85399627685547,115.0739974975586,0
2011-06-24,114.80000305175781,114.875,113.76000213623047,114.80999755859375,0
2011-06-27,114.0250015258789,115.58799743652344,113.8499984741211,114.05400085449219,0
2011-06-28,115.72799682617188,116.19300079345703,115.13800048828125,115.7300033569336,0
2011-06-29,116.39600372314453,117.12699890136719,115.88999938964844,116.41000366210938,0
2011-06-30,116.87000274658203,117.18599700927734,116.13300323486328,116.86799621582031,0
2011-07-01,116.8499984741211,117.41600036621094,116.7699966430664,116.85700225830078,0
2011-07-04,117.58999633789062,117.7300033569336,117.03600311279297,117.62200164794922,0
2011-07-05,117.46900177001953,117.59300231933594,117.08699798583984,117.4800033569336,0
2011-07-06,116.94000244140625,117.04299926757812,115.54000091552734,116.95899963378906,0
2011-07-07,115.98999786376953,116.77999877929688,115.53600311279297,116.01000213623047,0
2011-07-08,116.70099639892578,116.79100036621094,114.64800262451172,116.6760025024414,0
2011-07-11,114.5479965209961,114.73999786376953,112.3949966430664,114.54399871826172,0
2011-07-12,112.75199890136719,112.81700134277344,109.58399963378906,112.75,0
2011-07-13,110.7979965209961,112.02799987792969,110.80000305175781,110.80000305175781,0
2011-07-14,112.31999969482422,112.89299774169922,111.64299774169922,112.2699966430664,0
2011-07-15,112.08999633789062,112.31700134277344,111.37300109863281,112.06999969482422,0
2011-07-18,111.7300033569336,111.69999694824219,110.66699981689453,111.69999694824219,0
2011-07-19,111.54000091552734,112.2969970703125,111.1500015258789,111.53800201416016,0
2011-07-20,112.13999938964844,112.32499694824219,111.63999938964844,112.15799713134766,0
2011-07-21,112.38500213623047,113.12999725341797,111.51000213623047,112.37000274658203,0
2011-07-22,113.2699966430664,113.54000091552734,112.25,113.2020034790039,0
2011-07-25,112.75,112.98100280761719,112.02999877929688,112.697998046875,0
2011-07-26,112.50599670410156,113.28900146484375,112.2969970703125,112.48999786376953,0
2011-07-27,113.02999877929688,113.20999908447266,111.94000244140625,113.0260009765625,0
2011-07-28,112.0270004272461,112.06999969482422,110.83200073242188,112.04000091552734,0
2011-07-29,111.44100189208984,111.52999877929688,110.4010009765625,111.43299865722656,0
2011-08-01,110.90299987792969,112.19000244140625,108.73999786376953,110.9010009765625,0
2011-08-02,110.49700164794922,110.73500061035156,109.3499984741211,110.52300262451172,0
2011-08-03,109.62799835205078,110.58399963378906,109.0780029296875,109.61499786376953,0
2011-08-04,110.60199737548828,114.12999725341797,110.4739990234375,110.61000061035156,0
2011-08-05,111.48100280761719,112.2699966430664,110.34700012207031,111.4990005493164,0
2011-08-08,111.83999633789062,112.2770004272461,109.7249984741211,111.81400299072266,0
2011-08-09,109.98300170898438,110.60900115966797,109.09600067138672,109.9800033569336,0
2011-08-10,110.80000305175781,110.80500030517578,108.29000091552734,110.80500030517578,0
2011-08-11,108.41300201416016,109.80999755859375,108.0530014038086,108.44000244140625,0
2011-08-12,109.33999633789062,109.58499908447266,108.54000091552734,109.29199981689453,0
2011-08-15,109.63999938964844,110.99500274658203,109.62000274658203,109.63700103759766,0
2011-08-16,110.94599914550781,111.02999877929688,110.0989990234375,110.95600128173828,0
2011-08-17,110.5,110.92500305175781,109.84300231933594,110.5,0
2011-08-18,110.44999694824219,110.69000244140625,109.26000213623047,110.44000244140625,0
2011-08-19,109.73400115966797,110.23799896240234,109.0,109.70999908447266,0
2011-08-22,110.3219985961914,110.86199951171875,110.0199966430664,110.31199645996094,0
2011-08-23,110.31999969482422,111.05000305175781,110.06999969482422,110.33599853515625,0
2011-08-24,110.64199829101562,110.85299682617188,110.1780014038086,110.6510009765625,0
2011-08-25,111.04299926757812,111.60099792480469,110.5999984741211,111.05999755859375,0
2011-08-26,111.28900146484375,111.55400085449219,110.1719970703125,111.29000091552734,0
2011-08-29,111.15799713134766,111.91200256347656,111.01000213623047,111.1729965209961,0
2011-08-30,111.73799896240234,111.7750015258789,110.43800354003906,111.7750015258789,0
2011-08-31,110.69000244140625,110.78199768066406,110.08000183105469,110.69000244140625,0
2011-09-01,110.2699966430664,110.90799713134766,109.54900360107422,110.3010025024414,0
2011-09-02,109.61000061035156,109.8740005493164,109.00700378417969,109.60700225830078,0
2011-09-05,108.86399841308594,108.8759994506836,108.14800262451172,108.8499984741211,0
2011-09-06,108.15499877929688,109.91000366210938,107.8280029296875,108.16100311279297,0
2011-09-07,108.66999816894531,108.93000030517578,108.27999877929688,108.69999694824219,0
2011-09-08,108.88800048828125,109.0199966430664,107.96600341796875,108.88899993896484,0
2011-09-09,107.73899841308594,107.97899627685547,105.35399627685547,107.74199676513672,0
2011-09-12,105.40299987792969,105.56999969482422,103.91600036621094,105.37699890136719,0
2011-09-13,105.40899658203125,105.50900268554688,104.43000030517578,105.40399932861328,0
2011-09-14,105.27999877929688,105.50399780273438,104.55000305175781,105.29000091552734,0
2011-09-15,105.37999725341797,106.94000244140625,105.08999633789062,105.37999725341797,0
2011-09-16,106.39399719238281,106.50599670410156,105.52999877929688,106.38999938964844,0
2011-09-19,105.38500213623047,105.39600372314453,103.94999694824219,105.37000274658203,0
2011-09-20,104.18800354003906,105.14600372314453,103.98999786376953,104.18699645996094,0
2011-09-21,104.6709976196289,104.88600158691406,104.04000091552734,104.6500015258789,0
2011-09-22,103.95999908447266,104.33599853515625,102.23500061035156,103.94200134277344,0
2011-09-23,102.87999725341797,103.43299865722656,102.2300033569336,102.86000061035156,0
2011-09-26,103.68000030517578,103.6719970703125,101.93199920654297,103.63700103759766,0
2011-09-27,103.17500305175781,104.51000213623047,102.87100219726562,103.19200134277344,0
2011-09-28,104.33999633789062,104.49099731445312,103.66000366210938,104.322998046875,0
2011-09-29,103.61900329589844,104.9000015258789,103.31999969482422,103.63500213623047,0
2011-09-30,104.26000213623047,104.33999633789062,103.0199966430664,104.25,0
2011-10-03,103.13999938964844,103.20999908447266,101.55599975585938,103.1500015258789,0
2011-10-04,101.05000305175781,102.16300201416016,100.8030014038086,101.05999755859375,0
2011-10-05,102.30799865722656,102.5199966430664,101.63200378417969,102.31400299072266,0
2011-10-06,102.41899871826172,102.97000122070312,101.72000122070312,102.40799713134766,0
2011-10-07,102.94000244140625,103.83499908447266,102.77799987792969,102.93000030517578,0
2011-10-10,102.75599670410156,104.91799926757812,102.7300033569336,102.75900268554688,0
2011-10-11,104.52400207519531,104.80500030517578,104.0,104.52200317382812,0
2011-10-12,104.61399841308594,106.98699951171875,104.19000244140625,104.61000061035156,0
2011-10-13,106.45899963378906,106.55999755859375,105.11000061035156,106.44000244140625,0
2011-10-14,105.5999984741211,107.37999725341797,105.58999633789062,105.62799835205078,0
2011-10-17,107.16999816894531,107.64700317382812,105.38999938964844,107.19000244140625,0
2011-10-18,105.58799743652344,105.90799713134766,104.79000091552734,105.59300231933594,0
2011-10-19,105.4489974975586,106.5250015258789,105.31800079345703,105.44499969482422,0
2011-10-20,105.69999694824219,106.26300048828125,104.87899780273438,105.70800018310547,0
2011-10-21,105.87999725341797,106.08599853515625,105.0999984741211,105.89399719238281,0
2011-10-24,105.55999755859375,106.4219970703125,105.16000366210938,105.55000305175781,0
2011-10-25,105.98100280761719,106.26399993896484,105.25,105.98699951171875,0
2011-10-26,105.83200073242188,106.0,104.76000213623047,105.81900024414062,0
2011-10-27,105.72000122070312,107.50700378417969,105.66000366210938,105.71199798583984,0
2011-10-28,107.62999725341797,107.87000274658203,107.05999755859375,107.62999725341797,0
2011-10-31,107.10399627685547,111.5,106.99600219726562,107.1050033569336,0
2011-11-01,108.51699829101562,109.06700134277344,106.5199966430664,108.52400207519531,0
2011-11-02,106.95999908447266,107.88700103759766,106.90499877929688,106.90499877929688,0
2011-11-03,106.94999694824219,107.86699676513672,106.5979995727539,106.93800354003906,0
2011-11-04,107.88200378417969,108.20999908447266,107.22000122070312,107.89299774169922,0
2011-11-07,107.75399780273438,107.82599639892578,106.8499984741211,107.75,0
2011-11-08,107.41600036621094,107.61299896240234,107.12300109863281,107.41100311279297,0
2011-11-09,107.42400360107422,107.53600311279297,105.33300018310547,107.4469985961914,0
2011-11-10,105.19000244140625,105.94999694824219,104.75800323486328,105.19000244140625,0
2011-11-11,105.68000030517578,105.94499969482422,105.31999969482422,105.68399810791016,0
2011-11-14,106.37200164794922,106.35399627685547,104.87699890136719,106.35399627685547,0
2011-11-15,105.02300262451172,105.31999969482422,103.9800033569336,105.02999877929688,0
2011-11-16,104.09600067138672,104.26699829101562,103.41000366210938,104.10099792480469,0
2011-11-17,103.56900024414062,104.13500213623047,103.41200256347656,103.57499694824219,0
2011-11-18,103.53900146484375,104.26000213623047,103.51000213623047,103.54100036621094,0
2011-11-21,104.01000213623047,104.03399658203125,103.2300033569336,104.0,0
2011-11-22,103.7300033569336,104.29000091552734,103.72000122070312,103.72000122070312,0
2011-11-23,104.06300354003906,104.10299682617188,103.23999786376953,104.04299926757812,0
2011-11-24,103.1050033569336,103.43099975585938,102.69000244140625,103.06999969482422,0
2011-11-25,102.87000274658203,103.2300033569336,102.45999908447266,102.86499786376953,0
2011-11-28,103.38999938964844,104.48999786376953,103.0770034790039,103.36900329589844,0
2011-11-29,103.96600341796875,104.37899780273438,103.41999816894531,103.97000122070312,0
2011-11-30,103.87200164794922,104.7229995727539,103.36000061035156,103.87999725341797,0
2011-12-01,104.29000091552734,105.02999877929688,104.19000244140625,104.24099731445312,0
2011-12-02,104.69999694824219,105.58799743652344,104.58799743652344,104.71199798583984,0
2011-12-05,104.76000213623047,104.9800033569336,104.47000122070312,104.76000213623047,0
2011-12-06,104.12000274658203,104.30699920654297,103.62000274658203,104.12200164794922,0
2011-12-07,104.24199676513672,104.5,103.7750015258789,104.26100158691406,0
2011-12-08,104.072998046875,104.19000244140625,103.00199890136719,104.06500244140625,0
2011-12-09,103.66000366210938,104.35900115966797,103.14900207519531,103.64700317382812,0
2011-12-12,103.77999877929688,103.85299682617188,102.83799743652344,103.80000305175781,0
2011-12-13,102.61000061035156,102.95700073242188,101.95800018310547,102.59500122070312,0
2011-12-14,101.48100280761719,101.78299713134766,101.15399932861328,101.54399871826172,0
2011-12-15,101.43000030517578,101.58599853515625,101.02999877929688,101.447998046875,0
2011-12-16,101.41400146484375,101.7699966430664,101.33999633789062,101.37699890136719,0
2011-12-19,101.42900085449219,101.5999984741211,101.26799774169922,101.43000030517578,0
2011-12-20,101.45999908447266,102.14800262451172,101.37799835205078,101.4489974975586,0
2011-12-21,101.87999725341797,102.49800109863281,101.44200134277344,101.875,0
2011-12-22,101.77100372314453,102.31999969482422,101.71399688720703,101.77999877929688,0
2011-12-23,102.04000091552734,102.19400024414062,101.76000213623047,102.03099822998047,0
2011-12-26,101.83000183105469,101.97000122070312,101.7300033569336,101.83200073242188,0
2011-12-27,101.77999877929688,101.89800262451172,101.64700317382812,101.76000213623047,0
2011-12-28,101.7699966430664,101.7699966430664,100.8030014038086,101.75599670410156,0
2011-12-29,100.74199676513672,100.76000213623047,100.05999755859375,100.75199890136719,0
2011-12-30,100.58699798583984,100.68000030517578,99.9469985961914,100.5790023803711,0
2012-01-02,99.61000061035156,99.875,99.37100219726562,99.61000061035156,0
2012-01-03,99.53199768066406,100.24700164794922,99.52400207519531,99.52400207519531,0
2012-01-04,100.14600372314453,100.15699768066406,99.06700134277344,100.15699768066406,0
2012-01-05,99.19000244140625,99.34100341796875,98.5,99.19300079345703,0
2012-01-06,98.70700073242188,98.83100128173828,97.91799926757812,98.72100067138672,0
2012-01-09,97.5009994506836,98.23400115966797,97.5459976196289,97.5459976196289,0
2012-01-10,98.16999816894531,98.43699645996094,97.9800033569336,98.19200134277344,0
2012-01-11,98.00499725341797,98.34400177001953,97.5719985961914,98.00599670410156,0
2012-01-12,97.7770004272461,98.47000122070312,97.65799713134766,97.7760009765625,0
2012-01-13,98.43900299072266,98.79900360107422,97.22100067138672,98.43099975585938,0
2012-01-16,97.3010025024414,97.37999725341797,97.0199966430664,97.2770004272461,0
2012-01-17,97.29900360107422,98.30799865722656,97.29000091552734,97.30400085449219,0
2012-01-18,97.9000015258789,98.66999816894531,97.68699645996094,97.91000366210938,0
2012-01-19,98.75800323486328,99.39700317382812,98.55699920654297,98.78099822998047,0
2012-01-20,99.89900207519531,100.31500244140625,99.44200134277344,99.88999938964844,0
2012-01-23,99.18399810791016,100.46700286865234,99.12999725341797,99.2249984741211,0
2012-01-24,100.25700378417969,100.99500274658203,100.0199966430664,100.27899932861328,0
2012-01-25,101.26100158691406,101.80500030517578,100.97000122070312,101.26000213623047,0
2012-01-26,101.91600036621094,102.19499969482422,101.59100341796875,101.94300079345703,0
2012-01-27,101.4219970703125,101.52200317382812,100.61000061035156,101.36799621582031,0
2012-01-30,101.33999633789062,101.35099792480469,100.0,101.34600067138672,0
2012-01-31,100.33000183105469,100.86599731445312,99.74700164794922,100.3290023803711,0
2012-02-01,99.72000122070312,100.86599731445312,99.55000305175781,100.3290023803711,0
2012-02-02,100.3270034790039,100.4540023803711,99.61799621582031,100.33000183105469,0
2012-02-03,100.05000305175781,100.83799743652344,99.91600036621094,100.05799865722656,0
2012-02-06,100.47000122070312,100.51799774169922,99.85900115966797,100.48400115966797,0
2012-02-07,100.4209976196289,101.86799621582031,100.38600158691406,100.4219970703125,0
2012-02-08,101.70899963378906,102.4229965209961,101.65699768066406,101.69999694824219,0
2012-02-09,102.09100341796875,102.88300323486328,101.95999908447266,102.08200073242188,0
2012-02-10,103.06300354003906,103.20800018310547,102.19000244140625,103.08200073242188,0
2012-02-13,102.83999633789062,103.1760025024414,102.25700378417969,102.89099884033203,0
2012-02-14,101.95600128173828,103.18199920654297,101.96499633789062,101.96499633789062,0
2012-02-15,102.91000366210938,103.4749984741211,102.22100067138672,102.91999816894531,0
2012-02-16,102.46600341796875,102.9010009765625,101.93499755859375,102.46499633789062,0
2012-02-17,103.4739990234375,104.64099884033203,103.46199798583984,103.48300170898438,0
2012-02-20,105.5199966430664,105.56999969482422,104.64600372314453,105.48200225830078,0
2012-02-21,105.0989990234375,105.98400115966797,105.12100219726562,105.1500015258789,0
2012-02-22,105.73600006103516,106.31700134277344,105.4739990234375,105.74600219726562,0
2012-02-23,106.33000183105469,106.83399963378906,106.14800262451172,106.38500213623047,0
2012-02-24,106.89299774169922,108.80000305175781,106.875,106.91999816894531,0
2012-02-27,109.73500061035156,109.71900177001953,107.20999908447266,109.71900177001953,0
2012-02-28,107.88099670410156,108.72000122070312,107.31099700927734,107.88999938964844,0
2012-02-29,108.45999908447266,108.70999908447266,107.88300323486328,108.47000122070312,0
2012-03-01,108.29900360107422,108.32599639892578,107.68699645996094,108.30000305175781,0
2012-03-02,108.02999877929688,108.43099975585938,107.60900115966797,108.0479965209961,0
2012-03-05,107.62200164794922,108.00299835205078,106.93599700927734,107.58000183105469,0
2012-03-06,107.80699920654297,107.8499984741211,105.91999816894531,107.80999755859375,0
2012-03-07,105.83000183105469,106.38400268554688,105.69999694824219,105.77999877929688,0
2012-03-08,106.88200378417969,108.3280029296875,106.66000366210938,106.85800170898438,0
2012-03-09,108.28099822998047,108.63200378417969,107.72000122070312,108.27200317382812,0
2012-03-12,108.08000183105469,108.12000274658203,107.50399780273438,108.05999755859375,0
2012-03-13,108.44599914550781,108.71299743652344,107.91500091552734,108.47000122070312,0
2012-03-14,108.48999786376953,109.36000061035156,108.37200164794922,108.48999786376953,0
2012-03-15,109.19200134277344,109.62999725341797,108.59200286865234,109.13200378417969,0
2012-03-16,109.177001953125,109.95500183105469,109.00800323486328,109.18299865722656,0
2012-03-19,109.95999908447266,110.52100372314453,109.18000030517578,109.95099639892578,0
2012-03-20,110.30000305175781,110.80899810791016,110.2760009765625,110.30000305175781,0
2012-03-21,110.7509994506836,111.40899658203125,110.3479995727539,110.72000122070312,0
2012-03-22,109.9729995727539,110.44300079345703,108.63500213623047,109.96700286865234,0
2012-03-23,108.96800231933594,109.81300354003906,108.68000030517578,108.96399688720703,0
2012-03-26,109.7020034790039,110.50800323486328,109.18000030517578,109.68000030517578,0
2012-03-27,110.86699676513672,111.23600006103516,110.3499984741211,110.89099884033203,0
2012-03-28,110.70500183105469,110.89299774169922,109.88999938964844,110.70999908447266,0
2012-03-29,110.36000061035156,110.44200134277344,108.81999969482422,110.3759994506836,0
2012-03-30,109.53600311279297,109.91899871826172,109.05000305175781,109.552001953125,0
2012-04-02,110.68000030517578,111.09700012207031,109.0,110.69499969482422,0
2012-04-03,108.73500061035156,109.75399780273438,108.86000061035156,108.86000061035156,0
2012-04-04,109.54499816894531,109.68800354003906,107.9000015258789,109.54499816894531,0
2012-04-05,108.3499984741211,108.37000274658203,106.88999938964844,108.34400177001953,0
2012-04-06,107.38899993896484,107.80999755859375,106.54299926757812,107.37999725341797,0
2012-04-09,106.4020004272461,106.47000122070312,106.11000061035156,106.38999938964844,0
2012-04-10,107.03099822998047,107.45099639892578,105.68000030517578,107.0270004272461,0
2012-04-11,105.49700164794922,106.66999816894531,105.447998046875,105.447998046875,0
2012-04-12,106.26300048828125,106.69999694824219,106.05999755859375,106.24600219726562,0
2012-04-13,106.74199676513672,107.05999755859375,105.75,106.74500274658203,0
2012-04-16,105.54900360107422,105.69000244140625,104.63500213623047,105.54000091552734,0
2012-04-17,105.51200103759766,106.28600311279297,105.2770004272461,105.52999877929688,0
2012-04-18,106.45999908447266,106.875,106.18000030517578,106.47000122070312,0
2012-04-19,106.66200256347656,107.26399993896484,106.51899719238281,106.63999938964844,0
2012-04-20,107.2750015258789,107.93299865722656,107.08999633789062,107.28399658203125,0
2012-04-23,107.77200317382812,107.74600219726562,106.33000183105469,107.73999786376953,0
2012-04-24,106.64600372314453,107.28399658203125,106.31900024414062,106.61399841308594,0
2012-04-25,107.4000015258789,107.63400268554688,107.12999725341797,107.39700317382812,0
2012-04-26,107.57099914550781,107.63400268554688,106.51499938964844,107.58000183105469,0
2012-04-27,106.91500091552734,107.45700073242188,106.16999816894531,106.93599700927734,0
2012-04-30,106.38999938964844,106.37999725341797,105.47599792480469,106.37999725341797,0
2012-05-01,105.79000091552734,106.11000061035156,105.54100036621094,105.83000183105469,0
2012-05-02,106.18299865722656,106.51799774169922,105.13999938964844,106.19000244140625,0
2012-05-03,105.33699798583984,106.08699798583984,105.30999755859375,105.33999633789062,0
2012-05-04,105.5199966430664,105.5469970703125,104.4800033569336,105.51699829101562,0
2012-05-07,103.50900268554688,104.3219985961914,103.46800231933594,103.46800231933594,0
2012-05-08,104.36799621582031,104.41999816894531,103.5260009765625,104.35399627685547,0
2012-05-09,103.7699966430664,103.90599822998047,102.75299835205078,103.77400207519531,0
2012-05-10,103.10900115966797,103.76100158691406,102.94999694824219,103.08699798583984,0
2012-05-11,103.30000305175781,103.58599853515625,102.97699737548828,103.31700134277344,0
2012-05-14,103.23799896240234,103.35800170898438,102.23799896240234,103.19200134277344,0
2012-05-15,102.47100067138672,102.85399627685547,102.0999984741211,102.4739990234375,0
2012-05-16,102.28700256347656,102.66000366210938,101.90599822998047,102.26000213623047,0
2012-05-17,102.2969970703125,102.36499786376953,100.78099822998047,102.30699920654297,0
2012-05-18,100.83000183105469,101.02799987792969,100.21199798583984,100.8290023803711,0
2012-05-21,101.10900115966797,101.54900360107422,100.93800354003906,101.10299682617188,0
2012-05-22,101.73799896240234,102.11000061035156,101.4219970703125,101.73300170898438,0
2012-05-23,101.2979965209961,101.38300323486328,99.64800262451172,101.27999877929688,0
2012-05-24,99.75,100.2239990234375,99.37899780273438,99.80000305175781,0
2012-05-25,99.86599731445312,100.29000091552734,99.50800323486328,99.8550033569336,0
2012-05-28,100.02999877929688,100.18000030517578,99.50499725341797,100.0199966430664,0
2012-05-29,99.63500213623047,99.9229965209961,99.06999969482422,99.62999725341797,0
2012-05-30,99.19999694824219,99.27400207519531,97.78800201416016,99.21099853515625,0
2012-05-31,97.71499633789062,98.01599884033203,96.52799987792969,97.70500183105469,0
2012-06-01,97.05599975585938,97.38999938964844,95.63300323486328,97.08799743652344,0
2012-06-04,96.83599853515625,97.93000030517578,96.7760009765625,96.7959976196289,0
2012-06-05,98.08599853515625,98.23999786376953,97.06400299072266,98.13999938964844,0
2012-06-06,98.1240005493164,99.26699829101562,97.91799926757812,98.11399841308594,0
2012-06-07,99.68199920654297,100.58300018310547,99.40299987792969,99.7030029296875,0
2012-06-08,100.1500015258789,100.1709976196289,98.58499908447266,100.16000366210938,0
2012-06-11,100.61000061035156,100.76699829101562,99.23799896240234,100.58000183105469,0
2012-06-12,98.95500183105469,99.75,98.76499938964844,98.96199798583984,0
2012-06-13,99.4280014038086,100.05999755859375,99.28500366210938,99.41999816894531,0
2012-06-14,99.7959976196289,100.04399871826172,99.48400115966797,99.80999755859375,0
2012-06-15,100.28600311279297,100.33799743652344,99.08300018310547,100.26599884033203,0
2012-06-18,100.43599700927734,100.80599975585938,99.12000274658203,100.44000244140625,0
2012-06-19,99.51799774169922,100.39800262451172,99.18499755859375,99.52799987792969,0
2012-06-20,100.20999908447266,101.11000061035156,99.81999969482422,100.23699951171875,0
2012-06-21,100.70800018310547,101.58999633789062,100.55000305175781,100.71900177001953,0
2012-06-22,100.38899993896484,101.19999694824219,100.41999816894531,100.41999816894531,0
2012-06-25,100.98999786376953,101.01399993896484,99.16000366210938,101.01399993896484,0
2012-06-26,99.57499694824219,99.875,98.74700164794922,99.5790023803711,0
2012-06-27,99.22100067138672,99.60399627685547,99.07099914550781,99.1989974975586,0
2012-06-28,99.36900329589844,99.46399688720703,98.3499984741211,99.3499984741211,0
2012-06-29,98.6780014038086,101.375,98.55000305175781,98.64700317382812,0
2012-07-02,101.03199768066406,101.06199645996094,99.77799987792969,101.06199645996094,0
2012-07-03,99.94400024414062,100.79499816894531,99.91600036621094,99.95099639892578,0
2012-07-04,100.6500015258789,100.63999938964844,99.83000183105469,100.63500213623047,0
2012-07-05,100.05000305175781,100.3270034790039,98.78600311279297,100.0469970703125,0
2012-07-06,98.93299865722656,99.09200286865234,97.80000305175781,98.96499633789062,0
2012-07-09,97.51899719238281,98.02200317382812,97.52999877929688,97.52999877929688,0
2012-07-10,97.98999786376953,98.01000213623047,97.2300033569336,98.01000213623047,0
2012-07-11,97.23999786376953,97.71099853515625,97.0260009765625,97.24500274658203,0
2012-07-12,97.46399688720703,97.72000122070312,96.41999816894531,97.45999908447266,0
2012-07-13,96.70999908447266,97.01000213623047,96.447998046875,96.66500091552734,0
2012-07-16,96.95999908447266,96.97000122070312,96.16600036621094,96.97000122070312,0
2012-07-17,96.69200134277344,97.35700225830078,96.40299987792969,96.6989974975586,0
2012-07-18,97.24199676513672,97.29499816894531,96.4800033569336,97.23100280761719,0
2012-07-19,96.73699951171875,96.81500244140625,96.12999725341797,96.73899841308594,0
2012-07-20,96.66300201416016,96.65699768066406,95.37999725341797,96.65699768066406,0
2012-07-23,95.13899993896484,95.16200256347656,94.24800109863281,95.16200256347656,0
2012-07-24,94.94000244140625,95.0,94.26699829101562,94.9020004272461,0
2012-07-25,94.20999908447266,95.16999816894531,94.13400268554688,94.2239990234375,0
2012-07-26,94.81900024414062,96.39700317382812,94.65799713134766,94.80799865722656,0
2012-07-27,96.1500015258789,97.2699966430664,95.63400268554688,96.1500015258789,0
2012-07-30,96.56400299072266,96.60700225830078,95.52999877929688,96.56500244140625,0
2012-07-31,95.74400329589844,96.27200317382812,95.75,95.76799774169922,0
2012-08-01,96.0199966430664,96.41899871826172,95.72000122070312,96.0199966430664,0
2012-08-02,95.94300079345703,96.81800079345703,94.93000030517578,95.93000030517578,0
2012-08-03,95.25700378417969,97.36799621582031,95.01599884033203,95.26200103759766,0
2012-08-06,97.66799926757812,97.67900085449219,96.68000030517578,97.67900085449219,0
2012-08-07,96.87000274658203,97.78099822998047,96.82499694824219,96.87999725341797,0
2012-08-08,97.3499984741211,97.4020004272461,96.56999969482422,97.3479995727539,0
2012-08-09,97.0,97.26000213623047,96.33300018310547,96.99700164794922,0
2012-08-10,96.62999725341797,96.68000030517578,95.73999786376953,96.5999984741211,0
2012-08-13,96.06199645996094,96.9010009765625,95.93000030517578,96.05599975585938,0
2012-08-14,96.55000305175781,97.447998046875,96.52999877929688,96.52999877929688,0
2012-08-15,97.12699890136719,97.41200256347656,96.5530014038086,97.13300323486328,0
2012-08-16,97.06999969482422,98.01000213623047,97.06999969482422,97.07599639892578,0
2012-08-17,97.93000030517578,98.4010009765625,97.71800231933594,97.95500183105469,0
2012-08-20,98.05000305175781,98.34300231933594,97.73999786376953,98.05899810791016,0
2012-08-21,97.98999786376953,99.16000366210938,97.94000244140625,97.98999786376953,0
2012-08-22,98.8479995727539,99.00199890136719,98.51000213623047,98.88500213623047,0
2012-08-23,98.43399810791016,98.80400085449219,98.28600311279297,98.41999816894531,0
2012-08-24,98.7229995727539,98.802001953125,97.95999908447266,98.7020034790039,0
2012-08-27,98.46800231933594,98.70099639892578,98.31300354003906,98.48400115966797,0
2012-08-28,98.44300079345703,98.80000305175781,97.91000366210938,98.43699645996094,0
2012-08-29,98.75399780273438,98.80699920654297,98.38200378417969,98.75499725341797,0
2012-08-30,98.63700103759766,98.76599884033203,98.052001953125,98.64099884033203,0
2012-08-31,98.2300033569336,99.00599670410156,97.99199676513672,98.24700164794922,0
2012-09-03,98.46800231933594,98.68800354003906,98.23799896240234,98.44599914550781,0
2012-09-04,98.59400177001953,99.0,98.38899993896484,98.5999984741211,0
2012-09-05,98.3499984741211,98.87999725341797,97.9800033569336,98.35099792480469,0
2012-09-06,98.80000305175781,99.77899932861328,98.78700256347656,98.7979965209961,0
2012-09-07,99.62999725341797,100.39399719238281,99.60299682617188,99.6449966430664,0
2012-09-10,100.07599639892578,100.2229995727539,99.94999694824219,100.12100219726562,0
2012-09-11,99.81999969482422,100.21299743652344,99.5199966430664,99.81999969482422,0
2012-09-12,99.91999816894531,100.61900329589844,99.81700134277344,99.94599914550781,0
2012-09-13,100.38999938964844,100.48799896240234,99.83999633789062,100.41300201416016,0
2012-09-14,100.87999725341797,103.00299835205078,100.73999786376953,100.87000274658203,0
2012-09-17,102.72899627685547,103.84200286865234,102.572998046875,102.72000122070312,0
2012-09-18,103.1259994506836,103.16200256347656,102.41999816894531,103.11000061035156,0
2012-09-19,102.74299621582031,103.62000274658203,102.11799621582031,102.76499938964844,0
2012-09-20,102.37200164794922,102.37200164794922,100.9209976196289,102.33999633789062,0
2012-09-21,101.43800354003906,102.06400299072266,101.25,101.46600341796875,0
2012-09-24,101.2699966430664,101.4000015258789,100.37100219726562,101.29000091552734,0
2012-09-25,100.75900268554688,101.0199966430664,100.16000366210938,100.75599670410156,0
2012-09-26,100.25700378417969,100.44000244140625,99.71099853515625,100.2699966430664,0
2012-09-27,100.05000305175781,100.26000213623047,99.6510009765625,100.02999877929688,0
2012-09-28,100.21600341796875,100.66500091552734,99.91899871826172,100.20999908447266,0
2012-10-01,99.83999633789062,101.01799774169922,99.77999877929688,99.84400177001953,0
2012-10-02,100.56800079345703,101.18000030517578,100.48500061035156,100.58499908447266,0
2012-10-03,100.97200012207031,101.4489974975586,100.71600341796875,100.97100067138672,0
2012-10-04,101.36499786376953,102.12000274658203,101.30000305175781,101.37999725341797,0
2012-10-05,102.15499877929688,102.77999877929688,101.84500122070312,102.18000030517578,0
2012-10-08,102.43099975585938,102.40299987792969,101.11000061035156,102.38999938964844,0
2012-10-09,101.5780029296875,101.83499908447266,100.5999984741211,101.58599853515625,0
2012-10-10,100.58300018310547,101.12999725341797,100.4469985961914,100.552001953125,0
2012-10-11,100.38800048828125,101.69599914550781,100.1500015258789,100.37999725341797,0
2012-10-12,101.38400268554688,101.88300323486328,101.23500061035156,101.37200164794922,0
2012-10-15,101.45600128173828,102.24600219726562,101.03800201416016,101.45999908447266,0
2012-10-16,102.1510009765625,103.0479965209961,102.04299926757812,102.14700317382812,0
2012-10-17,103.3499984741211,103.41999816894531,102.89900207519531,103.33899688720703,0
2012-10-18,103.66200256347656,104.11799621582031,103.37300109863281,103.63200378417969,0
2012-10-19,103.62999725341797,103.78800201416016,103.13500213623047,103.64700317382812,0
2012-10-22,103.21099853515625,104.44200134277344,103.14700317382812,103.19999694824219,0
2012-10-23,104.54299926757812,104.51000213623047,103.2959976196289,104.51000213623047,0
2012-10-24,103.54000091552734,103.79000091552734,102.98999786376953,103.56900024414062,0
2012-10-25,103.50599670410156,104.41000366210938,103.50599670410156,103.51699829101562,0
2012-10-26,103.80000305175781,103.90599822998047,102.67900085449219,103.74400329589844,0
2012-10-29,102.91000366210938,103.14600372314453,102.53199768066406,103.04499816894531,0
2012-10-30,102.9489974975586,103.31400299072266,102.16999816894531,102.9540023803711,0
2012-10-31,103.2770004272461,103.92400360107422,103.05999755859375,103.26000213623047,0
2012-11-01,103.52300262451172,103.98699951171875,103.33799743652344,103.52999877929688,0
2012-11-02,103.83499908447266,103.85099792480469,103.25900268554688,103.85099792480469,0
2012-11-05,103.2300033569336,103.31999969482422,102.43000030517578,103.2249984741211,0
2012-11-06,102.58999633789062,102.86399841308594,102.18000030517578,102.58899688720703,0
2012-11-07,102.80999755859375,103.36699676513672,101.8280029296875,102.79199981689453,0
2012-11-08,102.01799774169922,102.11499786376953,101.58000183105469,102.0250015258789,0
2012-11-09,101.2760009765625,101.71900177001953,100.41999816894531,101.25900268554688,0
2012-11-12,101.08999633789062,101.27400207519531,100.87300109863281,101.08200073242188,0
2012-11-13,101.1520004272461,101.20999908447266,100.33599853515625,101.1500015258789,0
2012-11-14,100.9800033569336,102.3740005493164,100.86699676513672,100.9729995727539,0
2012-11-15,102.08999633789062,103.94000244140625,102.0,102.06999969482422,0
2012-11-16,103.68900299072266,103.86399841308594,103.05599975585938,103.68399810791016,0
2012-11-19,104.02400207519531,104.07599639892578,103.52400207519531,104.0530014038086,0
2012-11-20,103.87999725341797,104.64900207519531,103.66500091552734,103.87200164794922,0
2012-11-21,104.73999786376953,105.81999969482422,104.13400268554688,104.71499633789062,0
2012-11-22,106.2239990234375,106.5780029296875,105.69999694824219,106.18000030517578,0
2012-11-23,106.0270004272461,106.80000305175781,105.72799682617188,106.03700256347656,0
2012-11-26,107.02400207519531,107.12899780273438,106.12200164794922,107.08999633789062,0
2012-11-27,106.33699798583984,106.94200134277344,106.12200164794922,106.36100006103516,0
2012-11-28,106.18299865722656,106.33000183105469,105.27200317382812,106.197998046875,0
2012-11-29,106.39700317382812,106.78199768066406,106.1500015258789,106.40699768066406,0
2012-11-30,106.5739974975586,107.66100311279297,106.42500305175781,106.5459976196289,0
2012-12-03,107.15699768066406,107.55000305175781,106.87000274658203,107.15699768066406,0
2012-12-04,107.3010025024414,107.375,106.9260025024414,107.27999877929688,0
2012-12-05,107.16400146484375,107.9530029296875,107.12999725341797,107.17400360107422,0
2012-12-06,107.72000122070312,107.8550033569336,106.85800170898438,107.75700378417969,0
2012-12-07,106.83799743652344,107.0719985961914,106.12999725341797,106.85900115966797,0
2012-12-10,106.52300262451172,106.61000061035156,105.98500061035156,106.5530014038086,0
2012-12-11,106.52999877929688,107.18099975585938,106.47000122070312,106.5459976196289,0
2012-12-12,107.37200164794922,108.18199920654297,107.26000213623047,107.375,0
2012-12-13,108.71900177001953,109.52999877929688,108.65899658203125,108.72599792480469,0
2012-12-14,109.41200256347656,109.95700073242188,109.072998046875,109.39800262451172,0
2012-12-17,110.78900146484375,110.77799987792969,109.93399810791016,110.77799987792969,0
2012-12-18,110.45800018310547,111.01300048828125,110.36399841308594,110.44300079345703,0
2012-12-19,111.572998046875,112.48500061035156,111.49600219726562,111.56999969482422,0
2012-12-20,111.29100036621094,112.13200378417969,110.76000213623047,111.27899932861328,0
2012-12-21,111.73999786376953,111.74800109863281,110.63999938964844,111.74700164794922,0
2012-12-24,111.26000213623047,112.00399780273438,111.12000274658203,111.25,0
2012-12-25,111.81999969482422,111.9800033569336,111.55999755859375,111.80000305175781,0
2012-12-26,112.0510025024414,113.3499984741211,112.05999755859375,112.06199645996094,0
2012-12-27,113.31999969482422,114.3030014038086,113.29000091552734,113.33999633789062,0
2012-12-28,114.5989990234375,114.65699768066406,113.30000305175781,114.58000183105469,0
2012-12-31,113.69000244140625,114.2300033569336,113.43599700927734,113.6989974975586,0
2013-01-01,114.44999694824219,114.48999786376953,114.33999633789062,114.45999908447266,0
2013-01-02,114.28700256347656,115.94999694824219,114.18199920654297,114.30000305175781,0
2013-01-03,115.05999755859375,115.10399627685547,113.65299987792969,115.0260009765625,0
2013-01-04,114.26000213623047,115.03500366210938,114.0999984741211,114.22799682617188,0
2013-01-07,115.25700378417969,115.26300048828125,114.10800170898438,115.26300048828125,0
2013-01-08,114.5,115.19100189208984,113.75299835205078,114.5199966430664,0
2013-01-09,113.64800262451172,114.7750015258789,113.68699645996094,113.69000244140625,0
2013-01-10,115.0530014038086,116.5999984741211,114.822998046875,115.0260009765625,0
2013-01-11,118.46299743652344,119.29199981689453,117.62100219726562,118.5199966430664,0
2013-01-14,119.5999984741211,120.11000061035156,118.90699768066406,119.53500366210938,0
2013-01-15,119.66500091552734,119.96299743652344,117.65799713134766,119.66000366210938,0
2013-01-16,118.12000274658203,118.16600036621094,116.47899627685547,118.11000061035156,0
2013-01-17,117.77100372314453,119.71299743652344,116.99099731445312,117.79000091552734,0
2013-01-18,120.1050033569336,120.66500091552734,119.4800033569336,120.12000274658203,0
2013-01-21,120.10900115966797,120.09400177001953,118.87799835205078,120.09400177001953,0
2013-01-22,119.26300048828125,120.10199737548828,117.39800262451172,119.27999877929688,0
2013-01-23,117.86599731445312,118.30699920654297,117.05000305175781,117.86000061035156,0
2013-01-24,117.86000061035156,120.35700225830078,117.58399963378906,117.87000274658203,0
2013-01-25,121.06099700927734,122.74099731445312,120.66699981689453,121.0199966430664,0
2013-01-28,122.76799774169922,122.76399993896484,121.62699890136719,122.76399993896484,0
2013-01-29,121.63300323486328,122.40699768066406,121.2229995727539,121.61000061035156,0
2013-01-30,122.45999908447266,123.8270034790039,122.38999938964844,122.43000030517578,0
2013-01-31,123.50700378417969,123.91300201416016,122.98999786376953,123.47000122070312,0
2013-02-01,124.822998046875,126.71900177001953,124.6510009765625,124.81999969482422,0
2013-02-04,126.62000274658203,126.68599700927734,125.50299835205078,126.57099914550781,0
2013-02-05,124.51599884033203,126.68000030517578,124.0459976196289,124.51599884033203,0
2013-02-06,127.11000061035156,127.6760025024414,125.91799926757812,127.08999633789062,0
2013-02-07,126.3499984741211,127.43900299072266,124.51000213623047,126.3499984741211,0
2013-02-08,125.34200286865234,125.55000305175781,123.43599700927734,125.27999877929688,0
2013-02-11,123.68499755859375,125.34100341796875,123.5999984741211,123.70099639892578,0
2013-02-12,126.24199676513672,126.9260025024414,124.99500274658203,126.2300033569336,0
2013-02-13,125.50299835205078,126.5270004272461,124.80999755859375,125.52999877929688,0
2013-02-14,125.38400268554688,125.93900299072266,123.85700225830078,125.33999633789062,0
2013-02-15,124.12100219726562,125.23200225830078,122.9000015258789,124.06999969482422,0
2013-02-18,125.03500366210938,125.84200286865234,125.03199768066406,125.05000305175781,0
2013-02-19,124.99099731445312,125.33000183105469,124.59500122070312,124.94999694824219,0
2013-02-20,125.52200317382812,125.84700012207031,124.89600372314453,125.5199966430664,0
2013-02-21,124.30000305175781,124.677001953125,122.28900146484375,124.31999969482422,0
2013-02-22,122.88400268554688,123.73300170898438,122.56900024414062,122.87000274658203,0
2013-02-25,124.33000183105469,125.18900299072266,123.9000015258789,124.33000183105469,0
2013-02-26,120.73999786376953,121.3239974975586,119.05799865722656,120.68000030517578,0
2013-02-27,120.35600280761719,120.50900268554688,119.30000305175781,120.36499786376953,0
2013-02-28,121.45999908447266,121.7969970703125,120.5270004272461,121.43399810791016,0
2013-03-01,120.9229965209961,121.41300201416016,120.35199737548828,120.9000015258789,0
2013-03-04,121.7770004272461,121.97200012207031,121.2760009765625,121.72899627685547,0
2013-03-05,121.74199676513672,121.8270034790039,121.15499877929688,121.7300033569336,0
2013-03-06,121.71900177001953,122.07099914550781,121.5199966430664,121.69999694824219,0
2013-03-07,121.9010009765625,124.05999755859375,121.87999725341797,121.88999938964844,0
2013-03-08,124.43000030517578,125.83499908447266,124.26200103759766,124.38999938964844,0
2013-03-11,124.89199829101562,125.16000366210938,124.6500015258789,124.90499877929688,0
2013-03-12,125.92500305175781,125.9530029296875,124.4209976196289,125.94000244140625,0
2013-03-13,124.81999969482422,125.19400024414062,124.16999816894531,124.85399627685547,0
2013-03-14,124.43000030517578,125.1500015258789,124.05599975585938,124.41999816894531,0
2013-03-15,124.87000274658203,125.76300048828125,124.41000366210938,124.83999633789062,0
2013-03-18,122.31199645996094,123.33599853515625,121.62999725341797,122.34700012207031,0
2013-03-19,123.41500091552734,124.09700012207031,122.16999816894531,123.43000030517578,0
2013-03-20,122.27400207519531,123.96800231933594,122.02999877929688,122.29000091552734,0
2013-03-21,124.16300201416016,124.35700225830078,122.50499725341797,124.12000274658203,0
2013-03-22,122.45999908447266,123.40599822998047,121.52200317382812,122.47000122070312,0
2013-03-25,123.50299835205078,123.83999633789062,121.52200317382812,123.48300170898438,0
2013-03-26,120.80899810791016,121.62200164794922,120.71900177001953,120.7770004272461,0
2013-03-27,121.69000244140625,121.8489990234375,120.01000213623047,121.69000244140625,0
2013-03-28,120.48999786376953,120.91899871826172,119.73999786376953,120.47000122070312,0
2013-03-29,120.7020034790039,120.7969970703125,120.34100341796875,120.66999816894531,0
2013-04-01,120.73200225830078,120.78099822998047,119.5199966430664,120.70500183105469,0
2013-04-02,119.71900177001953,120.14299774169922,119.15699768066406,119.70600128173828,0
2013-04-03,119.66999816894531,120.13800048828125,119.19999694824219,119.62000274658203,0
2013-04-04,119.34400177001953,123.91699981689453,119.16400146484375,119.31400299072266,0
2013-04-05,124.65899658203125,126.64199829101562,123.93800354003906,124.63999938964844,0
2013-04-08,128.29299926757812,128.83700561523438,127.70600128173828,128.35000610351562,0
2013-04-09,129.3459930419922,129.92599487304688,128.43099975585938,129.4040069580078,0
2013-04-10,129.4219970703125,130.47900390625,129.4600067138672,129.4600067138672,0
2013-04-11,130.08900451660156,130.81199645996094,129.75100708007812,130.09100341796875,0
2013-04-12,130.6439971923828,130.74000549316406,129.00100708007812,130.6820068359375,0
2013-04-15,128.86000061035156,129.29299926757812,127.53800201416016,128.91000366210938,0
2013-04-16,126.35199737548828,128.89999389648438,125.99600219726562,126.35700225830078,0
2013-04-17,128.6300048828125,129.72000122070312,127.25,128.6179962158203,0
2013-04-18,127.76599884033203,128.71600341796875,127.18000030517578,127.80699920654297,0
2013-04-19,128.17799377441406,130.19400024414062,128.07000732421875,128.1840057373047,0
2013-04-22,130.2899932861328,130.64999389648438,129.01100158691406,130.32000732421875,0
2013-04-23,129.51699829101562,129.66600036621094,127.89900207519531,129.52999877929688,0
2013-04-24,129.5189971923828,129.7740020751953,128.81700134277344,129.4720001220703,0
2013-04-25,129.4320068359375,129.85000610351562,129.1009979248047,129.406005859375,0
2013-04-26,129.18800354003906,129.28399658203125,127.15599822998047,129.16400146484375,0
2013-04-29,127.5999984741211,128.5709991455078,127.0780029296875,127.5999984741211,0
2013-04-30,128.16000366210938,128.4810028076172,127.19999694824219,128.1510009765625,0
2013-05-01,128.08399963378906,128.8939971923828,127.85700225830078,128.06500244140625,0
2013-05-02,128.0189971923828,129.8509979248047,127.57099914550781,128.00999450683594,0
2013-05-03,127.94200134277344,130.31399536132812,127.95800018310547,127.95800018310547,0
2013-05-06,130.0260009765625,130.38900756835938,129.61000061035156,130.03500366210938,0
2013-05-07,129.8699951171875,130.3300018310547,129.29100036621094,129.8800048828125,0
2013-05-08,129.1649932861328,130.37399291992188,129.1510009765625,129.1510009765625,0
2013-05-09,130.12899780273438,130.20799255371094,129.6199951171875,130.1219940185547,0
2013-05-10,131.33700561523438,132.2169952392578,131.2969970703125,131.39100646972656,0
2013-05-13,132.16799926757812,132.2220001220703,131.58200073242188,132.177001953125,0
2013-05-14,132.00999450683594,132.63499450683594,131.55799865722656,132.03599548339844,0
2013-05-15,132.2050018310547,132.3800048828125,131.22999572753906,132.1909942626953,0
2013-05-16,131.71299743652344,132.17799377441406,131.3090057373047,131.697998046875,0
2013-05-17,131.58200073242188,132.13900756835938,131.3209991455078,131.56399536132812,0
2013-05-20,131.8000030517578,132.11500549316406,131.5659942626953,131.81300354003906,0
2013-05-21,131.6999969482422,132.375,131.68299865722656,131.68299865722656,0
2013-05-22,132.3280029296875,133.70599365234375,132.32000732421875,132.33900451660156,0
2013-05-23,132.48399353027344,132.8560028076172,130.02999877929688,132.51800537109375,0
2013-05-24,132.33099365234375,132.51600646972656,130.34100341796875,132.3300018310547,0
2013-05-27,130.73899841308594,130.89199829101562,130.29400634765625,130.75999450683594,0
2013-05-28,130.7689971923828,132.11099243164062,130.77699279785156,130.78900146484375,0
2013-05-29,131.59300231933594,131.6840057373047,130.4600067138672,131.66099548339844,0
2013-05-30,130.64599609375,131.9219970703125,130.22999572753906,130.7010040283203,0
2013-05-31,131.8459930419922,132.02999877929688,130.27499389648438,131.85499572753906,0
2013-06-03,130.5780029296875,130.97999572753906,129.52999877929688,130.5709991455078,0
2013-06-04,130.35499572753906,131.31399536132812,129.94900512695312,130.34800720214844,0
2013-06-05,131.04100036621094,131.35499572753906,129.6199951171875,131.07000732421875,0
2013-06-06,129.55599975585938,130.6840057373047,129.2030029296875,129.57000732421875,0
2013-06-07,128.8820037841797,129.10000610351562,126.31800079345703,128.92799377441406,0
2013-06-10,129.7259979248047,130.92599487304688,129.22900390625,129.78599548339844,0
2013-06-11,131.0399932861328,131.12399291992188,128.2270050048828,131.0290069580078,0
2013-06-12,127.95999908447266,129.32699584960938,127.1709976196289,127.95899963378906,0
2013-06-13,127.97000122070312,127.96299743652344,125.04900360107422,127.96299743652344,0
2013-06-14,127.63999938964844,127.8219985961914,125.65399932861328,127.64600372314453,0
2013-06-17,125.79000091552734,126.83200073242188,125.71299743652344,125.82099914550781,0
2013-06-18,126.52400207519531,128.06399536132812,126.2030029296875,126.51300048828125,0
2013-06-19,127.8740005493164,128.1020050048828,127.07599639892578,127.8499984741211,0
2013-06-20,128.36000061035156,129.8699951171875,127.83100128173828,128.37100219726562,0
2013-06-21,128.5590057373047,129.6490020751953,127.80599975585938,128.56700134277344,0
2013-06-24,128.9720001220703,129.20700073242188,127.30599975585938,128.9759979248047,0
2013-06-25,128.06100463867188,128.6510009765625,127.38800048828125,128.04800415039062,0
2013-06-26,128.4029998779297,128.43800354003906,126.58699798583984,128.41200256347656,0
2013-06-27,127.22000122070312,128.19000244140625,127.06199645996094,127.25700378417969,0
2013-06-28,128.3419952392578,129.62600708007812,128.33799743652344,128.33799743652344,0
2013-07-01,129.32000732421875,130.20700073242188,129.0970001220703,129.35899353027344,0
2013-07-02,130.2220001220703,130.8780059814453,129.83599853515625,130.22999572753906,0
2013-07-03,130.7259979248047,130.83200073242188,128.6719970703125,130.75100708007812,0
2013-07-04,130.0399932861328,130.14199829101562,128.8300018310547,130.0399932861328,0
2013-07-05,129.36300659179688,129.69200134277344,128.61099243164062,129.37899780273438,0
2013-07-08,130.04800415039062,130.1699981689453,129.41600036621094,130.0500030517578,0
2013-07-09,129.77999877929688,130.5489959716797,129.0679931640625,129.77000427246094,0
2013-07-10,129.281005859375,129.33399963378906,128.03399658203125,129.28900146484375,0
2013-07-11,129.8780975341797,130.39599609375,128.67799377441406,129.82899475097656,0
2013-07-12,129.7220001220703,129.91400146484375,128.91700744628906,129.72000122070312,0
2013-07-15,129.54800415039062,130.69000244140625,129.3800048828125,129.5500030517578,0
2013-07-16,130.5,130.77000427246094,130.03799438476562,130.51300048828125,0
2013-07-17,130.37240600585938,131.3000030517578,130.28700256347656,130.40199279785156,0
2013-07-18,130.70599365234375,131.71299743652344,130.5500030517578,130.72000122070312,0
2013-07-19,131.78599548339844,132.09500122070312,131.25,131.75,0
2013-07-22,132.09100341796875,132.0189971923828,131.14100646972656,132.0189971923828,0
2013-07-23,130.9980010986328,132.00399780273438,130.86199951171875,130.98500061035156,0
2013-07-24,131.55799865722656,132.7209930419922,131.47900390625,131.53900146484375,0
2013-07-25,132.47900390625,132.4550018310547,131.4739990234375,132.4550018310547,0
2013-07-26,131.7779998779297,131.8560028076172,130.1009979248047,131.7429962158203,0
2013-07-29,130.1300048828125,130.4340057373047,129.6820068359375,130.16000366210938,0
2013-07-30,130.0290069580078,130.49000549316406,129.8730010986328,130.04299926757812,0
2013-07-31,130.01300048828125,130.66700744628906,129.33700561523438,129.9739990234375,0
2013-08-01,130.1199951171875,131.41099548339844,129.94400024414062,130.1300048828125,0
2013-08-02,131.34100341796875,131.9199981689453,131.13299560546875,131.35000610351562,0
2013-08-05,131.36000061035156,131.54200744628906,130.53199768066406,131.3090057373047,0
2013-08-06,130.23899841308594,130.718994140625,129.7830047607422,130.26499938964844,0
2013-08-07,129.48300170898438,129.6649932861328,128.50799560546875,129.4530029296875,0
2013-08-08,128.81500244140625,129.20899963378906,128.22799682617188,128.81399536132812,0
2013-08-09,129.42300415039062,129.6719970703125,128.3300018310547,129.4510040283203,0
2013-08-12,128.14100646972656,128.87399291992188,128.0260009765625,128.11399841308594,0
2013-08-13,129.20700073242188,130.4409942626953,129.13299560546875,129.1510009765625,0
2013-08-14,130.1999969482422,130.6490020751953,129.8300018310547,130.17100524902344,0
2013-08-15,129.78500366210938,130.66900634765625,129.4219970703125,129.73899841308594,0
2013-08-16,129.5800018310547,130.39999389648438,129.60000610351562,129.60000610351562,0
2013-08-19,130.1750030517578,131.031005859375,129.8699951171875,130.17999267578125,0
2013-08-20,130.10000610351562,130.7429962158203,129.3249969482422,130.16000366210938,0
2013-08-21,130.6060028076172,130.9759979248047,130.37899780273438,130.56399536132812,0
2013-08-22,130.47999572753906,131.6909942626953,130.4340057373047,130.46099853515625,0
2013-08-23,132.05099487304688,132.40499877929688,131.8800048828125,132.05999755859375,0
2013-08-26,132.1230010986328,132.29200744628906,131.5489959716797,132.13800048828125,0
2013-08-27,131.46800231933594,131.56700134277344,129.87399291992188,131.468994140625,0
2013-08-28,129.7550048828125,130.5469970703125,129.7259979248047,129.7259979248047,0
2013-08-29,130.3040008544922,130.50100708007812,129.98300170898438,130.33900451660156,0
2013-08-30,130.11000061035156,130.3179931640625,129.39599609375,130.10299682617188,0
2013-09-02,129.93800354003906,131.35800170898438,129.89999389648438,129.89999389648438,0
2013-09-03,131.31399536132812,131.41900634765625,130.6529998779297,131.31700134277344,0
2013-09-04,131.11900329589844,131.63299560546875,130.82699584960938,131.13999938964844,0
2013-09-05,131.63999938964844,132.1219940185547,131.03700256347656,131.63900756835938,0
2013-09-06,131.33999633789062,131.3300018310547,129.93899536132812,131.3300018310547,0
2013-09-09,131.71499633789062,132.0050048828125,130.9810028076172,131.73300170898438,0
2013-09-10,132.17999267578125,133.25999450683594,131.91900634765625,132.177001953125,0
2013-09-11,133.0399932861328,133.3280029296875,132.8090057373047,133.06900024414062,0
2013-09-12,132.91000366210938,132.97900390625,131.76300048828125,132.8800048828125,0
2013-09-13,132.4219970703125,132.63800048828125,131.65699768066406,132.3800048828125,0
2013-09-16,132.26499938964844,132.3520050048828,131.8719940185547,132.26600646972656,0
2013-09-17,132.12399291992188,132.63600158691406,132.11000061035156,132.1219940185547,0
2013-09-18,132.39999389648438,132.58700561523438,131.89300537109375,132.40899658203125,0
2013-09-19,132.7899932861328,134.93800354003906,132.593994140625,132.83599853515625,0
2013-09-20,134.50999450683594,134.71400451660156,134.1750030517578,134.5,0
2013-09-23,134.35499572753906,134.3699951171875,133.08799743652344,134.36500549316406,0
2013-09-24,133.25999450683594,133.98699951171875,132.72900390625,133.30799865722656,0
2013-09-25,133.01400756835938,133.53799438476562,132.71099853515625,133.0050048828125,0
2013-09-26,133.06300354003906,133.92300415039062,132.88400268554688,133.05599975585938,0
2013-09-27,133.39300537109375,133.5229949951172,132.96600341796875,133.39999389648438,0
2013-09-30,132.01499938964844,133.052001953125,131.656005859375,131.968994140625,0
2013-10-01,133.07400512695312,133.41799926757812,132.3470001220703,133.0399932861328,0
2013-10-02,132.42799377441406,132.5469970703125,131.41600036621094,132.427001953125,0
2013-10-03,132.25,133.1739959716797,132.12100219726562,132.2790069580078,0
2013-10-04,132.48199462890625,132.64500427246094,131.781005859375,132.48800659179688,0
2013-10-07,132.00999450683594,131.96400451660156,131.3699951171875,131.9600067138672,0
2013-10-08,131.2899932861328,132.00999450683594,131.22000122070312,131.30999755859375,0
2013-10-09,131.76600646972656,132.1529998779297,131.24200439453125,131.8070068359375,0
2013-10-10,131.75999450683594,132.8000030517578,131.72999572753906,131.7729949951172,0
2013-10-11,132.8209991455078,133.56300354003906,132.8699951171875,132.8800048828125,0
2013-10-14,133.2790069580078,133.4250030517578,133.13400268554688,133.29600524902344,0
2013-10-15,133.75,133.7209930419922,132.8260040283203,133.7209930419922,0
2013-10-16,133.22300720214844,133.7050018310547,132.97999572753906,133.28500366210938,0
2013-10-17,133.75900268554688,133.88999938964844,133.32899475097656,133.8000030517578,0
2013-10-18,133.91000366210938,134.17100524902344,133.61900329589844,133.93099975585938,0
2013-10-21,133.98300170898438,134.32000732421875,133.87899780273438,134.00799560546875,0
2013-10-22,134.27200317382812,135.47999572753906,134.1999969482422,134.23599243164062,0
2013-10-23,135.21099853515625,135.26600646972656,133.61500549316406,135.1929931640625,0
2013-10-24,134.24000549316406,134.76300048828125,133.8800048828125,134.197998046875,0
2013-10-25,134.41700744628906,134.45700073242188,133.89700317382812,134.3990020751953,0
2013-10-28,134.7100067138672,134.92100524902344,134.5489959716797,134.74200439453125,0
2013-10-29,134.60800170898438,135.16000366210938,134.25599670410156,134.61300659179688,0
2013-10-30,134.94000244140625,135.2989959716797,134.77999877929688,134.927001953125,0
2013-10-31,135.18699645996094,135.22000122070312,133.39999389648438,135.14300537109375,0
2013-11-01,133.51300048828125,133.57000732421875,132.6009979248047,133.50999450683594,0
2013-11-04,133.17300415039062,133.32899475097656,132.86900329589844,133.16000366210938,0
2013-11-05,133.2989959716797,133.29400634765625,132.3800048828125,133.27999877929688,0
2013-11-06,132.6479949951172,133.6929931640625,132.5500030517578,132.64999389648438,0
2013-11-07,133.3509979248047,133.5240020751953,131.92999267578125,133.35000610351562,0
2013-11-08,131.63099670410156,132.23399353027344,131.32000732421875,131.61000061035156,0
2013-11-11,132.4029998779297,133.11000061035156,132.1999969482422,132.406005859375,0
2013-11-12,132.92999267578125,133.99600219726562,132.90699768066406,132.93499755859375,0
2013-11-13,133.87100219726562,133.8560028076172,133.24200439453125,133.80999755859375,0
2013-11-14,133.83099365234375,134.61700439453125,133.7480010986328,133.77000427246094,0
2013-11-15,134.78700256347656,135.24000549316406,134.5050048828125,134.72000122070312,0
2013-11-18,135.302001953125,135.30299377441406,134.81100463867188,135.25900268554688,0
2013-11-19,134.85000610351562,135.55499267578125,134.61500549316406,134.8070068359375,0
2013-11-20,135.8769989013672,135.8260040283203,134.43299865722656,135.822998046875,0
2013-11-21,134.58999633789062,135.98500061035156,134.5260009765625,134.63099670410156,0
2013-11-22,136.48599243164062,136.98399353027344,136.03399658203125,136.42599487304688,0
2013-11-25,137.27099609375,137.96299743652344,137.00999450683594,137.21800231933594,0
2013-11-26,137.1439971923828,137.6580047607422,137.1300048828125,137.23300170898438,0
2013-11-27,137.34800720214844,138.76600646972656,137.3489990234375,137.3489990234375,0
2013-11-28,138.72000122070312,139.14999389648438,138.3300018310547,138.70599365234375,0
2013-11-29,139.14500427246094,139.6649932861328,138.95700073242188,139.1199951171875,0
2013-12-02,139.1999969482422,139.56199645996094,139.0240020751953,139.22000122070312,0
2013-12-03,139.3979949951172,140.01300048828125,139.08999633789062,139.41000366210938,0
2013-12-04,139.08999633789062,139.5800018310547,138.73500061035156,139.08799743652344,0
2013-12-05,139.11599731445312,139.5229949951172,138.4739990234375,139.06199645996094,0
2013-12-06,139.05999755859375,140.63400268554688,139.03799438476562,139.052001953125,0
2013-12-09,141.3509979248047,141.5749969482422,140.98899841308594,141.3209991455078,0
2013-12-10,141.8699951171875,142.14999389648438,141.28500366210938,141.83999633789062,0
2013-12-11,141.5,141.6750030517578,140.9199981689453,141.49000549316406,0
2013-12-12,141.30299377441406,141.91000366210938,141.2239990234375,141.3070068359375,0
2013-12-13,142.3719940185547,142.79600524902344,141.4459991455078,142.33999633789062,0
2013-12-16,141.88999938964844,142.11099243164062,141.2429962158203,141.8560028076172,0
2013-12-17,141.75900268554688,141.9409942626953,141.03700256347656,141.7570037841797,0
2013-12-18,141.3090057373047,142.093994140625,141.3159942626953,141.32699584960938,0
2013-12-19,142.56399536132812,142.63600158691406,141.86000061035156,142.58999633789062,0
2013-12-20,142.38600158691406,142.7209930419922,142.1999969482422,142.43299865722656,0
2013-12-23,142.2790069580078,142.68699645996094,142.07000732421875,142.27200317382812,0
2013-12-24,142.68099975585938,142.86300659179688,142.47000122070312,142.6699981689453,0
2013-12-25,142.6179962158203,142.85000610351562,142.54299926757812,142.7050018310547,0
2013-12-26,142.84500122070312,143.50999450683594,142.88999938964844,142.88999938964844,0
2013-12-27,143.6269989013672,145.61500549316406,143.5959930419922,143.63999938964844,0
2013-12-30,144.8300018310547,145.09500122070312,144.57000732421875,144.7969970703125,0
2013-12-31,144.89999389648438,144.9459991455078,144.40499877929688,144.86599731445312,0
2014-01-01,144.75,145.052001953125,144.66000366210938,144.75,0
2014-01-02,145.01100158691406,145.00399780273438,142.92999267578125,144.97900390625,0
2014-01-03,143.2570037841797,143.3000030517578,141.97500610351562,143.2519989013672,0
2014-01-06,142.62600708007812,142.75,141.5030059814453,142.6219940185547,0
2014-01-07,142.0449981689453,142.57000732421875,141.97000122070312,142.04299926757812,0
2014-01-08,142.57899475097656,143.14500427246094,142.22000122070312,142.57000732421875,0
2014-01-09,142.29100036621094,143.00999450683594,142.07000732421875,142.27000427246094,0
2014-01-10,142.6300048828125,142.9499969482422,142.12399291992188,142.6219940185547,0
2014-01-13,142.09800720214844,142.1479949951172,140.53599548339844,142.0760040283203,0
2014-01-14,140.95599365234375,141.8730010986328,140.8000030517578,140.92999267578125,0
2014-01-15,142.4029998779297,142.5709991455078,141.79299926757812,142.37399291992188,0
2014-01-16,142.2100067138672,142.90499877929688,141.77000427246094,142.24600219726562,0
2014-01-17,141.99899291992188,142.14500427246094,141.32699584960938,142.02000427246094,0
2014-01-20,141.00999450683594,141.36099243164062,140.3209991455078,141.02000427246094,0
2014-01-21,141.18099975585938,141.83900451660156,141.03900146484375,141.20399475097656,0
2014-01-22,141.3300018310547,141.8159942626953,141.0500030517578,141.3000030517578,0
2014-01-23,141.7100067138672,142.38999938964844,141.22300720214844,141.74000549316406,0
2014-01-24,141.49600219726562,141.76199340820312,139.75999450683594,141.47000122070312,0
2014-01-27,139.68899536132812,140.65699768066406,139.69500732421875,139.69500732421875,0
2014-01-28,140.38999938964844,140.95599365234375,140.1820068359375,140.38400268554688,0
2014-01-29,140.9530029296875,141.22999572753906,139.22999572753906,140.95799255371094,0
2014-01-30,139.71299743652344,139.92300415039062,138.9040069580078,139.64999389648438,0
2014-01-31,139.3159942626953,139.46499633789062,137.60699462890625,139.24400329589844,0
2014-02-03,137.8280029296875,138.09800720214844,136.70599365234375,137.88299560546875,0
2014-02-04,136.77000427246094,137.156005859375,136.27200317382812,136.78900146484375,0
2014-02-05,137.44000244140625,137.43600463867188,136.56900024414062,137.4250030517578,0
2014-02-06,137.31900024414062,138.79299926757812,136.7790069580078,137.3179931640625,0
2014-02-07,138.677001953125,139.30599975585938,138.18499755859375,138.6490020751953,0
2014-02-10,139.62399291992188,139.63499450683594,139.16000366210938,139.572998046875,0
2014-02-11,139.36300659179688,140.21499633789062,139.28900146484375,139.3489990234375,0
2014-02-12,139.7969970703125,139.94000244140625,138.71800231933594,139.79200744628906,0
2014-02-13,139.24000549316406,139.63800048828125,138.8800048828125,139.22999572753906,0
2014-02-14,139.75999450683594,140.05099487304688,139.02000427246094,139.75999450683594,0
2014-02-17,139.1300048828125,139.73599243164062,138.97799682617188,139.1750030517578,0
2014-02-18,139.85000610351562,141.00100708007812,139.49000549316406,139.8350067138672,0
2014-02-19,140.80499267578125,140.8159942626953,140.00999450683594,140.75,0
2014-02-20,140.45599365234375,140.5970001220703,139.1820068359375,140.45799255371094,0
2014-02-21,140.36500549316406,141.2480010986328,140.31700134277344,140.39199829101562,0
2014-02-24,140.8350067138672,141.03399658203125,140.3520050048828,140.85000610351562,0
2014-02-25,140.73199462890625,140.9499969482422,140.13600158691406,140.7830047607422,0
2014-02-26,140.39700317382812,140.7779998779297,139.63999938964844,140.38999938964844,0
2014-02-27,139.94000244140625,140.1300048828125,138.7989959716797,139.9550018310547,0
2014-02-28,139.9499969482422,141.09300231933594,139.1230010986328,139.96600341796875,0
2014-03-03,139.5590057373047,139.86599731445312,139.27999877929688,139.57000732421875,0
2014-03-04,139.3070068359375,140.44000244140625,139.302001953125,139.302001953125,0
2014-03-05,140.39199829101562,140.75999450683594,140.1699981689453,140.447998046875,0
2014-03-06,140.5679931640625,142.75900268554688,140.5019989013672,140.5449981689453,0
2014-03-07,142.82200622558594,143.77699279785156,142.5399932861328,142.83900451660156,0
2014-03-10,143.2100067138672,143.58399963378906,142.84300231933594,143.18899536132812,0
2014-03-11,143.27200317382812,143.41799926757812,142.83299255371094,143.27000427246094,0
2014-03-12,142.4969940185547,142.93800354003906,142.23699951171875,142.50100708007812,0
2014-03-13,142.90699768066406,143.35000610351562,142.25999450683594,142.92999267578125,0
2014-03-14,141.1020050048828,141.46099853515625,140.46099853515625,141.11000061035156,0
2014-03-17,140.9499969482422,141.92300415039062,140.9040069580078,140.96800231933594,0
2014-03-18,141.8520050048828,141.94400024414062,140.77200317382812,141.8800048828125,0
2014-03-19,141.29100036621094,141.5679931640625,141.05999755859375,141.33299255371094,0
2014-03-20,141.6060028076172,141.71099853515625,140.82000732421875,141.5449981689453,0
2014-03-21,141.13499450683594,141.2760009765625,140.44900512695312,141.0989990234375,0
2014-03-24,141.05799865722656,141.8679962158203,140.72999572753906,141.08999633789062,0
2014-03-25,141.42599487304688,141.58200073242188,140.8699951171875,141.46099853515625,0
2014-03-26,141.32400512695312,141.48899841308594,141.03399658203125,141.3699951171875,0
2014-03-27,140.4320068359375,141.01100158691406,140.29800415039062,140.4810028076172,0
2014-03-28,140.36399841308594,141.61000061035156,139.9499969482422,140.36500549316406,0
2014-03-31,141.4980010986328,142.57400512695312,141.30999755859375,141.41600036621094,0
2014-04-01,142.16700744628906,142.95799255371094,141.9980010986328,142.1540069580078,0
2014-04-02,142.95399475097656,143.45799255371094,142.7270050048828,142.9409942626953,0
2014-04-03,142.98599243164062,143.38999938964844,142.29800415039062,142.94200134277344,0
2014-04-04,142.5749969482422,142.58700561523438,141.5679931640625,142.5500030517578,0
2014-04-07,141.58999633789062,141.86300659179688,141.1280059814453,141.58999633789062,0
2014-04-08,141.6280059814453,141.6300048828125,140.75,141.61900329589844,0
2014-04-09,140.61199951171875,140.9459991455078,140.4429931640625,140.59800720214844,0
2014-04-10,141.45599365234375,141.53700256347656,140.61000061035156,141.4530029296875,0
2014-04-11,140.7899932861328,141.51199340820312,140.6529998779297,140.7449951171875,0
2014-04-14,140.46499633789062,140.9040069580078,140.4409942626953,140.53700256347656,0
2014-04-15,140.7899932861328,140.875,140.24600219726562,140.7689971923828,0
2014-04-16,140.68600463867188,141.73199462890625,140.6820068359375,140.6820068359375,0
2014-04-17,141.27999877929688,141.61099243164062,140.9949951171875,141.26100158691406,0
2014-04-18,141.48599243164062,141.6199951171875,141.37100219726562,141.4929962158203,0
2014-04-21,141.66900634765625,141.8179931640625,141.39999389648438,141.6699981689453,0
2014-04-22,141.61000061035156,141.75,141.21600341796875,141.6199951171875,0
2014-04-23,141.68699645996094,141.97999572753906,141.2010040283203,141.69400024414062,0
2014-04-24,141.61000061035156,141.76800537109375,141.06100463867188,141.5919952392578,0
2014-04-25,141.50100708007812,141.72799682617188,141.03900146484375,141.50100708007812,0
2014-04-28,141.29600524902344,142.125,141.00999450683594,141.25999450683594,0
2014-04-29,141.99099731445312,142.45599365234375,141.60699462890625,142.0,0
2014-04-30,141.66900634765625,142.06300354003906,141.14999389648438,141.67100524902344,0
2014-05-01,141.75900268554688,141.99600219726562,141.66000366210938,141.7899932861328,0
2014-05-02,141.84100341796875,142.3159942626953,141.6699981689453,141.83999633789062,0
2014-05-05,141.76199340820312,141.80099487304688,141.2830047607422,141.7689971923828,0
2014-05-06,141.71400451660156,142.0800018310547,141.3730010986328,141.718994140625,0
2014-05-07,141.65699768066406,141.97000122070312,141.14999389648438,141.6999969482422,0
2014-05-08,141.7010040283203,142.33200073242188,140.80999755859375,141.69000244140625,0
2014-05-09,140.63600158691406,140.79600524902344,139.88299560546875,140.63999938964844,0
2014-05-12,140.20399475097656,140.61399841308594,140.1439971923828,140.19000244140625,0
2014-05-13,140.5469970703125,140.9429931640625,140.00999450683594,140.55099487304688,0
2014-05-14,140.1300048828125,140.25399780273438,139.5,140.11399841308594,0
2014-05-15,139.67999267578125,139.8470001220703,138.98599243164062,139.5959930419922,0
2014-05-16,139.21800231933594,139.41400146484375,138.7689971923828,139.197998046875,0
2014-05-19,139.13999938964844,139.25100708007812,138.6280059814453,139.1280059814453,0
2014-05-20,139.17999267578125,139.2899932861328,138.5500030517578,139.1199951171875,0
2014-05-21,138.76400756835938,138.87600708007812,138.1300048828125,138.76199340820312,0
2014-05-22,138.75799560546875,139.11399841308594,138.63999938964844,138.78199768066406,0
2014-05-23,138.94500732421875,139.02000427246094,138.6060028076172,138.9550018310547,0
2014-05-26,138.96099853515625,139.09300231933594,138.72000122070312,138.9600067138672,0
2014-05-27,139.10000610351562,139.35699462890625,138.8300018310547,139.11000061035156,0
2014-05-28,139.0399932861328,139.02099609375,138.30999755859375,139.02099609375,0
2014-05-29,138.25999450683594,138.50399780273438,137.96200561523438,138.2689971923828,0
2014-05-30,138.3730010986328,138.85800170898438,138.08999633789062,138.3300018310547,0
2014-06-02,138.8300018310547,139.24000549316406,138.67599487304688,138.8350067138672,0
2014-06-03,139.27000427246094,139.7270050048828,139.12399291992188,139.25399780273438,0
2014-06-04,139.69000244140625,139.9320068359375,139.55999755859375,139.69200134277344,0
2014-06-05,139.66000366210938,139.77000427246094,138.7030029296875,139.66400146484375,0
2014-06-06,139.9199981689453,139.9080047607422,139.39300537109375,139.90499877929688,0
2014-06-09,139.8000030517578,139.96800231933594,139.27999877929688,139.86900329589844,0
2014-06-10,139.27000427246094,139.3000030517578,138.4600067138672,139.3000030517578,0
2014-06-11,138.52000427246094,138.58700561523438,137.8699951171875,138.51600646972656,0
2014-06-12,138.0500030517578,138.33999633789062,137.8090057373047,138.07400512695312,0
2014-06-13,137.8300018310547,138.5279998779297,137.84800720214844,137.85000610351562,0
2014-06-16,138.01800537109375,138.23699951171875,137.70700073242188,138.01499938964844,0
2014-06-17,138.29800415039062,138.531005859375,138.1999969482422,138.3000030517578,0
2014-06-18,138.43099975585938,138.69200134277344,138.33999633789062,138.41700744628906,0
2014-06-19,138.47000122070312,138.87399291992188,138.41200256347656,138.49000549316406,0
2014-06-20,138.718994140625,138.8800048828125,138.54100036621094,138.6699981689453,0
2014-06-23,138.71800231933594,138.802001953125,138.27499389648438,138.7469940185547,0
2014-06-24,138.55999755859375,138.92300415039062,138.44900512695312,138.5399932861328,0
2014-06-25,138.64700317382812,138.80999755859375,138.55499267578125,138.66000366210938,0
2014-06-26,138.72999572753906,138.8090057373047,137.927001953125,138.75,0
2014-06-27,138.35000610351562,138.36000061035156,137.97999572753906,138.35000610351562,0
2014-06-30,138.38999938964844,138.72500610351562,138.11300659179688,138.3780059814453,0
2014-07-01,138.68499755859375,139.1199951171875,138.68699645996094,138.6999969482422,0
2014-07-02,138.9239959716797,139.02499389648438,138.54299926757812,138.94000244140625,0
2014-07-03,139.03199768066406,139.26199340820312,138.96800231933594,139.02999877929688,0
2014-07-04,139.07000732421875,139.0570068359375,138.57000732421875,139.0540008544922,0
2014-07-07,138.75100708007812,138.8070068359375,138.42999267578125,138.7570037841797,0
2014-07-08,138.52999877929688,138.5500030517578,138.11000061035156,138.52000427246094,0
2014-07-09,138.13999938964844,138.75,138.13999938964844,138.13999938964844,0
2014-07-10,138.52699279785156,138.58099365234375,137.47000122070312,138.53199768066406,0
2014-07-11,137.80099487304688,138.01600646972656,137.66299438476562,137.7899932861328,0
2014-07-14,137.8699951171875,138.43899536132812,137.81100463867188,137.86000061035156,0
2014-07-15,138.28799438476562,138.4199981689453,137.89999389648438,138.31199645996094,0
2014-07-16,137.97000122070312,138.0760040283203,137.5399932861328,137.9949951171875,0
2014-07-17,137.48699951171875,137.5399932861328,136.98500061035156,137.48800659179688,0
2014-07-18,136.8350067138672,137.27999877929688,136.7760009765625,136.7949981689453,0
2014-07-21,137.1199951171875,137.1300048828125,136.8699951171875,137.12100219726562,0
2014-07-22,137.1490020751953,137.3300018310547,136.58999633789062,137.13699340820312,0
2014-07-23,136.64999389648438,136.75,136.39599609375,136.6580047607422,0
2014-07-24,136.64999389648438,137.1750030517578,136.36700439453125,136.65499877929688,0
2014-07-25,137.00999450683594,137.24000549316406,136.6529998779297,137.02000427246094,0
2014-07-28,136.6300048828125,136.91000366210938,136.63999938964844,136.63999938964844,0
2014-07-29,136.83099365234375,137.09500122070312,136.77200317382812,136.82000732421875,0
2014-07-30,136.88299560546875,137.66200256347656,136.82699584960938,136.8679962158203,0
2014-07-31,137.75,137.83599853515625,137.5,137.74400329589844,0
2014-08-01,137.59300231933594,137.9720001220703,137.58399963378906,137.58399963378906,0
2014-08-04,137.7100067138672,137.88999938964844,137.42799377441406,137.69000244140625,0
2014-08-05,137.6199951171875,137.7169952392578,137.32899475097656,137.6300048828125,0
2014-08-06,137.17599487304688,137.177001953125,136.44000244140625,137.177001953125,0
2014-08-07,136.63499450683594,137.11000061035156,136.33599853515625,136.64199829101562,0
2014-08-08,136.4199981689453,136.7100067138672,135.72900390625,136.39999389648438,0
2014-08-11,136.9320068359375,136.92999267578125,136.58999633789062,136.92999267578125,0
2014-08-12,136.7969970703125,136.85699462890625,136.36599731445312,136.7790069580078,0
2014-08-13,136.68800354003906,137.16200256347656,136.61300659179688,136.6699981689453,0
2014-08-14,136.88999938964844,137.23199462890625,136.79600524902344,136.91099548339844,0
2014-08-15,136.9499969482422,137.57400512695312,136.8000030517578,136.94900512695312,0
2014-08-18,137.12399291992188,137.25100708007812,136.88999938964844,137.1230010986328,0
2014-08-19,137.10000610351562,137.1199951171875,136.81900024414062,137.10000610351562,0
2014-08-20,137.12399291992188,137.37100219726562,137.00900268554688,137.1219940185547,0
2014-08-21,137.5030059814453,137.91799926757812,137.47000122070312,137.5,0
2014-08-22,137.8939971923828,137.98899841308594,137.31199645996094,137.8800048828125,0
2014-08-25,137.51400756835938,137.6510009765625,137.0800018310547,137.50100708007812,0
2014-08-26,137.2100067138672,137.3780059814453,137.01699829101562,137.23599243164062,0
2014-08-27,137.07000732421875,137.281005859375,136.75399780273438,137.07200622558594,0
2014-08-28,137.01400756835938,137.18499755859375,136.41000366210938,137.02200317382812,0
2014-08-29,136.71299743652344,137.1739959716797,136.5800018310547,136.73199462890625,0
2014-09-01,136.74600219726562,137.031005859375,136.6510009765625,136.74600219726562,0
2014-09-02,137.0070037841797,137.9720001220703,136.99099731445312,137.00999450683594,0
2014-09-03,138.1739959716797,138.25900268554688,137.72000122070312,138.14300537109375,0
2014-09-04,137.88999938964844,137.9949951171875,135.98199462890625,137.88999938964844,0
2014-09-05,136.5469970703125,136.50999450683594,135.82000732421875,136.50999450683594,0
2014-09-08,136.2310028076172,136.78700256347656,135.88099670410156,136.1820068359375,0
2014-09-09,136.8300018310547,137.28900146484375,136.61900329589844,136.75999450683594,0
2014-09-10,137.33599853515625,138.14599609375,137.30299377441406,137.30299377441406,0
2014-09-11,137.9929962158203,138.49000549316406,137.74400329589844,138.0,0
2014-09-12,138.40499877929688,138.99099731445312,138.3470001220703,138.41299438476562,0
2014-09-15,139.08799743652344,139.0959930419922,138.45700073242188,139.08999633789062,0
2014-09-16,138.6300048828125,138.79100036621094,138.52999877929688,138.6219940185547,0
2014-09-17,138.80999755859375,139.44000244140625,138.77000427246094,138.83200073242188,0
2014-09-18,139.42799377441406,140.41000366210938,139.35000610351562,139.41400146484375,0
2014-09-19,140.5540008544922,141.2100067138672,139.6820068359375,140.5780029296875,0
2014-09-22,139.90499877929688,140.1790008544922,139.6179962158203,139.8699951171875,0
2014-09-23,139.74000549316406,140.18099975585938,139.2899932861328,139.7220001220703,0
2014-09-24,139.47000122070312,139.7570037841797,138.9980010986328,139.4810028076172,0
2014-09-25,139.67100524902344,139.68800354003906,138.4499969482422,139.68800354003906,0
2014-09-26,138.54200744628906,139.05499267578125,138.4199981689453,138.5279998779297,0
2014-09-29,138.64100646972656,139.1230010986328,138.58999633789062,138.66000366210938,0
2014-09-30,138.82000732421875,138.89700317382812,137.9499969482422,138.83599853515625,0
2014-10-01,138.46800231933594,138.77999877929688,137.86599731445312,138.4340057373047,0
2014-10-02,137.61000061035156,137.6999969482422,136.8800048828125,137.5659942626953,0
2014-10-03,137.50999450683594,137.8800048828125,137.12399291992188,137.47999572753906,0
2014-10-06,137.3939971923828,137.3730010986328,137.03700256347656,137.36099243164062,0
2014-10-07,137.6739959716797,137.74099731445312,136.58099365234375,137.67999267578125,0
2014-10-08,136.87600708007812,137.4929962158203,136.67999267578125,136.84100341796875,0
2014-10-09,137.78700256347656,137.8280029296875,136.92799377441406,137.76699829101562,0
2014-10-10,136.81399536132812,137.06500244140625,136.00799560546875,136.8489990234375,0
2014-10-13,135.66900634765625,136.29200744628906,135.55799865722656,135.66400146484375,0
2014-10-14,136.1909942626953,136.5500030517578,135.05099487304688,136.23899841308594,0
2014-10-15,135.61700439453125,136.03900146484375,135.2429962158203,135.61500549316406,0
2014-10-16,135.88299560546875,136.1999969482422,134.17100524902344,135.89700317382812,0
2014-10-17,136.24600219726562,136.70199584960938,135.7519989013672,136.2259979248047,0
2014-10-20,136.60499572753906,136.9980010986328,136.2760009765625,136.5679931640625,0
2014-10-21,136.77200317382812,136.7550048828125,135.6999969482422,136.7530059814453,0
2014-10-22,136.0679931640625,136.19900512695312,135.54400634765625,136.03399658203125,0
2014-10-23,135.45399475097656,136.89599609375,135.2100067138672,135.44000244140625,0
2014-10-24,136.8179931640625,137.0500030517578,136.51800537109375,136.75999450683594,0
2014-10-27,137.1510009765625,137.24200439453125,136.61000061035156,137.0850067138672,0
2014-10-28,136.97000122070312,137.6529998779297,136.89999389648438,136.9759979248047,0
2014-10-29,137.7100067138672,137.98199462890625,137.41600036621094,137.7100067138672,0
2014-10-30,137.4720001220703,137.71099853515625,137.07000732421875,137.46600341796875,0
2014-10-31,137.70599365234375,140.6719970703125,137.67799377441406,137.7100067138672,0
2014-11-03,141.0760040283203,142.52999877929688,140.38999938964844,141.05999755859375,0
2014-11-04,141.99400329589844,142.47300720214844,141.7469940185547,142.0189971923828,0
2014-11-05,142.44200134277344,143.43899536132812,142.4499969482422,142.47500610351562,0
2014-11-06,143.05799865722656,144.15699768066406,142.2239990234375,143.07200622558594,0
2014-11-07,142.57000732421875,142.96400451660156,142.3699951171875,142.59800720214844,0
2014-11-10,142.7100067138672,142.75799560546875,142.10000610351562,142.7100067138672,0
2014-11-11,142.62899780273438,143.98800659179688,142.58999633789062,142.62600708007812,0
2014-11-12,144.36900329589844,144.4029998779297,143.343994140625,144.33200073242188,0
2014-11-13,143.63999938964844,144.5500030517578,143.55999755859375,143.71099853515625,0
2014-11-14,144.4709930419922,145.37899780273438,144.3159942626953,144.45899963378906,0
2014-11-17,146.3179931640625,146.27699279785156,144.81700134277344,146.27699279785156,0
2014-11-18,145.1999969482422,146.65899658203125,145.2100067138672,145.2100067138672,0
2014-11-19,146.46600341796875,147.74000549316406,146.3800048828125,146.4810028076172,0
2014-11-20,148.1699981689453,149.1300048828125,147.9250030517578,148.12899780273438,0
2014-11-21,148.31199645996094,148.29299926757812,145.79200744628906,148.29299926757812,0
2014-11-24,145.66900634765625,147.30099487304688,145.58999633789062,145.68600463867188,0
2014-11-25,147.28900146484375,147.23599243164062,146.2949981689453,147.23599243164062,0
2014-11-26,147.0229949951172,147.26199340820312,146.49600219726562,147.02499389648438,0
2014-11-27,147.0800018310547,147.16400146484375,146.43299865722656,147.05999755859375,0
2014-11-28,146.80999755859375,147.94500732421875,146.8300018310547,146.8300018310547,0
2014-12-01,147.82400512695312,148.11000061035156,147.10899353027344,147.82899475097656,0
2014-12-02,147.52000427246094,148.156005859375,147.46400451660156,147.54600524902344,0
2014-12-03,147.65199279785156,147.89999389648438,147.03399658203125,147.625,0
2014-12-04,147.6060028076172,148.93699645996094,147.44000244140625,147.60499572753906,0
2014-12-05,148.38999938964844,149.5050048828125,148.2899932861328,148.35000610351562,0
2014-12-08,149.4409942626953,149.51800537109375,148.19900512695312,149.47999572753906,0
2014-12-09,148.5590057373047,148.85699462890625,146.85800170898438,148.59100341796875,0
2014-12-10,147.8419952392578,148.24000549316406,147.0800018310547,147.92100524902344,0
2014-12-11,146.84100341796875,147.88600158691406,146.6999969482422,146.84800720214844,0
2014-12-12,147.4810028076172,148.14700317382812,146.9550018310547,147.46400451660156,0
2014-12-15,147.27000427246094,148.13299560546875,146.88600158691406,147.20399475097656,0
2014-12-16,146.48899841308594,146.6999969482422,144.9600067138672,146.552001953125,0
2014-12-17,145.88400268554688,146.4499969482422,145.34300231933594,145.8459930419922,0
2014-12-18,146.55299377441406,146.5590057373047,145.82000732421875,146.48899841308594,0
2014-12-19,146.16099548339844,146.71400451660156,145.9550018310547,146.10499572753906,0
2014-12-22,146.13499450683594,147.11000061035156,145.95599365234375,146.072998046875,0
2014-12-23,146.85299682617188,147.10699462890625,146.6999969482422,146.85000610351562,0
2014-12-24,146.92999267578125,147.12399291992188,146.45599365234375,146.91299438476562,0
2014-12-25,146.75999450683594,147.1999969482422,146.47999572753906,146.77000427246094,0
2014-12-26,146.9199981689453,146.9929962158203,146.47999572753906,146.9929962158203,0
2014-12-29,146.53399658203125,147.2100067138672,146.50399780273438,146.54299926757812,0
2014-12-30,146.6179962158203,146.72799682617188,144.77999877929688,146.58999633789062,0
2014-12-31,145.28799438476562,145.56700134277344,144.81399536132812,145.2729949951172,0
2015-01-01,144.77999877929688,144.92999267578125,144.77000427246094,144.77999877929688,0
2015-01-02,144.92999267578125,145.28799438476562,144.3769989013672,144.88999938964844,0
2015-01-05,143.86000061035156,144.14100646972656,142.33200073242188,143.906005859375,0
2015-01-06,142.5570068359375,142.65699768066406,141.39100646972656,142.53799438476562,0
2015-01-07,140.91200256347656,141.64700317382812,140.79299926757812,140.8979949951172,0
2015-01-08,141.15699768066406,141.70399475097656,140.73899841308594,141.17599487304688,0
2015-01-09,141.2449951171875,141.3470001220703,140.3300018310547,141.2100067138672,0
2015-01-12,140.32699584960938,140.86599731445312,139.9770050048828,140.3300018310547,0
2015-01-13,139.97999572753906,140.47799682617188,139.33999633789062,139.92300415039062,0
2015-01-14,138.7270050048828,138.85499572753906,137.0,138.7010040283203,0
2015-01-15,138.33299255371094,138.78199768066406,135.4199981689453,138.3800048828125,0
2015-01-16,135.13600158691406,135.9320068359375,134.78900146484375,135.1199951171875,0
2015-01-19,135.94900512695312,136.80799865722656,135.15899658203125,135.88900756835938,0
2015-01-20,136.49099731445312,137.6230010986328,136.5030059814453,136.5330047607422,0
2015-01-21,136.99099731445312,137.09800720214844,135.85699462890625,136.95700073242188,0
2015-01-22,136.8509979248047,137.28199768066406,134.5229949951172,136.85400390625,0
2015-01-23,134.7050018310547,134.8300018310547,130.97799682617188,134.6999969482422,0
2015-01-26,130.63099670410156,133.5290069580078,130.72999572753906,130.72999572753906,0
2015-01-27,133.3300018310547,134.02999877929688,132.5,133.32000732421875,0
2015-01-28,133.8719940185547,134.3209991455078,133.2310028076172,133.91099548339844,0
2015-01-29,132.6929931640625,134.04100036621094,132.55999755859375,132.70199584960938,0
2015-01-30,134.0399932861328,134.05999755859375,132.5570068359375,134.05999755859375,0
2015-02-02,132.50399780273438,133.58200073242188,132.46200561523438,132.46200561523438,0
2015-02-03,133.3350067138672,134.69000244140625,132.4010009765625,133.31300354003906,0
2015-02-04,134.7779998779297,135.33299255371094,133.88999938964844,134.8070068359375,0
2015-02-05,132.74000549316406,134.48300170898438,132.6909942626953,132.73399353027344,0
2015-02-06,134.8209991455078,135.15899658203125,134.08200073242188,134.79200744628906,0
2015-02-09,134.5989990234375,134.9810028076172,133.68600463867188,134.55999755859375,0
2015-02-10,134.2969970703125,135.27099609375,134.04200744628906,134.3159942626953,0
2015-02-11,135.10699462890625,136.0780029296875,135.01699829101562,135.07000732421875,0
2015-02-12,135.9199981689453,136.32699584960938,134.85499572753906,135.91000366210938,0
2015-02-13,135.6060028076172,136.0,135.27999877929688,135.5500030517578,0
2015-02-16,135.13999938964844,135.53500366210938,135.05099487304688,135.19000244140625,0
2015-02-17,134.28500366210938,135.8990020751953,133.96200561523438,134.26100158691406,0
2015-02-18,135.9530029296875,136.0540008544922,135.3280029296875,135.90699768066406,0
2015-02-19,135.28700256347656,135.87899780273438,134.9600067138672,135.32899475097656,0
2015-02-20,135.24899291992188,135.3179931640625,133.55999755859375,135.22900390625,0
2015-02-23,135.50900268554688,135.60400390625,134.4499969482422,135.47799682617188,0
2015-02-24,134.74899291992188,135.47500610351562,134.72300720214844,134.73899841308594,0
2015-02-25,134.80999755859375,135.20199584960938,134.56900024414062,134.76400756835938,0
2015-02-26,135.0279998779297,135.35299682617188,133.57000732421875,135.02000427246094,0
2015-02-27,133.72999572753906,134.16700744628906,133.4499969482422,133.75900268554688,0
2015-03-02,133.7270050048828,134.572998046875,133.7729949951172,133.80999755859375,0
2015-03-03,134.33999633789062,134.3699951171875,133.66000366210938,134.33799743652344,0
2015-03-04,133.77099609375,133.77999877929688,132.40699768066406,133.74099731445312,0
2015-03-05,132.5500030517578,133.58599853515625,132.1179962158203,132.5540008544922,0
2015-03-06,132.4199981689453,132.5,131.22900390625,132.4600067138672,0
2015-03-09,130.93099975585938,131.6929931640625,130.8560028076172,130.8979949951172,0
2015-03-10,131.52200317382812,131.85400390625,129.75999450683594,131.552001953125,0
2015-03-11,129.6009979248047,129.93800354003906,128.22500610351562,129.62600708007812,0
2015-03-12,128.06100463867188,128.98699951171875,127.66799926757812,128.08900451660156,0
2015-03-13,128.88999938964844,128.99000549316406,127.16699981689453,128.86900329589844,0
2015-03-16,127.18000030517578,128.60000610351562,127.20800018310547,127.2229995727539,0
2015-03-17,128.30999755859375,129.1280059814453,128.0800018310547,128.2899932861328,0
2015-03-18,128.54600524902344,128.81500244140625,128.25999450683594,128.5030059814453,0
2015-03-19,130.2570037841797,130.72799682617188,128.38699340820312,130.197998046875,0
2015-03-20,128.8209991455078,130.47300720214844,128.7100067138672,128.85400390625,0
2015-03-23,129.88900756835938,130.927001953125,129.30299377441406,129.8769989013672,0
2015-03-24,131.08299255371094,131.5,130.3509979248047,131.04400634765625,0
2015-03-25,130.61399841308594,131.3800048828125,130.6009979248047,130.62100219726562,0
2015-03-26,131.00900268554688,131.04400634765625,129.9199981689453,131.0399932861328,0
2015-03-27,129.7270050048828,129.8520050048828,129.02999877929688,129.75,0
2015-03-30,129.78700256347656,130.16299438476562,129.3300018310547,129.76100158691406,0
2015-03-31,129.95799255371094,130.23300170898438,128.6840057373047,129.95799255371094,0
2015-04-01,128.86300659179688,129.39700317382812,128.43299865722656,128.83900451660156,0
2015-04-02,128.7760009765625,130.3719940185547,128.61000061035156,128.76199340820312,0
2015-04-03,130.11000061035156,130.9550018310547,130.01600646972656,130.0970001220703,0
2015-04-06,130.7010040283203,131.27699279785156,130.49899291992188,130.7010040283203,0
2015-04-07,130.62600708007812,131.00999450683594,130.08999633789062,130.64100646972656,0
2015-04-08,130.17100524902344,130.32000732421875,129.4429931640625,130.156005859375,0
2015-04-09,129.51100158691406,129.75599670410156,128.38900756835938,129.50900268554688,0
2015-04-10,128.57699584960938,128.75999450683594,127.27799987792969,128.593994140625,0
2015-04-13,127.51799774169922,127.802001953125,126.5979995727539,127.49099731445312,0
2015-04-14,126.91999816894531,127.58100128173828,126.08699798583984,126.91999816894531,0
2015-04-15,127.1709976196289,127.44000244140625,126.3010025024414,127.1709976196289,0
2015-04-16,127.2020034790039,128.0780029296875,126.79399871826172,127.18299865722656,0
2015-04-17,128.07400512695312,128.69000244140625,127.79299926757812,128.0709991455078,0
2015-04-20,128.4199981689453,128.65499877929688,127.60600280761719,128.4080047607422,0
2015-04-21,128.11500549316406,128.66600036621094,127.47000122070312,128.13800048828125,0
2015-04-22,128.49899291992188,128.93299865722656,128.2010040283203,128.45799255371094,0
2015-04-23,128.63299560546875,129.4759979248047,127.88700103759766,128.625,0
2015-04-24,129.30999755859375,130.10400390625,128.83900451660156,129.3070068359375,0
2015-04-27,129.2239990234375,129.86099243164062,129.0050048828125,129.22999572753906,0
2015-04-28,129.55999755859375,130.60499572753906,129.3560028076172,129.5780029296875,0
2015-04-29,130.3090057373047,132.83399963378906,130.25900268554688,130.3699951171875,0
2015-04-30,132.1999969482422,134.2209930419922,131.31399536132812,132.21099853515625,0
2015-05-01,133.95799255371094,135.22000122070312,133.95700073242188,133.95700073242188,0
2015-05-04,134.3769989013672,134.66799926757812,133.7100067138672,134.4029998779297,0
2015-05-05,133.88999938964844,134.4600067138672,133.12600708007812,133.9010009765625,0
2015-05-06,134.1300048828125,135.64700317382812,134.072998046875,134.11199951171875,0
2015-05-07,135.41000366210938,135.9499969482422,134.2220001220703,135.375,0
2015-05-08,134.61000061035156,135.1999969482422,134.12100219726562,134.60800170898438,0
2015-05-11,134.08999633789062,134.19000244140625,133.49099731445312,134.1179962158203,0
2015-05-12,133.8769989013672,135.2689971923828,133.76600646972656,133.85899353027344,0
2015-05-13,134.4600067138672,135.47999572753906,134.23500061035156,134.42599487304688,0
2015-05-14,135.24000549316406,136.4040069580078,135.21800231933594,135.25900268554688,0
2015-05-15,135.9010009765625,136.5570068359375,135.7220001220703,135.89999389648438,0
2015-05-18,136.56300354003906,136.92799377441406,135.80999755859375,136.57400512695312,0
2015-05-19,135.78799438476562,135.81900024414062,133.94000244140625,135.78700256347656,0
2015-05-20,134.46800231933594,134.75,133.93899536132812,134.45599365234375,0
2015-05-21,134.5449981689453,135.3159942626953,134.25999450683594,134.55799865722656,0
2015-05-22,134.47999572753906,135.3070068359375,133.7209930419922,134.45899963378906,0
2015-05-25,133.61099243164062,133.80299377441406,133.22999572753906,133.60000610351562,0
2015-05-26,133.38999938964844,134.45399475097656,133.0989990234375,133.4199981689453,0
2015-05-27,133.86900329589844,134.88800048828125,133.7969970703125,133.90699768066406,0
2015-05-28,134.84800720214844,135.83700561523438,134.73899841308594,134.80999755859375,0
2015-05-29,135.70899963378906,136.3209991455078,135.41799926757812,135.69000244140625,0
2015-06-01,136.07200622558594,136.13699340820312,135.1580047607422,136.12100219726562,0
2015-06-02,136.3300018310547,138.61300659179688,136.10000610351562,136.39100646972656,0
2015-06-03,138.2779998779297,140.0399932861328,138.0800018310547,138.3040008544922,0
2015-06-04,139.9239959716797,141.02999877929688,139.5659942626953,139.96299743652344,0
2015-06-05,139.40199279785156,140.6739959716797,139.04299926757812,139.39500427246094,0
2015-06-08,139.5189971923828,140.5279998779297,139.04600524902344,139.4720001220703,0
2015-06-09,140.50900268554688,140.97799682617188,139.39100646972656,140.52499389648438,0
2015-06-10,140.43800354003906,140.65199279785156,138.43899536132812,140.47000122070312,0
2015-06-11,138.9600067138672,139.49200439453125,138.55999755859375,139.00999450683594,0
2015-06-12,138.9340057373047,139.1790008544922,138.00799560546875,138.98300170898438,0
2015-06-15,138.3090057373047,139.07000732421875,138.1790008544922,138.3699951171875,0
2015-06-16,139.1479949951172,139.98300170898438,138.30999755859375,139.16000366210938,0
2015-06-17,138.74000549316406,139.84100341796875,138.72300720214844,138.76800537109375,0
2015-06-18,140.43299865722656,140.38999938964844,139.47000122070312,140.38999938964844,0
2015-06-19,139.85699462890625,139.94900512695312,138.93899536132812,139.88900756835938,0
2015-06-22,139.50900268554688,140.5780029296875,139.27999877929688,139.47999572753906,0
2015-06-23,139.98399353027344,139.99899291992188,138.2740020751953,139.99899291992188,0
2015-06-24,138.39199829101562,139.16000366210938,138.2899932861328,138.41000366210938,0
2015-06-25,138.77099609375,138.83099365234375,137.6929931640625,138.7949981689453,0
2015-06-26,138.4600067138672,138.64999389648438,137.8040008544922,138.46099853515625,0
2015-06-29,134.55599975585938,137.1699981689453,134.4459991455078,134.4459991455078,0
2015-06-30,137.57699584960938,137.61900329589844,135.91299438476562,137.61900329589844,0
2015-07-01,136.25900268554688,137.33999633789062,136.0659942626953,136.2729949951172,0
2015-07-02,136.10899353027344,136.8730010986328,136.1020050048828,136.1020050048828,0
2015-07-03,136.40699768066406,136.83599853515625,136.06100463867188,136.38900756835938,0
2015-07-06,134.5679931640625,135.97000122070312,134.6009979248047,134.6009979248047,0
2015-07-07,135.4600067138672,135.66000366210938,133.51199340820312,135.47999572753906,0
2015-07-08,134.83999633789062,134.86199951171875,133.39999389648438,134.86199951171875,0
2015-07-09,133.7729949951172,135.0,133.4600067138672,133.83999633789062,0
2015-07-10,134.5959930419922,137.25,134.3699951171875,134.58200073242188,0
2015-07-13,136.31100463867188,137.76199340820312,135.89199829101562,136.32899475097656,0
2015-07-14,135.80999755859375,136.2550048828125,135.30999755859375,135.76300048828125,0
2015-07-15,135.74000549316406,136.33999633789062,135.552001953125,135.75,0
2015-07-16,135.5399932861328,135.57000732421875,134.77999877929688,135.52200317382812,0
2015-07-17,135.11599731445312,135.27000427246094,134.48199462890625,135.1199951171875,0
2015-07-20,134.4499969482422,135.04100036621094,134.35299682617188,134.44000244140625,0
2015-07-21,134.64300537109375,135.52999877929688,134.50999450683594,134.64300537109375,0
2015-07-22,135.4499969482422,135.6199951171875,134.8560028076172,135.468994140625,0
2015-07-23,135.5279998779297,136.4199981689453,135.47799682617188,135.52499389648438,0
2015-07-24,136.093994140625,136.26300048828125,135.52999877929688,136.10000610351562,0
2015-07-27,135.7779998779297,137.05799865722656,135.74899291992188,135.78399658203125,0
2015-07-28,136.6699981689453,136.96800231933594,136.36000061035156,136.6999969482422,0
2015-07-29,136.7220001220703,136.84100341796875,136.32000732421875,136.75999450683594,0
2015-07-30,136.12399291992188,136.46400451660156,135.71400451660156,136.10800170898438,0
2015-07-31,135.73199462890625,137.2899932861328,135.5780029296875,135.75,0
2015-08-03,136.05999755859375,136.41099548339844,135.8699951171875,136.05999755859375,0
2015-08-04,135.76400756835938,136.15199279785156,135.5489959716797,135.73399353027344,0
2015-08-05,135.28599548339844,135.8939971923828,135.0,135.28700256347656,0
2015-08-06,136.00599670410156,136.46099853515625,135.83799743652344,136.0399932861328,0
2015-08-07,136.2550048828125,136.5570068359375,135.57899475097656,136.2449951171875,0
2015-08-10,136.25,136.91000366210938,136.21299743652344,136.25,0
2015-08-11,137.26699829101562,138.36599731445312,136.79200744628906,137.27000427246094,0
2015-08-12,138.0800018310547,138.8470001220703,138.0709991455078,138.13099670410156,0
2015-08-13,138.63299560546875,138.8419952392578,138.0800018310547,138.64999389648438,0
2015-08-14,138.76800537109375,138.8470001220703,137.95199584960938,138.76699829101562,0
2015-08-17,137.93499755859375,138.36199951171875,137.61000061035156,137.9770050048828,0
2015-08-18,137.83599853515625,137.89199829101562,137.09500122070312,137.80499267578125,0
2015-08-19,137.17999267578125,137.57000732421875,137.08999633789062,137.1820068359375,0
2015-08-20,137.75900268554688,138.6300048828125,137.75100708007812,137.7729949951172,0
2015-08-21,138.6750030517578,138.82000732421875,138.1999969482422,138.69000244140625,0
2015-08-24,138.46299743652344,138.92300415039062,136.25900268554688,138.47999572753906,0
2015-08-25,137.67300415039062,138.5800018310547,136.6699981689453,137.63999938964844,0
2015-08-26,136.92300415039062,137.58200073242188,135.60800170898438,137.08599853515625,0
2015-08-27,136.10899353027344,136.32400512695312,135.281005859375,136.06500244140625,0
2015-08-28,136.08700561523438,136.58999633789062,135.34800720214844,136.03399658203125,0
2015-08-31,135.98800659179688,136.3040008544922,135.6750030517578,135.9759979248047,0
2015-09-01,135.92799377441406,136.21299743652344,134.6820068359375,135.94000244140625,0
2015-09-02,135.2010040283203,135.75900268554688,134.73300170898438,135.2310028076172,0
2015-09-03,135.17999267578125,135.34500122070312,133.1529998779297,135.23699951171875,0
2015-09-04,133.55999755859375,133.58999633789062,132.23699951171875,133.58999633789062,0
2015-09-07,132.8800048828125,133.33999633789062,132.73899841308594,132.89999389648438,0
2015-09-08,133.27000427246094,134.3209991455078,132.97000122070312,133.281005859375,0
2015-09-09,134.5800018310547,135.17300415039062,134.24000549316406,134.55999755859375,0
2015-09-10,134.93099975585938,136.02000427246094,134.7550048828125,134.86900329589844,0
2015-09-11,136.10499572753906,136.8300018310547,135.71400451660156,136.12600708007812,0
2015-09-14,136.9969940185547,137.0,135.52999877929688,137.0,0
2015-09-15,136.0989990234375,136.4029998779297,135.00100708007812,136.08999633789062,0
2015-09-16,135.74000549316406,136.3159942626953,135.1300048828125,135.69000244140625,0
2015-09-17,136.1009979248047,137.06900024414062,136.09500122070312,136.09500122070312,0
2015-09-18,136.85800170898438,137.0679931640625,136.0540008544922,136.89999389648438,0
2015-09-21,135.49000549316406,136.11700439453125,134.8489990234375,135.4250030517578,0
2015-09-22,134.83200073242188,134.906005859375,133.5,134.7969970703125,0
2015-09-23,133.52000427246094,134.6739959716797,133.14999389648438,133.55999755859375,0
2015-09-24,134.47999572753906,134.7429962158203,134.00999450683594,134.47000122070312,0
2015-09-25,134.4010009765625,135.3350067138672,134.1199951171875,134.468994140625,0
2015-09-28,134.8209991455078,134.87399291992188,133.9459991455078,134.8070068359375,0
2015-09-29,134.57699584960938,134.94000244140625,134.22999572753906,134.55599975585938,0
2015-09-30,134.906005859375,135.0970001220703,133.5800018310547,134.8699951171875,0
2015-10-01,133.86300659179688,134.2209930419922,133.45799255371094,133.89500427246094,0
2015-10-02,134.08999633789062,134.6999969482422,133.98699951171875,134.1179962158203,0
2015-10-05,134.64700317382812,135.69900512695312,134.5780029296875,134.63999938964844,0
2015-10-06,134.85000610351562,135.5240020751953,134.40699768066406,134.86500549316406,0
2015-10-07,135.47000122070312,135.6199951171875,134.61099243164062,135.49600219726562,0
2015-10-08,134.76400756835938,135.45399475097656,134.72000122070312,134.8000030517578,0
2015-10-09,135.322998046875,136.85800170898438,135.06900024414062,135.33999633789062,0
2015-10-12,136.6199951171875,136.9320068359375,136.22000122070312,136.5489959716797,0
2015-10-13,136.2899932861328,136.59100341796875,136.01800537109375,136.3040008544922,0
2015-10-14,136.2899932861328,136.61000061035156,136.14500427246094,136.33999633789062,0
2015-10-15,136.35000610351562,136.72000122070312,134.8000030517578,136.36300659179688,0
2015-10-16,135.3300018310547,135.86900329589844,134.9600067138672,135.33999633789062,0
2015-10-19,135.49000549316406,135.75999450683594,135.0800018310547,135.47000122070312,0
2015-10-20,135.36000061035156,136.20899963378906,135.25999450683594,135.36000061035156,0
2015-10-21,135.99000549316406,136.3780059814453,135.9600067138672,136.0,0
2015-10-22,135.97999572753906,136.0500030517578,134.16099548339844,135.98599243164062,0
2015-10-23,133.9199981689453,134.22900390625,133.4340057373047,133.97300720214844,0
2015-10-26,133.65899658203125,133.73599243164062,133.156005859375,133.66700744628906,0
2015-10-27,133.7760009765625,133.76100158691406,132.73800659179688,133.76100158691406,0
2015-10-28,132.91900634765625,133.48300170898438,132.71600341796875,132.9199981689453,0
2015-10-29,132.0500030517578,133.01600646972656,131.5780029296875,132.03500366210938,0
2015-10-30,133.00999450683594,133.36500549316406,132.38999938964844,133.0030059814453,0
2015-11-02,132.83099365234375,133.18299865722656,132.61900329589844,132.83700561523438,0
2015-11-03,133.04200744628906,133.11000061035156,132.53900146484375,133.04100036621094,0
2015-11-04,132.7270050048828,132.8820037841797,131.84500122070312,132.72999572753906,0
2015-11-05,132.00799560546875,132.69200134277344,131.86099243164062,131.9980010986328,0
2015-11-06,132.42999267578125,132.70700073242188,131.6439971923828,132.4429931640625,0
2015-11-09,132.22999572753906,133.17300415039062,132.17599487304688,132.17599487304688,0
2015-11-10,132.4080047607422,132.76600646972656,131.74000549316406,132.3979949951172,0
2015-11-11,132.15499877929688,132.38999938964844,131.74000549316406,132.1529998779297,0
2015-11-12,132.10000610351562,132.56500244140625,131.5229949951172,132.1199951171875,0
2015-11-13,132.50999450683594,132.5,131.5760040283203,132.49600219726562,0
2015-11-16,130.89999389648438,132.18600463867188,130.86300659179688,130.86300659179688,0
2015-11-17,131.7220001220703,131.75999450683594,131.1959991455078,131.72000122070312,0
2015-11-18,131.3699951171875,131.76600646972656,131.08999633789062,131.37600708007812,0
2015-11-19,131.7969970703125,132.2100067138672,131.42999267578125,131.80799865722656,0
2015-11-20,131.82000732421875,131.8300018310547,131.00900268554688,131.8260040283203,0
2015-11-23,130.7689971923828,131.02000427246094,130.552001953125,130.75999450683594,0
2015-11-24,130.78199768066406,130.77000427246094,130.21099853515625,130.77000427246094,0
2015-11-25,130.3699951171875,130.7209930419922,129.75,130.38600158691406,0
2015-11-26,130.3209991455078,130.34500122070312,129.89999389648438,130.32000732421875,0
2015-11-27,130.02999877929688,130.14100646972656,129.66799926757812,130.07200622558594,0
2015-11-30,129.9600067138672,130.2760009765625,129.81300354003906,129.99400329589844,0
2015-12-01,130.22000122070312,130.77200317382812,129.77200317382812,130.2239990234375,0
2015-12-02,130.60000610351562,130.9199981689453,130.3179931640625,130.60800170898438,0
2015-12-03,130.75,133.83399963378906,130.16000366210938,130.75,0
2015-12-04,133.88400268554688,134.5279998779297,133.3509979248047,133.8979949951172,0
2015-12-07,134.0399932861328,134.0489959716797,133.27999877929688,134.0489959716797,0
2015-12-08,133.5659942626953,133.85800170898438,133.47000122070312,133.57200622558594,0
2015-12-09,133.87899780273438,134.21499633789062,133.75999450683594,133.88999938964844,0
2015-12-10,134.02999877929688,134.05099487304688,132.7790069580078,134.03799438476562,0
2015-12-11,133.23800659179688,133.77000427246094,132.86700439453125,133.22000122070312,0
2015-12-14,132.75999450683594,133.2100067138672,132.4600067138672,132.7449951171875,0
2015-12-15,133.10000610351562,133.51100158691406,132.8679962158203,133.1269989013672,0
2015-12-16,133.05099487304688,133.48800659179688,132.90199279785156,133.01600646972656,0
2015-12-17,133.16000366210938,133.22999572753906,132.64999389648438,133.177001953125,0
2015-12-18,132.76499938964844,133.6230010986328,131.0540008544922,132.75999450683594,0
2015-12-21,131.84500122070312,132.31300354003906,131.6580047607422,131.84500122070312,0
2015-12-22,132.24000549316406,132.69700622558594,132.10000610351562,132.2570037841797,0
2015-12-23,132.5,132.52000427246094,131.6739959716797,132.5,0
2015-12-24,131.9199981689453,131.99000549316406,131.55999755859375,131.92999267578125,0
2015-12-25,131.90699768066406,131.9550018310547,131.55999755859375,131.90699768066406,0
2015-12-28,131.8249969482422,132.45199584960938,131.8300018310547,131.8300018310547,0
2015-12-29,132.10699462890625,132.3300018310547,131.38999938964844,132.1020050048828,0
2015-12-30,131.7030029296875,131.9029998779297,131.4499969482422,131.67999267578125,0
2015-12-31,131.6999969482422,131.75999450683594,130.6479949951172,131.72000122070312,0
2016-01-01,130.61199951171875,130.67999267578125,130.57000732421875,130.61199951171875,0
2016-01-04,130.5760040283203,130.6300048828125,128.9080047607422,130.5500030517578,0
2016-01-05,129.3000030517578,129.45599365234375,127.51000213623047,129.2989959716797,0
2016-01-06,128.03199768066406,128.05999755859375,127.0199966430664,128.03700256347656,0
2016-01-07,127.80400085449219,128.21200561523438,126.83999633789062,127.81999969482422,0
2016-01-08,128.41799926757812,128.94000244140625,128.08399963378906,128.4080047607422,0
2016-01-11,128.06900024414062,128.44000244140625,127.37999725341797,128.02999877929688,0
2016-01-12,127.7300033569336,127.99199676513672,127.6500015258789,127.75599670410156,0
2016-01-13,127.7699966430664,128.50799560546875,127.63999938964844,127.76000213623047,0
2016-01-14,127.80999755859375,128.7429962158203,127.73200225830078,127.80000305175781,0
2016-01-15,128.32899475097656,128.375,127.70700073242188,128.35699462890625,0
2016-01-18,127.75,127.93000030517578,127.36900329589844,127.73999786376953,0
2016-01-19,127.86000061035156,128.54800415039062,127.78700256347656,127.86000061035156,0
2016-01-20,128.26199340820312,128.33599853515625,126.69200134277344,128.25999450683594,0
2016-01-21,127.38800048828125,127.76499938964844,126.22000122070312,127.44000244140625,0
2016-01-22,128.0399932861328,128.4080047607422,127.44000244140625,128.04800415039062,0
2016-01-25,128.02000427246094,128.48800659179688,127.85299682617188,128.0,0
2016-01-26,128.2949981689453,128.5070037841797,127.80999755859375,128.30999755859375,0
2016-01-27,128.58999633789062,129.21200561523438,128.26400756835938,128.5800018310547,0
2016-01-28,129.15199279785156,129.98599243164062,128.94700622558594,129.16000366210938,0
2016-01-29,130.0399932861328,132.24400329589844,129.60000610351562,130.04400634765625,0
2016-02-01,131.3699951171875,131.99200439453125,131.27000427246094,131.36399841308594,0
2016-02-02,131.6699981689453,131.9510040283203,131.02999877929688,131.67799377441406,0
2016-02-03,130.88099670410156,130.94000244140625,130.13900756835938,130.86099243164062,0
2016-02-04,131.02000427246094,131.63499450683594,130.63499450683594,131.06199645996094,0
2016-02-05,130.8699951171875,131.01499938964844,130.21200561523438,130.86000061035156,0
2016-02-08,130.32200622558594,130.88699340820312,128.8040008544922,130.32000732421875,0
2016-02-09,129.41000366210938,129.91900634765625,128.28500366210938,129.41000366210938,0
2016-02-10,130.03700256347656,130.02999877929688,128.25100708007812,130.0279998779297,0
2016-02-11,127.73999786376953,127.94000244140625,125.85600280761719,127.77799987792969,0
2016-02-12,127.30500030517578,127.63899993896484,126.4520034790039,127.27999877929688,0
2016-02-15,127.56700134277344,127.94200134277344,127.25599670410156,127.58300018310547,0
2016-02-16,127.75,128.15199279785156,126.67400360107422,127.79399871826172,0
2016-02-17,127.13500213623047,127.3489990234375,126.66000366210938,127.17400360107422,0
2016-02-18,127.07599639892578,127.09400177001953,126.04000091552734,127.09400177001953,0
2016-02-19,125.78500366210938,125.87999725341797,125.08999633789062,125.80500030517578,0
2016-02-22,125.10399627685547,125.54000091552734,124.52999877929688,125.13999938964844,0
2016-02-23,124.5459976196289,124.55599975585938,123.072998046875,124.53099822998047,0
2016-02-24,123.33499908447266,123.58399963378906,122.47200012207031,123.35900115966797,0
2016-02-25,123.43499755859375,124.44100189208984,123.31999969482422,123.4229965209961,0
2016-02-26,124.66899871826172,124.98699951171875,124.23600006103516,124.70999908447266,0
2016-02-29,124.16000366210938,124.3489990234375,122.52100372314453,124.22000122070312,0
2016-03-01,122.38999938964844,123.64900207519531,122.11799621582031,122.36799621582031,0
2016-03-02,123.93000030517578,124.34500122070312,123.2300033569336,123.89099884033203,0
2016-03-03,123.31999969482422,124.24400329589844,123.2770004272461,123.33999633789062,0
2016-03-04,124.43000030517578,125.26200103759766,123.95999908447266,124.427001953125,0
2016-03-07,125.11000061035156,125.10700225830078,124.2300033569336,125.10700225830078,0
2016-03-08,124.9489974975586,124.9739990234375,124.25399780273438,124.9739990234375,0
2016-03-09,123.93900299072266,124.48200225830078,123.05000305175781,123.95999908447266,0
2016-03-10,124.42400360107422,126.71900177001953,123.74199676513672,124.37999725341797,0
2016-03-11,126.14099884033203,126.92400360107422,126.08999633789062,126.11799621582031,0
2016-03-14,127.02899932861328,127.13999938964844,126.13500213623047,127.02799987792969,0
2016-03-15,126.3499984741211,126.45999908447266,125.12000274658203,126.3290023803711,0
2016-03-16,125.62899780273438,126.10900115966797,125.55000305175781,125.62999725341797,0
2016-03-17,126.47100067138672,126.62000274658203,125.3489990234375,126.51200103759766,0
2016-03-18,125.98400115966797,126.18399810791016,125.30000305175781,126.02400207519531,0
2016-03-21,125.66500091552734,126.05999755859375,125.22000122070312,125.64199829101562,0
2016-03-22,125.98300170898438,126.25299835205078,124.70099639892578,125.99199676513672,0
2016-03-23,125.94300079345703,126.21099853515625,125.52999877929688,125.94999694824219,0
2016-03-24,125.64800262451172,126.12000274658203,125.41000366210938,125.65799713134766,0
2016-03-25,125.97899627685547,126.43699645996094,125.94000244140625,125.9749984741211,0
2016-03-28,126.56999969482422,127.03199768066406,126.51000213623047,126.59400177001953,0
2016-03-29,126.96299743652344,127.42500305175781,126.7959976196289,126.97000122070312,0
2016-03-30,127.20999908447266,127.80000305175781,126.79000091552734,127.18199920654297,0
2016-03-31,127.3550033569336,128.2100067138672,126.95999908447266,127.31600189208984,0
2016-04-01,128.00999450683594,128.16000366210938,127.43399810791016,127.98300170898438,0
2016-04-04,127.27999877929688,127.33799743652344,126.46700286865234,127.27999877929688,0
2016-04-05,126.68099975585938,126.66000366210938,125.28299713134766,126.66000366210938,0
2016-04-06,125.62000274658203,125.8239974975586,125.08000183105469,125.58999633789062,0
2016-04-07,125.0770034790039,125.1780014038086,122.57099914550781,125.08599853515625,0
2016-04-08,123.28700256347656,124.2249984741211,123.2699966430664,123.33999633789062,0
2016-04-11,123.52100372314453,123.71199798583984,122.85800170898438,123.5,0
2016-04-12,123.1719970703125,123.98100280761719,123.12899780273438,123.16400146484375,0
2016-04-13,123.69000244140625,123.8499984741211,123.01699829101562,123.68599700927734,0
2016-04-14,123.41000366210938,123.41000366210938,122.73999786376953,123.3949966430664,0
2016-04-15,123.16000366210938,123.55999755859375,122.75,123.1500015258789,0
2016-04-18,122.0199966430664,123.28800201416016,121.72000122070312,122.1240005493164,0
2016-04-19,123.33599853515625,124.42900085449219,123.25499725341797,123.33200073242188,0
2016-04-20,124.08000183105469,124.31199645996094,123.54000091552734,124.01000213623047,0
2016-04-21,124.13500213623047,124.90799713134766,123.4469985961914,124.13300323486328,0
2016-04-22,123.5530014038086,125.46600341796875,123.4000015258789,123.5999984741211,0
2016-04-25,125.16600036621094,125.30999755859375,124.81500244140625,125.17900085449219,0
2016-04-26,125.21700286865234,125.91400146484375,124.70899963378906,125.1729965209961,0
2016-04-27,125.66200256347656,126.04000091552734,125.44000244140625,125.65899658203125,0
2016-04-28,126.3499984741211,126.44999694824219,122.57099914550781,126.30000305175781,0
2016-04-29,122.73999786376953,122.91000366210938,121.76599884033203,122.77999877929688,0
2016-05-02,122.0199966430664,122.85099792480469,121.87699890136719,122.02400207519531,0
2016-05-03,122.62799835205078,122.74700164794922,122.12000274658203,122.63500213623047,0
2016-05-04,122.69999694824219,123.23500061035156,122.33000183105469,122.71800231933594,0
2016-05-05,122.86000061035156,123.12100219726562,122.11000061035156,122.88999938964844,0
2016-05-06,122.322998046875,122.4489974975586,121.4800033569336,122.38600158691406,0
2016-05-09,122.27999877929688,123.7040023803711,122.16999816894531,122.20899963378906,0
2016-05-10,123.33300018310547,124.4000015258789,123.322998046875,123.36900329589844,0
2016-05-11,124.18900299072266,124.26599884033203,123.6259994506836,124.20800018310547,0
2016-05-12,123.86699676513672,124.62000274658203,123.69999694824219,123.87000274658203,0
2016-05-13,124.0999984741211,124.10800170898438,123.0719985961914,124.10800170898438,0
2016-05-16,122.95500183105469,123.39800262451172,122.9010009765625,122.96499633789062,0
2016-05-17,123.4000015258789,124.16000366210938,123.23300170898438,123.41100311279297,0
2016-05-18,123.26000213623047,123.90699768066406,122.97799682617188,123.33899688720703,0
2016-05-19,123.58000183105469,123.76899719238281,122.96700286865234,123.62999725341797,0
2016-05-20,123.0999984741211,124.03399658203125,123.08399963378906,123.11900329589844,0
2016-05-23,123.5,123.49500274658203,122.38999938964844,123.48999786376953,0
2016-05-24,122.62300109863281,122.70999908447266,122.34700012207031,122.62000274658203,0
2016-05-25,122.68000030517578,123.0999984741211,122.5199966430664,122.66999816894531,0
2016-05-26,122.84400177001953,123.05799865722656,122.2699966430664,122.822998046875,0
2016-05-27,122.7750015258789,123.06300354003906,122.22000122070312,122.76399993896484,0
2016-05-30,123.04000091552734,123.88400268554688,122.93199920654297,123.03399658203125,0
2016-05-31,123.55999755859375,124.18000030517578,123.31999969482422,123.5790023803711,0
2016-06-01,123.22000122070312,123.31099700927734,121.9000015258789,123.2030029296875,0
2016-06-02,122.47000122070312,122.48400115966797,121.08899688720703,122.4219970703125,0
2016-06-03,121.38700103759766,121.64800262451172,120.92900085449219,121.45500183105469,0
2016-06-06,121.11000061035156,122.0780029296875,120.91799926757812,121.09500122070312,0
2016-06-07,122.06999969482422,122.6510009765625,121.69300079345703,122.04399871826172,0
2016-06-08,121.79000091552734,121.87899780273438,121.33000183105469,121.78399658203125,0
2016-06-09,121.77400207519531,121.85600280761719,120.33899688720703,121.78099822998047,0
2016-06-10,121.14299774169922,121.15699768066406,120.44000244140625,121.10399627685547,0
2016-06-13,119.69100189208984,120.29100036621094,119.00399780273438,119.67900085449219,0
2016-06-14,119.91699981689453,120.0999984741211,118.51399993896484,119.85800170898438,0
2016-06-15,118.9229965209961,119.43099975585938,118.7239990234375,118.90499877929688,0
2016-06-16,119.19400024414062,119.21499633789062,115.51599884033203,119.21499633789062,0
2016-06-17,117.9000015258789,118.06600189208984,116.91400146484375,118.0510025024414,0
2016-06-20,118.72899627685547,119.12000274658203,118.0,118.77999877929688,0
2016-06-21,117.5459976196289,118.63899993896484,117.33999633789062,117.51100158691406,0
2016-06-22,117.75299835205078,118.60299682617188,117.4489974975586,117.73999786376953,0
2016-06-23,118.5199966430664,120.78700256347656,118.1760025024414,118.48100280761719,0
2016-06-24,118.80400085449219,119.37899780273438,109.5989990234375,118.85299682617188,0
2016-06-27,112.7490005493164,113.18000030517578,111.41999816894531,112.82499694824219,0
2016-06-28,112.12699890136719,113.69200134277344,111.93800354003906,112.05999755859375,0
2016-06-29,113.71800231933594,114.29399871826172,112.95600128173828,113.72899627685547,0
2016-06-30,114.3270034790039,114.74400329589844,113.50700378417969,114.26200103759766,0
2016-07-01,114.46099853515625,114.5510025024414,113.69999694824219,114.43099975585938,0
2016-07-04,114.0459976196289,114.5,113.97000122070312,114.03600311279297,0
2016-07-05,114.25,114.2509994506836,112.47599792480469,114.2509994506836,0
2016-07-06,111.8759994506836,112.0510025024414,110.85299682617188,111.93399810791016,0
2016-07-07,112.23999786376953,112.29000091552734,111.31700134277344,112.1780014038086,0
2016-07-08,111.52999877929688,111.81800079345703,110.88600158691406,111.52200317382812,0
2016-07-11,111.2020034790039,113.54499816894531,111.13500213623047,111.18399810791016,0
2016-07-12,113.35700225830078,116.05000305175781,113.29499816894531,113.3479995727539,0
2016-07-13,115.85900115966797,116.20899963378906,114.96700286865234,115.822998046875,0
2016-07-14,115.4739990234375,118.00599670410156,115.43299865722656,115.43299865722656,0
2016-07-15,116.83000183105469,118.38300323486328,116.7770004272461,116.802001953125,0
2016-07-18,116.5739974975586,117.62000274658203,116.36799621582031,116.5719985961914,0
2016-07-19,117.50499725341797,117.55899810791016,116.79900360107422,117.48200225830078,0
2016-07-20,116.88899993896484,117.52799987792969,116.5459976196289,116.88400268554688,0
2016-07-21,118.11100006103516,118.43599700927734,116.18099975585938,118.0469970703125,0
2016-07-22,116.71900177001953,117.26100158691406,116.4260025024414,116.69599914550781,0
2016-07-25,116.6259994506836,116.93099975585938,116.30000305175781,116.56700134277344,0
2016-07-26,116.02899932861328,116.05699920654297,114.48999786376953,116.0250015258789,0
2016-07-27,115.197998046875,117.10299682617188,115.1729965209961,115.1729965209961,0
2016-07-28,116.17400360107422,116.4229965209961,115.8499984741211,116.18900299072266,0
2016-07-29,116.09100341796875,116.1500015258789,113.99800109863281,116.11399841308594,0
2016-08-01,114.27200317382812,114.72899627685547,114.02999877929688,114.28600311279297,0
2016-08-02,114.30500030517578,114.76899719238281,113.16899871826172,114.2509994506836,0
2016-08-03,113.36000061035156,113.60299682617188,112.95999908447266,113.38200378417969,0
2016-08-04,113.00399780273438,113.2300033569336,112.49299621582031,112.95899963378906,0
2016-08-05,112.6729965209961,112.87899780273438,112.33799743652344,112.70899963378906,0
2016-08-08,113.23400115966797,113.71499633789062,113.00599670410156,113.1240005493164,0
2016-08-09,113.38400268554688,113.5770034790039,113.03500366210938,113.39299774169922,0
2016-08-10,113.30500030517578,113.45800018310547,112.80799865722656,113.3219985961914,0
2016-08-11,113.11799621582031,113.33899688720703,112.71499633789062,113.11900329589844,0
2016-08-12,113.39700317382812,114.0199966430664,112.75599670410156,113.39399719238281,0
2016-08-15,113.07599639892578,113.26599884033203,112.68099975585938,113.04100036621094,0
2016-08-16,113.2040023803711,113.22200012207031,112.36699676513672,113.21299743652344,0
2016-08-17,112.98200225830078,113.87699890136719,112.83499908447266,113.01300048828125,0
2016-08-18,112.8759994506836,113.67900085449219,112.68000030517578,112.85199737548828,0
2016-08-19,113.61199951171875,113.86399841308594,113.20999908447266,113.61299896240234,0
2016-08-22,113.5770034790039,113.81900024414062,113.4000015258789,113.58799743652344,0
2016-08-23,113.47100067138672,113.71700286865234,113.27799987792969,113.49800109863281,0
2016-08-24,113.35800170898438,113.55000305175781,112.81199645996094,113.39600372314453,0
2016-08-25,113.2239990234375,113.56199645996094,113.08999633789062,113.21600341796875,0
2016-08-26,113.5009994506836,113.802001953125,113.1729965209961,113.49299621582031,0
2016-08-29,114.12300109863281,114.67500305175781,114.01200103759766,114.13999938964844,0
2016-08-30,113.94499969482422,114.77400207519531,113.85700225830078,113.927001953125,0
2016-08-31,114.70800018310547,115.33599853515625,114.69000244140625,114.69100189208984,0
2016-09-01,115.25900268554688,115.81300354003906,115.02400207519531,115.25299835205078,0
2016-09-02,115.62999725341797,116.33200073242188,115.51000213623047,115.62000274658203,0
2016-09-05,115.9739990234375,116.0790023803711,115.12699890136719,115.99199676513672,0
2016-09-06,115.4229965209961,115.66799926757812,114.7509994506836,115.4280014038086,0
2016-09-07,114.22599792480469,114.38999938964844,113.83999633789062,114.19599914550781,0
2016-09-08,114.44200134277344,115.1780014038086,114.15799713134766,114.4229965209961,0
2016-09-09,115.27999877929688,115.90499877929688,115.0,115.27100372314453,0
2016-09-12,115.14600372314453,115.46199798583984,114.25,115.21900177001953,0
2016-09-13,114.3759994506836,115.10199737548828,113.947998046875,114.375,0
2016-09-14,114.95999908447266,116.07099914550781,114.97599792480469,115.01399993896484,0
2016-09-15,115.31999969482422,115.40599822998047,114.65699768066406,115.27999877929688,0
2016-09-16,114.69000244140625,114.79499816894531,113.94000244140625,114.70899963378906,0
2016-09-19,114.1510009765625,114.18699645996094,113.47899627685547,114.1729965209961,0
2016-09-20,113.84700012207031,114.01499938964844,113.55599975585938,113.89700317382812,0
2016-09-21,113.26499938964844,114.38300323486328,112.09700012207031,113.31800079345703,0
2016-09-22,112.34700012207031,113.4469985961914,112.0989990234375,112.33999633789062,0
2016-09-23,113.02100372314453,113.41000366210938,112.88200378417969,112.95600128173828,0
2016-09-26,113.37799835205078,113.48300170898438,112.86399841308594,113.37999725341797,0
2016-09-27,112.90499877929688,113.54499816894531,112.24700164794922,112.9229965209961,0
2016-09-28,112.68900299072266,113.08000183105469,112.5199966430664,112.68599700927734,0
2016-09-29,113.2699966430664,114.1719970703125,113.26399993896484,113.28900146484375,0
2016-09-30,113.53500366210938,114.0459976196289,112.5999984741211,113.51799774169922,0
2016-10-03,114.06999969482422,114.09400177001953,113.63300323486328,114.05400085449219,0
2016-10-04,114.12300109863281,115.33200073242188,114.09300231933594,114.1500015258789,0
2016-10-05,115.30899810791016,115.97899627685547,115.12999725341797,115.27100372314453,0
2016-10-06,115.93499755859375,116.2699966430664,115.73500061035156,115.9229965209961,0
2016-10-07,115.6050033569336,115.71199798583984,115.1050033569336,115.62200164794922,0
2016-10-10,115.32099914550781,115.71600341796875,115.05999755859375,115.3499984741211,0
2016-10-11,115.49199676513672,115.78700256347656,114.27999877929688,115.54100036621094,0
2016-10-12,114.28500366210938,115.1240005493164,114.03700256347656,114.25,0
2016-10-13,114.84700012207031,115.11699676513672,113.94200134277344,114.85700225830078,0
2016-10-14,114.58799743652344,115.03600311279297,114.35800170898438,114.61100006103516,0
2016-10-17,114.08799743652344,114.55999755859375,114.05599975585938,114.13200378417969,0
2016-10-18,114.37000274658203,114.66699981689453,114.01799774169922,114.33399963378906,0
2016-10-19,113.98899841308594,114.15299987792969,113.1500015258789,114.0,0
2016-10-20,113.45500183105469,114.38600158691406,113.36699676513672,113.50399780273438,0
2016-10-21,113.78099822998047,113.80699920654297,112.60700225830078,113.80699920654297,0
2016-10-24,113.06600189208984,113.55899810791016,112.84400177001953,113.0510025024414,0
2016-10-25,113.4209976196289,113.89800262451172,113.4020004272461,113.40399932861328,0
2016-10-26,113.38500213623047,114.02100372314453,113.27300262451172,113.37100219726562,0
2016-10-27,114.07499694824219,114.83899688720703,113.7229995727539,114.06600189208984,0
2016-10-28,114.64399719238281,115.30400085449219,114.58000183105469,114.65599822998047,0
2016-10-31,114.8499984741211,115.19400024414062,114.79100036621094,114.83599853515625,0
2016-11-01,114.99299621582031,115.65699768066406,114.8290023803711,115.00700378417969,0
2016-11-02,115.0770034790039,115.11000061035156,114.37000274658203,115.09700012207031,0
2016-11-03,114.69499969482422,114.75700378417969,114.02999877929688,114.69300079345703,0
2016-11-04,114.38400268554688,114.77400207519531,114.13999938964844,114.38300323486328,0
2016-11-07,115.63500213623047,115.75700378417969,115.26899719238281,115.58300018310547,0
2016-11-08,115.4010009765625,115.80999755859375,115.12699890136719,115.40799713134766,0
2016-11-09,115.70700073242188,115.91500091552734,113.83699798583984,115.67900085449219,0
2016-11-10,115.5780029296875,116.54499816894531,114.9800033569336,115.572998046875,0
2016-11-11,116.35700225830078,116.47899627685547,115.3219985961914,116.27799987792969,0
2016-11-14,115.66600036621094,116.34600067138672,115.55000305175781,115.65799713134766,0
2016-11-15,116.28099822998047,117.00599670410156,116.08000183105469,116.26799774169922,0
2016-11-16,116.93299865722656,117.46800231933594,116.8134994506836,116.88999938964844,0
2016-11-17,116.46900177001953,117.2030029296875,116.27799987792969,116.46399688720703,0
2016-11-18,117.09400177001953,117.4540023803711,116.8010025024414,117.08799743652344,0
2016-11-21,117.43699645996094,117.96299743652344,117.31900024414062,117.4010009765625,0
2016-11-22,117.70500183105469,118.00199890136719,117.41699981689453,117.7239990234375,0
2016-11-23,118.0199966430664,118.947998046875,117.72000122070312,118.01699829101562,0
2016-11-24,118.6760025024414,119.697998046875,118.5009994506836,118.63200378417969,0
2016-11-25,119.61900329589844,120.14399719238281,119.33000183105469,119.61499786376953,0
2016-11-28,119.52999877929688,119.62899780273438,118.79000091552734,119.51000213623047,0
2016-11-29,118.5989990234375,119.91100311279297,118.5999984741211,118.5999984741211,0
2016-11-30,119.74299621582031,120.87100219726562,119.46299743652344,119.7760009765625,0
2016-12-01,121.47000122070312,121.6510009765625,120.84200286865234,121.43499755859375,0
2016-12-02,121.44499969482422,121.87999725341797,120.91100311279297,121.43900299072266,0
2016-12-05,120.11900329589844,123.1760025024414,119.51200103759766,119.98200225830078,0
2016-12-06,122.4520034790039,122.92400360107422,122.11399841308594,122.49099731445312,0
2016-12-07,122.24099731445312,122.58100128173828,122.06900024414062,122.25900268554688,0
2016-12-08,122.34500122070312,123.26499938964844,121.05999755859375,122.38700103759766,0
2016-12-09,121.1500015258789,121.67400360107422,121.05999755859375,121.11299896240234,0
2016-12-12,121.71800231933594,122.91500091552734,121.58599853515625,121.72599792480469,0
2016-12-13,122.3550033569336,122.76599884033203,122.1500015258789,122.3499984741211,0
2016-12-14,122.43499755859375,122.65499877929688,122.13500213623047,122.4280014038086,0
2016-12-15,123.20700073242188,124.06099700927734,122.68099975585938,123.23799896240234,0
2016-12-16,123.16300201416016,123.60600280761719,123.00399780273438,123.21499633789062,0
2016-12-19,123.05599975585938,123.09400177001953,121.91600036621094,123.06900024414062,0
2016-12-20,121.77100372314453,122.78399658203125,121.74199676513672,121.76699829101562,0
2016-12-21,122.5,122.8010025024414,122.0875015258789,122.43099975585938,0
2016-12-22,122.61399841308594,123.16899871826172,122.5,122.62000274658203,0
2016-12-23,122.67400360107422,122.74099731445312,122.37000274658203,122.68699645996094,0
2016-12-26,122.61699676513672,122.63400268554688,122.19999694824219,122.61199951171875,0
2016-12-27,122.50900268554688,122.97100067138672,122.44400024414062,122.51599884033203,0
2016-12-28,122.89399719238281,123.21800231933594,122.14099884033203,122.88800048828125,0
2016-12-29,121.96299743652344,122.23300170898438,121.55999755859375,121.91000366210938,0
2016-12-30,122.9260025024414,123.7249984741211,122.54000091552734,122.92900085449219,0
2017-01-02,122.93000030517578,123.47599792480469,122.76000213623047,122.91999816894531,0
2017-01-03,122.87000274658203,123.31700134277344,122.5250015258789,122.85099792480469,0
2017-01-04,122.56999969482422,122.96700286865234,122.49299621582031,122.58300018310547,0
2017-01-05,122.95700073242188,123.00199890136719,122.08499908447266,122.9020004272461,0
2017-01-06,122.2300033569336,123.19999694824219,122.26200103759766,122.27300262451172,0
2017-01-09,123.34500122070312,123.69999694824219,122.43099975585938,123.36399841308594,0
2017-01-10,122.79299926757812,122.92500305175781,122.23259735107422,122.76599884033203,0
2017-01-11,122.2750015258789,122.60900115966797,121.94599914550781,122.26399993896484,0
2017-01-12,121.94200134277344,122.01200103759766,121.16999816894531,121.89900207519531,0
2017-01-13,121.70999908447266,122.39199829101562,121.66300201416016,121.75199890136719,0
2017-01-16,121.38999938964844,121.63200378417969,120.75,121.41200256347656,0
2017-01-17,121.02899932861328,121.36799621582031,120.55799865722656,121.00599670410156,0
2017-01-18,120.73899841308594,121.25299835205078,120.64800262451172,120.77899932861328,0
2017-01-19,121.95500183105469,122.41799926757812,121.78900146484375,121.9530029296875,0
2017-01-20,122.52999877929688,122.84600067138672,122.36799621582031,122.4800033569336,0
2017-01-23,121.9229965209961,122.20099639892578,121.4219970703125,121.94100189208984,0
2017-01-24,121.33799743652344,121.89800262451172,121.2040023803711,121.375,0
2017-01-25,122.12899780273438,122.22899627685547,121.62899780273438,122.16999816894531,0
2017-01-26,121.79000091552734,122.6510009765625,121.69000244140625,121.7249984741211,0
2017-01-27,122.26399993896484,123.2979965209961,122.23699951171875,122.25399780273438,0
2017-01-30,122.8499984741211,123.01100158691406,121.54199981689453,122.92500305175781,0
2017-01-31,121.71800231933594,122.19599914550781,121.03399658203125,121.7239990234375,0
2017-02-01,121.7760009765625,122.49099731445312,121.78500366210938,121.78500366210938,0
2017-02-02,121.99199676513672,121.96399688720703,121.26899719238281,121.93399810791016,0
2017-02-03,121.36900329589844,121.75800323486328,121.11199951171875,121.37799835205078,0
2017-02-06,121.4520034790039,121.46600341796875,120.13200378417969,121.45500183105469,0
2017-02-07,120.13200378417969,120.13099670410156,119.5260009765625,120.0979995727539,0
2017-02-08,120.0,120.08000183105469,119.33899688720703,120.0270004272461,0
2017-02-09,119.69300079345703,120.68399810791016,119.66000366210938,119.697998046875,0
2017-02-10,120.89600372314453,121.33200073242188,120.4990005493164,120.87999725341797,0
2017-02-13,120.96199798583984,121.14800262451172,120.72699737548828,121.02200317382812,0
2017-02-14,120.50199890136719,120.91500091552734,120.23100280761719,120.48400115966797,0
2017-02-15,120.89399719238281,121.24199676513672,120.70950317382812,120.88400268554688,0
2017-02-16,121.03500366210938,121.13600158691406,120.73999786376953,121.0,0
2017-02-17,120.91600036621094,121.08999633789062,119.87999725341797,120.90499877929688,0
2017-02-20,119.97699737548828,120.2969970703125,119.7699966430664,119.96900177001953,0
2017-02-21,120.1729965209961,120.3010025024414,119.56600189208984,120.15399932861328,0
2017-02-22,119.82499694824219,119.84400177001953,118.58000183105469,119.80999755859375,0
2017-02-23,119.65599822998047,119.68900299072266,119.15399932861328,119.6259994506836,0
2017-02-24,119.26100158691406,119.49199676513672,118.71499633789062,119.26000213623047,0
2017-02-27,118.38400268554688,119.0999984741211,118.24800109863281,118.36499786376953,0
2017-02-28,119.3239974975586,119.36199951171875,118.71299743652344,119.29900360107422,0
2017-03-01,119.4990005493164,120.19599914550781,119.39600372314453,119.46099853515625,0
2017-03-02,120.2239990234375,120.47699737548828,119.97000122070312,120.21099853515625,0
2017-03-03,120.13600158691406,120.93800354003906,120.01000213623047,120.12799835205078,0
2017-03-06,120.9010009765625,120.8550033569336,120.36100006103516,120.8550033569336,0
2017-03-07,120.51300048828125,120.70500183105469,120.37999725341797,120.52899932861328,0
2017-03-08,120.41000366210938,121.09700012207031,120.0,120.39399719238281,0
2017-03-09,120.64399719238281,121.83499908447266,120.5,120.62100219726562,0
2017-03-10,121.7959976196289,122.73300170898438,121.81300354003906,121.81300354003906,0
2017-03-13,122.66400146484375,122.87899780273438,122.16000366210938,122.66699981689453,0
2017-03-14,122.38700103759766,122.60199737548828,121.8219985961914,122.38400268554688,0
2017-03-15,121.66999816894531,122.0510025024414,121.66699981689453,121.67400360107422,0
2017-03-16,121.76499938964844,121.81099700927734,121.18099975585938,121.75700378417969,0
2017-03-17,122.09600067138672,122.25,120.81700134277344,122.10199737548828,0
2017-03-20,121.03500366210938,121.41500091552734,120.98999786376953,121.03600311279297,0
2017-03-21,120.85099792480469,121.8280029296875,120.7249984741211,120.86299896240234,0
2017-03-22,120.58799743652344,120.72599792480469,119.76399993896484,120.60700225830078,0
2017-03-23,120.1780014038086,120.29499816894531,119.3290023803711,120.11599731445312,0
2017-03-24,119.6989974975586,120.14399719238281,119.5260009765625,119.68699645996094,0
2017-03-27,119.91500091552734,120.31300354003906,119.5479965209961,119.88999938964844,0
2017-03-28,120.3030014038086,120.37999725341797,119.70099639892578,120.29000091552734,0
2017-03-29,120.30000305175781,120.43900299072266,119.01699829101562,120.2699966430664,0
2017-03-30,119.56999969482422,119.8270034790039,119.1500015258789,119.55599975585938,0
2017-03-31,119.44000244140625,119.80500030517578,119.1052017211914,119.41300201416016,0
2017-04-03,118.70700073242188,119.04000091552734,118.14199829101562,118.73999786376953,0
2017-04-04,118.11900329589844,118.18099975585938,117.41999816894531,118.11299896240234,0
2017-04-05,118.38999938964844,118.76300048828125,118.0199966430664,118.34600067138672,0
2017-04-06,117.79199981689453,118.3949966430664,117.38500213623047,117.81800079345703,0
2017-04-07,118.03399658203125,118.15699768066406,117.36399841308594,118.01699829101562,0
2017-04-10,117.69200134277344,118.03500366210938,117.58999633789062,117.68800354003906,0
2017-04-11,117.322998046875,117.45500183105469,116.43250274658203,117.3010025024414,0
2017-04-12,116.25,116.54000091552734,115.96900177001953,116.25,0
2017-04-13,116.197998046875,116.44200134277344,115.87550354003906,116.16500091552734,0
2017-04-14,115.8759994506836,116.00299835205078,115.33999633789062,115.81600189208984,0
2017-04-17,114.93199920654297,115.68399810791016,114.86799621582031,114.90599822998047,0
2017-04-18,116.15499877929688,116.40799713134766,115.76200103759766,116.16600036621094,0
2017-04-19,116.43299865722656,116.9489974975586,116.2750015258789,116.4469985961914,0
2017-04-20,116.6050033569336,117.7699966430664,116.5999984741211,116.62000274658203,0
2017-04-21,117.19400024414062,117.29499816894531,116.4800033569336,117.16100311279297,0
2017-04-24,119.5790023803711,119.91200256347656,119.00499725341797,119.61299896240234,0
2017-04-25,119.11699676513672,121.39700317382812,119.13099670410156,119.13099670410156,0
2017-04-26,121.33999633789062,121.9739990234375,120.96499633789062,121.36299896240234,0
2017-04-27,121.29100036621094,121.85299682617188,120.62120056152344,121.27100372314453,0
2017-04-28,120.83499908447266,121.98799896240234,120.66999816894531,120.8489990234375,0
2017-05-01,121.41799926757812,122.04499816894531,121.36000061035156,121.41000366210938,0
2017-05-02,121.96800231933594,122.58999633789062,121.98999786376953,122.00700378417969,0
2017-05-03,122.46299743652344,122.76399993896484,122.30000305175781,122.46399688720703,0
2017-05-04,122.79900360107422,123.62699890136719,122.5999984741211,122.81800079345703,0
2017-05-05,123.58100128173828,123.89399719238281,122.93199920654297,123.56900024414062,0
2017-05-08,123.55799865722656,123.99700164794922,123.0,123.58100128173828,0
2017-05-09,123.70800018310547,124.5270004272461,123.65799713134766,123.69999694824219,0
2017-05-10,123.73999786376953,124.31300354003906,123.51699829101562,123.76499938964844,0
2017-05-11,124.2300033569336,124.4010009765625,123.34200286865234,124.2040023803711,0
2017-05-12,123.64800262451172,123.94599914550781,123.322998046875,123.6449966430664,0
2017-05-15,123.7699966430664,124.88300323486328,123.77200317382812,123.7770004272461,0
2017-05-16,124.78299713134766,125.79000091552734,124.5999984741211,124.78099822998047,0
2017-05-17,124.96600341796875,125.06500244140625,123.94950103759766,125.06099700927734,0
2017-05-18,123.95999908447266,124.10099792480469,122.572998046875,123.93499755859375,0
2017-05-19,123.80000305175781,124.91000366210938,123.37999725341797,123.78299713134766,0
2017-05-22,124.68499755859375,125.27100372314453,124.14099884033203,124.63700103759766,0
2017-05-23,124.62100219726562,125.34500122070312,124.55999755859375,124.66699981689453,0
2017-05-24,125.15399932861328,125.38500213623047,124.91069793701172,125.14800262451172,0
2017-05-25,125.24400329589844,125.7760009765625,125.19000244140625,125.26399993896484,0
2017-05-26,125.2490005493164,125.28099822998047,124.16000366210938,125.2300033569336,0
2017-05-29,124.3280029296875,124.625,124.19999694824219,124.33899688720703,0
2017-05-30,123.7229995727539,124.37100219726562,123.177001953125,123.74299621582031,0
2017-05-31,123.80000305175781,124.51200103759766,123.76000213623047,123.87899780273438,0
2017-06-01,124.51000213623047,125.072998046875,124.48300170898438,124.48300170898438,0
2017-06-02,124.95600128173828,125.29499816894531,124.43699645996094,124.9729995727539,0
2017-06-05,124.60299682617188,124.6989974975586,124.19000244140625,124.56600189208984,0
2017-06-06,124.24700164794922,124.3479995727539,122.95500183105469,124.26699829101562,0
2017-06-07,123.41000366210938,123.50900268554688,122.64900207519531,123.39600372314453,0
2017-06-08,123.67900085449219,124.02300262451172,123.18299865722656,123.7229995727539,0
2017-06-09,122.87300109863281,123.8499984741211,122.91999816894531,123.00800323486328,0
2017-06-12,123.51399993896484,123.71099853515625,122.86199951171875,123.56400299072266,0
2017-06-13,123.06199645996094,123.73500061035156,123.05000305175781,123.08799743652344,0
2017-06-14,123.33999633789062,123.63300323486328,122.86000061035156,123.36599731445312,0
2017-06-15,122.69999694824219,123.52999877929688,122.4000015258789,122.6969985961914,0
2017-06-16,123.66999816894531,124.447998046875,123.7699966430664,123.78199768066406,0
2017-06-19,124.322998046875,124.48899841308594,124.12999725341797,124.3280029296875,0
2017-06-20,124.44999694824219,124.62100219726562,124.0,124.52200317382812,0
2017-06-21,123.98999786376953,124.43199920654297,123.65599822998047,123.99299621582031,0
2017-06-22,124.31099700927734,124.33699798583984,123.8499984741211,124.33699798583984,0
2017-06-23,124.05999755859375,124.6969985961914,124.01899719238281,124.0999984741211,0
2017-06-26,124.56999969482422,125.00700378417969,124.5199966430664,124.58000183105469,0
2017-06-27,125.09400177001953,127.35900115966797,124.75399780273438,125.11100006103516,0
2017-06-28,127.16999816894531,127.83100128173828,126.53500366210938,127.16899871826172,0
2017-06-29,127.87999725341797,128.8209991455078,127.75,127.84500122070312,0
2017-06-30,128.12899780273438,128.25599670410156,127.45899963378906,128.0919952392578,0
2017-07-03,128.2270050048828,128.88299560546875,128.11700439453125,128.23399353027344,0
2017-07-04,128.93299865722656,128.9290008544922,128.04200744628906,128.92599487304688,0
2017-07-05,128.32200622558594,129.0780029296875,128.1739959716797,128.31199645996094,0
2017-07-06,128.4290008544922,129.3040008544922,128.0030059814453,128.44200134277344,0
2017-07-07,129.26699829101562,130.072998046875,129.24200439453125,129.2449951171875,0
2017-07-10,129.97000122070312,130.3780059814453,129.85699462890625,129.93299865722656,0
2017-07-12,130.5070037841797,130.56500244140625,129.06300354003906,130.5279998779297,0
2017-07-13,129.4199981689453,129.63999938964844,128.5330047607422,129.3719940185547,0
2017-07-14,129.3300018310547,129.5030059814453,128.61900329589844,129.32200622558594,0
2017-07-17,128.9720001220703,129.43800354003906,128.7449951171875,128.99600219726562,0
2017-07-18,129.1699981689453,129.73199462890625,129.06300354003906,129.18699645996094,0
2017-07-19,129.3470001220703,129.42100524902344,128.57699584960938,129.2899932861328,0
2017-07-20,128.97900390625,130.24899291992188,128.78900146484375,128.94900512695312,0
2017-07-21,130.1009979248047,130.49200439453125,129.47999572753906,130.1020050048828,0
2017-07-24,129.59100341796875,129.6959991455078,128.88600158691406,129.59500122070312,0
2017-07-25,129.4550018310547,130.54100036621094,129.2689971923828,129.44400024414062,0
2017-07-26,130.41700744628906,130.45700073242188,129.92999267578125,130.41799926757812,0
2017-07-27,130.3300018310547,130.58099365234375,130.08099365234375,130.35299682617188,0
2017-07-28,129.85000610351562,130.38699340820312,129.58299255371094,129.83599853515625,0
2017-07-31,129.81100463867188,130.50399780273438,129.5919952392578,129.8209991455078,0
2017-08-01,130.4810028076172,130.58200073242188,129.87399291992188,130.47000122070312,0
2017-08-02,130.43099975585938,131.36300659179688,130.38699340820312,130.4340057373047,0
2017-08-03,131.2530059814453,131.26499938964844,130.55799865722656,131.26499938964844,0
2017-08-04,130.58299255371094,131.06500244140625,130.1396942138672,130.5590057373047,0
2017-08-07,130.4810028076172,130.84300231933594,130.447998046875,130.48399353027344,0
2017-08-08,130.697998046875,130.7989959716797,129.781005859375,130.68800354003906,0
2017-08-09,129.4320068359375,129.4550018310547,128.44700622558594,129.39999389648438,0
2017-08-10,129.4340057373047,129.531005859375,128.2310028076172,129.44900512695312,0
2017-08-11,128.41200256347656,129.14999389648438,128.04800415039062,128.38800048828125,0
2017-08-14,129.13999938964844,129.6280059814453,128.91000366210938,129.19700622558594,0
2017-08-15,129.447998046875,130.0240020751953,129.41799926757812,129.47999572753906,0
2017-08-16,129.843994140625,130.38299560546875,129.52999877929688,129.8040008544922,0
2017-08-17,129.50799560546875,129.53599548339844,128.5760040283203,129.49099731445312,0
2017-08-18,128.07000732421875,128.46299743652344,127.56600189208984,128.10899353027344,0
2017-08-21,128.51400756835938,128.66099548339844,127.86299896240234,128.5260009765625,0
2017-08-22,128.71099853515625,129.1649932861328,128.3260040283203,128.8209991455078,0
2017-08-23,129.0709991455078,129.11900329589844,128.49200439453125,129.07400512695312,0
2017-08-24,128.69400024414062,129.17100524902344,128.69900512695312,128.69900512695312,0
2017-08-25,129.17999267578125,129.7530059814453,129.10800170898438,129.18099975585938,0
2017-08-28,130.6790008544922,130.7779998779297,130.00599670410156,130.6999969482422,0
2017-08-29,130.0850067138672,131.12399291992188,130.00399780273438,130.08599853515625,0
2017-08-30,131.4010009765625,131.68299865722656,131.1300048828125,131.38699340820312,0
2017-08-31,131.30999755859375,131.56500244140625,130.72000122070312,131.35400390625,0
2017-09-01,131.16099548339844,131.33200073242188,130.68299865722656,131.1490020751953,0
2017-09-04,130.45899963378906,130.69400024414062,130.1179962158203,130.43600463867188,0
2017-09-05,130.5989990234375,130.57000732421875,129.66299438476562,130.5679931640625,0
2017-09-06,129.49000549316406,130.0780029296875,129.35000610351562,129.48399353027344,0
2017-09-07,130.14999389648438,131.06100463867188,129.95899963378906,130.18299865722656,0
2017-09-08,130.22799682617188,130.63600158691406,129.46600341796875,130.26199340820312,0
2017-09-11,130.0590057373047,130.56500244140625,130.04600524902344,130.1009979248047,0
2017-09-12,130.82699584960938,131.70700073242188,130.6699981689453,130.84300231933594,0
2017-09-13,131.9550018310547,131.98399353027344,131.51300048828125,131.92999267578125,0
2017-09-14,131.3699951171875,131.68099975585938,131.13600158691406,131.35400390625,0
2017-09-15,131.03199768066406,133.0760040283203,131.04800415039062,131.04800415039062,0
2017-09-18,132.72300720214844,133.4040069580078,132.64100646972656,132.6790008544922,0
2017-09-19,133.33299255371094,134.13299560546875,133.2760009765625,133.3300018310547,0
2017-09-20,133.81500244140625,134.01400756835938,133.5,133.80099487304688,0
2017-09-21,133.5760040283203,134.23899841308594,133.51100158691406,133.6529998779297,0
2017-09-22,134.322998046875,134.39199829101562,133.51499938964844,134.30999755859375,0
2017-09-25,134.10299682617188,134.2259979248047,132.2550048828125,134.10499572753906,0
2017-09-26,132.4929962158203,132.4810028076172,131.74899291992188,132.4810028076172,0
2017-09-27,132.4429931640625,132.718994140625,132.0989990234375,132.4550018310547,0
2017-09-28,132.6020050048828,132.8679962158203,132.33200073242188,132.60299682617188,0
2017-09-29,132.4969940185547,133.09800720214844,132.51199340820312,132.53900146484375,0
2017-10-02,132.97999572753906,133.04400634765625,132.24000549316406,133.04400634765625,0
2017-10-03,132.3159942626953,132.8719940185547,132.1929931640625,132.31500244140625,0
2017-10-04,132.56399536132812,132.72799682617188,132.25,132.55999755859375,0
2017-10-05,132.63800048828125,132.7550048828125,131.85000610351562,132.64199829101562,0
2017-10-06,132.0760040283203,132.7480010986328,131.97799682617188,132.10000610351562,0
2017-10-09,132.156005859375,132.40499877929688,131.9600067138672,132.1479949951172,0
2017-10-10,132.27099609375,132.72300720214844,132.2729949951172,132.30499267578125,0
2017-10-11,132.72999572753906,133.2030029296875,132.4600067138672,132.718994140625,0
2017-10-12,133.4029998779297,133.4770050048828,132.94000244140625,133.36500549316406,0
2017-10-13,132.77999877929688,132.92300415039062,132.20700073242188,132.78599548339844,0
2017-10-16,132.1699981689453,132.3719940185547,131.67999267578125,132.17599487304688,0
2017-10-17,132.32000732421875,132.36300659179688,131.83999633789062,132.3000030517578,0
2017-10-18,132.08399963378906,133.06300354003906,131.99000549316406,132.08599853515625,0
2017-10-19,133.29200744628906,133.61300659179688,132.4969940185547,133.26499938964844,0
2017-10-20,133.4929962158203,133.94400024414062,133.4199981689453,133.4980010986328,0
2017-10-23,134.04100036621094,134.07899475097656,133.5019989013672,134.0570068359375,0
2017-10-24,133.23199462890625,134.16600036621094,133.20399475097656,133.20399475097656,0
2017-10-25,133.9810028076172,134.48300170898438,133.75999450683594,133.97900390625,0
2017-10-26,134.2239990234375,134.4739990234375,132.99600219726562,134.2220001220703,0
2017-10-27,132.80299377441406,132.94200134277344,131.74929809570312,132.82000732421875,0
2017-10-30,131.98500061035156,132.26800537109375,131.5399932861328,131.94500732421875,0
2017-10-31,131.66700744628906,132.37899780273438,131.50999450683594,131.68299865722656,0
2017-11-01,132.4199981689453,132.8280029296875,132.3699951171875,132.42799377441406,0
2017-11-02,132.7429962158203,133.11300659179688,132.59100341796875,132.77000427246094,0
2017-11-03,132.91000366210938,132.98500061035156,132.53799438476562,132.93600463867188,0
2017-11-06,132.58999633789062,133.11500549316406,132.0240020751953,132.6300048828125,0
2017-11-07,132.11199951171875,132.4029998779297,131.85000610351562,132.1060028076172,0
2017-11-08,131.968994140625,132.16400146484375,131.40199279785156,131.9530029296875,0
2017-11-09,132.0760040283203,132.2449951171875,131.5229949951172,132.0959930419922,0
2017-11-10,132.0399932861328,132.31199645996094,131.9600067138672,132.01400756835938,0
2017-11-13,132.56399536132812,132.56700134277344,131.91000366210938,132.56700134277344,0
2017-11-14,132.47000122070312,133.52499389648438,132.47999572753906,132.50900268554688,0
2017-11-15,133.73500061035156,133.82899475097656,133.16099548339844,133.71400451660156,0
2017-11-17,133.11399841308594,133.13999938964844,132.05999755859375,133.13499450683594,0
2017-11-20,131.4340057373047,132.45599365234375,131.29200744628906,131.4149932861328,0
2017-11-21,132.10299682617188,132.2550048828125,131.5749969482422,132.11700439453125,0
2017-11-22,131.8459930419922,131.8979949951172,131.4665069580078,131.8939971923828,0
2017-11-23,131.47999572753906,131.86900329589844,131.2310028076172,131.4600067138672,0
2017-11-24,131.83999633789062,133.21299743652344,131.83999633789062,131.84500122070312,0
2017-11-27,133.1790008544922,133.1739959716797,132.1295928955078,133.1739959716797,0
2017-11-28,132.3419952392578,132.5489959716797,131.97000122070312,132.3209991455078,0
2017-11-29,132.2740020751953,132.7310028076172,132.0,132.2480010986328,0
2017-11-30,132.73399353027344,133.69000244140625,132.66799926757812,132.7449951171875,0
2017-12-01,133.91700744628906,134.34300231933594,132.97300720214844,133.92300415039062,0
2017-12-04,133.84300231933594,134.0330047607422,133.50799560546875,133.78399658203125,0
2017-12-05,133.50599670410156,133.73800659179688,133.20899963378906,133.5240020751953,0
2017-12-06,133.05499267578125,133.05599975585938,132.25399780273438,133.052001953125,0
2017-12-07,132.5469970703125,132.94700622558594,132.57000732421875,132.5850067138672,0
2017-12-08,133.22999572753906,133.59500122070312,133.11300659179688,133.2530059814453,0
2017-12-11,133.60899353027344,133.87399291992188,133.52000427246094,133.59800720214844,0
2017-12-12,133.69700622558594,133.7469940185547,133.17100524902344,133.7220001220703,0
2017-12-13,133.322998046875,133.32899475097656,132.8800048828125,133.3000030517578,0
2017-12-14,133.47999572753906,133.70599365234375,132.4550018310547,133.44900512695312,0
2017-12-15,132.33999633789062,132.71499633789062,132.0500030517578,132.3300018310547,0
2017-12-18,132.36500549316406,132.99400329589844,132.35000610351562,132.3800048828125,0
2017-12-19,132.6510009765625,133.5749969482422,132.60000610351562,132.66000366210938,0
2017-12-20,133.74400329589844,134.7310028076172,133.65899658203125,133.7530059814453,0
2017-12-21,134.5019989013672,134.88999938964844,134.45199584960938,134.4929962158203,0
2017-12-22,134.36000061035156,134.4810028076172,133.9010009765625,134.24400329589844,0
2017-12-25,134.3000030517578,134.5800018310547,134.1320037841797,134.2259979248047,0
2017-12-26,134.51100158691406,134.54600524902344,134.22300720214844,134.50399780273438,0
2017-12-27,134.22999572753906,134.9600067138672,134.19000244140625,134.2270050048828,0
2017-12-28,134.7270050048828,134.95199584960938,134.46099853515625,134.7480010986328,0
2017-12-29,134.7779998779297,135.48199462890625,134.572998046875,134.77999877929688,0
2018-01-01,135.24000549316406,135.3699951171875,135.16549682617188,135.24000549316406,0
2018-01-02,135.44000244140625,135.59800720214844,134.94000244140625,135.44500732421875,0
2018-01-03,135.4010009765625,135.49600219726562,134.80999755859375,135.40699768066406,0
2018-01-04,135.23399353027344,136.35299682617188,135.24400329589844,135.25399780273438,0
2018-01-05,136.1219940185547,136.62600708007812,136.08999633789062,136.09300231933594,0
2018-01-08,136.2030029296875,136.31399536132812,135.1300048828125,136.18899536132812,0
2018-01-09,135.4340057373047,135.46800231933594,134.05599975585938,135.46099853515625,0
2018-01-10,134.5019989013672,134.52200317382812,133.2899932861328,134.5189971923828,0
2018-01-11,133.23699951171875,134.34100341796875,133.11000061035156,133.2010040283203,0
2018-01-12,134.01400756835938,135.34800720214844,133.92999267578125,134.00799560546875,0
2018-01-15,135.4499969482422,135.97000122070312,135.00999450683594,135.54299926757812,0
2018-01-16,135.65699768066406,136.0919952392578,134.99000549316406,135.697998046875,0
2018-01-17,135.45199584960938,135.88099670410156,135.13999938964844,135.36000061035156,0
2018-01-18,135.69400024414062,136.28720092773438,135.55999755859375,135.62399291992188,0
2018-01-19,135.85000610351562,136.0290069580078,135.1929931640625,135.81700134277344,0
2018-01-22,135.64100646972656,135.93299865722656,135.3489990234375,135.66299438476562,0
2018-01-23,136.00100708007812,136.1840057373047,135.19000244140625,136.0189971923828,0
2018-01-24,135.53799438476562,135.63800048828125,134.947998046875,135.55299377441406,0
2018-01-25,135.45899963378906,136.25599670410156,135.0399932861328,135.49099731445312,0
2018-01-26,135.9459991455078,136.12899780273438,134.58399963378906,135.8699951171875,0
2018-01-29,135.01400756835938,135.3209991455078,134.32899475097656,135.0279998779297,0
2018-01-30,134.85699462890625,135.19000244140625,134.14500427246094,134.90199279785156,0
2018-01-31,134.92599487304688,136.0279998779297,134.94000244140625,134.94000244140625,0
2018-02-01,135.60000610351562,136.7239990234375,135.52000427246094,135.56300354003906,0
2018-02-02,136.86199951171875,137.47799682617188,136.6719970703125,136.86500549316406,0
2018-02-05,136.9550018310547,137.08700561523438,136.3350067138672,136.93800354003906,0
2018-02-06,134.91900634765625,135.75599670410156,133.99600219726562,134.8209991455078,0
2018-02-07,135.72000122070312,135.75999450683594,134.31500244140625,135.7169952392578,0
2018-02-08,133.95599365234375,134.77699279785156,133.2760009765625,133.88999938964844,0
2018-02-09,133.06399536132812,134.13800048828125,132.61399841308594,133.11900329589844,0
2018-02-12,133.30299377441406,133.63800048828125,132.927001953125,133.29100036621094,0
2018-02-13,133.71800231933594,133.71800231933594,132.5330047607422,133.6719970703125,0
2018-02-14,133.1199951171875,133.32200622558594,131.61399841308594,133.11000061035156,0
2018-02-15,132.87100219726562,133.23599243164062,132.52999877929688,132.88699340820312,0
2018-02-16,132.67300415039062,133.09500122070312,131.91000366210938,132.64500427246094,0
2018-02-19,131.88099670410156,132.36700439453125,131.89199829101562,131.89199829101562,0
2018-02-20,132.30099487304688,132.49000549316406,132.11000061035156,132.32400512695312,0
2018-02-21,132.45399475097656,133.04100036621094,132.28199768066406,132.4429931640625,0
2018-02-22,132.08999633789062,132.1999969482422,131.28799438476562,132.1649932861328,0
2018-02-23,131.66099548339844,131.8300018310547,130.94000244140625,131.69200134277344,0
2018-02-26,131.5590057373047,131.73899841308594,131.0800018310547,131.54100036621094,0
2018-02-27,131.86099243164062,132.1739959716797,131.35400390625,131.88600158691406,0
2018-02-28,131.3780059814453,131.51300048828125,130.09800720214844,131.33700561523438,0
2018-03-01,130.0030059814453,130.74099731445312,129.86000061035156,130.0050048828125,0
2018-03-02,130.2729949951172,130.43099975585938,129.58099365234375,130.29600524902344,0
2018-03-05,129.97999572753906,130.7550048828125,129.3560028076172,130.02499389648438,0
2018-03-06,131.06900024414062,132.01100158691406,130.60000610351562,131.11599731445312,0
2018-03-07,131.03900146484375,131.58999633789062,131.0,131.16099548339844,0
2018-03-08,131.7989959716797,131.9669952392578,130.51699829101562,131.7760009765625,0
2018-03-09,130.947998046875,131.88400268554688,130.88499450683594,130.95700073242188,0
2018-03-12,131.56100463867188,131.6580047607422,130.96600341796875,131.55999755859375,0
2018-03-13,131.11599731445312,132.41799926757812,131.1199951171875,131.177001953125,0
2018-03-14,131.98399353027344,132.2530059814453,131.06399536132812,132.03900146484375,0
2018-03-15,131.3699951171875,131.4499969482422,130.56500244140625,131.36399841308594,0
2018-03-16,130.82899475097656,130.83999633789062,130.08599853515625,130.80999755859375,0
2018-03-19,130.13999938964844,130.94900512695312,129.58999633789062,130.1300048828125,0
2018-03-20,130.77000427246094,131.66700744628906,130.54400634765625,130.81199645996094,0
2018-03-21,130.41000366210938,130.63099670410156,130.29400634765625,130.4080047607422,0
2018-03-22,130.78900146484375,131.00999450683594,129.5500030517578,130.75999450683594,0
2018-03-23,129.36900329589844,129.9550018310547,129.10899353027344,129.38099670410156,0
2018-03-26,129.54299926757812,130.875,129.47300720214844,129.51100158691406,0
2018-03-27,131.42100524902344,131.7989959716797,130.89720153808594,131.4499969482422,0
2018-03-28,130.83999633789062,131.68800354003906,130.61500549316406,130.88299560546875,0
2018-03-29,131.4669952392578,131.58299255371094,130.62899780273438,131.47300720214844,0
2018-03-30,130.9720001220703,130.9969940185547,130.625,130.97000122070312,0
2018-04-02,130.9029998779297,131.28900146484375,130.1739959716797,130.8979949951172,0
2018-04-03,130.0500030517578,130.89700317382812,129.99000549316406,130.06199645996094,0
2018-04-04,130.67799377441406,131.14199829101562,130.23800659179688,130.68299865722656,0
2018-04-05,131.19000244140625,131.46099853515625,131.10000610351562,131.20700073242188,0
2018-04-06,131.14999389648438,131.6020050048828,131.13099670410156,131.17999267578125,0
2018-04-09,131.25900268554688,131.98899841308594,131.1300048828125,131.23800659179688,0
2018-04-10,131.5330047607422,132.5970001220703,131.4320068359375,131.50100708007812,0
2018-04-11,132.41700744628906,132.6009979248047,132.05999755859375,132.42799377441406,0
2018-04-12,132.16099548339844,132.3070068359375,131.83399963378906,132.16000366210938,0
2018-04-13,132.2010040283203,132.88600158691406,132.23800659179688,132.27200317382812,0
2018-04-16,132.57400512695312,132.96099853515625,132.1199951171875,132.55799865722656,0
2018-04-17,132.57400512695312,132.76400756835938,132.17999267578125,132.52200317382812,0
2018-04-18,132.406005859375,132.89300537109375,132.36000061035156,132.41799926757812,0
2018-04-19,132.8800048828125,133.05599975585938,132.4949951171875,132.89300537109375,0
2018-04-20,132.62399291992188,132.9600067138672,132.0540008544922,132.62600708007812,0
2018-04-23,132.38600158691406,132.70899963378906,132.11900329589844,132.3679962158203,0
2018-04-24,132.7790069580078,133.47900390625,132.63900756835938,132.7899932861328,0
2018-04-25,133.14999389648438,133.32899475097656,132.9320068359375,133.11000061035156,0
2018-04-26,133.12100219726562,133.25,132.2899932861328,133.11599731445312,0
2018-04-27,132.35000610351562,132.3719940185547,131.88999938964844,132.33999633789062,0
2018-04-30,132.2480010986328,132.5290069580078,131.90899658203125,132.24600219726562,0
2018-05-01,132.10899353027344,132.12399291992188,131.53900146484375,132.07699584960938,0
2018-05-02,131.78599548339844,132.10000610351562,131.48800659179688,131.76400756835938,0
2018-05-03,131.2469940185547,131.63800048828125,130.2779998779297,131.2570037841797,0
2018-05-04,130.7989959716797,130.90899658203125,129.9095001220703,130.8000030517578,0
2018-05-07,130.47500610351562,130.51800537109375,130.08999633789062,130.47900390625,0
2018-05-08,130.00399780273438,130.08900451660156,129.23899841308594,129.98699951171875,0
2018-05-09,129.38400268554688,130.46400451660156,129.33999633789062,129.38800048828125,0
2018-05-10,130.1300048828125,130.73500061035156,130.01100158691406,130.11000061035156,0
2018-05-11,130.3939971923828,130.6739959716797,130.0050048828125,130.4219970703125,0
2018-05-14,130.67599487304688,131.3679962158203,130.58999633789062,130.65499877929688,0
2018-05-15,130.91200256347656,131.13099670410156,130.45399475097656,130.9239959716797,0
2018-05-16,130.3800048828125,130.5590057373047,129.53399658203125,130.38099670410156,0
2018-05-17,130.38499450683594,130.843994140625,130.25,130.40699768066406,0
2018-05-18,130.68899536132812,131.10299682617188,130.23800659179688,130.69500732421875,0
2018-05-21,130.4600067138672,130.9980010986328,130.3769989013672,130.4739990234375,0
2018-05-22,130.8419952392578,131.3159942626953,130.60000610351562,130.86000061035156,0
2018-05-23,130.531005859375,130.63499450683594,128.2530059814453,130.53700256347656,0
2018-05-24,128.65499877929688,128.84800720214844,127.74099731445312,128.6649932861328,0
2018-05-25,128.13800048828125,128.51400756835938,127.16000366210938,128.16099548339844,0
2018-05-28,128.1320037841797,128.50100708007812,126.8740005493164,128.13499450683594,0
2018-05-29,127.18299865722656,127.25199890136719,125.1050033569336,127.18199920654297,0
2018-05-30,125.0459976196289,127.25399780273438,124.99700164794922,125.11699676513672,0
2018-05-31,126.80999755859375,127.65699768066406,126.36399841308594,126.83200073242188,0
2018-06-01,127.16000366210938,128.10000610351562,127.13700103759766,127.16999816894531,0
2018-06-04,127.87799835205078,128.63999938964844,127.73999786376953,127.86000061035156,0
2018-06-05,128.66099548339844,128.67999267578125,127.81999969482422,128.67999267578125,0
2018-06-06,128.8159942626953,129.81199645996094,128.6999969482422,128.83900451660156,0
2018-06-07,129.75,130.2469940185547,129.5229949951172,129.75999450683594,0
2018-06-08,129.35699462890625,129.70799255371094,128.10000610351562,129.3800048828125,0
2018-06-11,128.9600067138672,130.04299926757812,128.8249969482422,129.04100036621094,0
2018-06-12,129.96400451660156,130.25799560546875,129.5019989013672,129.9290008544922,0
2018-06-13,129.75100708007812,130.13299560546875,129.66900634765625,129.74000549316406,0
2018-06-14,130.1199951171875,130.23300170898438,128.35800170898438,130.1269989013672,0
2018-06-15,127.9749984741211,128.49600219726562,127.72799682617188,127.94200134277344,0
2018-06-18,128.2550048828125,128.39999389648438,127.81900024414062,128.2530059814453,0
2018-06-19,128.08799743652344,128.4739990234375,126.6780014038086,128.1219940185547,0
2018-06-20,127.55500030517578,127.71800231933594,127.14199829101562,127.56400299072266,0
2018-06-21,127.76799774169922,128.0030059814453,127.01899719238281,127.74099731445312,0
2018-06-22,127.60399627685547,128.58599853515625,127.572998046875,127.59700012207031,0
2018-06-25,128.1959991455078,128.26699829101562,127.26000213623047,128.18499755859375,0
2018-06-26,128.28599548339844,128.44200134277344,127.77999877929688,128.28799438476562,0
2018-06-27,128.26100158691406,128.31199645996094,127.58799743652344,128.27200317382812,0
2018-06-28,127.4469985961914,127.90599822998047,127.14199829101562,127.44599914550781,0
2018-06-29,127.75,129.40499877929688,127.71199798583984,127.71800231933594,0
2018-07-02,129.25999450683594,129.49400329589844,128.41900634765625,129.3280029296875,0
2018-07-03,129.0679931640625,129.51699829101562,128.7550048828125,129.072998046875,0
2018-07-04,128.718994140625,128.93499755859375,128.4906005859375,128.71200561523438,0
2018-07-05,128.86599731445312,129.6009979248047,128.5780029296875,128.83399963378906,0
2018-07-06,129.2899932861328,129.9600067138672,129.26300048828125,129.27099609375,0
2018-07-09,129.76100158691406,130.25100708007812,129.70700073242188,129.75799560546875,0
2018-07-10,130.44000244140625,130.58700561523438,130.09800720214844,130.4320068359375,0
2018-07-11,129.9669952392578,130.76400756835938,129.90699768066406,130.05599975585938,0
2018-07-12,130.71400451660156,131.46499633789062,130.73599243164062,130.74400329589844,0
2018-07-13,131.427001953125,131.51199340820312,130.80599975585938,131.40199279785156,0
2018-07-16,131.25,131.69400024414062,131.26199340820312,131.27000427246094,0
2018-07-17,131.57699584960938,131.9739990234375,131.5500030517578,131.57699584960938,0
2018-07-18,131.68800354003906,131.76699829101562,130.8979949951172,131.7030029296875,0
2018-07-19,131.343994140625,131.4080047607422,130.9199981689453,131.36500549316406,0
2018-07-20,130.96099853515625,131.20399475097656,130.60800170898438,130.96400451660156,0
2018-07-23,130.39199829101562,130.43800354003906,129.87399291992188,130.39199829101562,0
2018-07-24,130.33399963378906,130.32400512695312,129.76400756835938,130.32400512695312,0
2018-07-25,129.98500061035156,130.16700744628906,129.4199981689453,130.0229949951172,0
2018-07-26,130.0959930419922,130.13999938964844,129.447998046875,130.13999938964844,0
2018-07-27,129.4029998779297,129.44900512695312,129.13499450683594,129.41000366210938,0
2018-07-30,129.3489990234375,130.0570068359375,129.31500244140625,129.3280029296875,0
2018-07-31,129.9429931640625,131.11199951171875,129.80299377441406,129.9499969482422,0
2018-08-01,130.6580047607422,131.09100341796875,130.3090057373047,130.6909942626953,0
2018-08-02,130.1929931640625,130.2790069580078,129.27999877929688,130.2050018310547,0
2018-08-03,129.3939971923828,129.51800537109375,128.67999267578125,129.3939971923828,0
2018-08-06,128.60699462890625,128.86300659179688,128.49600219726562,128.57899475097656,0
2018-08-07,128.66000366210938,128.99000549316406,128.59500122070312,128.66000366210938,0
2018-08-08,129.1820068359375,129.4499969482422,128.5590057373047,129.197998046875,0
2018-08-09,128.7480010986328,129.00100708007812,128.2100067138672,128.7239990234375,0
2018-08-10,127.99800109863281,128.00799560546875,126.10099792480469,128.00799560546875,0
2018-08-13,126.03800201416016,126.76000213623047,125.1500015258789,126.09100341796875,0
2018-08-14,126.16400146484375,126.9739990234375,125.81900024414062,126.05599975585938,0
2018-08-15,126.20999908447266,126.36499786376953,124.94000244140625,126.22899627685547,0
2018-08-16,125.40899658203125,126.33699798583984,125.3010025024414,125.44200134277344,0
2018-08-17,126.22000122070312,126.38999938964844,125.63800048828125,126.21700286865234,0
2018-08-20,126.33999633789062,126.44200134277344,126.0719985961914,126.35900115966797,0
2018-08-21,126.33799743652344,127.43699645996094,126.2760009765625,126.30000305175781,0
2018-08-22,127.48300170898438,128.25399780273438,127.34700012207031,127.4520034790039,0
2018-08-23,128.10000610351562,128.75799560546875,127.97000122070312,128.08999633789062,0
2018-08-24,128.51600646972656,129.343994140625,128.48599243164062,128.51100158691406,0
2018-08-27,129.62399291992188,129.72300720214844,128.8179931640625,129.5850067138672,0
2018-08-28,129.84500122070312,130.26100158691406,129.7100067138672,129.8350067138672,0
2018-08-29,129.95399475097656,130.8209991455078,129.5800018310547,129.9739990234375,0
2018-08-30,130.80599975585938,130.843994140625,129.41400146484375,130.77499389648438,0
2018-08-31,129.47300720214844,129.7989959716797,128.64700317382812,129.48199462890625,0
2018-09-03,128.91200256347656,129.13699340820312,128.5800018310547,128.89999389648438,0
2018-09-04,129.0279998779297,129.13400268554688,128.322998046875,128.9669952392578,0
2018-09-05,129.13999938964844,129.94900512695312,128.6300048828125,129.13499450683594,0
2018-09-06,129.66700744628906,129.78599548339844,128.69200134277344,129.64300537109375,0
2018-09-07,128.39100646972656,129.08799743652344,128.24000549316406,128.39199829101562,0
2018-09-10,128.22999572753906,129.05599975585938,127.86000061035156,128.19700622558594,0
2018-09-11,128.85699462890625,129.79299926757812,128.77699279785156,128.86300659179688,0
2018-09-12,129.40199279785156,129.79400634765625,128.94900512695312,129.4029998779297,0
2018-09-13,129.31100463867188,130.7830047607422,129.2570037841797,129.2570037841797,0
2018-09-14,130.95399475097656,131.1060028076172,130.58999633789062,130.98899841308594,0
2018-09-17,130.1649932861328,130.98800659179688,130.1230010986328,130.1230010986328,0
2018-09-18,130.3280029296875,131.48699951171875,130.29600524902344,130.29600524902344,0
2018-09-19,131.13099670410156,131.656005859375,130.822998046875,131.1320037841797,0
2018-09-20,131.11700439453125,132.3249969482422,130.9499969482422,131.1219940185547,0
2018-09-21,132.47500610351562,133.10699462890625,132.1790008544922,132.46400451660156,0
2018-09-24,132.19000244140625,133.04200744628906,131.90699768066406,132.1959991455078,0
2018-09-25,132.5500030517578,133.08799743652344,132.36599731445312,132.56399536132812,0
2018-09-26,132.88900756835938,132.9219970703125,132.5399932861328,132.89199829101562,0
2018-09-27,132.4010009765625,132.66400146484375,131.58200073242188,132.3800048828125,0
2018-09-28,131.91099548339844,132.29800415039062,131.1820068359375,131.95199584960938,0
2018-10-01,132.0570068359375,132.4499969482422,131.76499938964844,132.0330047607422,0
2018-10-02,131.91000366210938,131.94500732421875,130.7220001220703,131.927001953125,0
2018-10-03,131.19400024414062,131.9530029296875,130.968994140625,131.17599487304688,0
2018-10-04,131.38099670410156,131.56500244140625,130.89999389648438,131.39700317382812,0
2018-10-05,131.18499755859375,131.35400390625,130.6060028076172,131.18299865722656,0
2018-10-08,131.02200317382812,131.23800659179688,129.61000061035156,131.01400756835938,0
2018-10-09,129.98800659179688,130.17999267578125,129.34100341796875,129.98899841308594,0
2018-10-10,130.0,130.4949951171875,129.76600646972656,129.98599243164062,0
2018-10-11,129.2779998779297,130.16600036621094,129.29200744628906,129.29299926757812,0
2018-10-12,129.90199279785156,130.4709930419922,129.4219970703125,129.92300415039062,0
2018-10-15,129.59100341796875,129.77699279785156,129.13900756835938,129.61599731445312,0
2018-10-16,129.54200744628906,130.27099609375,129.52999877929688,129.54800415039062,0
2018-10-17,130.03399658203125,130.14999389648438,129.177001953125,130.02200317382812,0
2018-10-18,129.50999450683594,129.72300720214844,128.83999633789062,129.51400756835938,0
2018-10-19,128.5,129.56300354003906,128.52699279785156,128.53199768066406,0
2018-10-22,129.45399475097656,130.18800354003906,129.2010040283203,129.43699645996094,0
2018-10-23,129.27099609375,129.302001953125,128.26499938964844,129.24899291992188,0
2018-10-24,129.00900268554688,129.21099853515625,128.0760040283203,129.00399780273438,0
2018-10-25,127.6780014038086,128.38499450683594,127.49199676513672,127.69300079345703,0
2018-10-26,127.7959976196289,127.83200073242188,126.6520004272461,127.76000213623047,0
2018-10-29,127.552001953125,128.2100067138672,127.24400329589844,127.55999755859375,0
2018-10-30,127.77899932861328,128.43299865722656,127.74400329589844,127.74400329589844,0
2018-10-31,128.25,128.531005859375,127.85700225830078,128.2689971923828,0
2018-11-01,127.7030029296875,128.7469940185547,127.61799621582031,127.66699981689453,0
2018-11-02,128.52499389648438,129.2989959716797,128.38999938964844,128.5279998779297,0
2018-11-05,128.9199981689453,129.11500549316406,128.6009979248047,128.9320068359375,0
2018-11-06,129.17999267578125,129.45799255371094,128.88299560546875,129.21099853515625,0
2018-11-07,129.66000366210938,130.1320037841797,129.3939971923828,129.67599487304688,0
2018-11-08,129.82000732421875,130.11199951171875,129.697998046875,129.83399963378906,0
2018-11-09,129.54100036621094,129.5850067138672,128.81900024414062,129.54800415039062,0
2018-11-12,128.91600036621094,129.17799377441406,127.81999969482422,128.91099548339844,0
2018-11-13,127.61199951171875,128.73399353027344,127.5009994506836,127.56999969482422,0
2018-11-14,128.70799255371094,129.1529998779297,128.28399658203125,128.74000549316406,0
2018-11-15,128.45599365234375,128.83799743652344,127.77100372314453,128.468994140625,0
2018-11-16,128.59500122070312,128.76499938964844,128.16099548339844,128.60299682617188,0
2018-11-19,128.66099548339844,129.05999755859375,128.47000122070312,128.63800048828125,0
2018-11-20,128.8000030517578,129.0290069580078,128.00799560546875,128.83700561523438,0
2018-11-21,128.1959991455078,129.06100463867188,128.16000366210938,128.17999267578125,0
2018-11-22,128.72000122070312,129.0959930419922,128.66200256347656,128.72500610351562,0
2018-11-23,128.8300018310547,128.91200256347656,127.86299896240234,128.84100341796875,0
2018-11-26,128.00999450683594,128.89199829101562,127.98999786376953,128.0330047607422,0
2018-11-27,128.6300048828125,128.82000732421875,128.36000061035156,128.65199279785156,0
2018-11-28,128.53500366210938,128.71800231933594,128.2480010986328,128.5279998779297,0
2018-11-29,129.08200073242188,129.1230010986328,128.6699981689453,129.08299255371094,0
2018-11-30,129.19200134277344,129.24200439453125,128.45799255371094,129.19400024414062,0
2018-12-03,129.0290069580078,129.1320037841797,128.5500030517578,129.01499938964844,0
2018-12-04,128.9669952392578,129.0,128.1199951171875,128.95899963378906,0
2018-12-05,127.8280029296875,128.43099975585938,127.81800079345703,127.83200073242188,0
2018-12-06,128.29100036621094,128.35499572753906,127.68599700927734,128.28900146484375,0
2018-12-07,128.1739959716797,128.58399963378906,128.1199951171875,128.24400329589844,0
2018-12-10,128.25100708007812,128.92599487304688,128.26800537109375,128.29100036621094,0
2018-12-11,128.52999877929688,128.94200134277344,128.22999572753906,128.54100036621094,0
2018-12-12,128.3780059814453,128.8459930419922,128.27999877929688,128.3699951171875,0
2018-12-13,128.83999633789062,129.23599243164062,128.7100067138672,128.83299255371094,0
2018-12-14,129.03500366210938,129.1020050048828,128.0540008544922,129.0489959716797,0
2018-12-17,128.19400024414062,128.58299255371094,127.98600006103516,128.197998046875,0
2018-12-18,128.05299377441406,128.10000610351562,127.64800262451172,128.05499267578125,0
2018-12-19,127.99400329589844,128.3509979248047,127.7249984741211,127.96499633789062,0
2018-12-20,128.01800537109375,128.35000610351562,127.21499633789062,128.01499938964844,0
2018-12-21,127.35199737548828,127.68000030517578,126.5469970703125,127.39700317382812,0
2018-12-24,126.29199981689453,126.73100280761719,126.0009994506836,126.29000091552734,0
2018-12-25,125.7699966430664,125.95999908447266,125.3499984741211,125.79000091552734,0
2018-12-26,126.00199890136719,126.21399688720703,125.80000305175781,126.02200317382812,0
2018-12-27,126.40499877929688,126.66400146484375,126.02400207519531,126.40899658203125,0
2018-12-28,126.76799774169922,126.9739990234375,126.28800201416016,126.77400207519531,0
2018-12-31,126.2490005493164,126.4219970703125,125.41400146484375,126.22000122070312,0
2019-01-01,125.9800033569336,126.55000305175781,125.66000366210938,125.69000244140625,0
2019-01-02,125.68900299072266,125.7020034790039,123.88700103759766,125.7020034790039,0
2019-01-03,121.60099792480469,123.36499786376953,121.32099914550781,121.59100341796875,0
2019-01-04,122.79399871826172,123.6760025024414,122.61499786376953,122.87100219726562,0
2019-01-07,123.82099914550781,124.56199645996094,123.43000030517578,123.78500366210938,0
2019-01-08,124.66000366210938,124.84700012207031,124.12999725341797,124.71199798583984,0
2019-01-09,124.60900115966797,125.0790023803711,124.48100280761719,124.59200286865234,0
2019-01-10,125.01499938964844,125.03800201416016,124.37699890136719,124.97699737548828,0
2019-01-11,124.61900329589844,124.98699951171875,124.23100280761719,124.69000244140625,0
2019-01-14,124.29000091552734,124.3479995727539,123.77100372314453,124.3239974975586,0
2019-01-15,124.18699645996094,124.84700012207031,123.63500213623047,124.18399810791016,0
2019-01-16,123.9800033569336,124.1719970703125,123.52999877929688,124.01200103759766,0
2019-01-17,124.2760009765625,124.29100036621094,123.75299835205078,124.28199768066406,0
2019-01-18,124.3479995727539,124.96399688720703,124.33000183105469,124.33000183105469,0
2019-01-21,124.62799835205078,124.81199645996094,124.5199966430664,124.625,0
2019-01-22,124.68099975585938,124.69000244140625,124.05799865722656,124.6760025024414,0
2019-01-23,124.26000213623047,124.90499877929688,124.25,124.2750015258789,0
2019-01-24,124.66000366210938,124.89399719238281,124.00599670410156,124.65799713134766,0
2019-01-25,123.96900177001953,125.06400299072266,123.91000366210938,123.93800354003906,0
2019-01-28,124.85399627685547,124.99600219726562,124.60399627685547,124.83399963378906,0
2019-01-29,124.8499984741211,125.23100280761719,124.68000030517578,124.88300323486328,0
2019-01-30,125.11000061035156,125.25599670410156,124.89199829101562,125.10600280761719,0
2019-01-31,125.16500091552734,125.28399658203125,124.58000183105469,125.13500213623047,0
2019-02-01,124.58000183105469,125.72000122070312,124.3949966430664,124.61000061035156,0
2019-02-04,125.33999633789062,125.93699645996094,125.38999938964844,125.38999938964844,0
2019-02-05,125.75299835205078,125.86199951171875,125.29000091552734,125.7699966430664,0
2019-02-06,125.43199920654297,125.43199920654297,124.81900024414062,125.41400146484375,0
2019-02-07,124.9800033569336,125.01399993896484,124.33999633789062,125.01399993896484,0
2019-02-08,124.4540023803711,124.68000030517578,124.16999816894531,124.47799682617188,0
2019-02-11,124.3479995727539,124.86199951171875,124.33000183105469,124.35199737548828,0
2019-02-12,124.5199966430664,125.07599639892578,124.4520034790039,124.51000213623047,0
2019-02-13,125.25599670410156,125.51699829101562,125.04900360107422,125.23500061035156,0
2019-02-14,124.95099639892578,125.43599700927734,124.75,124.96800231933594,0
2019-02-15,124.8499984741211,124.84200286865234,124.23500061035156,124.84200286865234,0
2019-02-18,124.9000015258789,125.26599884033203,124.80500030517578,124.8479995727539,0
2019-02-19,125.09300231933594,125.45600128173828,124.75,125.09100341796875,0
2019-02-20,125.39399719238281,125.92400360107422,125.4260025024414,125.4260025024414,0
2019-02-21,125.6719970703125,125.83799743652344,125.30999755859375,125.6500015258789,0
2019-02-22,125.54000091552734,125.76799774169922,125.4000015258789,125.52999877929688,0
2019-02-25,125.63200378417969,126.02100372314453,125.36000061035156,125.60600280761719,0
2019-02-26,126.20600128173828,126.20999908447266,125.72699737548828,126.16200256347656,0
2019-02-27,125.93000030517578,126.33000183105469,125.53800201416016,125.94499969482422,0
2019-02-28,126.15599822998047,126.88400268554688,125.91000366210938,126.14199829101562,0
2019-03-01,126.64600372314453,127.47000122070312,126.6510009765625,126.6510009765625,0
2019-03-04,127.30999755859375,127.34200286865234,126.44000244140625,127.31500244140625,0
2019-03-05,126.71900177001953,126.93099975585938,126.43000030517578,126.71299743652344,0
2019-03-06,126.46900177001953,126.5199966430664,126.18000030517578,126.45600128173828,0
2019-03-07,126.28099822998047,126.41699981689453,125.08399963378906,126.28900146484375,0
2019-03-08,125.01000213623047,125.01300048828125,124.27200317382812,125.01300048828125,0
2019-03-11,124.73999786376953,125.1969985961914,124.47000122070312,124.74299621582031,0
2019-03-12,125.35800170898438,125.73899841308594,125.08000183105469,125.33100128173828,0
2019-03-13,125.62799835205078,125.94599914550781,125.44999694824219,125.64099884033203,0
2019-03-14,125.98999786376953,126.55999755859375,125.91999816894531,126.00900268554688,0
2019-03-15,126.36000061035156,126.55999755859375,126.12999725341797,126.3759994506836,0
2019-03-18,126.2699966430664,126.68099975585938,126.2300033569336,126.26499938964844,0
2019-03-19,126.24800109863281,126.60800170898438,126.08000183105469,126.26300048828125,0
2019-03-20,126.48999786376953,126.73400115966797,126.46800231933594,126.52999877929688,0
2019-03-21,126.45800018310547,126.58100128173828,125.66999816894531,126.45899963378906,0
2019-03-22,126.01000213623047,126.16899871826172,123.83999633789062,126.03399658203125,0
2019-03-25,124.34200286865234,124.80999755859375,123.89199829101562,124.38300323486328,0
2019-03-26,124.5199966430664,125.00700378417969,124.43000030517578,124.52799987792969,0
2019-03-27,124.62000274658203,124.71800231933594,124.04399871826172,124.63099670410156,0
2019-03-28,124.30999755859375,124.41200256347656,123.6500015258789,124.3030014038086,0
2019-03-29,124.22000122070312,124.62100219726562,124.1500015258789,124.26000213623047,0
2019-04-01,124.56999969482422,124.95099639892578,124.52200317382812,124.56400299072266,0
2019-04-02,124.87899780273438,124.86100006103516,124.47799682617188,124.86000061035156,0
2019-04-03,124.68000030517578,125.43900299072266,124.61900329589844,124.7040023803711,0
2019-04-04,125.25499725341797,125.37799835205078,124.97000122070312,125.23600006103516,0
2019-04-05,125.31199645996094,125.49500274658203,125.27999877929688,125.30899810791016,0
2019-04-08,125.31099700927734,125.57599639892578,124.97000122070312,125.30500030517578,0
2019-04-09,125.44999694824219,125.59500122070312,125.177001953125,125.447998046875,0
2019-04-10,125.16400146484375,125.41300201416016,124.77999877929688,125.1510009765625,0
2019-04-11,125.12000274658203,125.69300079345703,125.12000274658203,125.12000274658203,0
2019-04-12,125.68900299072266,126.76300048828125,125.69000244140625,125.70099639892578,0
2019-04-15,126.61000061035156,126.76499938964844,126.5,126.63400268554688,0
2019-04-16,126.54900360107422,126.66699981689453,126.22699737548828,126.5479965209961,0
2019-04-17,126.33799743652344,126.79399871826172,126.33300018310547,126.33300018310547,0
2019-04-18,126.54499816894531,126.56099700927734,125.72000122070312,126.56099700927734,0
2019-04-19,125.82099914550781,125.87999725341797,125.69999694824219,125.81900024414062,0
2019-04-22,125.8270034790039,126.05599975585938,125.73999786376953,125.83200073242188,0
2019-04-23,126.01200103759766,126.01499938964844,125.27999877929688,126.01499938964844,0
2019-04-24,125.55000305175781,125.5790023803711,125.05400085449219,125.55400085449219,0
2019-04-25,125.12699890136719,125.21499633789062,124.21299743652344,125.13999938964844,0
2019-04-26,124.29900360107422,124.70500183105469,124.13400268554688,124.26200103759766,0
2019-04-29,124.50199890136719,124.96199798583984,124.41999816894531,124.49600219726562,0
2019-04-30,124.97000122070312,125.0780029296875,124.47899627685547,124.9540023803711,0
2019-05-01,124.98100280761719,125.21700286865234,124.93000030517578,124.98999786376953,0
2019-05-02,124.87799835205078,125.11000061035156,124.55799865722656,124.85800170898438,0
2019-05-03,124.59600067138672,124.61399841308594,124.2699966430664,124.54000091552734,0
2019-05-06,123.75599670410156,124.22799682617188,123.37999725341797,123.74299621582031,0
2019-05-07,124.11000061035156,124.2300033569336,123.3219985961914,124.13700103759766,0
2019-05-08,123.3759994506836,123.51000213623047,123.08000183105469,123.36900329589844,0
2019-05-09,123.20600128173828,123.24800109863281,122.50399780273438,123.19000244140625,0
2019-05-10,123.18199920654297,123.5989990234375,123.03900146484375,123.23699951171875,0
2019-05-13,123.1989974975586,123.3280029296875,122.5530014038086,123.18399810791016,0
2019-05-14,122.5999984741211,123.38999938964844,122.62000274658203,122.62200164794922,0
2019-05-15,122.8740005493164,123.05599975585938,122.09100341796875,122.8759994506836,0
2019-05-16,122.66999816894531,122.9540023803711,122.54299926757812,122.6500015258789,0
2019-05-17,122.75900268554688,122.9260025024414,122.28900146484375,122.75,0
2019-05-20,122.98999786376953,123.16899871826172,122.54000091552734,122.98300170898438,0
2019-05-21,122.91999816894531,123.66000366210938,122.66999816894531,122.93000030517578,0
2019-05-22,123.43800354003906,123.50299835205078,123.01000213623047,123.4010009765625,0
2019-05-23,122.93000030517578,123.04199981689453,122.15399932861328,122.947998046875,0
2019-05-24,122.5260009765625,122.81600189208984,122.43299865722656,122.51699829101562,0
2019-05-27,122.62300109863281,122.79399871826172,122.45999908447266,122.59100341796875,0
2019-05-28,122.57499694824219,122.69100189208984,122.18000030517578,122.56500244140625,0
2019-05-29,122.11199951171875,122.1969985961914,121.58000183105469,122.14199829101562,0
2019-05-30,121.98699951171875,122.25,121.95999908447266,122.0,0
2019-05-31,121.71700286865234,121.83100128173828,120.92400360107422,121.64299774169922,0
2019-06-03,120.91100311279297,121.4990005493164,120.78500366210938,120.92500305175781,0
2019-06-04,121.48200225830078,121.77400207519531,121.29000091552734,121.51399993896484,0
2019-06-05,121.8239974975586,122.25800323486328,121.60800170898438,121.80400085449219,0
2019-06-06,121.63999938964844,122.22200012207031,121.27999877929688,121.63300323486328,0
2019-06-07,122.29100036621094,122.55999755859375,122.08999633789062,122.29499816894531,0
2019-06-10,122.73999786376953,122.91000366210938,122.62999725341797,122.74400329589844,0
2019-06-11,122.63400268554688,123.125,122.61000061035156,122.64700317382812,0
2019-06-12,122.88600158691406,122.98200225830078,122.5999984741211,122.89900207519531,0
2019-06-13,122.51599884033203,122.54499816894531,122.17900085449219,122.52899932861328,0
2019-06-14,122.18000030517578,122.25,121.58999633789062,122.1709976196289,0
2019-06-17,121.77999877929688,122.12000274658203,121.65699768066406,121.75599670410156,0
2019-06-18,121.83300018310547,121.87000274658203,121.05999755859375,121.822998046875,0
2019-06-19,121.5780029296875,121.61699676513672,121.1500015258789,121.572998046875,0
2019-06-20,121.47200012207031,121.8949966430664,121.12000274658203,121.45899963378906,0
2019-06-21,121.16899871826172,122.00499725341797,120.94000244140625,121.13999938964844,0
2019-06-24,122.16400146484375,122.38099670410156,122.12000274658203,122.15599822998047,0
2019-06-25,122.3489990234375,122.45700073242188,121.65299987792969,122.37699890136719,0
2019-06-26,121.80999755859375,122.59600067138672,121.83000183105469,121.84600067138672,0
2019-06-27,122.53500366210938,122.86299896240234,122.4000015258789,122.53299713134766,0
2019-06-28,122.51899719238281,122.77100372314453,122.26000213623047,122.54499816894531,0
2019-07-01,123.125,123.0989990234375,122.54000091552734,123.0989990234375,0
2019-07-02,122.31099700927734,122.50800323486328,121.99700164794922,122.33000183105469,0
2019-07-03,121.69999694824219,121.78900146484375,121.322998046875,121.73999786376953,0
2019-07-04,121.62999725341797,121.70800018310547,121.54000091552734,121.63500213623047,0
2019-07-05,121.66999816894531,121.91799926757812,121.5979995727539,121.66999816894531,0
2019-07-08,121.7699966430664,121.91300201416016,121.5,121.78700256347656,0
2019-07-09,121.91000366210938,122.11199951171875,121.83000183105469,121.93499755859375,0
2019-07-10,122.04399871826172,122.30999755859375,121.97899627685547,122.03500366210938,0
2019-07-11,121.96399688720703,122.03199768066406,121.60700225830078,121.96199798583984,0
2019-07-12,122.177001953125,122.2249984741211,121.48999786376953,122.16200256347656,0
2019-07-15,121.54100036621094,121.83000183105469,121.44999694824219,121.53700256347656,0
2019-07-16,121.50399780273438,121.66400146484375,121.08000183105469,121.48799896240234,0
2019-07-17,121.31199645996094,121.4749984741211,121.19999694824219,121.31300354003906,0
2019-07-18,121.18099975585938,121.2030029296875,120.802001953125,121.16200256347656,0
2019-07-19,120.94300079345703,121.27200317382812,120.81199645996094,120.9540023803711,0
2019-07-22,120.94000244140625,121.15399932861328,120.83000183105469,120.95800018310547,0
2019-07-23,120.91000366210938,121.06500244140625,120.48999786376953,120.86000061035156,0
2019-07-24,120.69000244140625,120.68599700927734,120.2249984741211,120.66999816894531,0
2019-07-25,120.54399871826172,121.35299682617188,120.05599975585938,120.52899932861328,0
2019-07-26,121.0999984741211,121.18800354003906,120.7969970703125,121.11199951171875,0
2019-07-29,120.87999725341797,121.29499816894531,120.72000122070312,120.90499877929688,0
2019-07-30,121.3010025024414,121.35900115966797,120.88600158691406,121.29399871826172,0
2019-07-31,121.1259994506836,121.177001953125,120.81900024414062,121.11199951171875,0
2019-08-01,120.45999908447266,120.7040023803711,119.55999755859375,120.4800033569336,0
2019-08-02,119.01699829101562,119.08899688720703,118.26699829101562,119.01399993896484,0
2019-08-05,118.37799835205078,118.84100341796875,117.69300079345703,118.37000274658203,0
2019-08-06,118.72100067138672,119.78399658203125,118.7040023803711,118.73999786376953,0
2019-08-07,119.14199829101562,119.1760025024414,118.45800018310547,119.11399841308594,0
2019-08-08,118.9000015258789,119.13600158691406,118.55000305175781,118.91600036621094,0
2019-08-09,118.44499969482422,118.71499633789062,118.1969985961914,118.44200134277344,0
2019-08-12,118.10099792480469,118.2969970703125,117.51499938964844,118.11399841308594,0
2019-08-13,118.16999816894531,119.56800079345703,117.69599914550781,118.16999816894531,0
2019-08-14,119.13400268554688,119.13200378417969,117.80999755859375,119.12899780273438,0
2019-08-15,118.0,118.68599700927734,117.7699966430664,118.03099822998047,0
2019-08-16,117.83999633789062,118.13999938964844,117.58000183105469,117.8759994506836,0
2019-08-19,118.0510025024414,118.4530029296875,117.83000183105469,118.03099822998047,0
2019-08-20,118.11000061035156,118.25800323486328,117.56999969482422,118.0989990234375,0
2019-08-21,117.93299865722656,118.3030014038086,117.93000030517578,117.96199798583984,0
2019-08-22,118.20999908447266,118.29299926757812,117.72799682617188,118.21600341796875,0
2019-08-23,118.0,118.12899780273438,117.27999877929688,118.01300048828125,0
2019-08-26,116.83200073242188,118.05500030517578,116.84700012207031,116.84700012207031,0
2019-08-27,117.64299774169922,117.71099853515625,117.22000122070312,117.62000274658203,0
2019-08-28,117.26300048828125,117.39099884033203,117.0999984741211,117.26699829101562,0
2019-08-29,117.58499908447266,117.88800048828125,117.28299713134766,117.5979995727539,0
2019-08-30,117.69999694824219,117.7699966430664,116.72000122070312,117.75,0
2019-09-02,116.6500015258789,116.76399993896484,116.43000030517578,116.66200256347656,0
2019-09-03,116.44999694824219,116.45999908447266,115.86799621582031,116.43299865722656,0
2019-09-04,116.12999725341797,117.2040023803711,116.14800262451172,116.16100311279297,0
2019-09-05,117.3270034790039,118.59200286865234,117.26899719238281,117.34300231933594,0
2019-09-06,118.13200378417969,118.25599670410156,117.8499984741211,118.12000274658203,0
2019-09-09,117.85199737548828,118.48400115966797,117.73600006103516,117.83999633789062,0
2019-09-10,118.58200073242188,118.7509994506836,118.2699966430664,118.54900360107422,0
2019-09-11,118.89199829101562,119.16699981689453,118.29000091552734,118.8499984741211,0
2019-09-12,118.95800018310547,119.70800018310547,117.5790023803711,118.9469985961914,0
2019-09-13,119.60399627685547,119.98699951171875,119.53800201416016,119.61399841308594,0
2019-09-16,119.41999816894531,119.50599670410156,118.69499969482422,119.44300079345703,0
2019-09-17,119.00900268554688,119.6449966430664,118.8740005493164,118.99500274658203,0
2019-09-18,119.6969985961914,119.82099914550781,119.41300201416016,119.69000244140625,0
2019-09-19,119.58200073242188,119.62899780273438,118.97100067138672,119.59300231933594,0
2019-09-20,119.34600067138672,119.36000061035156,118.70999908447266,119.35199737548828,0
2019-09-23,118.61699676513672,118.77999877929688,117.76000213623047,118.60099792480469,0
2019-09-24,118.29199981689453,118.51799774169922,117.98899841308594,118.30400085449219,0
2019-09-25,118.02999877929688,118.16000366210938,117.7969970703125,118.03800201416016,0
2019-09-26,117.9469985961914,118.04399871826172,117.51799774169922,117.9260025024414,0
2019-09-27,117.66999816894531,118.45999908447266,117.45899963378906,117.68900299072266,0
2019-09-30,118.11000061035156,118.13700103759766,117.58300018310547,118.08599853515625,0
2019-10-01,117.77999877929688,118.13700103759766,117.677001953125,117.76000213623047,0
2019-10-02,117.80699920654297,117.98799896240234,117.37000274658203,117.802001953125,0
2019-10-03,117.45500183105469,117.61199951171875,117.0780029296875,117.44300079345703,0
2019-10-04,117.23999786376953,117.47000122070312,117.0790023803711,117.23100280761719,0
2019-10-07,117.26000213623047,117.64700317382812,117.12000274658203,117.26300048828125,0
2019-10-08,117.6709976196289,117.9530029296875,117.13700103759766,117.68099975585938,0
2019-10-09,117.22200012207031,117.97599792480469,117.20999908447266,117.21099853515625,0
2019-10-10,117.73600006103516,118.91200256347656,117.73899841308594,117.78500366210938,0
2019-10-11,118.77999877929688,119.98899841308594,118.73999786376953,118.73999786376953,0
2019-10-14,119.61000061035156,119.60299682617188,119.18000030517578,119.60299682617188,0
2019-10-15,119.50800323486328,120.1989974975586,119.13999938964844,119.48400115966797,0
2019-10-16,120.06900024414062,120.41699981689453,119.7509994506836,120.06199645996094,0
2019-10-17,120.36000061035156,121.33699798583984,120.33000183105469,120.34200286865234,0
2019-10-18,120.80000305175781,121.04499816894531,120.65899658203125,120.80699920654297,0
2019-10-21,120.93099975585938,121.45500183105469,120.9000015258789,120.93000030517578,0
2019-10-22,121.0979995727539,121.28099822998047,120.73999786376953,121.10700225830078,0
2019-10-23,120.7249984741211,120.81800079345703,120.37000274658203,120.71900177001953,0
2019-10-24,120.94000244140625,121.37899780273438,120.41999816894531,120.90599822998047,0
2019-10-25,120.59159851074219,120.80169677734375,120.35099792480469,120.60199737548828,0
2019-10-28,120.5,120.94000244140625,120.44999694824219,120.51000213623047,0
2019-10-29,120.93599700927734,121.05699920654297,120.55000305175781,120.9000015258789,0
2019-10-30,120.9800033569336,121.08999633789062,120.86000061035156,120.98600006103516,0
2019-10-31,121.3219985961914,121.45600128173828,120.33999633789062,121.3550033569336,0
2019-11-01,120.49600219726562,120.80500030517578,120.36000061035156,120.5199966430664,0
2019-11-04,120.83699798583984,121.08599853515625,120.73999786376953,120.81999969482422,0
2019-11-05,120.947998046875,121.2969970703125,120.69599914550781,120.9540023803711,0
2019-11-06,120.86900329589844,120.9000015258789,120.54900360107422,120.85199737548828,0
2019-11-07,120.56500244140625,121.08699798583984,120.13999938964844,120.5739974975586,0
2019-11-08,120.77300262451172,120.86699676513672,120.22000122070312,120.76799774169922,0
2019-11-11,120.38973999023438,120.40899658203125,120.06700134277344,120.3740005493164,0
2019-11-12,120.31300354003906,120.63200378417969,120.14900207519531,120.33200073242188,0
2019-11-13,120.02400207519531,120.1680908203125,119.59500122070312,120.01899719238281,0
2019-11-14,119.7699966430664,119.80400085449219,119.26399993896484,119.75499725341797,0
2019-11-15,119.55799865722656,120.24600219726562,119.52999877929688,119.54399871826172,0
2019-11-18,120.15399932861328,120.6709976196289,120.13999938964844,120.1520004272461,0
2019-11-19,120.30000305175781,120.48699951171875,120.00499725341797,120.32599639892578,0
2019-11-20,120.13899993896484,120.375,119.86199951171875,120.17500305175781,0
2019-11-21,120.18000030517578,120.5270004272461,119.93000030517578,120.18299865722656,0
2019-11-22,120.1500015258789,120.35900115966797,119.78299713134766,120.14299774169922,0
2019-11-25,119.83000183105469,120.08999633789062,119.78399658203125,119.83999633789062,0
2019-11-26,120.00299835205078,120.1989974975586,119.9260025024414,120.0,0
2019-11-27,120.24700164794922,120.33599853515625,120.05999755859375,120.23500061035156,0
2019-11-28,120.35199737548828,120.56999969482422,120.33799743652344,120.37000274658203,0
2019-11-29,120.58499908447266,120.75,120.41300201416016,120.58499908447266,0
2019-12-02,120.68599700927734,121.00599670410156,120.52799987792969,120.6719970703125,0
2019-12-03,120.75399780273438,120.9540023803711,120.24299621582031,120.73899841308594,0
2019-12-04,120.4000015258789,120.7760009765625,120.10199737548828,120.41799926757812,0
2019-12-05,120.5999984741211,120.87899780273438,120.55000305175781,120.61499786376953,0
2019-12-06,120.73999786376953,120.7770004272461,120.01499938964844,120.7509994506836,0
2019-12-09,120.12200164794922,120.26399993896484,119.97000122070312,120.09700012207031,0
2019-12-10,120.13700103759766,120.62000274658203,120.11299896240234,120.14199829101562,0
2019-12-11,120.64399719238281,120.66999816894531,120.3740005493164,120.66300201416016,0
2019-12-12,120.84400177001953,121.54199981689453,120.76599884033203,120.83741760253906,0
2019-12-13,122.38300323486328,122.64199829101562,121.47100067138672,122.35600280761719,0
2019-12-16,121.69400024414062,122.22599792480469,121.63999938964844,121.68299865722656,0
2019-12-17,122.03600311279297,122.43599700927734,121.93000030517578,122.02100372314453,0
2019-12-18,122.12000274658203,122.12699890136719,121.7490005493164,122.125,0
2019-12-19,121.77100372314453,122.03800201416016,121.4260025024414,121.76200103759766,0
2019-12-20,121.66000366210938,121.68099975585938,121.19999694824219,121.68099975585938,0
2019-12-23,121.31099700927734,121.33999633789062,121.09200286865234,121.30999755859375,0
2019-12-24,121.3010025024414,121.375,121.05999755859375,121.30799865722656,0
2019-12-25,121.2300033569336,121.91004943847656,120.98799896240234,121.2300033569336,0
2019-12-26,121.34200286865234,121.76399993896484,121.33399963378906,121.34100341796875,0
2019-12-27,121.68000030517578,122.46800231933594,121.50499725341797,121.71499633789062,0
2019-12-30,122.39700317382812,122.46700286865234,121.89199829101562,122.4010009765625,0
2019-12-31,121.98999786376953,122.08499908447266,121.70999908447266,121.97799682617188,0
2020-01-01,121.97000122070312,122.08999633789062,121.31999969482422,121.97000122070312,0
2020-01-02,121.9729995727539,122.01499938964844,120.9990005493164,121.96900177001953,0
2020-01-03,121.24500274658203,121.2770004272461,120.17500305175781,121.23999786376953,0
2020-01-06,120.5009994506836,121.26599884033203,120.4749984741211,120.54299926757812,0
2020-01-07,121.36000061035156,121.44000244140625,120.78700256347656,121.36799621582031,0
2020-01-08,120.48500061035156,121.23699951171875,120.17500305175781,120.43499755859375,0
2020-01-09,121.16899871826172,121.67500305175781,121.16000366210938,121.2030029296875,0
2020-01-10,121.65399932861328,121.81700134277344,121.52999877929688,121.6449966430664,0
2020-01-13,121.79199981689453,122.47699737548828,121.75,121.75599670410156,0
2020-01-14,122.47599792480469,122.71600341796875,122.19000244140625,122.47200012207031,0
2020-01-15,122.24199676513672,122.70999908447266,122.20999908447266,122.26399993896484,0
2020-01-16,122.54299926757812,122.8489990234375,122.51599884033203,122.53900146484375,0
2020-01-17,122.69499969482422,122.83399963378906,122.12000274658203,122.69100189208984,0
2020-01-20,122.22899627685547,122.31076049804688,122.01000213623047,122.25499725341797,0
2020-01-21,122.2509994506836,122.36699676513672,121.8759994506836,122.2509994506836,0
2020-01-22,121.83799743652344,122.00499725341797,121.58999633789062,121.84600067138672,0
2020-01-23,121.75,121.7750015258789,120.63899993896484,121.75900268554688,0
2020-01-24,121.10199737548828,121.21800231933594,120.5,121.12000274658203,0
2020-01-27,119.94999694824219,120.38200378417969,119.9000015258789,119.97000122070312,0
2020-01-28,120.02100372314453,120.2040023803711,119.81099700927734,120.0199966430664,0
2020-01-29,120.28700256347656,120.35700225830078,119.90499877929688,120.28800201416016,0
2020-01-30,120.03399658203125,120.0989990234375,119.80699920654297,120.04100036621094,0
2020-01-31,120.06300354003906,120.38999938964844,120.05599975585938,120.10900115966797,0
2020-02-03,120.17500305175781,120.37100219726562,119.91999816894531,120.177001953125,0
2020-02-04,120.1510009765625,120.81453704833984,120.07099914550781,120.1500015258789,0
2020-02-05,120.88200378417969,121.14299774169922,120.6500015258789,120.86900329589844,0
2020-02-06,120.79299926757812,121.00199890136719,120.5770034790039,120.78500366210938,0
2020-02-07,120.73999786376953,120.75199890136719,120.11299896240234,120.74500274658203,0
2020-02-10,120.0459976196289,120.33100128173828,119.7699966430664,120.02300262451172,0
2020-02-11,119.76300048828125,120.01799774169922,119.5999984741211,119.74700164794922,0
2020-02-12,119.93000030517578,120.27899932861328,119.76000213623047,119.91000366210938,0
2020-02-13,119.45999908447266,119.58599853515625,118.88999938964844,119.48100280761719,0
2020-02-14,118.98999786376953,119.2229995727539,118.87999725341797,119.02200317382812,0
2020-02-17,119.0250015258789,119.19570922851562,118.91300201416016,118.99700164794922,0
2020-02-18,119.01899719238281,119.01499938964844,118.46199798583984,119.01499938964844,0
2020-02-19,118.65799713134766,120.08599853515625,118.62000274658203,118.66100311279297,0
2020-02-20,120.22000122070312,121.37100219726562,120.10800170898438,120.21099853515625,0
2020-02-21,120.77999877929688,121.34500122070312,120.37999725341797,120.78900146484375,0
2020-02-24,120.91000366210938,121.05400085449219,119.9469985961914,120.9020004272461,0
2020-02-25,120.26699829101562,120.51899719238281,119.42500305175781,120.2750015258789,0
2020-02-26,119.97000122070312,120.5199966430664,119.75399780273438,119.9729995727539,0
2020-02-27,120.13300323486328,120.96199798583984,119.94999694824219,120.12899780273438,0
2020-02-28,120.58899688720703,120.58100128173828,118.41699981689453,120.56600189208984,0
2020-03-02,119.01100158691406,120.61499786376953,118.87100219726562,119.08599853515625,0
2020-03-03,120.89099884033203,120.8489990234375,119.552001953125,120.8489990234375,0
2020-03-04,119.64299774169922,120.12100219726562,119.08599853515625,119.66799926757812,0
2020-03-05,119.94100189208984,119.91500091552734,119.18000030517578,119.91500091552734,0
2020-03-06,119.24600219726562,119.39800262451172,118.7249984741211,119.26499938964844,0
2020-03-09,118.33200073242188,118.53399658203125,116.13600158691406,118.37799835205078,0
2020-03-10,117.51699829101562,119.29499816894531,117.28900146484375,117.50800323486328,0
2020-03-11,118.83000183105469,119.19400024414062,118.0250015258789,118.87699890136719,0
2020-03-12,117.73300170898438,118.01799774169922,116.3030014038086,117.82499694824219,0
2020-03-13,116.98400115966797,119.70700073242188,117.0009994506836,117.07499694824219,0
2020-03-16,119.00257873535156,119.3499984741211,117.1729965209961,118.91600036621094,0
2020-03-17,118.49199676513672,119.5979995727539,117.35600280761719,118.61699676513672,0
2020-03-18,118.25399780273438,118.39900207519531,117.37300109863281,118.23999786376953,0
2020-03-19,118.76799774169922,119.28700256347656,117.72599792480469,118.63999938964844,0
2020-03-20,118.59100341796875,119.2750015258789,117.8489990234375,118.59400177001953,0
2020-03-23,118.10900115966797,119.8270034790039,117.73899841308594,117.9729995727539,0
2020-03-24,119.29199981689453,120.48100280761719,118.84700012207031,119.3280029296875,0
2020-03-25,120.03600311279297,120.88099670410156,119.52799987792969,120.0009994506836,0
2020-03-26,120.72200012207031,121.06199645996094,119.95600128173828,120.6719970703125,0
2020-03-27,120.53399658203125,120.68900299072266,118.802001953125,120.53700256347656,0
2020-03-30,119.63099670410156,119.83300018310547,118.80599975585938,119.61199951171875,0
2020-03-31,119.1500015258789,119.67500305175781,118.27200317382812,119.14900207519531,0
2020-04-01,118.54399871826172,118.86000061035156,116.96299743652344,118.48500061035156,0
2020-04-02,117.48999786376953,117.6969985961914,116.36199951171875,117.4729995727539,0
2020-04-03,117.13999938964844,117.33899688720703,116.74600219726562,117.14600372314453,0
2020-04-06,117.447998046875,118.29499816894531,117.44400024414062,117.44400024414062,0
2020-04-07,117.85800170898438,119.02300262451172,117.52200317382812,117.82890319824219,0
2020-04-08,118.36699676513672,118.66000366210938,117.927001953125,118.37300109863281,0
2020-04-09,118.2969970703125,118.99400329589844,118.08200073242188,118.26599884033203,0
2020-04-10,118.59200286865234,118.7232437133789,118.37999725341797,118.56700134277344,0
2020-04-13,118.4280014038086,118.447998046875,117.30699920654297,118.427001953125,0
2020-04-14,117.53700256347656,117.93299865722656,117.38800048828125,117.5270004272461,0
2020-04-15,117.6500015258789,117.74400329589844,116.79499816894531,117.62200164794922,0
2020-04-16,117.33699798583984,117.49600219726562,116.55999755859375,117.33499908447266,0
2020-04-17,117.19999694824219,117.20999908447266,116.62799835205078,117.19999694824219,0
2020-04-20,116.9990005493164,117.26799774169922,116.95999908447266,117.00499725341797,0
2020-04-21,116.94999694824219,117.125,116.22000122070312,116.96399688720703,0
2020-04-22,116.93199920654297,117.2030029296875,116.66799926757812,116.98100280761719,0
2020-04-23,116.4800033569336,116.80899810791016,115.7300033569336,116.51000213623047,0
2020-04-24,116.0009994506836,116.27799987792969,115.5479965209961,115.99500274658203,0
2020-04-27,116.31999969482422,116.48699951171875,116.08599853515625,116.30999755859375,0
2020-04-28,116.13500213623047,116.26399993896484,115.72899627685547,116.11699676513672,0
2020-04-29,115.63200378417969,115.9020004272461,115.43299865722656,115.62999725341797,0
2020-04-30,115.95999908447266,117.2509994506836,115.55999755859375,115.94300079345703,0
2020-05-01,117.41100311279297,117.76200103759766,117.02200317382812,117.44200134277344,0
2020-05-04,116.97200012207031,116.99099731445312,116.49500274658203,116.96900177001953,0
2020-05-05,116.33100128173828,116.51000213623047,115.44999694824219,116.33000183105469,0
2020-05-06,115.37799835205078,115.36900329589844,114.45500183105469,115.36900329589844,0
2020-05-07,114.67500305175781,115.05799865722656,114.59200286865234,114.6969985961914,0
2020-05-08,115.26300048828125,115.72799682617188,115.03900146484375,115.28500366210938,0
2020-05-11,115.88700103759766,116.50800323486328,115.82099914550781,115.84700012207031,0
2020-05-12,116.26599884033203,116.79900360107422,115.94999694824219,116.29399871826172,0
2020-05-13,116.20899963378906,116.38999938964844,115.83999633789062,116.23200225830078,0
2020-05-14,115.70800018310547,115.81099700927734,115.33000183105469,115.69400024414062,0
2020-05-15,116.03099822998047,116.1719970703125,115.48500061035156,116.0009994506836,0
2020-05-18,115.98500061035156,117.16400146484375,115.81999969482422,116.00800323486328,0
2020-05-19,117.2030029296875,118.1760025024414,117.0,117.19200134277344,0
2020-05-20,117.7969970703125,118.19599914550781,117.7300033569336,117.81900024414062,0
2020-05-21,118.14148712158203,118.51899719238281,117.86000061035156,118.12000274658203,0
2020-05-22,117.83000183105469,117.96900177001953,116.97000122070312,117.87999725341797,0
2020-05-25,117.51000213623047,117.53299713134766,117.08999633789062,117.5270004272461,0
2020-05-26,117.38600158691406,118.3239974975586,117.37999725341797,117.39299774169922,0
2020-05-27,118.01000213623047,118.9000015258789,117.69000244140625,118.0009994506836,0
2020-05-28,118.75299835205078,119.18900299072266,118.4800033569336,118.74400329589844,0
2020-05-29,119.22000122070312,119.87300109863281,118.87000274658203,119.19000244140625,0
2020-06-01,119.74299621582031,119.96099853515625,119.44200134277344,119.71099853515625,0
2020-06-02,119.62999725341797,121.61900329589844,119.61000061035156,119.61000061035156,0
2020-06-03,121.71800231933594,122.4990005493164,121.23999786376953,121.71299743652344,0
2020-06-04,122.46299743652344,123.89700317382812,121.8499984741211,122.44000244140625,0
2020-06-05,123.73200225830078,124.42900085449219,123.54000091552734,123.69999694824219,0
2020-06-08,124.1036605834961,123.99400329589844,122.45899963378906,123.97799682617188,0
2020-06-09,122.55599975585938,122.56300354003906,121.35299682617188,122.48300170898438,0
2020-06-10,122.1449966430664,122.35900115966797,121.55999755859375,122.19599914550781,0
2020-06-11,121.58399963378906,121.88200378417969,121.23999786376953,121.65499877929688,0
2020-06-12,120.55899810791016,121.80500030517578,120.2300033569336,120.58899688720703,0
2020-06-15,120.73699951171875,121.19599914550781,120.33999633789062,120.75800323486328,0
2020-06-16,121.81999969482422,122.09200286865234,120.53199768066406,121.83999633789062,0
2020-06-17,121.0009994506836,121.21499633789062,120.19599914550781,120.96199798583984,0
2020-06-18,120.17582702636719,120.52799987792969,119.6760025024414,120.12300109863281,0
2020-06-19,119.91400146484375,120.19000244140625,119.53900146484375,119.87000274658203,0
2020-06-22,119.40399932861328,120.39199829101562,119.33999633789062,119.39099884033203,0
2020-06-23,120.58300018310547,121.07499694824219,119.93499755859375,120.53700256347656,0
2020-06-24,120.4010009765625,120.7030029296875,120.05000305175781,120.38600158691406,0
2020-06-25,120.42900085449219,120.60700225830078,120.13999938964844,120.4209976196289,0
2020-06-26,120.19999694824219,120.28900146484375,119.81999969482422,120.21199798583984,0
2020-06-29,120.3280029296875,121.3489990234375,120.2300033569336,120.33999633789062,0
2020-06-30,121.00399780273438,121.3949966430664,120.56999969482422,121.01599884033203,0
2020-07-01,121.31199645996094,121.47200012207031,120.25,121.29100036621094,0
2020-07-02,120.8010025024414,121.41899871826172,120.76000213623047,120.802001953125,0
2020-07-03,120.79900360107422,120.9489974975586,120.61000061035156,120.81600189208984,0
2020-07-06,120.98999786376953,121.95999908447266,121.00599670410156,121.00599670410156,0
2020-07-07,121.4540023803711,121.69999694824219,121.26000213623047,121.41200256347656,0
2020-07-08,121.29399871826172,121.8740005493164,121.16000366210938,121.26000213623047,0
2020-07-09,121.61000061035156,121.947998046875,121.10900115966797,121.60800170898438,0
2020-07-10,121.04399871826172,121.02300262451172,120.26000213623047,121.02300262451172,0
2020-07-13,120.91223907470703,121.9540023803711,120.80000305175781,120.87999725341797,0
2020-07-14,121.70500183105469,122.30899810791016,121.45999908447266,121.7229995727539,0
2020-07-15,122.36900329589844,122.49600219726562,121.83499908447266,122.36900329589844,0
2020-07-16,122.0199966430664,122.49600219726562,121.82801055908203,122.02300262451172,0
2020-07-17,122.16600036621094,122.56900024414062,121.93000030517578,122.16500091552734,0
2020-07-20,122.52899932861328,122.95899963378906,122.26799774169922,122.48300170898438,0
2020-07-21,122.8239974975586,123.0009994506836,122.48500061035156,122.80699920654297,0
2020-07-22,123.21299743652344,124.28800201416016,123.0459976196289,123.23300170898438,0
2020-07-23,123.95500183105469,124.23100280761719,123.71399688720703,123.947998046875,0
2020-07-24,123.88999938964844,123.875,122.84700012207031,123.875,0
2020-07-27,123.49800109863281,123.875,123.2229995727539,123.47000122070312,0
2020-07-28,123.89099884033203,123.97100067138672,123.01000213623047,123.88400268554688,0
2020-07-29,123.1719970703125,123.73999786376953,123.01300048828125,123.16999816894531,0
2020-07-30,123.75,123.99099731445312,123.33999633789062,123.75199890136719,0
2020-07-31,124.26000213623047,125.18399810791016,123.83999633789062,124.27400207519531,0
2020-08-03,124.72599792480469,125.00599670410156,124.03099822998047,124.7020034790039,0
2020-08-04,124.7020034790039,124.99800109863281,124.23999786376953,124.6989974975586,0
2020-08-05,124.78099822998047,125.5,124.62000274658203,124.75399780273438,0
2020-08-06,125.31400299072266,125.56400299072266,124.70500183105469,125.30999755859375,0
2020-08-07,125.37300109863281,125.38671875,124.4729995727539,125.34100341796875,0
2020-08-10,124.69999694824219,124.80599975585938,124.3499984741211,124.71900177001953,0
2020-08-11,124.37999725341797,125.47599792480469,124.41999816894531,124.41999816894531,0
2020-08-12,125.01399993896484,126.19400024414062,124.9520034790039,124.9520034790039,0
2020-08-13,125.99099731445312,126.74400329589844,125.91999816894531,125.99400329589844,0
2020-08-14,126.41699981689453,126.39900207519531,125.73999786376953,126.38099670410156,0
2020-08-17,126.2699966430664,126.43000030517578,125.7490005493164,126.26000213623047,0
2020-08-18,125.87300109863281,126.04900360107422,125.31999969482422,125.85800170898438,0
2020-08-19,125.70999908447266,126.0530014038086,125.52999877929688,125.70899963378906,0
2020-08-20,125.63700103759766,125.7760009765625,125.0989990234375,125.62200164794922,0
2020-08-21,125.4229965209961,125.55000305175781,124.43900299072266,125.427001953125,0
2020-08-24,124.90499877929688,125.33799743652344,124.68000030517578,124.94999694824219,0
2020-08-25,125.01100158691406,126.01100158691406,124.91999816894531,124.98799896240234,0
2020-08-26,125.91999816894531,126.12200164794922,125.27899932861328,125.92400360107422,0
2020-08-27,125.3239974975586,125.85600280761719,125.13999938964844,125.34100341796875,0
2020-08-28,126.03199768066406,126.74299621582031,125.21099853515625,126.07599639892578,0
2020-08-31,125.77300262451172,126.82499694824219,125.40699768066406,125.73699951171875,0
2020-09-01,126.54000091552734,127.0739974975586,126.33000183105469,126.53399658203125,0
2020-09-02,126.25499725341797,126.30899810791016,125.54000091552734,126.21099853515625,0
2020-09-03,125.82099914550781,126.00499725341797,125.28800201416016,125.80400085449219,0
2020-09-04,125.60099792480469,125.98200225830078,125.29000091552734,125.64399719238281,0
2020-09-07,125.8030014038086,125.93299865722656,125.51000213623047,125.802001953125,0
2020-09-08,125.64399719238281,125.63099670410156,124.69999694824219,125.6259994506836,0
2020-09-09,124.69499969482422,125.61699676513672,124.44000244140625,124.69999694824219,0
2020-09-10,125.39199829101562,126.4520034790039,125.30999755859375,125.40299987792969,0
2020-09-11,125.50399780273438,126.11000061035156,125.4800033569336,125.52200317382812,0
2020-09-14,125.67400360107422,125.89900207519531,125.3759994506836,125.68599700927734,0
2020-09-15,125.46600341796875,125.76100158691406,124.75700378417969,125.4800033569336,0
2020-09-16,124.81600189208984,124.98999786376953,123.927001953125,124.78099822998047,0
2020-09-17,124.00299835205078,123.97000122070312,123.31999969482422,123.97000122070312,0
2020-09-18,124.04000091552734,124.30899810791016,123.41999816894531,124.072998046875,0
2020-09-21,123.80999755859375,123.93599700927734,122.5199966430664,123.8243637084961,0
2020-09-22,123.1729965209961,123.25900268554688,122.66000366210938,123.16500091552734,0
2020-09-23,122.97200012207031,123.04900360107422,122.61199951171875,123.00199890136719,0
2020-09-24,122.75900268554688,123.11399841308594,122.58999633789062,122.82599639892578,0
2020-09-25,123.0719985961914,123.13999938964844,122.61000061035156,123.06600189208984,0
2020-09-28,122.81999969482422,123.19000244140625,122.37999725341797,122.81999969482422,0
2020-09-29,123.12999725341797,124.02100372314453,123.0199966430664,123.125,0
2020-09-30,124.05000305175781,124.23600006103516,123.55999755859375,124.072998046875,0
2020-10-01,123.6259994506836,124.19999694824219,123.58999633789062,123.58999633789062,0
2020-10-02,123.94999694824219,123.98799896240234,123.02999877929688,123.9729995727539,0
2020-10-05,123.6500015258789,124.64800262451172,123.6449966430664,123.68000030517578,0
2020-10-06,124.625,124.70500183105469,124.21099853515625,124.62200164794922,0
2020-10-07,123.98899841308594,124.875,123.8499984741211,123.99099731445312,0
2020-10-08,124.68299865722656,124.8499984741211,124.37000274658203,124.6760025024414,0
2020-10-09,124.72000122070312,125.08300018310547,124.5199966430664,124.75900268554688,0
2020-10-12,124.80999755859375,124.84200286865234,124.28800201416016,124.78500366210938,0
2020-10-13,124.41000366210938,124.45700073242188,123.85299682617188,124.45700073242188,0
2020-10-14,123.83599853515625,123.9219970703125,123.4800033569336,123.8499984741211,0
2020-10-15,123.47799682617188,123.76799774169922,123.01000213623047,123.50900268554688,0
2020-10-16,123.33100128173828,123.69400024414062,123.0999984741211,123.32246398925781,0
2020-10-19,123.50700378417969,124.322998046875,123.36000061035156,123.51399993896484,0
2020-10-20,124.11000061035156,124.99500274658203,124.11000061035156,124.11199951171875,0
2020-10-21,124.77300262451172,124.83599853515625,123.9209976196289,124.76799774169922,0
2020-10-22,124.0719985961914,124.08499908447266,123.65799713134766,124.01799774169922,0
2020-10-23,123.95999908447266,124.2030029296875,123.42500305175781,123.93399810791016,0
2020-10-26,124.03500366210938,124.1989974975586,123.7699966430664,124.052001953125,0
2020-10-27,123.7969970703125,123.98799896240234,123.4800033569336,123.76699829101562,0
2020-10-28,123.16999816894531,123.15699768066406,122.16999816894531,123.15699768066406,0
2020-10-29,122.55000305175781,122.85099792480469,121.91000366210938,122.54100036621094,0
2020-10-30,122.10399627685547,122.41500091552734,121.62200164794922,122.072998046875,0
2020-11-02,121.74400329589844,122.14600372314453,121.72000122070312,121.78600311279297,0
2020-11-03,121.87999725341797,122.74299621582031,121.83999633789062,121.87000274658203,0
2020-11-04,122.96099853515625,123.01699829101562,122.01000213623047,122.94100189208984,0
2020-11-05,122.53099822998047,123.13500213623047,122.19000244140625,122.5,0
2020-11-06,122.42500305175781,122.97599792480469,122.2300033569336,122.38500213623047,0
2020-11-09,122.79100036621094,125.1259994506836,122.76000213623047,122.802001953125,0
2020-11-10,124.31600189208984,124.572998046875,123.99700164794922,124.33100128173828,0
2020-11-11,124.39600372314453,124.65599822998047,123.93000030517578,124.41999816894531,0
2020-11-12,124.16699981689453,124.49099731445312,123.68000030517578,124.1719970703125,0
2020-11-13,124.05000305175781,124.2959976196289,123.6500015258789,124.0199966430664,0
2020-11-16,123.98300170898438,124.41300201416016,123.63500213623047,123.94999694824219,0
2020-11-17,123.97199249267578,124.01699829101562,123.52200317382812,123.9229965209961,0
2020-11-18,123.58499908447266,123.57599639892578,123.01000213623047,123.56700134277344,0
2020-11-19,123.08000183105469,123.19599914550781,122.83000183105469,123.05000305175781,0
2020-11-20,123.20099639892578,123.47599792480469,123.01200103759766,123.1729965209961,0
2020-11-23,123.18499755859375,123.56700134277344,123.08999633789062,123.18099975585938,0
2020-11-24,123.7969970703125,124.34400177001953,123.6709976196289,123.81400299072266,0
2020-11-25,124.34600067138672,124.48400115966797,124.12999725341797,124.33000183105469,0
2020-11-26,124.40299987792969,124.56300354003906,123.91400146484375,124.37999725341797,0
2020-11-27,124.16629791259766,124.41000366210938,123.88999938964844,124.16799926757812,0
2020-11-30,124.59200286865234,125.11100006103516,124.29000091552734,124.60600280761719,0
2020-12-01,124.51300048828125,125.78099822998047,124.48999786376953,124.5260009765625,0
2020-12-02,125.91500091552734,126.46399688720703,125.7699966430664,125.86799621582031,0
2020-12-03,126.54443359375,126.64900207519531,126.0780029296875,126.52899932861328,0
2020-12-04,126.09600067138672,126.66500091552734,126.0199966430664,126.11000061035156,0
2020-12-07,126.3030014038086,126.48400115966797,125.97899627685547,126.28900146484375,0
2020-12-08,125.97699737548828,126.24199676513672,125.83999633789062,125.93900299072266,0
2020-12-09,126.06999969482422,126.50499725341797,125.86299896240234,126.11399841308594,0
2020-12-10,125.94000244140625,126.71700286865234,125.93000030517578,125.96900177001953,0
2020-12-11,126.51100158691406,126.52200317382812,125.77999877929688,126.48699951171875,0
2020-12-14,126.10600280761719,126.39900207519531,125.93000030517578,126.13400268554688,0
2020-12-15,126.36199951171875,126.58399963378906,125.93000030517578,126.35900115966797,0
2020-12-16,125.95700073242188,126.34400177001953,125.70999908447266,125.96399688720703,0
2020-12-17,126.20500183105469,126.41300201416016,126.01599884033203,126.18699645996094,0
2020-12-18,126.47000122070312,127.0,126.37999725341797,126.4729995727539,0
2020-12-21,126.37699890136719,126.5530014038086,125.92400360107422,126.33000183105469,0
2020-12-22,126.41699981689453,126.64199829101562,126.08999633789062,126.42500305175781,0
2020-12-23,126.14800262451172,126.37100219726562,125.93000030517578,126.14399719238281,0
2020-12-24,126.24299621582031,126.49500274658203,126.19999694824219,126.19999694824219,0
2020-12-25,126.23999786376953,126.39199829101562,125.66000366210938,126.15699768066406,0
2020-12-28,126.35299682617188,126.9540023803711,126.0479965209961,126.36499786376953,0
2020-12-29,126.73400115966797,127.20999908447266,126.7300033569336,126.7300033569336,0
2020-12-30,126.88500213623047,127.125,126.47000122070312,126.88500213623047,0
2020-12-31,126.84100341796875,126.9729995727539,126.13999938964844,126.80000305175781,0
2021-01-01,126.44300079345703,126.45999908447266,125.22000122070312,126.44300079345703,0
2021-01-04,126.46499633789062,126.78199768066406,126.08999633789062,126.45500183105469,0
2021-01-05,126.3499984741211,126.5459976196289,126.05000305175781,126.37200164794922,0
2021-01-06,126.28800201416016,127.21299743652344,126.13500213623047,126.3010025024414,0
2021-01-07,127.12899780273438,127.43399810791016,126.9209976196289,127.10199737548828,0
2021-01-08,127.35099792480469,127.4540023803711,126.94000244140625,127.34400177001953,0
2021-01-11,126.83699798583984,126.98200225830078,126.54000091552734,126.83200073242188,0
2021-01-12,126.63600158691406,126.85399627685547,126.53800201416016,126.63700103759766,0
2021-01-13,126.66300201416016,126.68299865722656,126.26000213623047,126.66400146484375,0
2021-01-14,126.2770004272461,126.51599884033203,125.91999816894531,126.28399658203125,0
2021-01-15,126.16000366210938,126.1780014038086,125.41100311279297,126.1719970703125,0
2021-01-18,125.38800048828125,125.41100311279297,125.09300231933594,125.38500213623047,0
2021-01-19,125.2514419555664,126.19000244140625,125.20999908447266,125.20999908447266,0
2021-01-20,126.10511016845703,126.16899871826172,125.2699966430664,126.12300109863281,0
2021-01-21,125.45500183105469,125.95700073242188,125.3740005493164,125.44499969482422,0
2021-01-22,125.91500091552734,126.39600372314453,125.91000366210938,125.92400360107422,0
2021-01-25,126.29199981689453,126.36499786376953,125.80699920654297,126.28399658203125,0
2021-01-26,126.0,126.14399719238281,125.68000030517578,125.98699951171875,0
2021-01-27,126.01000213623047,126.1449966430664,125.58999633789062,126.01300048828125,0
2021-01-28,126.0510025024414,126.6520004272461,126.01599884033203,126.0459976196289,0
2021-01-29,126.39800262451172,127.32499694824219,126.36599731445312,126.43299865722656,0
2021-02-01,126.91000366210938,127.0250015258789,126.677001953125,126.93900299072266,0
2021-02-02,126.55000305175781,126.81800079345703,126.27999877929688,126.52999877929688,0
2021-02-03,126.43997955322266,126.50299835205078,126.1500015258789,126.43199920654297,0
2021-02-04,126.42384338378906,126.45899963378906,126.08999633789062,126.43399810791016,0
2021-02-05,126.33300018310547,126.93599700927734,126.1500015258789,126.3219985961914,0
2021-02-08,126.98600006103516,127.12016296386719,126.62999725341797,126.98799896240234,0
2021-02-09,126.7979965209961,126.83999633789062,126.43000030517578,126.80400085449219,0
2021-02-10,126.69999694824219,127.05699920654297,126.6500015258789,126.71299743652344,0
2021-02-11,126.79399871826172,127.15499877929688,126.68000030517578,126.7770004272461,0
2021-02-12,127.05000305175781,127.29900360107422,126.98600006103516,127.06099700927734,0
2021-02-15,127.34400177001953,127.95899963378906,127.28800201416016,127.33300018310547,0
2021-02-16,127.85700225830078,128.32200622558594,127.83999633789062,127.85299682617188,0
2021-02-17,128.3040008544922,128.3419952392578,127.31700134277344,128.2899932861328,0
2021-02-18,127.48999786376953,127.8030014038086,127.31999969482422,127.50599670410156,0
2021-02-19,127.74600219726562,128.1739959716797,127.63999938964844,127.76200103759766,0
2021-02-22,127.94100189208984,128.2169952392578,127.48999786376953,127.9489974975586,0
2021-02-23,127.7229995727539,128.04800415039062,127.69400024414062,127.73699951171875,0
2021-02-24,127.91999816894531,128.78599548339844,127.93000030517578,127.93499755859375,0
2021-02-25,128.94200134277344,129.91700744628906,128.85000610351562,128.9320068359375,0
2021-02-26,129.35499572753906,129.43800354003906,128.6199951171875,129.36700439453125,0
2021-03-01,128.74600219726562,128.93299865722656,128.19000244140625,128.72799682617188,0
2021-03-02,128.7100067138672,128.94000244140625,128.1929931640625,128.73199462890625,0
2021-03-03,129.01499938964844,129.4250030517578,128.7469940185547,129.0050048828125,0
2021-03-04,129.0,129.625,128.9239959716797,128.98399353027344,0
2021-03-05,129.19000244140625,129.57000732421875,128.86300659179688,129.20599365234375,0
2021-03-08,129.28799438476562,129.3040008544922,128.75999450683594,129.24400329589844,0
2021-03-09,129.10299682617188,129.531005859375,129.0399932861328,129.09100341796875,0
2021-03-10,129.14999389648438,129.4219970703125,129.0500030517578,129.15499877929688,0
2021-03-11,129.3090057373047,129.88699340820312,129.22000122070312,129.30999755859375,0
2021-03-12,130.08200073242188,130.343994140625,129.80999755859375,130.08599853515625,0
2021-03-15,130.3820037841797,130.47300720214844,130.0,130.3939971923828,0
2021-03-16,130.1490020751953,130.38699340820312,129.49200439453125,130.14700317382812,0
2021-03-17,129.76199340820312,130.09100341796875,129.75599670410156,129.75599670410156,0
2021-03-18,130.4770050048828,130.65699768066406,129.91000366210938,130.4770050048828,0
2021-03-19,129.81900024414062,129.91700744628906,129.30999755859375,129.81100463867188,0
2021-03-22,129.3679962158203,129.8159942626953,129.13400268554688,129.3990020751953,0
2021-03-23,129.80299377441406,129.91000366210938,128.8769989013672,129.802001953125,0
2021-03-24,128.4810028076172,128.843994140625,128.27999877929688,128.4969940185547,0
2021-03-25,128.50599670410156,128.927001953125,128.4980010986328,128.51199340820312,0
2021-03-26,128.5709991455078,129.44500732421875,128.5290069580078,128.56399536132812,0
2021-03-29,129.41200256347656,129.38999938964844,128.83299255371094,129.38999938964844,0
2021-03-30,129.25999450683594,129.54299926757812,129.17999267578125,129.25,0
2021-03-31,129.30999755859375,130.03599548339844,129.26199340820312,129.28700256347656,0
2021-04-01,129.87100219726562,130.2100067138672,129.63999938964844,129.875,0
2021-04-02,130.27000427246094,130.31199645996094,130.02999877929688,130.28700256347656,0
2021-04-05,130.2100067138672,130.2480010986328,129.80999755859375,130.20899963378906,0
2021-04-06,130.21200561523438,130.5590057373047,129.83399963378906,130.23899841308594,0
2021-04-07,130.36500549316406,130.66700744628906,130.1510009765625,130.36700439453125,0
2021-04-08,130.4199981689453,130.46400451660156,129.5760040283203,130.4409942626953,0
2021-04-09,130.26600646972656,130.54299926757812,130.02999877929688,130.25,0
2021-04-12,130.50999450683594,130.5959930419922,129.8800048828125,130.51699829101562,0
2021-04-13,130.29200744628906,130.4949951171875,129.8090057373047,130.28599548339844,0
2021-04-14,130.197998046875,130.50599670410156,130.04200744628906,130.21499633789062,0
2021-04-15,130.48599243164062,130.52099609375,130.0399932861328,130.4600067138672,0
2021-04-16,130.0959930419922,130.531005859375,129.97300720214844,130.06700134277344,0
2021-04-19,130.1219940185547,130.27499389648438,129.69000244140625,130.0780029296875,0
2021-04-20,130.16000366210938,130.94000244140625,130.01400756835938,130.18699645996094,0
2021-04-21,130.11000061035156,130.13800048828125,129.64999389648438,130.10499572753906,0
2021-04-22,130.05499267578125,130.4459991455078,129.7010040283203,130.0399932861328,0
2021-04-23,129.7239990234375,130.3040008544922,129.60000610351562,129.70199584960938,0
2021-04-26,130.41799926757812,130.66700744628906,130.22300720214844,130.41900634765625,0
2021-04-27,130.70199584960938,131.12600708007812,130.58299255371094,130.66000366210938,0
2021-04-28,131.48500061035156,131.67999267578125,131.3800048828125,131.4600067138672,0
2021-04-29,131.67999267578125,132.3520050048828,131.58999633789062,131.67523193359375,0
2021-04-30,132.05099487304688,132.17999267578125,131.4199981689453,132.0709991455078,0
2021-05-03,131.41000366210938,132.14500427246094,131.42999267578125,131.42999267578125,0
2021-05-04,131.52000427246094,131.63099670410156,131.1490020751953,131.5489959716797,0
2021-05-05,131.35299682617188,131.45399475097656,131.0,131.32000732421875,0
2021-05-06,131.1439971923828,131.84100341796875,131.11399841308594,131.11399841308594,0
2021-05-07,131.5399932861328,132.0030059814453,131.47000122070312,131.52999877929688,0
2021-05-10,132.13600158691406,132.51600646972656,132.093994140625,132.1300048828125,0
2021-05-11,132.14300537109375,132.45899963378906,131.79400634765625,132.14199829101562,0
2021-05-12,132.0240020751953,132.38499450683594,131.72999572753906,132.00999450683594,0
2021-05-13,132.44700622558594,132.7259979248047,132.0469970703125,132.5050048828125,0
2021-05-14,132.26199340820312,132.83799743652344,132.24000549316406,132.27000427246094,0
2021-05-17,132.93600463867188,132.93600463867188,132.5,132.91000366210938,0
2021-05-18,132.79400634765625,133.14700317382812,132.7100067138672,132.8209991455078,0
2021-05-19,133.06300354003906,133.42799377441406,132.6439971923828,133.0489959716797,0
2021-05-20,132.98599243164062,133.0850067138672,132.7100067138672,132.97300720214844,0
2021-05-21,133.07899475097656,133.20399475097656,132.5399932861328,133.05099487304688,0
2021-05-24,132.67999267578125,133.04100036621094,132.50999450683594,132.66299438476562,0
2021-05-25,132.9199981689453,133.5919952392578,132.8300018310547,132.91900634765625,0
2021-05-26,133.23599243164062,133.4135284423828,133.05999755859375,133.2689971923828,0
2021-05-27,133.1020050048828,133.9290008544922,132.9199981689453,133.1009979248047,0
2021-05-28,133.88800048828125,133.99099731445312,133.61000061035156,133.88999938964844,0
2021-05-31,133.96800231933594,133.98300170898438,133.64999389648438,133.98300170898438,0
2021-06-01,133.93899536132812,134.125,133.74000549316406,133.9290008544922,0
2021-06-02,133.7689971923828,134.05999755859375,133.63999938964844,133.76400756835938,0
2021-06-03,133.80999755859375,133.91099548339844,133.63400268554688,133.8070068359375,0
2021-06-04,133.7530059814453,133.76499938964844,133.13999938964844,133.75999450683594,0
2021-06-07,133.36000061035156,133.33999633789062,132.8699951171875,133.33999633789062,0
2021-06-08,133.17999267578125,133.41299438476562,133.1199951171875,133.21299743652344,0
2021-06-09,133.2480010986328,133.61300659179688,133.17999267578125,133.26199340820312,0
2021-06-10,133.49200439453125,133.74099731445312,133.10000610351562,133.51100158691406,0
2021-06-11,133.1739959716797,133.40699768066406,132.75,133.16000366210938,0
2021-06-14,132.85400390625,133.38400268554688,132.66000366210938,132.88999938964844,0
2021-06-15,133.39199829101562,133.6699981689453,133.2779998779297,133.36000061035156,0
2021-06-16,133.4709930419922,133.5760040283203,133.05999755859375,133.46400451660156,0
2021-06-17,132.86599731445312,132.85400390625,131.2899932861328,132.83999633789062,0
2021-06-18,131.4239959716797,131.4080047607422,130.61599731445312,131.4080047607422,0
2021-06-21,130.80999755859375,131.38800048828125,130.06100463867188,130.781005859375,0
2021-06-22,131.4499969482422,131.9290008544922,131.1999969482422,131.4810028076172,0
2021-06-23,132.0800018310547,132.68499755859375,132.00999450683594,132.1199951171875,0
2021-06-24,132.39999389648438,132.55299377441406,132.11000061035156,132.38999938964844,0
2021-06-25,132.3070068359375,132.4530029296875,132.13999938964844,132.29600524902344,0
2021-06-28,132.3249969482422,132.3260040283203,131.84800720214844,132.3260040283203,0
2021-06-29,131.93099975585938,131.93600463867188,131.27999877929688,131.93600463867188,0
2021-06-30,131.54100036621094,131.6510009765625,131.25999450683594,131.51300048828125,0
2021-07-01,131.7519989013672,132.42599487304688,131.5500030517578,131.7429962158203,0
2021-07-02,132.16600036621094,132.218994140625,131.66000366210938,132.18499755859375,0
2021-07-05,131.75,131.8560028076172,131.52999877929688,131.7550048828125,0
2021-07-06,131.5709991455078,131.84800720214844,130.7050018310547,131.55099487304688,0
2021-07-07,130.7570037841797,131.03399658203125,130.46099853515625,130.6929931640625,0
2021-07-08,130.4720001220703,130.45899963378906,129.6300048828125,130.45899963378906,0
2021-07-09,130.06900024414062,130.8260040283203,129.9459991455078,130.05499267578125,0
2021-07-12,130.8489990234375,130.9810028076172,130.46299743652344,130.84100341796875,0
2021-07-13,130.8885955810547,131.08099365234375,130.30799865722656,130.8990020751953,0
2021-07-14,130.2259979248047,130.41900634765625,130.03199768066406,130.21600341796875,0
2021-07-15,130.14300537109375,130.16900634765625,129.7899932861328,130.1529998779297,0
2021-07-16,129.66000366210938,130.27099609375,129.6300048828125,129.6510009765625,0
2021-07-19,129.7899932861328,129.83099365234375,128.88999938964844,129.80499267578125,0
2021-07-20,129.16200256347656,129.45199584960938,128.64999389648438,129.16400146484375,0
2021-07-21,129.50999450683594,130.13999938964844,129.13999938964844,129.52099609375,0
2021-07-22,130.0050048828125,130.29400634765625,129.5500030517578,129.9949951171875,0
2021-07-23,129.66400146484375,130.17599487304688,129.64500427246094,129.65699768066406,0
2021-07-26,130.14100646972656,130.3159942626953,129.68600463867188,130.13400268554688,0
2021-07-27,130.2100067138672,130.26600646972656,129.5500030517578,130.21499633789062,0
2021-07-28,129.79800415039062,130.0500030517578,129.61000061035156,129.79400634765625,0
2021-07-29,130.16700744628906,130.53199768066406,129.89999389648438,130.14999389648438,0
2021-07-30,130.05999755859375,130.4929962158203,130.0260009765625,130.07699584960938,0
2021-08-02,130.18099975585938,130.4080047607422,129.66700744628906,130.14700317382812,0
2021-08-03,129.74400329589844,129.86300659179688,129.17999267578125,129.7480010986328,0
2021-08-04,129.36099243164062,129.81300354003906,129.14999389648438,129.3470001220703,0
2021-08-05,129.6479949951172,129.9969940185547,129.625,129.65499877929688,0
2021-08-06,129.875,129.96331787109375,129.5800018310547,129.86700439453125,0
2021-08-09,129.52000427246094,129.63699340820312,129.38999938964844,129.5399932861328,0
2021-08-10,129.45599365234375,129.66600036621094,129.39999389648438,129.45899963378906,0
2021-08-11,129.61700439453125,129.7989959716797,129.57000732421875,129.61399841308594,0
2021-08-12,129.5970001220703,129.69200134277344,129.39999389648438,129.58299255371094,0
2021-08-13,129.5590057373047,129.69000244140625,129.3699951171875,129.57699584960938,0
2021-08-16,129.29100036621094,129.2729949951172,128.49000549316406,129.2729949951172,0
2021-08-17,128.7209930419922,128.86099243164062,128.35000610351562,128.71400451660156,0
2021-08-18,128.2570037841797,128.75900268554688,128.22000122070312,128.25900268554688,0
2021-08-19,128.54299926757812,128.7010040283203,127.94200134277344,128.56199645996094,0
2021-08-20,128.1699981689453,128.36900329589844,127.93000030517578,128.1840057373047,0
2021-08-23,128.47000122070312,129.13600158691406,128.47476196289062,128.52999877929688,0
2021-08-24,128.80599975585938,129.0330047607422,128.58999633789062,128.80299377441406,0
2021-08-25,128.95700073242188,129.38800048828125,128.75,128.9969940185547,0
2021-08-26,129.4600067138672,129.75599670410156,129.24000549316406,129.47500610351562,0
2021-08-27,129.32000732421875,129.7270050048828,129.14999389648438,129.32000732421875,0
2021-08-30,129.61399841308594,129.6840057373047,129.47000122070312,129.5989990234375,0
2021-08-31,129.6909942626953,130.16400146484375,129.5800018310547,129.68600463867188,0
2021-09-01,129.9720001220703,130.44200134277344,129.97000122070312,129.97799682617188,0
2021-09-02,130.36000061035156,130.56300354003906,130.1300048828125,130.3820037841797,0
2021-09-03,130.52999877929688,130.73800659179688,130.1999969482422,130.54299926757812,0
2021-09-06,130.45700073242188,130.49600219726562,130.24000549316406,130.4739990234375,0
2021-09-07,130.3979949951172,130.593994140625,130.29200744628906,130.39199829101562,0
2021-09-08,130.62399291992188,130.68699645996094,130.1699981689453,130.6219940185547,0
2021-09-09,130.27000427246094,130.28700256347656,129.6699981689453,130.22000122070312,0
2021-09-10,129.78500366210938,130.27000427246094,129.677001953125,129.78700256347656,0
2021-09-13,129.8300018310547,129.94200134277344,129.5800018310547,129.82200622558594,0
2021-09-14,129.89599609375,130.1820068359375,129.5800018310547,129.90499877929688,0
2021-09-15,129.4969940185547,129.5,129.0489959716797,129.48500061035156,0
2021-09-16,129.28199768066406,129.33999633789062,128.58999633789062,129.29100036621094,0
2021-09-17,129.05299377441406,129.65899658203125,128.9199981689453,129.03799438476562,0
2021-09-20,128.99000549316406,129.01499938964844,128.14100646972656,128.97999572753906,0
2021-09-21,128.3350067138672,128.67799377441406,127.9990005493164,128.31300354003906,0
2021-09-22,127.94000244140625,128.68699645996094,127.91999816894531,127.96199798583984,0
2021-09-23,128.3489990234375,129.3990020751953,128.33999633789062,128.3470001220703,0
2021-09-24,129.5189971923828,129.7469940185547,129.38800048828125,129.5330047607422,0
2021-09-27,129.84100341796875,129.9219970703125,129.47999572753906,129.81700134277344,0
2021-09-28,129.77499389648438,130.3459930419922,129.66799926757812,129.76800537109375,0
2021-09-29,130.33200073242188,130.45899963378906,129.68699645996094,130.31399536132812,0
2021-09-30,129.86099243164062,129.9510040283203,129.0,129.83900451660156,0
2021-10-01,129.00100708007812,129.0260009765625,128.54600524902344,129.0030059814453,0
2021-10-04,128.7689971923828,129.37399291992188,128.66000366210938,128.7949981689453,0
2021-10-05,128.9029998779297,129.3800048828125,128.75999450683594,128.89700317382812,0
2021-10-06,129.27099609375,129.4949951171875,128.34300231933594,129.30499267578125,0
2021-10-07,128.73699951171875,128.96200561523438,128.6300048828125,128.72999572753906,0
2021-10-08,129.0500030517578,129.8000030517578,128.99000549316406,129.0780029296875,0
2021-10-11,129.84500122070312,131.19400024414062,129.82000732421875,129.82000732421875,0
2021-10-12,131.00100708007812,131.25999450683594,130.75399780273438,131.01600646972656,0
2021-10-13,130.90699768066406,131.35499572753906,130.8699951171875,130.91099548339844,0
2021-10-14,131.38600158691406,131.78900146484375,131.3780059814453,131.38499450683594,0
2021-10-15,131.93099975585938,132.76499938964844,131.9239959716797,131.93800354003906,0
2021-10-18,132.55999755859375,132.6790008544922,132.13999938964844,132.54400634765625,0
2021-10-19,132.7220001220703,133.1739959716797,132.6269989013672,132.75,0
2021-10-20,133.2100067138672,133.468994140625,132.7480010986328,133.2352294921875,0
2021-10-21,133.2899932861328,133.36099243164062,132.38900756835938,133.2779998779297,0
2021-10-22,132.34800720214844,132.781005859375,132.03900146484375,132.35446166992188,0
2021-10-25,132.27000427246094,132.5989990234375,131.86000061035156,132.2790069580078,0
2021-10-26,132.06900024414062,132.66400146484375,131.9600067138672,132.06100463867188,0
2021-10-27,132.406005859375,132.49600219726562,131.58999633789062,132.41600036621094,0
2021-10-28,131.9720001220703,132.4980010986328,131.55999755859375,131.95399475097656,0
2021-10-29,132.72300720214844,132.8979949951172,131.6840057373047,132.77200317382812,0
2021-11-01,132.01100158691406,132.41600036621094,131.77999877929688,132.0260009765625,0
2021-11-02,132.343994140625,132.35499572753906,131.47799682617188,132.35499572753906,0
2021-11-03,131.9600067138672,132.14999389648438,131.75900268554688,131.96099853515625,0
2021-11-04,132.49600219726562,132.55599975585938,131.0,132.49099731445312,0
2021-11-05,131.52499389648438,131.5709991455078,130.80999755859375,131.5229949951172,0
2021-11-08,131.26400756835938,131.427001953125,130.8990020751953,131.2469940185547,0
2021-11-09,131.23800659179688,131.24099731445312,130.68699645996094,131.22900390625,0
2021-11-10,130.90699768066406,131.39700317382812,130.63999938964844,130.9010009765625,0
2021-11-11,130.82400512695312,130.99400329589844,130.4499969482422,130.8459930419922,0
2021-11-12,130.55099487304688,130.7519989013672,130.26400756835938,130.52000427246094,0
2021-11-15,130.406005859375,130.58799743652344,130.07000732421875,130.42300415039062,0
2021-11-16,129.69000244140625,130.0989990234375,129.6580047607422,129.7310028076172,0
2021-11-17,130.0469970703125,130.0590057373047,129.3939971923828,130.03399658203125,0
2021-11-18,129.23699951171875,129.802001953125,129.08599853515625,129.25399780273438,0
2021-11-19,129.91900634765625,129.9720001220703,127.9990005493164,129.94700622558594,0
2021-11-22,128.68899536132812,129.30499267578125,128.55999755859375,128.6929931640625,0
2021-11-23,129.0399932861328,129.593994140625,128.97000122070312,129.05499267578125,0
2021-11-24,129.4669952392578,129.54400634765625,128.76499938964844,129.47900390625,0
2021-11-25,129.2830047607422,129.51300048828125,129.24000549316406,129.3090057373047,0
2021-11-26,128.98599243164062,129.05099487304688,127.92500305175781,129.01199340820312,0
2021-11-29,128.41099548339844,128.54800415039062,127.53099822998047,128.3730010986328,0
2021-11-30,128.51300048828125,128.55999755859375,127.66899871826172,128.5260009765625,0
2021-12-01,128.36599731445312,128.7790069580078,127.70999908447266,128.3260040283203,0
2021-12-02,127.7750015258789,128.20799255371094,127.7030029296875,127.75700378417969,0
2021-12-03,127.77999877929688,128.3280029296875,127.59700012207031,127.79199981689453,0
2021-12-06,127.78299713134766,128.00599670410156,127.51000213623047,127.7239990234375,0
2021-12-07,128.0290069580078,128.46099853515625,127.625,128.02000427246094,0
2021-12-08,127.95999908447266,129.08999633789062,127.82499694824219,127.96399688720703,0
2021-12-09,128.95899963378906,129.06300354003906,127.93000030517578,128.9929962158203,0
2021-12-10,128.11000061035156,128.3730010986328,127.83899688720703,128.13999938964844,0
2021-12-13,128.3820037841797,128.4340057373047,128.01199340820312,128.38600158691406,0
2021-12-14,128.1199951171875,128.55099487304688,128.02000427246094,128.14300537109375,0
2021-12-15,128.04600524902344,128.33900451660156,128.0,128.03900146484375,0
2021-12-16,128.8730010986328,129.625,128.4600067138672,128.9029998779297,0
2021-12-17,128.81900024414062,128.9770050048828,127.9800033569336,128.85299682617188,0
2021-12-20,127.62100219726562,128.29299926757812,127.5,127.6510009765625,0
2021-12-21,128.1750030517578,128.63900756835938,128.052001953125,128.16299438476562,0
2021-12-22,128.66099548339844,129.48800659179688,128.5500030517578,128.69200134277344,0
2021-12-23,129.25999450683594,129.5570068359375,129.0590057373047,129.25999450683594,0
2021-12-24,129.63499450683594,129.7449951171875,129.31100463867188,129.5850067138672,0
2021-12-27,129.45899963378906,130.1300048828125,129.375,129.46099853515625,0
2021-12-28,130.04800415039062,130.21099853515625,129.6199951171875,130.04600524902344,0
2021-12-29,129.8699951171875,130.55799865722656,129.64999389648438,129.83399963378906,0
2021-12-30,130.5800018310547,130.58299255371094,130.11000061035156,130.58299255371094,0
2021-12-31,130.2760009765625,130.98899841308594,130.14999389648438,130.2859649658203,0
2022-01-03,130.9429931640625,130.99000549316406,130.0399932861328,130.9409942626953,0
2022-01-04,130.34500122070312,131.43299865722656,130.3280029296875,130.3280029296875,0
2022-01-05,131.07200622558594,131.4010009765625,130.8560028076172,131.0659942626953,0
2022-01-06,131.3459930419922,131.41700744628906,130.64300537109375,131.3470001220703,0
2022-01-07,130.86700439453125,131.29299926757812,130.81199645996094,130.8820037841797,0
2022-01-10,131.26400756835938,131.3300018310547,130.16900634765625,131.26199340820312,0
2022-01-11,130.61000061035156,131.18099975585938,130.52000427246094,130.6179962158203,0
2022-01-12,131.08599853515625,131.44900512695312,130.94000244140625,131.09800720214844,0
2022-01-13,131.1699981689453,131.42300415039062,130.63999938964844,131.18299865722656,0
2022-01-14,130.73899841308594,130.7729949951172,129.822998046875,130.6999969482422,0
2022-01-17,130.41900634765625,130.81700134277344,130.3300018310547,130.4290008544922,0
2022-01-18,130.72300720214844,131.16400146484375,129.8300018310547,130.72300720214844,0
2022-01-19,129.7779998779297,129.968994140625,129.39300537109375,129.78700256347656,0
2022-01-20,129.69000244140625,130.07899475097656,129.24000549316406,129.7010040283203,0
2022-01-21,128.95799255371094,129.29400634765625,128.5570068359375,128.9250030517578,0
2022-01-24,129.04200744628906,129.14700317382812,128.3979949951172,129.03599548339844,0
2022-01-25,129.10000610351562,129.10400390625,128.25999450683594,129.10400390625,0
2022-01-26,128.69000244140625,129.1009979248047,128.6020050048828,128.73199462890625,0
2022-01-27,128.9510040283203,129.0019989013672,128.43699645996094,128.9459991455078,0
2022-01-28,128.5500030517578,128.84100341796875,128.4530029296875,128.58599853515625,0
2022-01-31,128.53700256347656,129.3520050048828,128.47799682617188,128.49899291992188,0
2022-02-01,129.2729949951172,129.5279998779297,128.9530029296875,129.2899932861328,0
2022-02-02,129.32000732421875,129.46200561523438,129.0399932861328,129.32400512695312,0
2022-02-03,129.24400329589844,131.48399353027344,129.1699981689453,129.22900390625,0
2022-02-04,131.4530029296875,131.98800659179688,131.4499969482422,131.45799255371094,0
2022-02-07,131.97799682617188,131.9969940185547,131.25,131.9969940185547,0
2022-02-08,131.6479949951172,132.02000427246094,131.4600067138672,131.61000061035156,0
2022-02-09,131.94700622558594,132.13900756835938,131.61700439453125,131.96200561523438,0
2022-02-10,132.02200317382812,133.125,131.83999633789062,132.0260009765625,0
2022-02-11,132.4459991455078,132.42799377441406,131.83799743652344,132.4250030517578,0
2022-02-14,131.3489990234375,131.32699584960938,130.0659942626953,131.32699584960938,0
2022-02-15,130.6219940185547,131.52499389648438,130.44700622558594,130.6219940185547,0
2022-02-16,131.322998046875,131.8769989013672,131.11000061035156,131.31100463867188,0
2022-02-17,131.23800659179688,131.48899841308594,130.4219970703125,131.22999572753906,0
2022-02-18,130.552001953125,131.09300231933594,130.23599243164062,130.51499938964844,0
2022-02-21,130.0989990234375,130.81300354003906,129.99099731445312,130.09300231933594,0
2022-02-22,129.61399841308594,130.75900268554688,129.38400268554688,129.58399963378906,0
2022-02-23,130.39199829101562,130.68099975585938,130.0989990234375,130.41099548339844,0
2022-02-24,129.8939971923828,129.98699951171875,127.9000015258789,129.91200256347656,0
2022-02-25,129.32200622558594,130.20700073242188,128.73399353027344,129.2989959716797,0
2022-02-28,129.218994140625,129.74899291992188,128.69500732421875,129.21800231933594,0
2022-03-01,129.0590057373047,129.23899841308594,127.53800201416016,129.05599975585938,0
2022-03-02,127.84500122070312,128.73199462890625,127.33599853515625,127.7969970703125,0
2022-03-03,128.35800170898438,128.48699951171875,127.61000061035156,128.35699462890625,0
2022-03-04,127.79399871826172,127.78399658203125,125.0719985961914,127.78399658203125,0
2022-03-07,124.99320220947266,125.927001953125,124.40899658203125,124.96299743652344,0
2022-03-08,125.3479995727539,126.33499908447266,125.22899627685547,125.35900115966797,0
2022-03-09,126.10800170898438,128.4080047607422,126.12999725341797,126.16000366210938,0
2022-03-10,128.3489990234375,128.81399536132812,127.42900085449219,128.343994140625,0
2022-03-11,127.95099639892578,129.0030059814453,127.7030029296875,127.90799713134766,0
2022-03-14,128.4770050048828,129.56700134277344,128.32899475097656,128.4550018310547,0
2022-03-15,129.35899353027344,130.01199340820312,129.35000610351562,129.38900756835938,0
2022-03-16,129.7550048828125,130.56199645996094,129.61700439453125,129.75,0
2022-03-17,131.01400756835938,131.63999938964844,130.73899841308594,131.03900146484375,0
2022-03-18,131.51100158691406,131.8800048828125,131.2100067138672,131.4980010986328,0
2022-03-21,131.69500732421875,131.95899963378906,131.39300537109375,131.68479919433594,0
2022-03-22,131.7469940185547,133.28199768066406,131.71600341796875,131.74200439453125,0
2022-03-23,133.82699584960938,133.7689971923828,132.3350067138672,133.75,0
2022-03-24,133.3070068359375,134.36900329589844,132.96499633789062,133.31900024414062,0
2022-03-25,134.68800354003906,134.68800354003906,133.75399780273438,134.68800354003906,0
2022-03-28,134.26800537109375,137.48699951171875,134.05499267578125,134.26800537109375,0
2022-03-29,135.94500732421875,137.26800537109375,135.35899353027344,135.94500732421875,0
2022-03-30,136.55499267578125,136.49200439453125,134.89199829101562,136.55499267578125,0
2022-03-31,136.18699645996094,136.80299377441406,134.68499755859375,136.18699645996094,0
2022-04-01,134.80299377441406,135.843994140625,134.77699279785156,134.80299377441406,0
2022-04-04,135.40499877929688,135.66200256347656,134.76300048828125,135.40499877929688,0
2022-04-05,134.77000427246094,135.1020050048828,134.2899932861328,134.77000427246094,0
2022-04-06,134.8560028076172,135.46099853515625,134.75799560546875,134.8560028076172,0
2022-04-07,134.82899475097656,135.48199462890625,134.4600067138672,134.82899475097656,0
2022-04-08,134.81700134277344,135.3040008544922,134.36000061035156,134.81700134277344,0
2022-04-11,135.3800048828125,137.09300231933594,135.29800415039062,135.3800048828125,0
2022-04-12,136.47999572753906,136.61399841308594,135.8719940185547,136.47999572753906,0
2022-04-13,135.76699829101562,136.74099731445312,135.7259979248047,135.76699829101562,0
2022-04-14,136.60699462890625,136.9320068359375,135.5279998779297,136.60699462890625,0
2022-04-15,136.52999877929688,136.87899780273438,136.37600708007812,136.52999877929688,0
2022-04-18,136.9320068359375,137.00100708007812,136.47000122070312,136.9320068359375,0
2022-04-19,137.02999877929688,139.0399932861328,136.99000549316406,137.02999877929688,0
2022-04-20,139.60000610351562,139.65899658203125,138.40699768066406,139.60000610351562,0
2022-04-21,138.88400268554688,139.98399353027344,138.8459930419922,138.88400268554688,0
2022-04-22,139.12600708007812,139.46600341796875,138.2790069580078,139.12600708007812,0
2022-04-25,139.0279998779297,139.1479949951172,136.48399353027344,139.0279998779297,0
2022-04-26,136.86700439453125,137.5240020751953,135.3990020751953,136.86700439453125,0
2022-04-27,135.4499969482422,136.1179962158203,134.802001953125,135.4499969482422,0
2022-04-28,135.5279998779297,137.95199584960938,135.44200134277344,135.5279998779297,0
2022-04-29,137.39100646972656,137.9720001220703,136.625,137.39100646972656,0
2022-05-02,136.9709930419922,137.63400268554688,136.55799865722656,136.9709930419922,0
2022-05-03,136.7519989013672,137.3520050048828,136.57000732421875,136.7519989013672,0
2022-05-04,136.9600067138672,137.27099609375,136.73800659179688,136.9600067138672,0
2022-05-05,137.2480010986328,137.56500244140625,136.86000061035156,137.2480010986328,0
2022-05-06,137.36700439453125,138.14100646972656,136.7689971923828,137.36700439453125,0
2022-05-09,137.697998046875,138.3179931640625,137.0780029296875,137.697998046875,0
2022-05-10,137.7429962158203,138.0590057373047,137.03700256347656,137.7429962158203,0
2022-05-11,137.25999450683594,137.6580047607422,136.76499938964844,137.25999450683594,0
2022-05-12,136.48300170898438,136.73199462890625,132.7480010986328,136.48300170898438,0
2022-05-13,133.45799255371094,134.61500549316406,133.21099853515625,133.45799255371094,0
2022-05-16,134.60299682617188,135.04200744628906,133.75599670410156,134.60299682617188,0
2022-05-17,134.572998046875,136.67599487304688,134.57400512695312,134.572998046875,0
2022-05-18,136.5399932861328,136.65699768066406,134.53700256347656,136.5399932861328,0
2022-05-19,133.95199584960938,135.43800354003906,133.94900512695312,133.95199584960938,0
2022-05-20,135.2209930419922,135.7740020751953,134.75399780273438,135.2209930419922,0
2022-05-23,135.18299865722656,136.57200622558594,134.66000366210938,135.18299865722656,0
2022-05-24,136.5590057373047,136.7469940185547,135.58099365234375,136.5590057373047,0
2022-05-25,136.06199645996094,136.2030029296875,135.0229949951172,136.06199645996094,0
2022-05-26,135.8719940185547,136.61700439453125,135.2310028076172,135.8719940185547,0
2022-05-27,136.33999633789062,136.68699645996094,135.8509979248047,136.33999633789062,0
2022-05-30,136.58799743652344,137.6529998779297,136.25999450683594,136.58799743652344,0
2022-05-31,137.66000366210938,138.0070037841797,136.8459930419922,137.66000366210938,0
2022-06-01,138.1840057373047,138.9459991455078,138.19700622558594,138.1840057373047,0
2022-06-02,138.58399963378906,139.3679962158203,138.39999389648438,138.58399963378906,0
2022-06-03,139.66799926757812,140.29600524902344,139.47799682617188,139.66799926757812,0
2022-06-06,140.18899536132812,140.8179931640625,139.86599731445312,140.18899536132812,0
2022-06-07,141.3040008544922,142.0449981689453,141.20799255371094,141.3040008544922,0
2022-06-08,142.10400390625,144.218994140625,141.97000122070312,142.10400390625,0
2022-06-09,144.07000732421875,144.1739959716797,142.58200073242188,144.07000732421875,0
2022-06-10,142.72999572753906,142.69400024414062,140.8300018310547,142.72999572753906,0
2022-06-13,141.40499877929688,141.71400451660156,139.39199829101562,141.40499877929688,0
2022-06-14,139.79200744628906,140.76499938964844,139.51600646972656,139.79200744628906,0
2022-06-15,141.21499633789062,141.4720001220703,139.6739959716797,141.21499633789062,0
2022-06-16,140.218994140625,140.58599853515625,137.89999389648438,140.218994140625,0
2022-06-17,139.66400146484375,141.9409942626953,139.4510040283203,139.66400146484375,0
2022-06-20,141.9149932861328,142.3159942626953,141.47500610351562,141.9149932861328,0
2022-06-21,142.10699462890625,143.86199951171875,141.9600067138672,142.10699462890625,0
2022-06-22,143.51800537109375,144.06500244140625,142.6790008544922,143.51800537109375,0
2022-06-23,143.67999267578125,143.96499633789062,141.42300415039062,143.67999267578125,0
2022-06-24,141.8459930419922,142.71400451660156,141.4459991455078,141.8459930419922,0
2022-06-27,142.697998046875,143.4669952392578,142.09500122070312,142.697998046875,0
2022-06-28,143.29400634765625,144.20799255371094,142.8800048828125,143.29400634765625,0
2022-06-29,143.1580047607422,143.8260040283203,142.47000122070312,143.1580047607422,0
2022-06-30,142.677001953125,142.8470001220703,141.3800048828125,142.677001953125,0
2022-07-01,142.26400756835938,142.4149932861328,139.82000732421875,142.26400756835938,0
2022-07-04,140.8939971923828,141.64100646972656,140.61700439453125,140.8939971923828,0
2022-07-05,141.71600341796875,142.35800170898438,138.95899963378906,141.71600341796875,0
2022-07-06,139.00799560546875,139.3719940185547,137.28399658203125,139.00799560546875,0
2022-07-07,138.4499969482422,139.00799560546875,138.00999450683594,138.4499969482422,0
2022-07-08,138.18699645996094,138.68699645996094,136.92599487304688,138.18699645996094,0
2022-07-11,138.55599975585938,139.1540069580078,138.20700073242188,138.55599975585938,0
2022-07-12,138.00999450683594,138.04100036621094,137.02999877929688,138.00999450683594,0
2022-07-13,137.14500427246094,138.7740020751953,137.18099975585938,137.14500427246094,0
2022-07-14,138.0780029296875,139.72900390625,138.0,138.0780029296875,0
2022-07-15,139.32899475097656,139.8780059814453,138.75900268554688,139.32899475097656,0
2022-07-18,139.63600158691406,140.77200317382812,139.38999938964844,139.63600158691406,0
2022-07-19,140.22900390625,141.36300659179688,139.72999572753906,140.22900390625,0
2022-07-20,141.38400268554688,141.9149932861328,140.63499450683594,141.38400268554688,0
2022-07-21,140.91600036621094,142.27699279785156,140.4409942626953,140.91600036621094,0
2022-07-22,140.12600708007812,140.67799377441406,139.00900268554688,140.12600708007812,0
2022-07-25,139.03199768066406,140.05499267578125,138.7570037841797,139.03199768066406,0
2022-07-26,139.46800231933594,139.82000732421875,138.156005859375,139.46800231933594,0
2022-07-27,138.73500061035156,139.0709991455078,138.4510040283203,138.73500061035156,0
2022-07-28,138.91099548339844,139.00399780273438,136.38800048828125,138.91099548339844,0
2022-07-29,136.97300720214844,137.2969970703125,135.5590057373047,136.97300720214844,0
2022-08-01,136.15499877929688,136.17799377441406,135.0229949951172,136.15499877929688,0
2022-08-02,135.0019989013672,134.9759979248047,133.41600036621094,135.0019989013672,0
2022-08-03,135.44400024414062,136.40899658203125,134.85800170898438,135.44400024414062,0
2022-08-04,136.06199645996094,136.9080047607422,135.6479949951172,136.06199645996094,0
2022-08-05,135.8990020751953,137.7050018310547,135.87600708007812,135.8990020751953,0
2022-08-08,137.35800170898438,137.91200256347656,137.14199829101562,137.35800170898438,0
2022-08-09,137.4949951171875,138.2899932861328,137.2550048828125,137.4949951171875,0
2022-08-10,138.01300048828125,138.38699340820312,136.6280059814453,138.01300048828125,0
2022-08-11,136.8070068359375,137.24899291992188,136.33599853515625,136.8070068359375,0
2022-08-12,137.25399780273438,137.67999267578125,136.89700317382812,137.25399780273438,0
2022-08-15,136.67799377441406,136.78399658203125,135.281005859375,136.67799377441406,0
2022-08-16,135.31121826171875,136.9010009765625,134.95399475097656,135.31121826171875,0
2022-08-17,136.57200622558594,137.86399841308594,136.28599548339844,136.57200622558594,0
2022-08-18,137.32899475097656,137.63299560546875,136.5919952392578,137.32899475097656,0
2022-08-19,137.01199340820312,137.9510040283203,137.0590057373047,137.01199340820312,0
2022-08-22,137.51499938964844,137.94000244140625,136.6300048828125,137.51499938964844,0
2022-08-23,136.6999969482422,137.0449981689453,135.80999755859375,136.6999969482422,0
2022-08-24,136.27699279785156,136.7270050048828,135.54299926757812,136.27699279785156,0
2022-08-25,136.63999938964844,136.9530029296875,136.0240020751953,136.63999938964844,0
2022-08-26,136.16600036621094,137.93699645996094,136.1199951171875,136.16600036621094,0
2022-08-29,137.30099487304688,138.81900024414062,137.25799560546875,137.30099487304688,0
2022-08-30,138.7310028076172,139.09300231933594,138.26300048828125,138.7310028076172,0
2022-08-31,139.07000732421875,139.65899658203125,138.29800415039062,139.07000732421875,0
2022-09-01,139.83200073242188,139.98899841308594,138.96200561523438,139.83200073242188,0
2022-09-02,139.4040069580078,140.72300720214844,139.26199340820312,139.4040069580078,0
2022-09-05,139.20399475097656,139.6199951171875,138.69400024414062,139.20399475097656,0
2022-09-06,139.72799682617188,141.70799255371094,139.60299682617188,139.72799682617188,0
2022-09-07,141.6790008544922,143.79100036621094,141.4320068359375,141.6790008544922,0
2022-09-08,144.05599975585938,144.2790069580078,143.2209930419922,144.05599975585938,0
2022-09-09,143.99000549316406,144.71499633789062,142.68299865722656,143.99000549316406,0
2022-09-12,143.60499572753906,145.61000061035156,143.47999572753906,143.60499572753906,0
2022-09-13,144.4239959716797,144.99400329589844,144.14300537109375,144.4239959716797,0
2022-09-14,144.10499572753906,144.44500732421875,142.31700134277344,144.10499572753906,0
2022-09-15,142.6699981689453,143.5659942626953,142.5970001220703,142.6699981689453,0
2022-09-16,143.19000244140625,143.50599670410156,142.51499938964844,143.19000244140625,0
2022-09-19,143.0760040283203,143.5260009765625,142.81199645996094,143.0760040283203,0
2022-09-20,143.63699340820312,144.0189971923828,143.03500366210938,143.63699340820312,0
2022-09-21,143.17747497558594,143.5760040283203,141.9770050048828,143.17747497558594,0
2022-09-22,141.8730010986328,143.68299865722656,138.7449951171875,141.8730010986328,0
2022-09-23,139.99899291992188,140.04400634765625,138.92300415039062,139.99899291992188,0
2022-09-26,139.00100708007812,139.49400329589844,137.8730010986328,139.00100708007812,0
2022-09-27,139.0030059814453,139.5240020751953,138.72999572753906,139.0030059814453,0
2022-09-28,138.83299255371094,139.66900634765625,138.05999755859375,138.83299255371094,0
2022-09-29,140.1739959716797,141.38600158691406,139.4600067138672,140.1739959716797,0
2022-09-30,141.96200561523438,142.2100067138672,140.7899932861328,141.96200561523438,0
2022-10-03,141.80499267578125,142.43899536132812,141.3780059814453,141.80499267578125,0
2022-10-04,142.08299255371094,144.06500244140625,142.00999450683594,142.08299255371094,0
2022-10-05,143.5540008544922,144.06500244140625,142.43299865722656,143.5540008544922,0
2022-10-06,143.1479949951172,143.451904296875,141.96200561523438,143.1479949951172,0
2022-10-07,141.9709930419922,142.20599365234375,141.3300018310547,141.9709930419922,0
2022-10-10,141.61700439453125,141.781005859375,140.9010009765625,141.61700439453125,0
2022-10-11,141.44200134277344,142.0330047607422,141.01800537109375,141.44200134277344,0
2022-10-12,141.49099731445312,142.61199951171875,141.5279998779297,141.49099731445312,0
2022-10-13,142.4429931640625,143.96499633789062,141.89700317382812,142.4429931640625,0
2022-10-14,143.88999938964844,144.8070068359375,143.5,143.88999938964844,0
2022-10-17,144.7480010986328,146.42999267578125,144.61199951171875,144.7480010986328,0
2022-10-18,146.63600158691406,147.08999633789062,146.2570037841797,146.63600158691406,0
2022-10-19,147.1699981689453,147.177001953125,146.1009979248047,147.1699981689453,0
2022-10-20,146.31199645996094,147.2760009765625,146.2570037841797,146.31199645996094,0
2022-10-21,146.8419952392578,148.36199951171875,144.13999938964844,146.8419952392578,0
2022-10-24,145.72799682617188,147.1649932861328,145.7239990234375,145.72799682617188,0
2022-10-25,147.1790008544922,147.39500427246094,146.7100067138672,147.1790008544922,0
2022-10-26,147.43099975585938,147.6719970703125,146.96499633789062,147.43099975585938,0
2022-10-27,147.46400451660156,147.43299865722656,145.5679931640625,147.46400451660156,0
2022-10-28,145.79299926757812,147.3350067138672,145.74899291992188,145.79299926757812,0
2022-10-31,147.13800048828125,147.73199462890625,146.8419952392578,147.13800048828125,0
2022-11-01,147.02999877929688,147.0959930419922,146.052001953125,147.02999877929688,0
2022-11-02,146.12399291992188,146.19000244140625,145.03799438476562,146.12399291992188,0
2022-11-03,145.12600708007812,145.11900329589844,144.0399932861328,145.12600708007812,0
2022-11-04,144.66200256347656,145.78700256347656,144.24200439453125,144.66200256347656,0
2022-11-07,145.78500366210938,146.78700256347656,145.87399291992188,145.78500366210938,0
2022-11-08,146.88600158691406,146.97500610351562,146.02499389648438,146.88600158691406,0
2022-11-09,146.45599365234375,146.98399353027344,146.31199645996094,146.45599365234375,0
2022-11-10,146.468994140625,146.73599243164062,143.99400329589844,146.468994140625,0
2022-11-11,144.44200134277344,144.98199462890625,142.6790008544922,144.44200134277344,0
2022-11-14,144.1280059814453,145.21200561523438,143.47000122070312,144.1280059814453,0
2022-11-15,144.58099365234375,145.3419952392578,144.29400634765625,144.58099365234375,0
2022-11-16,143.9290008544922,145.49200439453125,143.85899353027344,143.9290008544922,0
2022-11-17,144.8000030517578,145.3159942626953,144.46600341796875,144.8000030517578,0
2022-11-18,145.4810028076172,145.52999877929688,144.56700134277344,145.4810028076172,0
2022-11-21,144.8887176513672,145.45700073242188,144.33999633789062,144.8887176513672,0
2022-11-22,145.5749969482422,145.69200134277344,144.8979949951172,145.5749969482422,0
2022-11-23,145.54400634765625,146.1269989013672,144.64300537109375,145.54400634765625,0
2022-11-24,145.0659942626953,145.18499755859375,143.66900634765625,145.0659942626953,0
2022-11-25,144.24899291992188,145.13800048828125,144.1280059814453,144.24899291992188,0
2022-11-28,144.58999633789062,144.97999572753906,143.0590057373047,144.38999938964844,0
2022-11-29,143.47799682617188,144.00999450683594,143.02499389648438,143.47799682617188,0
2022-11-30,143.23599243164062,144.81100463867188,143.1999969482422,143.23599243164062,0
2022-12-01,143.16299438476562,143.3459930419922,141.9429931640625,143.16299438476562,0
2022-12-02,142.28399658203125,142.43499755859375,140.78199768066406,142.28399658203125,0
2022-12-05,141.78199768066406,143.58700561523438,141.76400756835938,141.78199768066406,0
2022-12-06,143.43299865722656,143.9929962158203,143.11900329589844,143.43299865722656,0
2022-12-07,143.28399658203125,144.5659942626953,143.16900634765625,143.28399658203125,0
2022-12-08,143.3730010986328,144.11199951171875,143.2779998779297,143.3730010986328,0
2022-12-09,144.22300720214844,144.45599365234375,143.1909942626953,144.22300720214844,0
2022-12-12,143.83900451660156,145.06300354003906,143.72999572753906,143.83900451660156,0
2022-12-13,144.94400024414062,145.33200073242188,143.60299682617188,144.9499969482422,0
2022-12-14,144.0679931640625,144.24000549316406,143.5449981689453,144.0679931640625,0
2022-12-15,144.49899291992188,146.7050018310547,144.30099487304688,144.49899291992188,0
2022-12-16,146.55140686035156,146.55299377441406,144.76400756835938,146.55140686035156,0
2022-12-19,144.54400634765625,145.4759979248047,144.02200317382812,144.54400634765625,0
2022-12-20,145.36300659179688,145.71099853515625,139.27499389648438,145.36300659179688,0
2022-12-21,140.1280059814453,140.71299743652344,139.68299865722656,140.1280059814453,0
2022-12-22,140.38999938964844,140.63900756835938,139.96499633789062,140.38999938964844,0
2022-12-23,140.28399658203125,141.2050018310547,140.18699645996094,140.28399658203125,0
2022-12-26,140.94000244140625,141.56588745117188,140.36000061035156,140.8800048828125,0
2022-12-27,141.25,142.25,141.13900756835938,141.25,0
2022-12-28,141.9759979248047,142.93299865722656,141.97900390625,141.9759979248047,0
2022-12-29,142.45599365234375,142.56500244140625,141.58399963378906,142.45599365234375,0
2022-12-30,141.69400024414062,141.7270050048828,140.3699951171875,141.69400024414062,0
2023-01-02,140.30999755859375,140.30999755859375,139.25999450683594,140.30999755859375,0
2023-01-03,139.6490020751953,139.71400451660156,137.40499877929688,139.6490020751953,0
2023-01-04,138.40899658203125,140.2209930419922,137.88699340820312,138.40899658203125,0
2023-01-05,140.25399780273438,141.29200744628906,139.98599243164062,140.25399780273438,0
2023-01-06,140.25999450683594,141.4239959716797,140.26800537109375,140.25999450683594,0
2023-01-09,140.5070037841797,141.87399291992188,140.17799377441406,140.5070037841797,0
2023-01-10,141.3730010986328,142.01600646972656,141.12399291992188,141.3730010986328,0
2023-01-11,141.8520050048828,142.8419952392578,141.8459930419922,141.8520050048828,0
2023-01-12,141.99200439453125,142.10899353027344,140.16200256347656,141.99200439453125,0
2023-01-13,140.27499389648438,140.3249969482422,138.01699829101562,140.27499389648438,0
2023-01-16,138.5780029296875,139.2220001220703,138.23399353027344,138.5780029296875,0
2023-01-17,138.9600067138672,139.5959930419922,138.21800231933594,138.9600067138672,0
2023-01-18,138.4010009765625,141.6529998779297,138.3470001220703,138.4010009765625,0
2023-01-19,138.79299926757812,139.33900451660156,137.9149932861328,138.79299926757812,0
2023-01-20,139.0679931640625,141.17599487304688,139.04600524902344,139.0679931640625,0
2023-01-23,140.64999389648438,142.0570068359375,140.49000549316406,140.69000244140625,0
2023-01-24,141.9720001220703,142.1840057373047,141.2740020751953,141.9720001220703,0
2023-01-25,141.79200744628906,142.2779998779297,140.77000427246094,141.79200744628906,0
2023-01-26,141.13999938964844,141.89999389648438,140.86000061035156,141.13999938964844,0
2023-01-27,141.39300537109375,141.54299926757812,140.82000732421875,141.39300537109375,0
2023-01-30,141.16200256347656,141.9510040283203,140.5489959716797,141.16200256347656,0
2023-01-31,141.56900024414062,141.5570068359375,140.75,141.56900024414062,0
2023-02-01,141.3000030517578,141.82400512695312,140.91000366210938,141.3000030517578,0
2023-02-02,141.63699340820312,141.8990020751953,140.0959930419922,141.63699340820312,0
2023-02-03,140.3800048828125,142.31700134277344,139.94000244140625,140.3800048828125,0
2023-02-06,142.43699645996094,142.77499389648438,142.00100708007812,142.43699645996094,0
2023-02-07,142.27999877929688,142.3090057373047,140.28799438476562,142.27999877929688,0
2023-02-08,140.59800720214844,141.01499938964844,140.30499267578125,140.59800720214844,0
2023-02-09,140.78700256347656,141.2480010986328,140.61399841308594,140.78700256347656,0
2023-02-10,141.24000549316406,141.45700073242188,139.58900451660156,141.24000549316406,0
2023-02-13,140.45899963378906,142.36599731445312,140.36700439453125,140.45899963378906,0
2023-02-14,141.99400329589844,142.7220001220703,141.52499389648438,141.99400329589844,0
2023-02-15,142.7689971923828,143.42300415039062,142.3509979248047,142.7689971923828,0
2023-02-16,143.15199279785156,143.4250030517578,143.0500030517578,143.15199279785156,0
2023-02-17,142.99099731445312,143.65899658203125,142.9499969482422,142.99099731445312,0
2023-02-20,143.50399780273438,143.64500427246094,143.04100036621094,143.49099731445312,0
2023-02-21,143.5,144.1580047607422,143.19000244140625,143.5,0
2023-02-22,143.7949981689453,143.843994140625,143.01800537109375,143.7949981689453,0
2023-02-23,143.0989990234375,143.4929962158203,142.59500122070312,143.0989990234375,0
2023-02-24,142.66400146484375,143.83700561523438,142.2570037841797,142.66400146484375,0
2023-02-27,143.9499969482422,144.4429931640625,143.5800018310547,143.9499969482422,0
2023-02-28,144.60899353027344,145.4409942626953,144.1750030517578,144.60899353027344,0
2023-03-01,144.2050018310547,145.25900268554688,144.06900024414062,144.2050018310547,0
2023-03-02,145.29299926757812,145.552001953125,144.80999755859375,145.29299926757812,0
2023-03-03,144.89599609375,145.05172729492188,144.30799865722656,144.89599609375,0
2023-03-06,144.5240020751953,145.3699951171875,144.1320037841797,144.5240020751953,0
2023-03-07,145.31100463867188,145.43299865722656,144.62399291992188,145.31100463867188,0
2023-03-08,144.91799926757812,145.21499633789062,144.2449951171875,144.91799926757812,0
2023-03-09,144.75900268554688,144.77999877929688,143.656005859375,144.75900268554688,0
2023-03-10,144.35499572753906,145.08200073242188,143.50599670410156,144.35499572753906,0
2023-03-13,143.66000366210938,144.38600158691406,141.36599731445312,143.64999389648438,0
2023-03-14,142.7429962158203,144.38699340820312,142.5780029296875,142.7429962158203,0
2023-03-15,144.16900634765625,144.9510040283203,139.4949951171875,144.16900634765625,0
2023-03-16,140.6750030517578,141.5260009765625,139.19000244140625,140.6750030517578,0
2023-03-17,141.552001953125,142.14100646972656,140.16600036621094,141.552001953125,0
2023-03-20,141.2530059814453,141.7169952392578,138.88299560546875,141.2530059814453,0
2023-03-21,140.83900451660156,142.75999450683594,140.4219970703125,140.83900451660156,0
2023-03-22,142.5850067138672,143.60499572753906,142.38600158691406,142.5850067138672,0
2023-03-23,142.58700561523438,143.18099975585938,142.19200134277344,142.58700561523438,0
2023-03-24,141.78399658203125,141.81900024414062,139.0970001220703,141.78399658203125,0
2023-03-27,141.02099609375,142.05499267578125,140.58299255371094,141.02099609375,0
2023-03-28,141.8179931640625,142.13299560546875,141.03599548339844,141.8179931640625,0
2023-03-29,142.03799438476562,143.88499450683594,141.9980010986328,142.03799438476562,0
2023-03-30,143.7550048828125,145.07400512695312,143.19900512695312,143.7550048828125,0
2023-03-31,145.24099731445312,145.62899780273438,144.27200317382812,145.24099731445312,0
2023-04-03,144.04600524902344,144.89999389648438,143.62600708007812,144.04600524902344,0
2023-04-04,144.3179931640625,145.3990020751953,144.0989990234375,144.3179931640625,0
2023-04-05,144.00999450683594,144.44602966308594,142.69000244140625,144.00999450683594,0
2023-04-06,142.7220001220703,143.98199462890625,142.5399932861328,142.72000122070312,0
2023-04-07,143.7570037841797,144.20399475097656,143.59100341796875,143.7570037841797,0
2023-04-10,144.1529998779297,145.0800018310547,144.0679931640625,144.1529998779297,0
2023-04-11,145.06199645996094,145.8489990234375,144.87100219726562,145.06199645996094,0
2023-04-12,145.84300231933594,146.4600067138672,145.79200744628906,145.84300231933594,0
2023-04-13,146.3509979248047,146.87600708007812,146.093994140625,146.3509979248047,0
2023-04-14,146.41900634765625,146.99600219726562,146.2429962158203,146.41900634765625,0
2023-04-17,147.1300048828125,147.4290008544922,146.6909942626953,147.1300048828125,0
2023-04-18,146.8730010986328,147.37399291992188,146.7100067138672,146.8730010986328,0
2023-04-19,147.10800170898438,147.83599853515625,147.07200622558594,147.10800170898438,0
2023-04-20,147.51499938964844,147.8179931640625,147.0,147.51499938964844,0
2023-04-21,146.96099853515625,147.53799438476562,146.39999389648438,146.96099853515625,0
2023-04-24,147.24200439453125,148.45599365234375,147.10000610351562,147.24200439453125,0
2023-04-25,148.24000549316406,148.60400390625,146.89100646972656,148.24000549316406,0
2023-04-26,146.78500366210938,147.88800048828125,146.4550018310547,146.78500366210938,0
2023-04-27,147.37899780273438,147.97999572753906,147.1540069580078,147.38600158691406,0
2023-04-28,147.51199340820312,150.38999938964844,147.2899932861328,147.51199340820312,0
2023-05-01,150.19700622558594,150.93600463867188,150.11000061035156,150.19700622558594,0
2023-05-02,150.8820037841797,151.58900451660156,149.78900146484375,150.8820037841797,0
2023-05-03,150.2565460205078,150.39199829101562,149.3040008544922,150.2565460205078,0
2023-05-04,148.91600036621094,149.16799926757812,147.177001953125,148.91600036621094,0
2023-05-05,147.8939971923828,148.68600463867188,147.68299865722656,147.8939971923828,0
2023-05-08,148.96299743652344,149.23500061035156,148.4510040283203,148.96299743652344,0
2023-05-09,148.51800537109375,148.67599487304688,147.88999938964844,148.51800537109375,0
2023-05-10,148.33099365234375,148.6439971923828,147.43699645996094,148.33099365234375,0
2023-05-11,147.2899932861328,147.45599365234375,146.1280059814453,147.2899932861328,0
2023-05-12,146.76246643066406,147.44900512695312,146.677001953125,146.76246643066406,0
2023-05-15,147.39500427246094,148.16799926757812,147.33900451660156,147.39500427246094,0
2023-05-16,147.92300415039062,148.4290008544922,147.63299560546875,147.92300415039062,0
2023-05-17,148.22900390625,148.9969940185547,148.12899780273438,148.22900390625,0
2023-05-18,149.14300537109375,149.31900024414062,148.77000427246094,149.14300537109375,0
2023-05-19,149.3699951171875,149.7949981689453,148.72999572753906,149.3699951171875,0
2023-05-22,149.01300048828125,149.91000366210938,148.83999633789062,149.01300048828125,0
2023-05-23,149.91000366210938,150.03799438476562,149.1009979248047,149.91000366210938,0
2023-05-24,149.25799560546875,149.73399353027344,148.85000610351562,149.25799560546875,0
2023-05-25,149.8179931640625,150.02999877929688,149.35000610351562,149.8179931640625,0
2023-05-26,150.1490020751953,150.6060028076172,149.81100463867188,150.1490020751953,0
2023-05-29,151.0489959716797,151.02200317382812,150.07000732421875,151.0489959716797,0
2023-05-30,150.37100219726562,150.6020050048828,149.76199340820312,150.37100219726562,0
2023-05-31,150.01199340820312,150.0989990234375,148.8679962158203,150.01199340820312,0
2023-06-01,148.76300048828125,149.6699981689453,148.6820068359375,148.76300048828125,0
2023-06-02,149.29400634765625,149.8939971923828,149.24600219726562,149.29400634765625,0
2023-06-05,149.97900390625,150.19700622558594,149.26400756835938,149.97900390625,0
2023-06-06,149.29400634765625,149.6820068359375,148.83099365234375,149.29400634765625,0
2023-06-07,149.25599670410156,149.83099365234375,148.62399291992188,149.25599670410156,0
2023-06-08,149.78799438476562,150.0330047607422,149.58599853515625,149.78799438476562,0
2023-06-09,149.72000122070312,150.4239959716797,149.72999572753906,149.72000122070312,0
2023-06-12,149.82000732421875,150.33700561523438,149.63999938964844,149.82000732421875,0
2023-06-13,150.09100341796875,151.23300170898438,150.02999877929688,150.09100341796875,0
2023-06-14,151.23199462890625,151.36099243164062,150.9250030517578,151.23199462890625,0
2023-06-15,151.76499938964844,153.62100219726562,151.7519989013672,151.76499938964844,0
2023-06-16,153.52699279785156,154.94500732421875,153.0989990234375,153.52699279785156,0
2023-06-19,155.17999267578125,155.27999877929688,154.66600036621094,155.17999267578125,0
2023-06-20,155.0070037841797,155.36500549316406,154.06100463867188,155.0070037841797,0
2023-06-21,154.33599853515625,155.718994140625,154.36599731445312,154.33599853515625,0
2023-06-22,155.73699951171875,156.58599853515625,155.63800048828125,155.73699951171875,0
2023-06-23,156.6999969482422,156.81700134277344,155.11099243164062,156.6999969482422,0
2023-06-26,156.54800415039062,156.7030029296875,155.7519989013672,156.54800415039062,0
2023-06-27,156.51199340820312,157.85400390625,156.4080047607422,156.51199340820312,0
2023-06-28,157.63800048828125,157.9929962158203,157.24000549316406,157.63800048828125,0
2023-06-29,157.60800170898438,157.8769989013672,157.2530059814453,157.60800170898438,0
2023-06-30,157.34800720214844,157.875,156.75399780273438,157.34800720214844,0
2023-07-03,157.49200439453125,157.91000366210938,157.26699829101562,157.49200439453125,0
2023-07-04,157.7740020751953,157.7689971923828,157.17999267578125,157.7740020751953,0
2023-07-05,157.13999938964844,157.68899536132812,156.78500366210938,157.13999938964844,0
2023-07-06,156.84300231933594,156.9929962158203,155.84300231933594,156.84300231933594,0
2023-07-07,156.75999450683594,156.92100524902344,155.38800048828125,156.75999450683594,0
2023-07-10,155.9499969482422,156.66099548339844,155.33399963378906,155.9499969482422,0
2023-07-11,155.49099731445312,155.6510009765625,154.19200134277344,155.49099731445312,0
2023-07-12,154.3090057373047,154.27099609375,153.53799438476562,154.3090057373047,0
2023-07-13,154.07000732421875,155.11199951171875,153.88400268554688,154.07000732421875,0
2023-07-14,154.95599365234375,156.07699584960938,154.21099853515625,154.95599365234375,0
2023-07-17,155.70399475097656,156.3260040283203,155.1009979248047,155.70399475097656,0
2023-07-18,155.88699340820312,156.1199951171875,154.9080047607422,155.88699340820312,0
2023-07-19,156.10299682617188,157.1999969482422,155.92799377441406,156.10299682617188,0
2023-07-20,156.41400146484375,156.59100341796875,156.15199279785156,156.41400146484375,0
2023-07-21,155.718994140625,158.02999877929688,155.5989990234375,155.718994140625,0
2023-07-24,157.6929931640625,157.76600646972656,156.2550048828125,157.6929931640625,0
2023-07-25,156.54600524902344,156.843994140625,155.66200256347656,156.54600524902344,0
2023-07-26,155.70899963378906,155.96800231933594,155.16099548339844,155.70899963378906,0
2023-07-27,155.49400329589844,156.18699645996094,154.83599853515625,155.49400329589844,0
2023-07-28,152.43099975585938,155.34300231933594,151.38999938964844,152.43099975585938,0
2023-07-31,155.16799926757812,157.2310028076172,155.1230010986328,155.16799926757812,0
2023-08-01,156.51300048828125,157.38699340820312,156.45399475097656,156.51300048828125,0
2023-08-02,157.35400390625,157.48699951171875,156.26600646972656,157.35400390625,0
2023-08-03,156.86099243164062,157.2220001220703,155.552001953125,156.86099243164062,0
2023-08-04,156.15499877929688,156.59300231933594,155.9010009765625,156.15499877929688,0
2023-08-07,156.0959930419922,156.69200134277344,155.802001953125,156.0959930419922,0
2023-08-08,156.8090057373047,157.73199462890625,156.3820037841797,156.8090057373047,0
2023-08-09,157.0019989013672,157.86900329589844,156.88800048828125,157.0019989013672,0
2023-08-10,157.7689971923828,159.15499877929688,157.6929931640625,157.7689971923828,0
2023-08-11,159.06399536132812,159.19900512695312,158.6649932861328,159.06399536132812,0
2023-08-14,158.48800659179688,158.7949981689453,158.18899536132812,158.48800659179688,0
2023-08-15,158.63400268554688,159.322998046875,158.52000427246094,158.63400268554688,0
2023-08-16,158.76800537109375,159.18800354003906,158.6300048828125,158.76800537109375,0
2023-08-17,159.12399291992188,159.2949981689453,158.78700256347656,159.12399291992188,0
2023-08-18,158.447998046875,158.5290069580078,157.76800537109375,158.447998046875,0
2023-08-21,158.02000427246094,159.3699951171875,157.7899932861328,158.02000427246094,0
2023-08-22,159.36700439453125,159.4720001220703,158.08999633789062,159.36700439453125,0
2023-08-23,158.10299682617188,158.3560028076172,156.8679962158203,158.10299682617188,0
2023-08-24,157.1909942626953,158.0290069580078,157.22000122070312,157.1909942626953,0
2023-08-25,157.72500610351562,158.00999450683594,157.2449951171875,157.72500610351562,0
2023-08-28,158.20799255371094,158.5500030517578,158.1699981689453,158.20799255371094,0
2023-08-29,158.5449981689453,159.00599670410156,158.24899291992188,158.5449981689453,0
2023-08-30,158.66900634765625,159.572998046875,158.56199645996094,158.66900634765625,0
2023-08-31,159.66799926757812,159.73300170898438,157.8769989013672,159.66799926757812,0
2023-09-01,157.74899291992188,157.94500732421875,157.06500244140625,157.74899291992188,0
2023-09-04,157.36000061035156,158.2259979248047,157.35000610351562,157.36000061035156,0
2023-09-05,158.13600158691406,158.39100646972656,157.80799865722656,158.13600158691406,0
2023-09-06,158.1300048828125,158.43099975585938,157.802001953125,158.1300048828125,0
2023-09-07,158.39700317382812,158.50900268554688,157.3990020751953,158.39700317382812,0
2023-09-08,157.60299682617188,158.3730010986328,157.11599731445312,157.60299682617188,0
2023-09-11,157.6540069580078,157.6750030517578,156.59500122070312,157.6540069580078,0
2023-09-12,157.64100646972656,157.88800048828125,157.1959991455078,157.64100646972656,0
2023-09-13,158.22500610351562,158.63600158691406,158.031005859375,158.22500610351562,0
2023-09-14,158.1320037841797,158.26300048828125,156.83599853515625,158.1320037841797,0
2023-09-15,156.8459930419922,157.80999755859375,156.7270050048828,156.8459930419922,0
2023-09-18,157.74099731445312,157.92599487304688,157.34800720214844,157.74099731445312,0
2023-09-19,157.81500244140625,158.26499938964844,157.75999450683594,157.81500244140625,0
2023-09-20,157.80499267578125,158.42100524902344,157.7899932861328,157.80499267578125,0
2023-09-21,157.9720001220703,158.052001953125,157.04600524902344,157.9720001220703,0
2023-09-22,157.39700317382812,158.2480010986328,157.11599731445312,157.39700317382812,0
2023-09-25,158.04400634765625,158.16700744628906,157.48899841308594,158.04400634765625,0
2023-09-26,157.6009979248047,157.91000366210938,157.3719940185547,157.6009979248047,0
2023-09-27,157.51699829101562,157.59800720214844,157.0050048828125,157.51699829101562,0
2023-09-28,157.04200744628906,157.86000061035156,156.6999969482422,157.04200744628906,0
2023-09-29,157.7310028076172,158.302001953125,157.48300170898438,157.7310028076172,0
2023-10-02,157.96200561523438,158.4429931640625,157.21499633789062,157.96200561523438,0
2023-10-03,157.04200744628906,157.19900512695312,155.7740020751953,157.04200744628906,0
2023-10-04,156.16000366210938,156.75900268554688,155.85499572753906,156.16000366210938,0
2023-10-05,156.5070037841797,156.72799682617188,156.10299682617188,156.5070037841797,0
2023-10-06,156.56300354003906,157.98399353027344,156.51800537109375,156.56300354003906,0
2023-10-09,157.61599731445312,157.67799377441406,156.5229949951172,157.61599731445312,0
2023-10-10,156.90914916992188,157.9600067138672,156.7760009765625,156.90914916992188,0
2023-10-11,157.5989990234375,158.44700622558594,157.5260009765625,157.5989990234375,0
2023-10-12,158.32899475097656,158.5989990234375,157.7259979248047,158.32899475097656,0
2023-10-13,157.81199645996094,158.02999877929688,157.07000732421875,157.81199645996094,0
2023-10-16,157.35499572753906,157.968994140625,157.18800354003906,157.35499572753906,0
2023-10-17,157.86300659179688,158.60299682617188,157.60499572753906,157.86300659179688,0
2023-10-18,158.30999755859375,158.53500366210938,157.7449951171875,158.30999755859375,0
2023-10-19,157.78900146484375,158.5659942626953,157.6820068359375,157.78900146484375,0
2023-10-20,158.54800415039062,158.9250030517578,158.33799743652344,158.54800415039062,0
2023-10-23,158.71200561523438,159.45700073242188,158.49000549316406,158.71200561523438,0
2023-10-24,159.7899932861328,159.91000366210938,158.6300048828125,159.7899932861328,0
2023-10-25,158.76400756835938,158.9239959716797,158.41000366210938,158.76400756835938,0
2023-10-26,158.5989990234375,158.83399963378906,158.2899932861328,158.5989990234375,0
2023-10-27,158.8419952392578,158.85000610351562,157.99000549316406,158.8419952392578,0
2023-10-30,158.14599609375,158.89599609375,157.697998046875,158.14599609375,0
2023-10-31,158.26199340820312,160.75999450683594,158.24099731445312,158.2449951171875,0
2023-11-01,160.05799865722656,160.11300659179688,159.0709991455078,160.05799865722656,0
2023-11-02,159.41000366210938,160.05999755859375,159.08599853515625,159.41000366210938,0
2023-11-03,159.75399780273438,160.2969970703125,159.64100646972656,159.75399780273438,0
2023-11-06,160.3820037841797,160.9600067138672,160.3300018310547,160.3820037841797,0
2023-11-07,160.7550048828125,161.01800537109375,160.44200134277344,160.7550048828125,0
2023-11-08,160.8520050048828,161.60899353027344,160.6999969482422,160.8520050048828,0
2023-11-09,161.5679931640625,161.77999877929688,161.44000244140625,161.5679931640625,0
2023-11-10,161.4320068359375,161.85299682617188,161.35400390625,161.4320068359375,0
2023-11-13,161.91099548339844,162.35400390625,161.5989990234375,161.91099548339844,0
2023-11-14,162.27000427246094,163.80299377441406,162.2100067138672,162.27000427246094,0
2023-11-15,163.68899536132812,163.97500610351562,163.19500732421875,163.68899536132812,0
2023-11-16,164.1300048828125,164.27999877929688,163.25900268554688,164.1300048828125,0
2023-11-17,163.55599975585938,163.58700561523438,162.16799926757812,163.55599975585938,0
2023-11-20,163.53399658203125,163.531005859375,161.781005859375,163.53399658203125,0
2023-11-21,162.37899780273438,162.41299438476562,161.27099609375,162.37899780273438,0
2023-11-22,161.73599243164062,162.71499633789062,161.6820068359375,161.73599243164062,0
2023-11-23,162.72999572753906,163.18099975585938,162.4320068359375,162.72999572753906,0
2023-11-24,163.16000366210938,163.61700439453125,162.72000122070312,163.16000366210938,0
2023-11-27,163.6280059814453,163.6300048828125,162.50999450683594,163.6280059814453,0
2023-11-28,162.63999938964844,162.8800048828125,162.12600708007812,162.63999938964844,0
2023-11-29,161.8159942626953,162.24400329589844,161.52000427246094,161.8159942626953,0
2023-11-30,161.34300231933594,161.93499755859375,160.61300659179688,161.34300231933594,0
2023-12-01,161.1929931640625,161.75599670410156,159.8090057373047,161.1929931640625,0
2023-12-04,159.38699340820312,159.82000732421875,158.72000122070312,159.38699340820312,0
2023-12-05,159.66299438476562,159.697998046875,158.60400390625,159.66299438476562,0
2023-12-06,158.85499572753906,159.1020050048828,158.40899658203125,158.85499572753906,0
2023-12-07,158.4510040283203,158.4530029296875,155.2010040283203,158.4510040283203,0
2023-12-08,155.66900634765625,155.96200561523438,153.8769989013672,155.66900634765625,0
2023-12-11,156.0760040283203,157.66200256347656,156.03799438476562,156.0760040283203,0
2023-12-12,157.2570037841797,157.27999877929688,156.50799560546875,157.2570037841797,0
2023-12-13,156.8679962158203,157.4720001220703,156.5590057373047,156.8679962158203,0
2023-12-14,155.3800048828125,155.9720001220703,153.94000244140625,155.3800048828125,0
2023-12-15,156.4080047607422,156.4550018310547,154.4499969482422,156.4080047607422,0
2023-12-18,155.05099487304688,156.28900146484375,154.8780059814453,155.05099487304688,0
2023-12-19,155.89300537109375,158.53199768066406,155.40499877929688,155.89300537109375,0
2023-12-20,157.9969940185547,158.08900451660156,156.7899932861328,158.00999450683594,0
2023-12-21,157.01699829101562,157.10299682617188,156.1300048828125,157.01699829101562,0
2023-12-22,156.3070068359375,156.99899291992188,156.1269989013672,156.3070068359375,0
2023-12-25,156.7899932861328,157.66700744628906,147.79058837890625,156.9805908203125,0
2023-12-26,156.71200561523438,157.30799865722656,156.5850067138672,156.71200561523438,0
2023-12-27,157.2949981689453,158.3459930419922,157.14700317382812,157.2949981689453,0
2023-12-28,157.06300354003906,157.4459991455078,155.83999633789062,157.06300354003906,0
2023-12-29,156.52699279785156,156.9199981689453,155.67599487304688,156.52699279785156,0
2024-01-01,155.8993377685547,155.89999389648438,155.58999633789062,155.8993377685547,0
2024-01-02,155.76499938964844,156.31500244140625,155.0800018310547,155.76499938964844,0
2024-01-03,155.53599548339844,156.69400024414062,155.3300018310547,155.53599548339844,0
2024-01-04,156.22799682617188,158.5709991455078,156.07899475097656,156.22799682617188,0
2024-01-05,158.46800231933594,158.96499633789062,158.05299377441406,158.46800231933594,0
2024-01-08,158.33999633789062,158.4669952392578,157.69000244140625,158.33999633789062,0
2024-01-09,157.9340057373047,157.9600067138672,157.2100067138672,157.9340057373047,0
2024-01-10,157.88600158691406,159.76400756835938,157.9290008544922,157.88600158691406,0
2024-01-11,159.93899536132812,160.16400146484375,159.38999938964844,159.93899536132812,0
2024-01-12,159.26800537109375,159.56199645996094,158.54800415039062,159.26800537109375,0
2024-01-15,158.86399841308594,159.82400512695312,158.822998046875,158.86500549316406,0
2024-01-16,159.56300354003906,160.0,159.2429962158203,159.56300354003906,0
2024-01-17,160.17999267578125,161.21499633789062,160.01800537109375,160.17999267578125,0
2024-01-18,161.22300720214844,161.36700439453125,160.656005859375,161.22300720214844,0
2024-01-19,161.1269989013672,161.83900451660156,160.8070068359375,161.1269989013672,0
2024-01-22,161.33999633789062,161.5,160.7519989013672,161.3300018310547,0
2024-01-23,161.13699340820312,161.677001953125,160.468994140625,161.13699340820312,0
2024-01-24,160.94900512695312,160.93600463867188,159.99200439453125,160.94900512695312,0
2024-01-25,160.58999633789062,160.94200134277344,159.6999969482422,160.58999633789062,0
2024-01-26,160.218994140625,160.9080047607422,159.82000732421875,160.218994140625,0
2024-01-29,160.61700439453125,160.8260040283203,159.41799926757812,160.61700439453125,0
2024-01-30,159.75599670410156,160.3070068359375,159.218994140625,159.75599670410156,0
2024-01-31,159.781005859375,160.25900268554688,158.64199829101562,159.781005859375,0
2024-02-01,158.7830047607422,159.1230010986328,158.0919952392578,158.7830047607422,0
2024-02-02,159.24899291992188,160.21499633789062,159.04400634765625,159.24899291992188,0
2024-02-05,160.08099365234375,160.24600219726562,159.38299560546875,160.08099365234375,0
2024-02-06,159.65199279785156,159.85400390625,159.02099609375,159.65199279785156,0
2024-02-07,158.99099731445312,159.7169952392578,159.00900268554688,158.99099731445312,0
2024-02-08,159.5724334716797,160.85000610351562,159.46600341796875,159.5724334716797,0
2024-02-09,160.8459930419922,161.24899291992188,160.75999450683594,160.8459930419922,0
2024-02-12,161.0679931640625,161.08999633789062,160.38299560546875,161.0679931640625,0
2024-02-13,160.91000366210938,161.55799865722656,160.77999877929688,160.927001953125,0
2024-02-14,161.38999938964844,161.5399932861328,160.9499969482422,161.38999938964844,0
2024-02-15,161.55996704101562,161.62399291992188,160.9290008544922,161.55996704101562,0
2024-02-16,161.53399658203125,161.9080047607422,161.5030059814453,161.53399658203125,0
2024-02-19,161.86700439453125,161.91000366210938,161.47000122070312,161.91000366210938,0
2024-02-20,161.89300537109375,162.35499572753906,161.69700622558594,161.89300537109375,0
2024-02-21,162.11099243164062,162.5800018310547,161.92999267578125,162.11099243164062,0
2024-02-22,162.6840057373047,163.42999267578125,162.63999938964844,162.6840057373047,0
2024-02-23,162.8979949951172,163.2030029296875,162.67999267578125,162.8979949951172,0
2024-02-26,162.83099365234375,163.6840057373047,162.5590057373047,162.822998046875,0
2024-02-27,163.3509979248047,163.3679962158203,162.89100646972656,163.3679962158203,0
2024-02-28,163.14700317382812,163.4029998779297,162.76300048828125,163.14700317382812,0
2024-02-29,163.24600219726562,163.2899932861328,161.67999267578125,163.2899932861328,0
2024-03-01,162.16700744628906,162.9720001220703,162.15499877929688,162.16700744628906,0
2024-03-04,162.7469940185547,163.50100708007812,162.52000427246094,162.7469940185547,0
2024-03-05,163.31900024414062,163.36000061035156,162.6999969482422,163.31900024414062,0
2024-03-06,162.8719940185547,162.95199584960938,162.21800231933594,162.8719940185547,0
2024-03-07,162.6840057373047,162.68099975585938,160.5709991455078,162.6840057373047,0
2024-03-08,161.9080047607422,162.13999938964844,160.61099243164062,161.9080047607422,0
2024-03-11,160.60899353027344,160.89700317382812,160.218994140625,160.60899353027344,0
2024-03-12,160.38900756835938,161.4759979248047,160.2830047607422,160.38900756835938,0
2024-03-13,161.29100036621094,161.9219970703125,160.9029998779297,161.29100036621094,0
2024-03-14,161.68699645996094,161.89100646972656,161.16000366210938,161.68699645996094,0
2024-03-15,161.3769989013672,162.38400268554688,161.072998046875,161.3769989013672,0
2024-03-18,162.0970001220703,162.6750030517578,162.10299682617188,162.0970001220703,0
2024-03-19,162.17300415039062,163.7310028076172,162.1230010986328,162.17300415039062,0
2024-03-20,164.05499267578125,164.73300170898438,164.031005859375,164.05499267578125,0
2024-03-21,164.87899780273438,165.3070068359375,164.3560028076172,164.87899780273438,0
2024-03-22,164.7030029296875,164.76300048828125,163.49000549316406,164.7030029296875,0
2024-03-25,163.52099609375,164.10499572753906,163.35699462890625,163.52099609375,0
2024-03-26,164.04800415039062,164.4029998779297,163.98800659179688,164.04800415039062,0
2024-03-27,164.0399932861328,164.38499450683594,163.4199981689453,164.0399932861328,0
2024-03-28,163.5290069580078,163.85699462890625,163.1199951171875,163.5290069580078,0
2024-03-29,163.41000366210938,163.39999389648438,162.78199768066406,163.41000366210938,0
2024-04-01,163.3939971923828,163.41400146484375,162.8300018310547,163.3939971923828,0
2024-04-02,162.75100708007812,163.31700134277344,162.60000610351562,162.75100708007812,0
2024-04-03,163.1790008544922,164.31100463867188,163.07699584960938,163.1790008544922,0
2024-04-04,164.27699279785156,164.9010009765625,164.2429962158203,164.27699279785156,0
2024-04-05,163.94500732421875,164.39199829101562,163.4969940185547,163.94500732421875,0
2024-04-08,164.2830047607422,164.83399963378906,164.19400024414062,164.2830047607422,0
2024-04-09,164.9219970703125,165.16099548339844,164.5570068359375,164.9219970703125,0
2024-04-10,164.802001953125,164.9759979248047,164.07000732421875,164.802001953125,0
2024-04-11,164.29200744628906,164.6820068359375,163.9510040283203,164.29200744628906,0
2024-04-12,164.31700134277344,164.3769989013672,162.31100463867188,164.31700134277344,0
2024-04-15,163.2100067138672,164.406005859375,163.17599487304688,163.2100067138672,0
2024-04-16,163.8300018310547,164.66900634765625,163.68800354003906,163.8300018310547,0
2024-04-17,164.29600524902344,164.73899841308594,163.94700622558594,164.29600524902344,0
2024-04-18,164.66200256347656,164.9340057373047,164.38999938964844,164.66200256347656,0
2024-04-19,164.5590057373047,165.01100158691406,163.05299377441406,164.5590057373047,0
2024-04-22,164.80999755859375,165.0850067138672,164.3800048828125,164.7989959716797,0
2024-04-23,164.9250030517578,165.718994140625,164.60000610351562,164.9250030517578,0
2024-04-24,165.61300659179688,165.86399841308594,165.44000244140625,165.61300659179688,0
2024-04-25,166.11599731445312,167.00799560546875,166.02099609375,166.11599731445312,0
2024-04-26,166.9080047607422,168.48500061035156,166.74099731445312,166.9080047607422,0
2024-04-29,169.39999389648438,171.3520050048828,165.66000366210938,169.39999389648438,0
2024-04-30,167.39599609375,168.56500244140625,167.21400451660156,167.39599609375,0
2024-05-01,168.21499633789062,168.6280059814453,168.16799926757812,168.21499633789062,0
2024-05-02,166.8800048828125,167.37899780273438,164.33999633789062,166.8800048828125,0
2024-05-03,164.21600341796875,164.7790069580078,164.02499389648438,164.21600341796875,0
2024-05-06,165.2010040283203,165.9759979248047,165.0919952392578,165.2010040283203,0
2024-05-07,166.0780029296875,166.55599975585938,165.67999267578125,166.0780029296875,0
2024-05-08,166.35699462890625,167.3300018310547,166.30599975585938,166.35699462890625,0
2024-05-09,166.99899291992188,167.73800659179688,166.81700134277344,166.99899291992188,0
2024-05-10,167.53399658203125,167.9600067138672,167.51800537109375,167.53399658203125,0
2024-05-13,167.81700134277344,168.61399841308594,167.58999633789062,167.81700134277344,0
2024-05-14,168.58999633789062,169.35299682617188,168.57400512695312,168.58999633789062,0
2024-05-15,169.24099731445312,169.39100646972656,168.2570037841797,169.24099731445312,0
2024-05-16,168.0019989013672,168.8509979248047,167.32400512695312,168.0019989013672,0
2024-05-17,168.85400390625,169.28399658203125,168.77999877929688,168.85400390625,0
2024-05-20,169.34500122070312,169.69500732421875,169.08900451660156,169.34500122070312,0
2024-05-21,169.82200622558594,169.92999267578125,169.22799682617188,169.82200622558594,0
2024-05-22,169.60699462890625,169.9199981689453,169.42999267578125,169.60699462890625,0
2024-05-23,169.6320037841797,170.29200744628906,169.29800415039062,169.6320037841797,0
2024-05-24,169.71400451660156,170.49000549316406,169.6199951171875,169.71400451660156,0
2024-05-27,170.16099548339844,170.4949951171875,169.9499969482422,170.16099548339844,0
2024-05-28,170.3470001220703,170.73599243164062,170.2899932861328,170.3470001220703,0
2024-05-29,170.6540069580078,170.78700256347656,170.17100524902344,170.6540069580078,0
2024-05-30,170.21600341796875,170.22900390625,169.0399932861328,170.21600341796875,0
2024-05-31,169.99600219726562,170.7239990234375,169.45199584960938,169.99600219726562,0
2024-06-03,170.5800018310547,170.88299560546875,169.73899841308594,170.5800018310547,0
2024-06-04,170.22799682617188,170.718994140625,168.11300659179688,170.22799682617188,0
2024-06-05,168.79600524902344,169.9980010986328,168.77999877929688,168.79600524902344,0
2024-06-06,169.55599975585938,170.2030029296875,169.2689971923828,169.55599975585938,0
2024-06-07,169.5749969482422,169.93800354003906,168.9600067138672,169.5749969482422,0
2024-06-10,169.0399932861328,169.2100067138672,168.302001953125,169.0399932861328,0
2024-06-11,169.02000427246094,169.41099548339844,168.30999755859375,169.02000427246094,0
2024-06-12,168.7209930419922,169.37899780273438,168.66400146484375,168.7209930419922,0
2024-06-13,169.52000427246094,170.11300659179688,168.5540008544922,169.52000427246094,0
2024-06-14,168.7259979248047,169.77999877929688,167.5540008544922,168.7259979248047,0
2024-06-17,168.60400390625,169.2779998779297,167.98599243164062,168.60400390625,0
2024-06-18,169.36900329589844,169.89599609375,168.96400451660156,169.36900329589844,0
2024-06-19,169.49400329589844,169.82699584960938,169.1199951171875,169.5290069580078,0
2024-06-20,169.76300048828125,170.3040008544922,169.65699768066406,169.76300048828125,0
2024-06-21,170.1510009765625,170.5399932861328,169.3489990234375,170.1510009765625,0
2024-06-24,170.85000610351562,171.38999938964844,170.53700256347656,170.85000610351562,0
2024-06-25,171.375,171.38800048828125,170.6999969482422,171.375,0
2024-06-26,171.00999450683594,171.7740020751953,170.83999633789062,171.00999450683594,0
2024-06-27,171.53500366210938,172.1490020751953,171.39999389648438,171.53500366210938,0
2024-06-28,172.06500244140625,172.43499755859375,171.48800659179688,172.06500244140625,0
2024-07-01,172.72999572753906,173.66200256347656,172.67999267578125,172.72999572753906,0
2024-07-02,173.3990020751953,173.58399963378906,173.0800018310547,173.3990020751953,0
2024-07-03,173.5850067138672,174.47900390625,173.53799438476562,173.5850067138672,0
2024-07-04,174.3939971923828,174.36599731445312,173.7899932861328,174.3939971923828,0
2024-07-05,174.4290008544922,174.49000549316406,173.73599243164062,174.4290008544922,0
2024-07-08,173.9029998779297,174.6230010986328,173.5229949951172,173.9029998779297,0
2024-07-09,174.21299743652344,174.56700134277344,174.00999450683594,174.21299743652344,0
2024-07-10,174.44000244140625,175.11900329589844,174.46400451660156,174.44000244140625,0
2024-07-11,175.0709991455078,175.41299438476562,171.61099243164062,175.0709991455078,0
2024-07-12,172.0070037841797,173.41200256347656,171.46400451660156,172.0070037841797,0
2024-07-15,172.32699584960938,172.53700256347656,171.88099670410156,172.32699584960938,0
2024-07-16,172.33599853515625,172.91099548339844,172.27699279785156,172.33599853515625,0
2024-07-17,172.6179962158203,172.81500244140625,170.78399658203125,172.6179962158203,0
2024-07-18,170.29600524902344,171.3179931640625,170.12399291992188,170.29600524902344,0
2024-07-19,171.31700134277344,171.86500549316406,170.92599487304688,171.31700134277344,0
2024-07-22,171.3000030517578,171.64599609375,170.1219940185547,171.57200622558594,0
2024-07-23,170.84300231933594,170.84500122070312,169.156005859375,170.84300231933594,0
2024-07-24,168.98800659179688,169.1909942626953,166.13900756835938,168.98800659179688,0
2024-07-25,166.79400634765625,167.31199645996094,164.85299682617188,166.79400634765625,0
2024-07-26,166.76100158691406,167.99400329589844,166.40199279785156,166.76100158691406,0
2024-07-29,167.28900146484375,167.49899291992188,166.24899291992188,167.28900146484375,0
2024-07-30,166.41000366210938,167.91600036621094,166.06100463867188,166.41000366210938,0
2024-07-31,165.11199951171875,166.218994140625,162.22900390625,165.11199951171875,0
2024-08-01,162.072998046875,162.86700439453125,160.87399291992188,162.072998046875,0
2024-08-02,160.9459991455078,161.57000732421875,159.73800659179688,160.9459991455078,0
2024-08-05,159.85000610351562,159.1909942626953,154.43499755859375,158.83599853515625,0
2024-08-06,157.88999938964844,160.22000122070312,157.3459930419922,157.88999938964844,0
2024-08-07,158.13299560546875,161.39599609375,157.96099853515625,158.13299560546875,0
2024-08-08,159.6959991455078,160.718994140625,158.9929962158203,159.6959991455078,0
2024-08-09,161.1909942626953,161.23199462890625,159.8719940185547,161.1909942626953,0
2024-08-12,160.4720001220703,161.93099975585938,160.20199584960938,160.4720001220703,0
2024-08-13,160.71499633789062,161.781005859375,160.70700073242188,160.71499633789062,0
2024-08-14,161.61300659179688,162.53700256347656,160.59800720214844,161.61300659179688,0
2024-08-15,162.14199829101562,163.697998046875,161.94900512695312,162.14199829101562,0
2024-08-16,163.7259979248047,163.7570037841797,162.31700134277344,163.7259979248047,0
2024-08-19,163.11700439453125,163.18600463867188,160.47000122070312,163.11700439453125,0
2024-08-20,162.6199951171875,163.1529998779297,161.7050018310547,162.6199951171875,0
2024-08-21,161.73300170898438,162.6529998779297,161.36000061035156,161.73300170898438,0
2024-08-22,161.8800048828125,162.80999755859375,161.50599670410156,161.8800048828125,0
2024-08-23,162.5240020751953,162.69700622558594,161.7239990234375,162.5240020751953,0
2024-08-26,161.09800720214844,161.44200134277344,160.51400756835938,161.09800720214844,0
2024-08-27,161.32000732421875,162.16299438476562,160.91200256347656,161.3209991455078,0
2024-08-28,160.9290008544922,161.36099243164062,160.4499969482422,160.9290008544922,0
2024-08-29,160.66099548339844,161.25399780273438,160.05999755859375,160.66099548339844,0
2024-08-30,160.53700256347656,161.4219970703125,160.20199584960938,160.53700256347656,0
2024-09-02,161.6719970703125,162.843994140625,161.0449981689453,161.6719970703125,0
2024-09-03,162.37399291992188,162.7729949951172,160.52999877929688,162.37399291992188,0
2024-09-04,160.572998046875,160.8520050048828,159.67300415039062,160.572998046875,0
2024-09-05,158.7830047607422,159.7519989013672,158.57200622558594,158.7830047607422,0
2024-09-06,159.32000732421875,159.30999755859375,157.5,159.32000732421875,0
2024-09-09,157.97300720214844,158.7239990234375,157.50100708007812,157.97300720214844,0
2024-09-10,157.9810028076172,158.5780029296875,156.86000061035156,158.0019989013672,0
2024-09-11,156.73300170898438,156.96499633789062,155.49000549316406,156.73300170898438,0
2024-09-12,157.01300048828125,157.47799682617188,156.53199768066406,157.01300048828125,0
2024-09-13,156.75,156.7969970703125,155.60800170898438,156.75,0
2024-09-16,156.11500549316406,156.64500427246094,155.19200134277344,156.11500549316406,0
2024-09-17,156.68699645996094,157.83200073242188,156.07400512695312,156.68699645996094,0
2024-09-18,157.96200561523438,158.02099609375,157.07000732421875,157.96200561523438,0
2024-09-19,158.58399963378906,159.94700622558594,158.35899353027344,158.58399963378906,0
2024-09-20,159.41400146484375,161.13099670410156,158.45199584960938,159.41400146484375,0
2024-09-23,160.71099853515625,161.16900634765625,159.05299377441406,160.71099853515625,0
2024-09-24,159.58900451660156,161.052001953125,159.28700256347656,159.58900451660156,0
2024-09-25,159.98699951171875,161.64500427246094,159.96499633789062,159.98699951171875,0
2024-09-26,161.0399932861328,161.8520050048828,160.7550048828125,161.0399932861328,0
2024-09-27,162.12600708007812,163.45599365234375,159.02699279785156,162.12600708007812,0
2024-09-30,159.47999572753906,159.9709930419922,158.12100219726562,159.47999572753906,0
2024-10-01,160.03199768066406,160.875,158.46800231933594,160.03199768066406,0
2024-10-02,159.0240020751953,161.4720001220703,158.7100067138672,159.0240020751953,0
2024-10-03,161.91799926757812,162.4720001220703,161.37600708007812,161.91799926757812,0
2024-10-04,162.04100036621094,163.10400390625,161.03599548339844,162.04100036621094,0
2024-10-07,163.281005859375,163.22900390625,162.30099487304688,163.281005859375,0
2024-10-08,162.57400512695312,162.79800415039062,161.93499755859375,162.57400512695312,0
2024-10-09,162.60699462890625,163.45599365234375,162.39999389648438,162.60699462890625,0
2024-10-10,163.2010040283203,163.58999633789062,162.1909942626953,163.2010040283203,0
2024-10-11,162.58200073242188,163.38999938964844,162.31100463867188,162.58200073242188,0
2024-10-14,163.1199951171875,163.58299255371094,162.89700317382812,163.1199951171875,0
2024-10-15,163.2729949951172,163.322998046875,162.34300231933594,163.2729949951172,0
2024-10-16,162.28500366210938,162.82400512695312,162.1719970703125,162.28500366210938,0
2024-10-17,162.42100524902344,162.70799255371094,161.86599731445312,162.42100524902344,0
2024-10-18,162.5449981689453,162.82000732421875,162.2480010986328,162.5449981689453,0
2024-10-21,162.5850067138672,162.8939971923828,162.0019989013672,162.5850067138672,0
2024-10-22,162.86000061035156,163.64199829101562,162.8300018310547,162.86000061035156,0
2024-10-23,163.17999267578125,165.0,163.18099975585938,163.17999267578125,0
2024-10-24,164.68600463867188,164.7209930419922,163.8300018310547,164.68600463867188,0
2024-10-25,164.28900146484375,164.75999450683594,163.96299743652344,164.28900146484375,0
2024-10-28,165.12399291992188,166.06100463867188,164.93499755859375,165.12399291992188,0
2024-10-29,165.6840057373047,166.0709991455078,165.14999389648438,165.6840057373047,0
2024-10-30,165.84800720214844,166.57200622558594,165.52099609375,165.84800720214844,0
2024-10-31,166.3730010986328,166.66600036621094,164.94200134277344,166.3730010986328,0
2024-11-01,165.41099548339844,166.08999633789062,165.3730010986328,165.41099548339844,0
2024-11-04,165.593994140625,165.83399963378906,165.22900390625,165.593994140625,0
2024-11-05,165.5749969482422,166.0240020751953,165.41400146484375,165.5749969482422,0
2024-11-06,165.5780029296875,165.97300720214844,164.93899536132812,165.5780029296875,0
2024-11-07,165.60899353027344,165.9459991455078,165.16400146484375,165.60899353027344,0
2024-11-08,165.3520050048828,165.35499572753906,163.3800048828125,165.3520050048828,0
2024-11-11,163.8280029296875,164.64199829101562,163.5709991455078,163.8280029296875,0
2024-11-12,163.61599731445312,164.10499572753906,163.24000549316406,163.61599731445312,0
2024-11-13,164.1929931640625,164.78700256347656,163.66299438476562,164.1929931640625,0
2024-11-14,164.1909942626953,164.96299743652344,163.81900024414062,164.1909942626953,0
2024-11-15,164.75999450683594,165.02699279785156,162.98699951171875,164.75999450683594,0
2024-11-18,162.91400146484375,163.9250030517578,162.2760009765625,162.91400146484375,0
2024-11-19,163.80799865722656,163.76400756835938,161.58099365234375,163.80799865722656,0
2024-11-20,164.10800170898438,164.74400329589844,163.1699981689453,164.10800170898438,0
2024-11-21,163.75999450683594,163.75999450683594,161.86300659179688,163.75999450683594,0
2024-11-22,161.44200134277344,162.468994140625,159.99600219726562,161.44200134277344,0
2024-11-25,161.5330047607422,162.1020050048828,160.9929962158203,161.5330047607422,0
2024-11-26,161.22000122070312,161.9250030517578,160.61500549316406,161.22000122070312,0
2024-11-27,160.50599670410156,160.57000732421875,159.14300537109375,160.50599670410156,0
2024-11-28,159.85299682617188,160.2989959716797,159.5959930419922,159.84100341796875,0
2024-11-29,159.6540069580078,159.66700744628906,158.16799926757812,159.6540069580078,0
2024-12-02,158.05099487304688,158.625,156.38999938964844,157.97500610351562,0
2024-12-03,156.98699951171875,157.93899536132812,156.19200134277344,156.98699951171875,0
2024-12-04,157.27499389648438,158.64999389648438,156.98500061035156,157.27499389648438,0
2024-12-05,158.2779998779297,159.36099243164062,157.55999755859375,158.2779998779297,0
2024-12-06,158.9884796142578,159.51400756835938,158.10299682617188,158.9884796142578,0
2024-12-09,158.5500030517578,159.9770050048828,157.86000061035156,158.4040069580078,0
2024-12-10,159.8000030517578,160.04100036621094,159.38699340820312,159.8000030517578,0
2024-12-11,159.8719940185547,160.5189971923828,158.86399841308594,159.8719940185547,0
2024-12-12,159.9199981689453,160.51800537109375,159.1490020751953,159.9199981689453,0
2024-12-13,159.81399536132812,161.50999450683594,159.73699951171875,159.81399536132812,0
2024-12-16,161.27000427246094,162.197998046875,161.17300415039062,161.27000427246094,0
2024-12-17,162.04800415039062,162.4340057373047,161.1199951171875,162.04800415039062,0
2024-12-18,161.16600036621094,161.54800415039062,161.0449981689453,161.16600036621094,0
2024-12-19,160.0749969482422,163.7740020751953,160.11700439453125,160.0749969482422,0
2024-12-20,163.39199829101562,163.6199951171875,162.36700439453125,163.39199829101562,0
2024-12-23,163.3040008544922,163.58599853515625,162.8780059814453,163.3040008544922,0
2024-12-24,163.43600463867188,163.60899353027344,163.03599548339844,163.43600463867188,0
2024-12-25,163.3699951171875,164.16836547851562,163.43499755859375,163.43499755859375,0
2024-12-26,163.4080047607422,164.67799377441406,163.3070068359375,163.4080047607422,0
2024-12-27,164.4550018310547,164.80999755859375,164.01199340820312,164.4550018310547,0
2024-12-30,164.6739959716797,164.8730010986328,162.83299255371094,164.6739959716797,0
2024-12-31,163.38600158691406,163.4040069580078,162.4600067138672,163.38600158691406,0
2025-01-02,163.25599670410156,163.2779998779297,160.93899536132812,163.25599670410156,0
2025-01-03,161.55999755859375,162.05299377441406,161.3800048828125,161.55999755859375,0
2025-01-06,162.28199768066406,163.96800231933594,162.3070068359375,162.28199768066406,0
2025-01-07,163.79200744628906,164.53700256347656,163.5500030517578,163.79200744628906,0
2025-01-08,163.66900634765625,163.802001953125,162.8300018310547,163.66900634765625,0
2025-01-09,163.16200256347656,163.24099731445312,162.39300537109375,163.16200256347656,0
2025-01-10,162.7480010986328,163.18099975585938,161.2239990234375,162.7480010986328,0
2025-01-13,161.73699951171875,161.77000427246094,160.05099487304688,161.73699951171875,0
2025-01-14,161.5290069580078,162.66400146484375,161.18699645996094,161.5290069580078,0
2025-01-15,162.88299560546875,162.875,160.9199981689453,162.88299560546875,0
2025-01-16,160.85899353027344,161.0489959716797,159.83999633789062,160.85899353027344,0
2025-01-17,160.03500366210938,160.9499969482422,159.73399353027344,160.03500366210938,0
2025-01-20,160.63900756835938,162.2779998779297,160.3159942626953,160.63900756835938,0
2025-01-21,161.77099609375,162.0800018310547,160.9739990234375,161.77099609375,0
2025-01-22,162.08799743652344,163.19900512695312,161.9239959716797,162.08799743652344,0
2025-01-23,162.8209991455078,163.1199951171875,162.26199340820312,162.8209991455078,0
2025-01-24,162.6320037841797,164.05999755859375,161.94200134277344,162.6320037841797,0
2025-01-27,163.01800537109375,163.42999267578125,161.5659942626953,163.01800537109375,0
2025-01-28,161.78900146484375,162.68499755859375,161.65499877929688,161.78900146484375,0
2025-01-29,162.229248046875,162.4720001220703,161.3000030517578,162.229248046875,0
2025-01-30,161.75900268554688,161.75900268554688,160.24000549316406,161.75900268554688,0
2025-01-31,160.20700073242188,161.23399353027344,159.93499755859375,160.20700073242188,0
2025-02-03,159.19700622558594,159.77499389648438,157.98399353027344,159.19700622558594,0
2025-02-04,160.3509979248047,160.67999267578125,159.19200134277344,160.3509979248047,0
2025-02-05,159.86300659179688,160.08200073242188,158.52000427246094,159.86300659179688,0
2025-02-06,158.71299743652344,158.7469940185547,157.24000549316406,158.71299743652344,0
2025-02-07,157.01699829101562,157.9929962158203,155.87399291992188,157.01699829101562,0
2025-02-10,156.56900024414062,157.40899658203125,156.30799865722656,156.56900024414062,0
2025-02-11,156.32699584960938,157.781005859375,156.25,156.32699584960938,0
2025-02-12,158.29800415039062,160.6750030517578,158.302001953125,158.29800415039062,0
2025-02-13,160.28799438476562,161.17599487304688,159.33299255371094,160.28799438476562,0
2025-02-14,160.03799438476562,160.22999572753906,159.43499755859375,160.03799438476562,0
2025-02-17,159.45399475097656,159.57699584960938,158.5399932861328,159.45399475097656,0
2025-02-18,158.7790069580078,159.18899536132812,158.3699951171875,158.7790069580078,0
2025-02-19,158.73599243164062,159.10899353027344,157.7169952392578,158.73599243164062,0
2025-02-20,157.58099365234375,157.5800018310547,156.3300018310547,157.58099365234375,0
2025-02-21,156.87899780273438,158.2050018310547,156.16799926757812,156.87899780273438,0
2025-02-24,156.468994140625,157.2480010986328,156.10000610351562,156.468994140625,0
2025-02-25,156.76400756835938,157.28900146484375,156.14300537109375,156.76400756835938,0
2025-02-26,156.83999633789062,157.1060028076172,156.44500732421875,156.83999633789062,0
2025-02-27,156.10400390625,157.1999969482422,155.77699279785156,156.10400390625,0
2025-02-28,155.92799377441406,157.13900756835938,154.81300354003906,155.92799377441406,0
2025-03-03,156.9969940185547,158.45199584960938,155.927001953125,156.9969940185547,0
2025-03-04,156.53399658203125,157.14599609375,155.64300537109375,156.53399658203125,0
2025-03-05,159.14100646972656,160.468994140625,158.7760009765625,159.14100646972656,0
2025-03-06,160.7209930419922,161.25399780273438,159.13499450683594,160.7209930419922,0
2025-03-07,159.75900268554688,160.71299743652344,159.29299926757812,159.75900268554688,0
2025-03-10,160.30299377441406,160.27699279785156,158.95399475097656,160.30299377441406,0
2025-03-11,159.39999389648438,161.7030029296875,158.98899841308594,159.39999389648438,0
2025-03-12,161.56399536132812,162.3489990234375,161.2239990234375,161.56399536132812,0
2025-03-13,161.40699768066406,161.5019989013672,160.29400634765625,161.40699768066406,0
2025-03-14,160.59800720214844,162.3000030517578,160.5019989013672,160.59800720214844,0
2025-03-17,161.67999267578125,162.5500030517578,161.5500030517578,161.67999267578125,0
2025-03-18,163.09500122070312,164.1439971923828,162.97900390625,163.09500122070312,0
2025-03-19,163.4759979248047,163.86900329589844,162.26800537109375,163.4759979248047,0
2025-03-20,162.0,162.0260009765625,160.7429962158203,162.0,0
2025-03-21,161.322998046875,162.12899780273438,160.8730010986328,161.322998046875,0
2025-03-24,162.1750030517578,162.74899291992188,161.96200561523438,162.1750030517578,0
2025-03-25,162.88400268554688,163.01800537109375,161.64700317382812,162.88400268554688,0
2025-03-26,161.74600219726562,162.58099365234375,161.68099975585938,161.74600219726562,0
2025-03-27,161.6199951171875,163.12899780273438,161.54299926757812,161.6199951171875,0
2025-03-28,162.91000366210938,163.16200256347656,162.072998046875,162.91000366210938,0
2025-03-31,161.93800354003906,162.0469970703125,161.08099365234375,161.93800354003906,0
2025-04-01,162.177001953125,162.28700256347656,160.76499938964844,162.177001953125,0
2025-04-02,161.6909942626953,163.01699829101562,161.14500427246094,161.6909942626953,0
2025-04-03,161.24200439453125,162.781005859375,160.63800048828125,161.24200439453125,0
2025-04-04,161.4810028076172,161.98199462890625,159.05999755859375,161.53599548339844,0
2025-04-07,159.72999572753906,162.04100036621094,159.2010040283203,159.72999572753906,0
2025-04-08,161.31100463867188,162.16000366210938,160.25,161.31100463867188,0
2025-04-09,160.13999938964844,160.83200073242188,159.5,160.13999938964844,0
2025-04-10,161.41299438476562,161.8560028076172,160.88699340820312,161.41299438476562,0
2025-04-11,161.822998046875,163.0240020751953,161.3280029296875,161.822998046875,0
2025-04-14,162.97799682617188,163.156005859375,162.12245178222656,162.97799682617188,0
2025-04-15,162.40199279785156,162.78599548339844,161.5030059814453,162.40199279785156,0
2025-04-16,161.6300048828125,162.30499267578125,161.38699340820312,161.6300048828125,0
2025-04-17,161.71299743652344,162.60000610351562,161.28599548339844,161.71299743652344,0
2025-04-22,162.16400146484375,162.28700256347656,161.01300048828125,162.16400146484375,0
2025-04-23,161.96499633789062,162.1490020751953,161.24400329589844,161.96499633789062,0
2025-04-24,162.2169952392578,162.3719940185547,161.85000610351562,162.2169952392578,0
2025-04-25,162.46299743652344,163.73500061035156,162.13600158691406,162.46299743652344,0
2025-04-28,163.1529998779297,163.31500244140625,162.3699951171875,163.1529998779297,0
2025-04-29,162.2036590576172,162.5330047607422,161.94900512695312,162.2036590576172,0
2025-04-30,162.0570068359375,162.67999267578125,161.71099853515625,162.0570068359375,0
2025-05-01,161.9409942626953,164.11900329589844,161.78599548339844,161.9409942626953,0
2025-05-02,164.2969970703125,164.6009979248047,163.48800659179688,164.2969970703125,0
2025-05-05,163.7469940185547,163.82200622558594,162.781005859375,163.7469940185547,0
2025-05-06,162.5,162.92999267578125,161.5800018310547,162.5,0
2025-05-07,162.2259979248047,163.00999450683594,162.01400756835938,162.2259979248047,0
2025-05-08,162.61700439453125,163.71600341796875,162.54600524902344,162.61700439453125,0
2025-05-09,163.8769989013672,163.9080047607422,163.1840057373047,163.8769989013672,0
2025-05-12,163.74899291992188,164.91299438476562,163.69000244140625,163.74899291992188,0
2025-05-13,164.5469970703125,165.2010040283203,164.13400268554688,164.5469970703125,0
2025-05-14,165.01100158691406,165.1490020751953,163.74000549316406,165.01100158691406,0
2025-05-15,163.9739990234375,164.0469970703125,162.89999389648438,163.9739990234375,0
2025-05-16,162.96600341796875,163.09500122070312,162.46800231933594,162.96600341796875,0
2025-05-19,162.54200744628906,163.38099670410156,162.15199279785156,162.54200744628906,0
2025-05-20,162.83999633789062,163.23800659179688,162.40899658203125,162.83999633789062,0
2025-05-21,162.91099548339844,163.29400634765625,162.64999389648438,162.91099548339844,0
2025-05-22,162.87600708007812,162.86399841308594,161.83999633789062,162.87600708007812,0
2025-05-23,162.28700256347656,162.73800659179688,161.11399841308594,162.28700256347656,0
2025-05-26,162.46299743652344,162.95899963378906,162.37600708007812,162.46299743652344,0
2025-05-27,162.4499969482422,163.9219970703125,162.10000610351562,162.4499969482422,0
2025-05-28,163.44500732421875,163.89199829101562,163.0800018310547,163.44500732421875,0
2025-05-29,163.66200256347656,164.2469940185547,163.36500549316406,163.66200256347656,0
2025-05-30,163.5780029296875,163.82000732421875,162.85899353027344,163.5780029296875,0
2025-06-02,163.2469940185547,163.36599731445312,162.85299682617188,163.2469940185547,0
2025-06-03,163.13787841796875,163.79299926757812,162.8070068359375,163.13787841796875,0
2025-06-04,163.74000549316406,164.23399353027344,163.19000244140625,163.74000549316406,0
2025-06-05,163.02000427246094,164.6439971923828,162.9510040283203,163.02000427246094,0
2025-06-06,164.39700317382812,165.27999877929688,164.35499572753906,164.39700317382812,0
2025-06-09,165.04400634765625,165.1529998779297,164.52999877929688,165.04400634765625,0
2025-06-10,165.16600036621094,165.5279998779297,164.64199829101562,165.16600036621094,0
2025-06-11,165.63299560546875,166.41299438476562,165.39199829101562,165.63299560546875,0
2025-06-12,165.947998046875,166.6719970703125,165.49000549316406,165.947998046875,0
2025-06-13,166.08299255371094,166.5749969482422,164.94000244140625,166.08299255371094,0
2025-06-16,166.46636962890625,167.20399475097656,166.3509979248047,166.46636962890625,0
2025-06-17,167.16000366210938,167.59100341796875,166.99899291992188,167.16000366210938,0
2025-06-18,166.91099548339844,167.04100036621094,166.3280029296875,166.91099548339844,0
2025-06-19,166.3596649169922,167.281005859375,166.05299377441406,166.3596649169922,0
2025-06-20,167.1529998779297,168.1230010986328,167.15899658203125,167.1529998779297,0
2025-06-23,168.1540069580078,169.69900512695312,168.0279998779297,168.1540069580078,0
2025-06-24,169.2480010986328,169.2050018310547,167.88999938964844,169.2480010986328,0
2025-06-25,168.29800415039062,169.35800170898438,168.16400146484375,168.29800415039062,0
2025-06-26,169.2899932861328,169.378662109375,168.5500030517578,169.2899932861328,0
2025-06-27,169.15699768066406,169.77999877929688,168.656005859375,169.15699768066406,0
2025-06-30,169.45399475097656,169.72300720214844,168.6999969482422,169.45399475097656,0
2025-07-01,169.4600067138672,169.6510009765625,168.46099853515625,169.4600067138672,0
2025-07-02,169.2949981689453,169.76400756835938,169.0780029296875,169.2949981689453,0
2025-07-03,169.36199951171875,170.5970001220703,169.31900024414062,169.36199951171875,0
2025-07-04,170.30299377441406,170.36599731445312,169.8509979248047,170.30299377441406,0
2025-07-07,170.218994140625,171.21099853515625,169.89999389648438,170.218994140625,0
2025-07-08,171.21499633789062,171.98500061035156,171.18499755859375,171.21499633789062,0
2025-07-09,172.16099548339844,172.26199340820312,171.35699462890625,172.16099548339844,0
2025-07-10,171.4010009765625,171.77999877929688,171.0749969482422,171.4010009765625,0
2025-07-11,171.16700744628906,172.40899658203125,170.81199645996094,171.16700744628906,0
2025-07-14,172.05999755859375,172.46600341796875,171.72500610351562,172.05999755859375,0
2025-07-15,172.41000366210938,173.072998046875,172.25599670410156,172.41000366210938,0
2025-07-16,172.66200256347656,173.21600341796875,171.94000244140625,172.66200256347656,0
2025-07-17,172.2050018310547,172.6529998779297,171.95799255371094,172.2050018310547,0
2025-07-18,172.41299438476562,173.11099243164062,172.36599731445312,172.41299438476562,0
2025-07-21,172.6280059814453,172.656005859375,171.92999267578125,172.6280059814453,0
2025-07-22,172.3820037841797,172.9219970703125,171.38099670410156,172.3820037841797,0
2025-07-23,172.30499267578125,172.7169952392578,171.39700317382812,172.30499267578125,0
2025-07-24,172.30299377441406,172.86599731445312,171.75900268554688,172.30299377441406,0
2025-07-25,172.80799865722656,173.58900451660156,172.53599548339844,172.80799865722656,0
2025-07-28,173.76699829101562,173.8730010986328,172.30299377441406,173.76699829101562,0
2025-07-29,172.17599487304688,172.2969970703125,171.0749969482422,172.17599487304688,0
2025-07-30,171.4510040283203,171.50900268554688,170.7239990234375,171.4510040283203,0
2025-07-31,170.5399932861328,172.2790069580078,169.7220001220703,170.5399932861328,0
2025-08-01,172.22300720214844,172.3719940185547,170.85000610351562,172.22300720214844,0
2025-08-04,170.7050018310547,171.156005859375,170.13400268554688,170.7050018310547,0
2025-08-05,170.03500366210938,170.80599975585938,169.82400512695312,170.03500366210938,0
2025-08-06,170.8489990234375,171.6320037841797,170.61500549316406,170.8489990234375,0
2025-08-07,171.65499877929688,172.15499877929688,171.3350067138672,171.65499877929688,0
2025-08-08,171.44900512695312,172.33599853515625,171.40199279785156,171.44900512695312,0
2025-08-11,171.99099731445312,172.17999267578125,171.56700134277344,171.99099731445312,0
2025-08-12,172.07899475097656,172.8470001220703,171.86000061035156,171.86000061035156,0
2025-08-13,172.5330047607422,173.00799560546875,172.25,172.5330047607422,0
2025-08-14,172.31399536132812,172.25900268554688,170.97000122070312,172.31399536132812,0
2025-08-15,172.06985473632812,172.1699981689453,171.5,172.06985473632812,0
2025-08-18,172.38800048828125,172.66200256347656,172.05499267578125,172.38800048828125,0
2025-08-19,172.58399963378906,172.69200134277344,172.03199768066406,172.58399963378906,0
2025-08-20,171.9929962158203,171.98800659179688,171.11000061035156,171.9929962158203,0
2025-08-21,171.6490020751953,172.36300659179688,171.5330047607422,171.6490020751953,0
2025-08-22,172.31500244140625,172.656005859375,171.875,172.31500244140625,0
2025-08-25,172.3719940185547,172.63800048828125,172.22900390625,172.3719940185547,0
2025-08-26,171.6790008544922,172.10299682617188,171.33700561523438,171.6790008544922,0
2025-08-27,171.6179962158203,171.8979949951172,171.27499389648438,171.6179962158203,0
2025-08-28,171.58599853515625,171.7779998779297,171.11500549316406,171.58599853515625,0
2025-08-29,171.4720001220703,171.92300415039062,171.24400329589844,171.4720001220703,0
2025-09-01,171.95899963378906,172.51400756835938,171.9499969482422,171.95899963378906,0
2025-09-02,172.3179931640625,173.40199279785156,172.32699584960938,172.3179931640625,0
2025-09-03,172.81700134277344,173.28399658203125,172.7449951171875,172.81700134277344,0
2025-09-04,172.5469970703125,173.19900512695312,172.47999572753906,172.5469970703125,0
2025-09-05,172.95399475097656,173.26300048828125,172.5,172.95399475097656,0
2025-09-08,173.75599670410156,173.89599609375,173.0760040283203,173.75599670410156,0
2025-09-09,173.42999267578125,173.4810028076172,172.13299560546875,173.42999267578125,0
2025-09-10,172.4810028076172,172.89599609375,172.3979949951172,172.4810028076172,0
2025-09-11,172.43800354003906,173.01800537109375,172.36900329589844,172.43800354003906,0
2025-09-12,172.76300048828125,173.43499755859375,172.6649932861328,172.76300048828125,0
2025-09-15,173.14500427246094,173.4340057373047,172.8800048828125,173.14500427246094,0
2025-09-16,173.39599609375,173.68499755859375,173.0279998779297,173.39599609375,0
2025-09-17,173.8000030517578,173.78599548339844,173.08799743652344,173.8000030517578,0
2025-09-18,173.70799255371094,174.45399475097656,173.58999633789062,173.70799255371094,0
2025-09-19,174.4320068359375,174.47799682617188,173.47900390625,174.4320068359375,0
2025-09-22,173.81199645996094,174.26499938964844,173.79299926757812,173.81199645996094,0
2025-09-23,174.32899475097656,174.49099731445312,174.05299377441406,174.32899475097656,0
2025-09-24,174.3820037841797,174.68800354003906,174.2169952392578,174.3820037841797,0
2025-09-25,174.6959991455078,174.91000366210938,174.49600219726562,174.6959991455078,0
2025-09-26,174.7729949951172,175.02999877929688,174.64999389648438,174.7729949951172,0
2025-09-29,174.8820037841797,174.9029998779297,173.9600067138672,174.8820037841797,0
2025-09-30,174.3179931640625,174.39599609375,173.406005859375,174.3179931640625,0
2025-10-01,173.67300415039062,173.91099548339844,172.3459930419922,173.67300415039062,0
2025-10-02,172.57699584960938,172.9510040283203,172.2689971923828,172.57699584960938,0
2025-10-03,172.5290069580078,173.22900390625,172.53700256347656,172.5290069580078,0
2025-10-06,175.21200561523438,176.24600219726562,174.93899536132812,175.21200561523438,0
2025-10-07,176.03599548339844,176.49600219726562,175.7899932861328,176.03599548339844,0
2025-10-08,177.19700622558594,177.84500122070312,176.91900634765625,177.19700622558594,0
2025-10-09,177.5540008544922,177.91400146484375,176.79299926757812,177.5540008544922,0
2025-10-10,176.93600463867188,177.1179962158203,176.1999969482422,176.93600463867188,0
2025-10-13,176.41400146484375,176.8820037841797,175.89999389648438,176.41400146484375,0
2025-10-14,176.31100463867188,176.44000244140625,175.3780059814453,176.31100463867188,0
2025-10-15,176.04200744628906,176.28700256347656,175.45899963378906,176.04200744628906,0
2025-10-16,175.81900024414062,176.44000244140625,175.51800537109375,175.81900024414062,0
2025-10-17,175.6300048828125,175.95700073242188,174.8300018310547,175.6300048828125,0
2025-10-20,175.9040069580078,176.35899353027344,175.2689971923828,175.9040069580078,0
2025-10-21,175.55599975585938,176.60499572753906,175.3520050048828,175.55599975585938,0
2025-10-22,176.19500732421875,176.3769989013672,175.77000427246094,176.19500732421875,0
2025-10-23,176.39100646972656,177.36000061035156,176.38900756835938,176.39100646972656,0
2025-10-24,177.29100036621094,177.80299377441406,177.21400451660156,177.29100036621094,0
2025-10-27,178.0279998779297,178.2220001220703,177.61000061035156,178.0279998779297,0
2025-10-28,177.90199279785156,177.8769989013672,177.0,177.90199279785156,0
2025-10-29,176.86700439453125,177.38600158691406,176.6300048828125,176.86700439453125,0
2025-10-30,177.1999969482422,178.79800415039062,176.83900451660156,177.1999969482422,0
2025-10-31,178.0989990234375,178.54400634765625,177.44000244140625,178.0989990234375,0
2025-11-03,177.7449951171875,177.96200561523438,177.22999572753906,177.7449951171875,0
2025-11-04,177.6199951171875,177.66099548339844,176.08999633789062,177.6199951171875,0
2025-11-05,176.35800170898438,177.12600708007812,175.718994140625,176.35800170898438,0
2025-11-06,177.1280059814453,177.20399475097656,176.49000549316406,177.1280059814453,0
2025-11-07,176.63600158691406,177.58999633789062,176.51600646972656,176.63600158691406,0
2025-11-10,177.56300354003906,178.44500732421875,177.41099548339844,177.41099548339844,0
2025-11-11,178.1439971923828,178.70599365234375,178.1199951171875,178.16200256347656,0
2025-11-12,178.52699279785156,179.43499755859375,178.4709930419922,178.49600219726562,0
2025-11-13,179.33799743652344,179.91099548339844,179.2239990234375,179.32400512695312,0
2025-11-14,179.83200073242188,179.96099853515625,178.9810028076172,179.83399963378906,0
2025-11-17,179.5489959716797,180.00399780273438,179.25599670410156,179.5679931640625,0
2025-11-18,179.96499633789062,180.18699645996094,179.61500549316406,179.92799377441406,0
2025-11-19,180.13299560546875,180.98599243164062,179.75999450683594,180.10400390625,0
2025-11-20,181.16000366210938,181.97900390625,180.97999572753906,181.16299438476562,0
2025-11-21,181.52499389648438,181.63900756835938,179.77099609375,181.5330047607422,0
2025-11-24,180.3070068359375,181.2530059814453,180.2779998779297,180.28199768066406,0
2025-11-25,180.78399658203125,180.8350067138672,180.10800170898438,180.73199462890625,0
2025-11-26,180.66400146484375,181.42999267578125,180.36199951171875,180.61900329589844,0
2025-11-27,181.26800537109375,181.3300018310547,180.75900268554688,181.24099731445312,0
2025-11-28,181.28199768066406,181.50599670410156,180.52655029296875,181.28199768066406,0
2025-12-01,180.88900756835938,180.9199981689453,180.16000366210938,180.85699462890625,0
2025-12-02,180.55999755859375,181.35000610351562,180.47000122070312,180.5500030517578,0
2025-12-03,181.16700744628906,181.44700622558594,180.79600524902344,181.11700439453125,0
2025-12-04,180.95799255371094,181.281005859375,180.38999938964844,180.94400024414062,0
2025-12-05,180.6199951171875,180.91799926757812,180.08999633789062,180.6060028076172,0
2025-12-08,180.81399536132812,181.41700744628906,180.4929962158203,180.78199768066406,0
2025-12-09,181.38999938964844,182.6300048828125,181.3470001220703,181.41099548339844,0
2025-12-10,182.36700439453125,182.61000061035156,182.00100708007812,182.3260040283203,0
2025-12-11,182.28500366210938,182.5449981689453,181.89999389648438,182.24600219726562,0
2025-12-12,182.62399291992188,183.14500427246094,182.55099487304688,182.55099487304688,0
2025-12-15,182.96099853515625,182.9969940185547,181.83900451660156,182.9340057373047,0
2025-12-16,182.21099853515625,182.45899963378906,181.77000427246094,182.21099853515625,0
2025-12-17,181.8489990234375,182.77999877929688,181.56756591796875,181.83799743652344,0
2025-12-18,182.572998046875,183.16700744628906,182.30799865722656,182.56100463867188,0
2025-12-19,182.4250030517578,184.6199951171875,182.41200256347656,182.41200256347656,0
2025-12-22,184.58399963378906,184.9029998779297,184.2480010986328,184.56399536132812,0
2025-12-23,184.52200317382812,184.5449981689453,183.45399475097656,184.53900146484375,0
2025-12-24,184.13699340820312,184.24899291992188,183.3090057373047,184.11099243164062,0
2025-12-26,183.92999267578125,184.4080047607422,183.83200073242188,184.01499938964844,0
2025-12-29,184.24000549316406,184.41200256347656,183.47999572753906,184.0489959716797,0
2025-12-30,183.69000244140625,184.08299255371094,183.41000366210938,183.60899353027344,0
2025-12-31,183.72000122070312,184.23399353027344,183.5489959716797,183.6719970703125,0
2026-01-02,184.16299438476562,184.4239959716797,183.71200561523438,184.18099975585938,0
2026-01-05,183.7469940185547,184.03199768066406,182.80999755859375,183.74400329589844,0
2026-01-06,183.47999572753906,183.6199951171875,183.0,183.45799255371094,0
2026-01-07,183.12600708007812,183.36099243164062,182.7100067138672,183.08099365234375,0
2026-01-08,183.02699279785156,183.23599243164062,182.7209930419922,182.97999572753906,0
2026-01-09,182.88800048828125,183.94400024414062,182.88299560546875,182.91099548339844,0
2026-01-12,183.82000732421875,184.65199279785156,183.75,183.81500244140625,0
2026-01-13,184.32200622558594,185.51800537109375,184.3000030517578,184.33700561523438,0
2026-01-14,185.32400512695312,185.5590057373047,184.2899932861328,185.33299255371094,0
2026-01-15,184.4739990234375,184.6230010986328,183.88600158691406,184.5030059814453,0
2026-01-16,184.10899353027344,184.13900756835938,183.2010040283203,184.08700561523438,0
2026-01-19,183.1230010986328,184.13099670410156,183.01400756835938,183.1490020751953,0
2026-01-20,184.10299682617188,185.41799926757812,183.7689971923828,184.10899353027344,0
2026-01-21,185.48199462890625,185.52099609375,184.81900024414062,185.45399475097656,0
2026-01-22,184.9600067138672,185.99899291992188,184.80799865722656,184.97000122070312,0
2026-01-23,186.2899932861328,186.8560028076172,184.99400329589844,186.2760009765625,0
2026-01-26,183.9949951171875,184.03500366210938,181.80999755859375,184.01100158691406,0
2026-01-27,183.27000427246094,183.66400146484375,182.38099670410156,183.27200317382812,0
2026-01-28,183.20700073242188,183.55599975585938,182.55999755859375,183.3719940185547,0
2026-01-29,183.36000061035156,183.69700622558594,182.1219940185547,183.38099670410156,0
2026-01-30,183.26600646972656,184.0489959716797,183.04400634765625,183.2779998779297,0
2026-02-02,183.89199829101562,184.23899841308594,183.20599365234375,183.82699584960938,0
2026-02-03,183.3939971923828,184.0659942626953,183.4290008544922,183.47500610351562,0
2026-02-04,184.0800018310547,185.22999572753906,184.04100036621094,184.10899353027344,0
2026-02-05,185.18299865722656,185.48899841308594,184.61000061035156,185.1739959716797,0
2026-02-06,184.6490020751953,185.6320037841797,184.3769989013672,184.61900329589844,0
2026-02-09,185.9499969482422,185.9669952392578,184.86399841308594,185.9669952392578,0
2026-02-10,185.85499572753906,185.9759979248047,183.4510040283203,185.86700439453125,0
2026-02-11,183.656005859375,183.6649932861328,181.69400024414062,183.6649932861328,0
2026-02-12,182.02099609375,182.51800537109375,180.8280029296875,181.9709930419922,0
2026-02-13,181.3719940185547,182.26499938964844,181.2469940185547,181.31300354003906,0
2026-02-16,181.30499267578125,182.28900146484375,181.28599548339844,181.30799865722656,0
2026-02-17,182.0229949951172,181.97300720214844,180.8260040283203,181.97300720214844,0
2026-02-18,181.5,182.52099609375,181.40699768066406,181.46499633789062,0
2026-02-19,182.35299682617188,183.13800048828125,182.02200317382812,182.36000061035156,0
2026-02-20,182.60899353027344,183.03199768066406,182.22999572753906,182.63299560546875,0
2026-02-23,182.65699768066406,182.80299377441406,182.04100036621094,182.59300231933594,0
2026-02-24,182.36900329589844,184.1439971923828,182.36000061035156,182.36000061035156,0
2026-02-25,183.53500366210938,184.7530059814453,183.2259979248047,183.58999633789062,0
2026-02-26,184.5399932861328,184.5500030517578,183.85299682617188,184.48599243164062,0
2026-02-27,183.94700622558594,184.48899841308594,183.70799255371094,183.9669952392578,0
2026-03-02,184.18600463867188,184.68899536132812,183.77200317382812,184.16400146484375,0
2026-03-03,183.92300415039062,184.30499267578125,182.04600524902344,183.88999938964844,0
2026-03-04,183.20399475097656,183.1909942626953,182.38699340820312,183.16700744628906,0
2026-03-05,182.64100646972656,183.0850067138672,182.13999938964844,182.62600708007812,0
2026-03-06,182.86199951171875,183.24000549316406,182.36500549316406,182.83299255371094,0
2026-03-09,182.5469970703125,183.3699951171875,182.468994140625,182.53799438476562,0
2026-03-10,183.35000610351562,183.74600219726562,183.05599975585938,183.36900329589844,0
2026-03-11,183.57699584960938,184.0679931640625,183.52699279785156,183.55599975585938,0
2026-03-12,183.61900329589844,183.71299743652344,183.23500061035156,183.61000061035156,0
2026-03-13,183.4290008544922,183.57899475097656,182.33900451660156,183.43899536132812,0
2026-03-16,182.45799255371094,183.0030059814453,181.8699951171875,182.44200134277344,0
2026-03-17,182.9499969482422,183.37600708007812,182.8260040283203,182.96099853515625,0
2026-03-18,183.36399841308594,183.76100158691406,182.98399353027344,183.35699462890625,0
2026-03-19,183.1699981689453,183.41000366210938,182.07000732421875,183.19400024414062,0
2026-03-20,182.822998046875,183.85400390625,182.58799743652344,182.79299926757812,0
2026-03-23,184.07200622558594,184.32000732421875,183.2830047607422,184.01199340820312,0
2026-03-24,183.92999267578125,184.07699584960938,183.63600158691406,183.96499633789062,0
2026-03-25,184.34100341796875,184.5800018310547,184.04100036621094,184.31700134277344,0
2026-03-26,184.27099609375,184.4709930419922,183.9810028076172,184.2989959716797,0
2026-03-27,184.2239990234375,184.49600219726562,183.86000061035156,184.22799682617188,0
2026-03-30,184.1269989013672,184.13499450683594,182.62899780273438,184.1320037841797,0
2026-03-31,183.1230010986328,183.62600708007812,182.85000610351562,183.04299926757812,0
2026-04-01,183.47500610351562,184.2469940185547,183.3489990234375,183.41799926757812,0
2026-04-02,183.8979949951172,184.13600158691406,183.50799560546875,183.90899658203125,0
2026-04-03,184.05599975585938,184.27000427246094,183.85800170898438,184.02000427246094,0
2026-04-06,183.9010009765625,184.447998046875,183.70399475097656,183.88499450683594,0
2026-04-07,184.29600524902344,185.13999938964844,184.25,184.3070068359375,0
2026-04-08,185.48300170898438,185.46200561523438,184.81700134277344,185.46200561523438,0
2026-04-09,184.96499633789062,186.20399475097656,184.93299865722656,184.93299865722656,0
2026-04-10,185.99000549316406,186.78199768066406,185.94000244140625,185.9980010986328,0
2026-04-13,186.4239959716797,187.06700134277344,186.3990020751953,186.3990020751953,0
2026-04-14,187.3419952392578,187.50999450683594,187.0800018310547,187.3459930419922,0
2026-04-15,187.35499572753906,187.62899780273438,187.10499572753906,187.30099487304688,0
2026-04-16,187.5030059814453,187.531005859375,187.11900329589844,187.48399353027344,0
2026-04-17,187.55799865722656,187.93499755859375,186.33999633789062,187.54400634765625,0
2026-04-20,186.843994140625,187.07699584960938,186.72999572753906,186.8000030517578,0
2026-04-21,187.18600463867188,187.33900451660156,186.99000549316406,187.19500732421875,0
2026-04-22,187.16600036621094,187.3090057373047,186.7519989013672,187.1510009765625,0
2026-04-23,186.68600463867188,186.94200134277344,186.43899536132812,186.68899536132812,0
2026-04-24,186.6479949951172,186.8719940185547,186.4499969482422,186.64100646972656,0
2026-04-27,186.80799865722656,187.08799743652344,186.6699981689453,186.80099487304688,0
2026-04-28,186.78500366210938,186.9320068359375,186.08700561523438,186.78199768066406,0
2026-04-29,186.94200134277344,187.46200561523438,186.6699981689453,186.89999389648438,0
2026-04-30,187.1820068359375,187.5540008544922,182.36500549316406,187.1959991455078,0
2026-05-01,184.1490020751953,184.57699584960938,182.6540069580078,184.17300415039062,0
2026-05-04,183.9429931640625,184.3979949951172,182.8990020751953,183.98800659179688,0
2026-05-05,183.781005859375,184.66200256347656,183.64999389648438,183.80999755859375,0
2026-05-06,184.73899841308594,185.0330047607422,182.06300354003906,184.7030029296875,0
2026-05-07,183.8509979248047,184.1580047607422,183.50999450683594,183.87899780273438,0
2026-05-08,183.968994140625,184.49000549316406,183.92999267578125,183.98300170898438,0
2026-05-11,184.57000732421875,185.11599731445312,184.58999633789062,184.61099243164062,0
2026-05-12,185.19700622558594,185.44500732421875,184.51800537109375,185.19400024414062,0
2026-05-13,185.0279998779297,185.15199279785156,184.6199951171875,185.04100036621094,0
2026-05-14,184.92999267578125,185.04400634765625,184.29100036621094,184.93600463867188,0
2026-05-15,184.69900512695312,184.73599243164062,184.16000366210938,184.72300720214844,0
2026-05-18,184.48300170898438,185.04100036621094,184.44900512695312,184.51300048828125,0
2026-05-19,185.14999389648438,185.2010040283203,184.39199829101562,185.14700317382812,0
2026-05-20,184.58999633789062,184.66900634765625,184.25999450683594,184.58299255371094,0
2026-05-21,184.68699645996094,184.91600036621094,184.39500427246094,184.69000244140625,0
2026-05-22,184.74600219726562,184.79299926757812,184.4459991455078,184.73899841308594,0
2026-05-25,185.0449981689453,185.13499450683594,184.84800720214844,185.01100158691406,0
2026-05-26,184.94400024414062,185.35299682617188,184.8699951171875,184.9499969482422,0
2026-05-27,185.30299377441406,185.7729949951172,185.25999450683594,185.31100463867188,0
2026-05-28,185.3719940185547,185.63299560546875,184.8800048828125,185.3769989013672,0
2026-05-29,185.58599853515625,185.9709930419922,185.1699981689453,185.59100341796875,0
2026-06-01,185.6300048828125,185.9720001220703,185.40499877929688,185.64199829101562,0
2026-06-02,185.7449951171875,186.18800354003906,185.69400024414062,185.7519989013672,0
2026-06-03,185.90899658203125,185.9929962158203,185.2519989013672,185.91200256347656,0
2026-06-04,185.677001953125,186.1009979248047,185.47999572753906,185.67999267578125,0
2026-06-05,185.76800537109375,186.1929931640625,184.7830047607422,185.78399658203125,0
2026-06-08,184.7550048828125,184.99099731445312,183.968994140625,184.4969940185547,0
