Date,Close,High,Low,Open,Volume
2000-01-04,19002.859375,19187.609375,18937.44921875,18937.44921875,0
2000-01-05,18542.55078125,19003.509765625,18221.8203125,19003.509765625,0
2000-01-06,18168.26953125,18582.740234375,18168.26953125,18574.009765625,0
2000-01-07,18193.41015625,18285.73046875,18068.099609375,18194.05078125,0
2000-01-11,18850.919921875,18887.560546875,18246.099609375,18246.099609375,0
2000-01-12,18677.419921875,18811.869140625,18626.919921875,18780.169921875,0
2000-01-13,18833.2890625,18845.029296875,18667.1796875,18667.1796875,0
2000-01-14,18956.55078125,19058.01953125,18733.830078125,18882.990234375,0
2000-01-17,19437.23046875,19442.580078125,19025.619140625,19025.619140625,0
2000-01-18,19196.5703125,19412.470703125,19145.169921875,19412.470703125,0
2000-01-19,18897.75,19181.869140625,18897.75,19181.869140625,0
2000-01-20,19008.009765625,19167.029296875,18921.109375,18930.259765625,0
2000-01-21,18878.08984375,18994.890625,18713.169921875,18994.890625,0
2000-01-24,19056.7109375,19124.5703125,18877.130859375,18878.4609375,0
2000-01-25,18895.529296875,19131.189453125,18815.369140625,19004.390625,0
2000-01-26,19111.189453125,19145.900390625,18982.83984375,18982.83984375,0
2000-01-27,19209.720703125,19238.080078125,18971.6796875,19125.619140625,0
2000-01-28,19434.779296875,19595.830078125,19237.490234375,19261.009765625,0
2000-01-31,19539.69921875,19539.69921875,19224.470703125,19375.109375,0
2000-02-01,19423.380859375,19553.6796875,19266.9609375,19536.6796875,0
2000-02-02,19578.91015625,19860.259765625,19522.330078125,19522.330078125,0
2000-02-03,19786.419921875,19878.830078125,19648.349609375,19648.349609375,0
2000-02-04,19763.130859375,20011.91015625,19752.119140625,19866.189453125,0
2000-02-07,19945.4296875,19948.599609375,19780.560546875,19832.759765625,0
2000-02-08,19868.880859375,19983.439453125,19834.810546875,19955.30078125,0
2000-02-09,20007.76953125,20046.140625,19925.640625,19930.41015625,0
2000-02-10,19710.01953125,19915.560546875,19710.01953125,19915.529296875,0
2000-02-14,19556.4609375,19748.419921875,19556.4609375,19698.5703125,0
2000-02-15,19367.830078125,19689.16015625,19331.05078125,19587.8203125,0
2000-02-16,19599.1796875,19612.599609375,19300.140625,19418.560546875,0
2000-02-17,19791.400390625,19803.689453125,19518.080078125,19646.369140625,0
2000-02-18,19789.029296875,19862.939453125,19670.05078125,19852.1796875,0
2000-02-21,19543.75,19763.509765625,19543.75,19736.150390625,0
2000-02-22,19390.580078125,19712.369140625,19353.400390625,19553.619140625,0
2000-02-23,19519.55078125,19527.7890625,19373.0390625,19439.169921875,0
2000-02-24,19571.439453125,19698.94921875,19558.0390625,19616.259765625,0
2000-02-25,19817.880859375,19817.880859375,19539.0,19623.380859375,0
2000-02-28,19720.099609375,19904.859375,19713.859375,19783.439453125,0
2000-02-29,19959.51953125,19978.75,19747.01953125,19761.51953125,0
2000-03-01,20081.669921875,20165.509765625,20007.640625,20030.080078125,0
2000-03-02,20065.109375,20202.9609375,19903.2890625,20097.58984375,0
2000-03-03,19927.5390625,20034.599609375,19859.419921875,20023.0390625,0
2000-03-06,19796.349609375,20160.029296875,19742.580078125,20041.48046875,0
2000-03-07,19944.240234375,19944.240234375,19704.23046875,19802.5390625,0
2000-03-08,19766.80078125,19856.369140625,19692.0390625,19856.369140625,0
2000-03-09,19662.330078125,19885.5390625,19614.8203125,19751.720703125,0
2000-03-10,19750.400390625,19982.439453125,19686.5,19734.83984375,0
2000-03-13,19189.9296875,19760.349609375,19060.080078125,19731.5,0
2000-03-14,19141.83984375,19335.220703125,18956.25,19139.5703125,0
2000-03-15,19078.599609375,19120.060546875,18765.880859375,19120.060546875,0
2000-03-16,19253.23046875,19313.1796875,18892.259765625,19095.630859375,0
2000-03-17,19566.3203125,19573.48046875,19335.599609375,19335.599609375,0
2000-03-21,19602.359375,19602.359375,19455.109375,19598.529296875,0
2000-03-22,19733.58984375,19734.4296875,19602.880859375,19612.23046875,0
2000-03-23,19704.599609375,19762.30078125,19568.76953125,19749.509765625,0
2000-03-24,19958.080078125,20012.41015625,19697.5703125,19752.16015625,0
2000-03-27,20281.029296875,20295.689453125,19880.109375,19976.140625,0
2000-03-28,20374.33984375,20388.1796875,20014.080078125,20273.6796875,0
2000-03-29,20706.650390625,20809.1796875,20406.560546875,20406.560546875,0
2000-03-30,20441.5,20809.7890625,20439.439453125,20706.44921875,0
2000-03-31,20337.3203125,20550.099609375,20259.349609375,20371.0703125,0
2000-04-03,20726.990234375,20726.990234375,20271.919921875,20327.7890625,0
2000-04-04,20594.9296875,20747.8203125,20536.330078125,20747.8203125,0
2000-04-05,20462.76953125,20654.630859375,20311.7890625,20546.599609375,0
2000-04-06,20223.609375,20556.970703125,20171.619140625,20476.23046875,0
2000-04-07,20252.810546875,20463.669921875,20252.810546875,20269.58984375,0
2000-04-10,20619.060546875,20640.109375,20368.810546875,20368.810546875,0
2000-04-11,20522.51953125,20656.869140625,20516.939453125,20544.400390625,0
2000-04-12,20833.2109375,20833.2109375,20436.740234375,20475.9609375,0
2000-04-13,20526.419921875,20736.400390625,20385.16015625,20736.400390625,0
2000-04-14,20434.6796875,20604.369140625,20330.890625,20456.48046875,0
2000-04-17,19008.640625,20341.5,18603.869140625,20341.5,0
2000-04-18,18969.51953125,19330.400390625,18547.380859375,19089.0,0
2000-04-19,19086.619140625,19192.630859375,18794.48046875,18998.060546875,0
2000-04-20,18959.3203125,19382.439453125,18959.3203125,19041.529296875,0
2000-04-21,18252.6796875,19269.060546875,18091.099609375,19050.6796875,0
2000-04-24,18480.150390625,18987.33984375,18247.48046875,18247.48046875,0
2000-04-25,18272.330078125,18630.30078125,18176.830078125,18433.30078125,0
2000-04-26,18134.310546875,18439.1796875,17948.359375,18326.900390625,0
2000-04-27,18019.169921875,18245.439453125,18012.41015625,18122.69921875,0
2000-04-28,17973.69921875,18137.009765625,17926.4296875,18035.5390625,0
2000-05-01,18403.080078125,18403.080078125,17979.25,17979.25,0
2000-05-02,18439.359375,18586.16015625,18428.919921875,18497.51953125,0
2000-05-08,18199.9609375,18475.44921875,18189.80078125,18465.7109375,0
2000-05-09,17844.5390625,18152.369140625,17804.0390625,18152.369140625,0
2000-05-10,17701.470703125,17803.439453125,17393.58984375,17799.2109375,0
2000-05-11,16882.4609375,17605.650390625,16779.419921875,17605.650390625,0
2000-05-12,17357.859375,17362.19921875,16963.869140625,16963.869140625,0
2000-05-15,17313.689453125,17396.44921875,17192.7109375,17396.44921875,0
2000-05-16,17551.25,17558.509765625,17283.51953125,17342.83984375,0
2000-05-17,17404.029296875,17691.390625,17348.880859375,17588.810546875,0
2000-05-18,17031.630859375,17365.08984375,16971.8203125,17365.08984375,0
2000-05-19,16858.169921875,16960.2890625,16572.05078125,16960.2890625,0
2000-05-22,16386.009765625,16802.66015625,16174.400390625,16802.66015625,0
2000-05-23,16318.73046875,16493.69921875,16169.9296875,16345.259765625,0
2000-05-24,16044.4404296875,16261.330078125,15876.33984375,16237.8798828125,0
2000-05-25,16247.8203125,16374.0595703125,16090.3603515625,16090.3603515625,0
2000-05-26,16008.1396484375,16219.01953125,15870.25,16219.01953125,0
2000-05-29,16245.4404296875,16245.4404296875,16028.759765625,16028.759765625,0
2000-05-30,16228.900390625,16485.5390625,16210.0400390625,16275.9599609375,0
2000-05-31,16332.4501953125,16538.669921875,16224.0595703125,16274.1396484375,0
2000-06-01,16694.30078125,16694.30078125,16320.080078125,16320.080078125,0
2000-06-02,16800.060546875,16941.419921875,16682.25,16682.25,0
2000-06-05,17201.7890625,17261.869140625,16842.0390625,16842.0390625,0
2000-06-06,17170.080078125,17207.150390625,17064.919921875,17163.390625,0
2000-06-07,17144.9609375,17206.98046875,17019.25,17134.140625,0
2000-06-08,17004.33984375,17250.830078125,16979.30078125,17177.44921875,0
2000-06-09,16861.91015625,17004.720703125,16785.76953125,17004.720703125,0
2000-06-12,16980.609375,17018.640625,16791.869140625,16876.6796875,0
2000-06-13,16914.94921875,16950.9296875,16768.859375,16950.9296875,0
2000-06-14,16654.419921875,16920.2109375,16477.98046875,16920.2109375,0
2000-06-15,16338.7001953125,16635.240234375,16334.9599609375,16635.240234375,0
2000-06-16,16318.3095703125,16480.080078125,16289.919921875,16358.7099609375,0
2000-06-19,16591.349609375,16627.5390625,16359.9599609375,16382.1103515625,0
2000-06-20,16907.55078125,16907.55078125,16645.990234375,16645.990234375,0
2000-06-21,17210.080078125,17212.380859375,16854.2109375,16922.25,0
2000-06-22,17106.009765625,17364.259765625,17092.439453125,17228.849609375,0
2000-06-23,16963.2109375,17214.470703125,16899.0,17055.669921875,0
2000-06-26,16925.400390625,16975.0703125,16761.58984375,16927.26953125,0
2000-06-27,17279.060546875,17285.470703125,16969.48046875,16969.48046875,0
2000-06-28,17370.169921875,17421.0703125,17230.0390625,17289.310546875,0
2000-06-29,17475.900390625,17511.3203125,17383.009765625,17448.349609375,0
2000-06-30,17411.05078125,17510.0703125,17305.810546875,17482.08984375,0
2000-07-03,17614.66015625,17636.669921875,17451.650390625,17451.650390625,0
2000-07-04,17470.150390625,17661.109375,17434.0703125,17655.5703125,0
2000-07-05,17435.94921875,17576.279296875,17364.69921875,17473.759765625,0
2000-07-06,17282.369140625,17402.7109375,17154.580078125,17402.7109375,0
2000-07-07,17398.240234375,17483.470703125,17290.4609375,17290.4609375,0
2000-07-10,17572.6796875,17594.66015625,17421.560546875,17421.560546875,0
2000-07-11,17504.359375,17573.689453125,17436.580078125,17567.5,0
2000-07-12,17342.130859375,17541.98046875,17210.1796875,17519.0390625,0
2000-07-13,17036.900390625,17348.33984375,17009.650390625,17348.33984375,0
2000-07-14,17142.900390625,17176.19921875,17019.5,17136.69921875,0
2000-07-17,17286.830078125,17476.859375,17150.169921875,17188.98046875,0
2000-07-18,16945.0703125,17349.58984375,16834.01953125,17261.080078125,0
2000-07-19,16983.5703125,17015.470703125,16703.009765625,16905.33984375,0
2000-07-21,16811.490234375,17098.740234375,16800.58984375,17025.66015625,0
2000-07-24,16547.119140625,16767.19921875,16370.5,16767.19921875,0
2000-07-25,16573.58984375,16573.58984375,16341.51953125,16506.150390625,0
2000-07-26,16502.609375,16563.7109375,16400.220703125,16553.5703125,0
2000-07-27,16182.009765625,16457.69921875,16027.33984375,16457.69921875,0
2000-07-28,15838.5703125,16134.1904296875,15815.5302734375,16134.1904296875,0
2000-07-31,15727.490234375,15854.66015625,15394.7099609375,15821.3095703125,0
2000-08-01,16099.669921875,16099.669921875,15773.7197265625,15784.599609375,0
2000-08-02,16206.1904296875,16211.5498046875,16054.66015625,16118.7998046875,0
2000-08-03,15814.4404296875,16185.7197265625,15725.98046875,16185.7197265625,0
2000-08-04,15667.3603515625,15897.25,15557.330078125,15799.990234375,0
2000-08-07,16002.7099609375,16039.400390625,15666.8095703125,15666.8095703125,0
2000-08-08,15820.1103515625,16073.2001953125,15755.2197265625,16044.8095703125,0
2000-08-09,16034.599609375,16034.599609375,15778.8603515625,15873.419921875,0
2000-08-10,15975.650390625,16053.6103515625,15946.599609375,16050.8701171875,0
2000-08-11,16117.5,16125.66015625,15888.5595703125,16008.0595703125,0
2000-08-14,16153.91015625,16227.349609375,16055.0703125,16109.9501953125,0
2000-08-15,16298.2900390625,16309.5,16131.48046875,16181.5,0
2000-08-16,16356.0302734375,16409.130859375,16249.9404296875,16300.490234375,0
2000-08-17,16161.0302734375,16356.1396484375,16079.740234375,16356.1396484375,0
2000-08-18,16280.490234375,16280.490234375,16118.8896484375,16156.6396484375,0
2000-08-21,16040.1796875,16257.33984375,15945.919921875,16249.9404296875,0
2000-08-22,16454.740234375,16454.740234375,15985.2001953125,16075.51953125,0
2000-08-23,16436.650390625,16544.80078125,16351.419921875,16446.470703125,0
2000-08-24,16670.8203125,16778.01953125,16433.359375,16433.359375,0
2000-08-25,16911.330078125,16926.220703125,16603.689453125,16718.5390625,0
2000-08-28,17181.119140625,17209.16015625,16840.509765625,16895.55078125,0
2000-08-29,17141.75,17210.80078125,17004.009765625,17165.91015625,0
2000-08-30,16901.669921875,17131.359375,16895.359375,17131.359375,0
2000-08-31,16861.259765625,17056.5390625,16769.490234375,16918.029296875,0
2000-09-01,16739.779296875,17018.51953125,16700.359375,16915.0390625,0
2000-09-04,16688.2109375,16883.310546875,16661.48046875,16764.330078125,0
2000-09-05,16452.26953125,16712.330078125,16401.279296875,16677.7890625,0
2000-09-06,16399.869140625,16531.810546875,16364.9501953125,16433.849609375,0
2000-09-07,16300.4599609375,16397.099609375,16243.1796875,16394.390625,0
2000-09-08,16501.55078125,16540.919921875,16239.259765625,16370.23046875,0
2000-09-11,16130.900390625,16477.529296875,16089.0,16467.689453125,0
2000-09-12,16040.23046875,16133.1904296875,15885.3203125,16111.9697265625,0
2000-09-13,16190.51953125,16306.400390625,16080.5703125,16080.5703125,0
2000-09-14,16213.2802734375,16311.0400390625,16144.1103515625,16208.330078125,0
2000-09-18,16061.16015625,16174.919921875,15965.7099609375,16174.919921875,0
2000-09-19,16124.1904296875,16124.1904296875,15774.7197265625,16013.330078125,0
2000-09-20,16458.310546875,16523.26953125,16146.0400390625,16146.0400390625,0
2000-09-21,16311.0498046875,16460.490234375,16290.7900390625,16422.490234375,0
2000-09-22,15818.25,16270.419921875,15785.6298828125,16268.9404296875,0
2000-09-25,15992.900390625,16144.1904296875,15850.5595703125,15850.5595703125,0
2000-09-26,15928.6201171875,16038.0703125,15905.3701171875,15992.8603515625,0
2000-09-27,15639.9501953125,15907.1904296875,15621.8798828125,15907.1904296875,0
2000-09-28,15626.9599609375,15888.349609375,15625.8701171875,15642.83984375,0
2000-09-29,15747.259765625,15898.0703125,15663.7099609375,15663.7099609375,0
2000-10-02,15902.509765625,15902.509765625,15514.0400390625,15735.7099609375,0
2000-10-03,15912.08984375,15956.4501953125,15779.5400390625,15905.25,0
2000-10-04,16149.080078125,16153.669921875,15808.66015625,15906.1796875,0
2000-10-05,16099.259765625,16192.7802734375,16052.1201171875,16157.2001953125,0
2000-10-06,15994.240234375,16084.0498046875,15884.650390625,16084.0498046875,0
2000-10-10,15827.7197265625,15958.1201171875,15792.3603515625,15958.1201171875,0
2000-10-11,15513.5703125,15795.150390625,15424.7099609375,15795.150390625,0
2000-10-12,15550.6396484375,15580.3203125,15392.740234375,15491.7998046875,0
2000-10-13,15330.3095703125,15516.150390625,15101.6396484375,15516.150390625,0
2000-10-16,15512.3203125,15688.169921875,15366.8095703125,15366.8095703125,0
2000-10-17,15340.2197265625,15545.0595703125,15340.2197265625,15526.990234375,0
2000-10-18,14872.48046875,15324.349609375,14832.9697265625,15324.349609375,0
2000-10-19,14811.080078125,15027.1298828125,14707.8798828125,14901.1103515625,0
2000-10-20,15198.73046875,15314.9697265625,14842.8095703125,14842.8095703125,0
2000-10-23,15097.9599609375,15224.8095703125,15035.240234375,15197.9296875,0
2000-10-24,15148.1904296875,15229.4599609375,15066.599609375,15100.080078125,0
2000-10-25,14840.4697265625,15108.4599609375,14840.4697265625,15108.4599609375,0
2000-10-26,14858.4296875,14858.4296875,14577.2001953125,14787.3798828125,0
2000-10-27,14582.2001953125,14989.41015625,14582.2001953125,14852.7900390625,0
2000-10-30,14464.5595703125,14715.66015625,14425.2197265625,14607.01953125,0
2000-10-31,14539.599609375,14566.0498046875,14333.16015625,14475.98046875,0
2000-11-01,14872.3896484375,14888.0302734375,14557.4501953125,14557.4501953125,0
2000-11-02,14837.7802734375,14961.6904296875,14767.9599609375,14857.3603515625,0
2000-11-06,15371.4404296875,15371.4404296875,14887.3603515625,14904.2900390625,0
2000-11-07,15340.330078125,15422.150390625,15259.7802734375,15356.9404296875,0
2000-11-08,15399.6396484375,15602.3896484375,15219.1103515625,15256.16015625,0
2000-11-09,15060.0498046875,15270.16015625,14997.91015625,15270.16015625,0
2000-11-10,14988.5400390625,15015.1904296875,14873.51953125,14952.1796875,0
2000-11-13,14664.6396484375,14824.7099609375,14461.16015625,14824.7099609375,0
2000-11-14,14660.0400390625,14685.01953125,14549.73046875,14680.5400390625,0
2000-11-15,14799.1396484375,14958.330078125,14769.259765625,14812.3896484375,0
2000-11-16,14587.0302734375,14857.48046875,14551.66015625,14852.240234375,0
2000-11-17,14544.2998046875,14601.169921875,14420.3603515625,14510.2197265625,0
2000-11-20,14531.650390625,14577.73046875,14450.6298828125,14510.3896484375,0
2000-11-21,14408.4599609375,14414.58984375,14211.0302734375,14413.1298828125,0
2000-11-22,14301.3095703125,14464.0,14172.6396484375,14420.0400390625,0
2000-11-24,14315.349609375,14430.1103515625,14229.650390625,14247.3095703125,0
2000-11-27,14720.3896484375,14746.8798828125,14412.4296875,14422.25,0
2000-11-28,14658.8701171875,14788.41015625,14573.26953125,14664.8798828125,0
2000-11-29,14507.6396484375,14606.3603515625,14438.5595703125,14606.3603515625,0
2000-11-30,14648.509765625,14683.5,14385.16015625,14449.740234375,0
2000-12-01,14835.330078125,14984.3701171875,14596.3896484375,14600.5302734375,0
2000-12-04,14954.73046875,15067.1904296875,14899.08984375,14922.669921875,0
2000-12-05,14695.0498046875,15068.9697265625,14695.0498046875,15068.9697265625,0
2000-12-06,14889.3701171875,15109.6396484375,14842.9501953125,14842.9501953125,0
2000-12-07,14720.3603515625,14834.419921875,14720.3603515625,14825.6201171875,0
2000-12-08,14696.509765625,14769.4404296875,14622.830078125,14663.8603515625,0
2000-12-11,15015.7001953125,15051.33984375,14775.9296875,14775.9296875,0
2000-12-12,15114.6396484375,15270.8896484375,15071.7001953125,15097.2900390625,0
2000-12-13,15168.6796875,15273.400390625,14989.849609375,15086.25,0
2000-12-14,14927.1904296875,15117.6904296875,14883.349609375,15097.0,0
2000-12-15,14552.2900390625,14832.3896484375,14552.2900390625,14832.3896484375,0
2000-12-18,14483.900390625,14566.2099609375,14384.599609375,14462.349609375,0
2000-12-19,14132.3701171875,14461.6396484375,14132.3701171875,14461.6396484375,0
2000-12-20,13914.4296875,14082.6396484375,13801.98046875,14052.6201171875,0
2000-12-21,13423.2099609375,13780.7099609375,13182.509765625,13768.0302734375,0
2000-12-22,13427.080078125,13517.23046875,13338.1103515625,13469.990234375,0
2000-12-25,13931.6103515625,13931.6103515625,13597.5703125,13597.5703125,0
2000-12-26,14007.849609375,14019.73046875,13794.4296875,13878.51953125,0
2000-12-27,13981.490234375,13981.490234375,13797.740234375,13935.259765625,0
2000-12-28,13946.9599609375,13990.26953125,13866.1796875,13966.9501953125,0
2000-12-29,13785.6904296875,13966.8203125,13781.1201171875,13899.490234375,0
2001-01-04,13691.490234375,13990.5703125,13667.6796875,13898.08984375,0
2001-01-05,13867.6103515625,13947.0595703125,13725.4599609375,13763.2197265625,0
2001-01-09,13610.509765625,13732.849609375,13460.8203125,13732.849609375,0
2001-01-10,13432.650390625,13593.16015625,13349.150390625,13593.16015625,0
2001-01-11,13201.0703125,13436.6103515625,13123.8095703125,13433.08984375,0
2001-01-12,13347.740234375,13451.9501953125,13246.2001953125,13246.2001953125,0
2001-01-15,13506.23046875,13573.5498046875,13441.51953125,13450.2802734375,0
2001-01-16,13584.4501953125,13598.2001953125,13442.08984375,13561.73046875,0
2001-01-17,13667.6298828125,13688.900390625,13476.5498046875,13593.830078125,0
2001-01-18,13873.919921875,13931.91015625,13723.2099609375,13734.7900390625,0
2001-01-19,13989.1201171875,14186.6201171875,13947.919921875,13956.33984375,0
2001-01-22,14032.419921875,14039.400390625,13841.0302734375,14010.0703125,0
2001-01-23,13984.66015625,14060.23046875,13913.099609375,13966.6396484375,0
2001-01-24,13893.580078125,14034.1103515625,13857.830078125,14020.6103515625,0
2001-01-25,13803.3798828125,13879.830078125,13730.169921875,13879.830078125,0
2001-01-26,13696.0595703125,13750.23046875,13626.0498046875,13726.98046875,0
2001-01-29,13845.2802734375,13908.400390625,13721.8603515625,13724.259765625,0
2001-01-30,13826.650390625,13910.7099609375,13713.5498046875,13885.26953125,0
2001-01-31,13843.5498046875,13855.740234375,13726.509765625,13855.740234375,0
2001-02-01,13779.5498046875,13779.5498046875,13667.9296875,13740.919921875,0
2001-02-02,13703.6298828125,13862.2900390625,13703.6298828125,13764.6904296875,0
2001-02-05,13385.51953125,13588.6396484375,13367.91015625,13588.6396484375,0
2001-02-06,13269.849609375,13379.4404296875,13240.3701171875,13316.25,0
2001-02-07,13366.009765625,13373.7802734375,13268.6103515625,13273.9296875,0
2001-02-08,13138.23046875,13336.33984375,12966.830078125,13336.33984375,0
2001-02-09,13422.830078125,13460.3896484375,13135.01953125,13140.6103515625,0
2001-02-13,13274.7001953125,13461.1103515625,13247.9501953125,13431.7197265625,0
2001-02-14,13284.0595703125,13405.51953125,13119.33984375,13179.26953125,0
2001-02-15,13327.3896484375,13416.5498046875,13273.669921875,13273.91015625,0
2001-02-16,13175.490234375,13349.080078125,13166.4599609375,13348.7197265625,0
2001-02-19,13119.58984375,13137.099609375,12950.740234375,13060.2001953125,0
2001-02-20,13248.3603515625,13248.3603515625,13073.240234375,13092.3603515625,0
2001-02-21,13100.080078125,13185.23046875,13084.5498046875,13181.5,0
2001-02-22,13073.3603515625,13125.33984375,12861.330078125,13041.7197265625,0
2001-02-23,13246.0,13272.8095703125,13048.5400390625,13054.4599609375,0
2001-02-26,13201.1396484375,13315.8603515625,13170.990234375,13255.2900390625,0
2001-02-27,13059.8603515625,13262.2197265625,13041.330078125,13232.8603515625,0
2001-02-28,12883.5400390625,13040.3095703125,12784.169921875,12987.5,0
2001-03-01,12681.66015625,12844.349609375,12528.5,12811.51953125,0
2001-03-02,12261.7998046875,12594.4599609375,12261.7998046875,12594.4599609375,0
2001-03-05,12322.16015625,12389.08984375,12133.900390625,12285.4599609375,0
2001-03-06,12687.740234375,12687.740234375,12351.1396484375,12402.8896484375,0
2001-03-07,12723.8896484375,12824.1904296875,12539.75,12748.5595703125,0
2001-03-08,12650.5595703125,12756.9697265625,12584.099609375,12694.2197265625,0
2001-03-09,12627.900390625,12667.2099609375,12500.509765625,12549.1904296875,0
2001-03-12,12171.3701171875,12509.669921875,12171.3701171875,12509.669921875,0
2001-03-13,11819.7001953125,12044.7802734375,11710.330078125,12044.7802734375,0
2001-03-14,11843.58984375,12004.3798828125,11793.26953125,11912.6103515625,0
2001-03-15,12152.830078125,12152.830078125,11433.8798828125,11685.6396484375,0
2001-03-16,12232.98046875,12374.4501953125,12071.490234375,12169.650390625,0
2001-03-19,12190.9697265625,12544.6796875,12143.669921875,12183.98046875,0
2001-03-21,13103.9404296875,13103.9404296875,12100.9697265625,12184.3203125,0
2001-03-22,12853.9697265625,13237.330078125,12853.9697265625,12982.5302734375,0
2001-03-23,13214.5400390625,13242.7197265625,12866.01953125,12866.01953125,0
2001-03-26,13862.3095703125,13862.3095703125,13296.98046875,13309.7197265625,0
2001-03-27,13638.330078125,13829.4697265625,13536.5302734375,13766.900390625,0
2001-03-28,13765.509765625,13867.580078125,13567.7099609375,13726.48046875,0
2001-03-29,13072.3603515625,13620.0703125,13072.3603515625,13620.0703125,0
2001-03-30,12999.7001953125,13457.900390625,12992.4501953125,13203.0,0
2001-04-02,12937.8603515625,13089.4697265625,12781.33984375,13057.650390625,0
2001-04-03,13124.4697265625,13357.9599609375,12970.669921875,12970.669921875,0
2001-04-04,13242.7802734375,13242.7802734375,12874.759765625,13043.1796875,0
2001-04-05,13381.3798828125,13555.4599609375,13323.16015625,13344.2001953125,0
2001-04-06,13383.759765625,13674.580078125,13284.7900390625,13517.7001953125,0
2001-04-09,12841.759765625,13304.3603515625,12841.759765625,13304.3603515625,0
2001-04-10,12620.26953125,12893.849609375,12579.5595703125,12847.8896484375,0
2001-04-11,13174.9296875,13208.650390625,12724.4697265625,12784.6396484375,0
2001-04-12,13352.4404296875,13452.599609375,13126.2099609375,13205.0595703125,0
2001-04-13,13385.7197265625,13578.6396484375,13291.2001953125,13454.8701171875,0
2001-04-16,13254.8896484375,13451.01953125,13217.6396484375,13338.919921875,0
2001-04-17,13067.08984375,13203.6103515625,13019.599609375,13179.330078125,0
2001-04-18,13641.7900390625,13705.8603515625,13170.08984375,13170.08984375,0
2001-04-19,13868.2802734375,14099.490234375,13789.4697265625,13789.4697265625,0
2001-04-20,13765.669921875,13999.580078125,13686.66015625,13855.0302734375,0
2001-04-23,13715.599609375,14051.9697265625,13639.1103515625,13837.1904296875,0
2001-04-24,13743.1796875,13762.9501953125,13403.26953125,13628.099609375,0
2001-04-25,13827.5,13920.669921875,13769.580078125,13799.2900390625,0
2001-04-26,13973.0302734375,14084.5498046875,13957.6298828125,13968.9296875,0
2001-04-27,13934.3203125,14065.48046875,13795.0498046875,14036.259765625,0
2001-05-01,14425.4599609375,14425.4599609375,14096.3203125,14096.3203125,0
2001-05-02,14421.6396484375,14444.83984375,14296.5400390625,14441.3896484375,0
2001-05-07,14529.41015625,14556.1103515625,14184.849609375,14384.1396484375,0
2001-05-08,14289.0498046875,14420.169921875,14227.3701171875,14420.169921875,0
2001-05-09,14084.849609375,14235.2998046875,13957.8095703125,14235.2998046875,0
2001-05-10,14017.7900390625,14197.08984375,14015.7001953125,14035.5,0
2001-05-11,14043.919921875,14178.3203125,14043.919921875,14055.08984375,0
2001-05-14,13873.01953125,14041.7900390625,13828.7001953125,14041.7900390625,0
2001-05-15,14054.0302734375,14103.0595703125,13806.0498046875,13829.2998046875,0
2001-05-16,13694.26953125,14050.6298828125,13694.26953125,14050.6298828125,0
2001-05-17,13910.669921875,13975.1201171875,13725.25,13845.490234375,0
2001-05-18,13877.76953125,14067.73046875,13877.76953125,13931.6201171875,0
2001-05-21,14176.830078125,14214.2099609375,13938.7802734375,13938.7802734375,0
2001-05-22,14091.1904296875,14345.419921875,14091.1904296875,14271.7001953125,0
2001-05-23,14067.7001953125,14205.08984375,13990.3203125,14012.1904296875,0
2001-05-24,13895.7900390625,13941.4404296875,13801.4599609375,13914.3203125,0
2001-05-25,13765.919921875,13958.349609375,13758.66015625,13869.5302734375,0
2001-05-28,13737.76953125,13820.419921875,13701.830078125,13732.099609375,0
2001-05-29,13773.8896484375,13836.400390625,13697.6103515625,13697.6103515625,0
2001-05-30,13493.349609375,13680.76953125,13468.73046875,13680.76953125,0
2001-05-31,13262.1396484375,13419.9404296875,13216.5703125,13394.75,0
2001-06-01,13261.83984375,13394.400390625,13244.900390625,13365.080078125,0
2001-06-04,13312.349609375,13312.349609375,13213.650390625,13294.2099609375,0
2001-06-05,13182.0,13256.400390625,12984.0703125,13232.51953125,0
2001-06-06,13174.83984375,13313.1396484375,13127.6201171875,13289.58984375,0
2001-06-07,13277.509765625,13300.5,13050.169921875,13122.580078125,0
2001-06-08,13430.2197265625,13510.7001953125,13320.3701171875,13324.25,0
2001-06-11,13226.48046875,13447.3896484375,13224.990234375,13413.099609375,0
2001-06-12,12840.099609375,13164.1904296875,12840.099609375,13111.6396484375,0
2001-06-13,12823.4501953125,12970.1201171875,12803.419921875,12883.509765625,0
2001-06-14,12846.66015625,12935.0703125,12804.0302734375,12826.1796875,0
2001-06-15,12790.3798828125,12797.8701171875,12578.7802734375,12722.3798828125,0
2001-06-18,12697.7900390625,12787.23046875,12656.580078125,12766.3798828125,0
2001-06-19,12574.259765625,12912.919921875,12511.66015625,12734.1298828125,0
2001-06-20,12674.6396484375,12762.08984375,12512.1298828125,12575.349609375,0
2001-06-21,12962.4296875,13005.4599609375,12727.5498046875,12776.759765625,0
2001-06-22,13044.6103515625,13079.1103515625,12940.580078125,13041.8896484375,0
2001-06-25,12896.4697265625,13073.490234375,12823.4501953125,13052.9599609375,0
2001-06-26,12978.8203125,13026.7998046875,12837.7998046875,12856.150390625,0
2001-06-27,12828.98046875,12987.849609375,12828.98046875,12936.51953125,0
2001-06-28,12679.8798828125,12876.5595703125,12567.259765625,12853.650390625,0
2001-06-29,12969.0498046875,12985.2099609375,12819.4599609375,12843.9501953125,0
2001-07-02,12751.1796875,12929.66015625,12629.509765625,12929.66015625,0
2001-07-03,12817.41015625,12922.150390625,12747.0498046875,12855.5,0
2001-07-04,12629.01953125,12801.4599609375,12584.990234375,12801.4599609375,0
2001-07-05,12607.2998046875,12676.830078125,12515.509765625,12563.4404296875,0
2001-07-06,12306.080078125,12499.2998046875,12289.6103515625,12499.2998046875,0
2001-07-09,12239.6796875,12239.6796875,12029.2001953125,12191.3095703125,0
2001-07-10,12300.41015625,12382.2900390625,12143.9404296875,12247.9404296875,0
2001-07-11,12005.1103515625,12178.25,12005.1103515625,12178.25,0
2001-07-12,12407.9501953125,12407.9501953125,12133.0498046875,12133.0498046875,0
2001-07-13,12355.150390625,12444.5595703125,12294.0400390625,12417.5595703125,0
2001-07-16,12343.3701171875,12408.3896484375,12263.4501953125,12408.3896484375,0
2001-07-17,12128.5703125,12224.7099609375,12102.9404296875,12215.4697265625,0
2001-07-18,11892.580078125,12135.3095703125,11847.73046875,12121.41015625,0
2001-07-19,11908.3896484375,11980.25,11863.1201171875,11898.1103515625,0
2001-07-23,11609.6298828125,11902.23046875,11531.6796875,11902.23046875,0
2001-07-24,11883.25,11883.25,11562.3798828125,11608.8603515625,0
2001-07-25,11891.6103515625,12054.2998046875,11760.9697265625,11823.099609375,0
2001-07-26,11858.5595703125,11962.73046875,11822.76953125,11914.33984375,0
2001-07-27,11798.080078125,11948.2001953125,11706.4697265625,11862.41015625,0
2001-07-30,11579.26953125,11868.1396484375,11539.16015625,11846.0,0
2001-07-31,11860.76953125,11877.83984375,11656.650390625,11656.650390625,0
2001-08-01,11959.330078125,11972.25,11817.759765625,11920.6396484375,0
2001-08-02,12399.2001953125,12407.3701171875,12060.5,12072.1103515625,0
2001-08-03,12241.9697265625,12365.8798828125,12241.26953125,12336.509765625,0
2001-08-06,12243.900390625,12327.23046875,12095.1103515625,12170.1103515625,0
2001-08-07,12319.4599609375,12388.6103515625,12079.5498046875,12154.7197265625,0
2001-08-08,12163.669921875,12293.3896484375,12129.3701171875,12265.240234375,0
2001-08-09,11754.5595703125,12043.0498046875,11754.5595703125,12036.990234375,0
2001-08-10,11735.0595703125,11870.91015625,11683.2197265625,11683.2197265625,0
2001-08-13,11477.5595703125,11697.1201171875,11417.7001953125,11697.1201171875,0
2001-08-14,11917.9501953125,11936.75,11587.0400390625,11587.0400390625,0
2001-08-15,11755.400390625,11823.919921875,11648.8603515625,11812.0,0
2001-08-16,11515.01953125,11645.2998046875,11450.76953125,11645.2998046875,0
2001-08-17,11445.5400390625,11581.25,11412.3603515625,11537.6904296875,0
2001-08-20,11257.9404296875,11358.08984375,11239.4501953125,11347.240234375,0
2001-08-21,11280.3798828125,11370.6103515625,11159.26953125,11317.1298828125,0
2001-08-22,11396.4296875,11504.0595703125,11202.669921875,11220.25,0
2001-08-23,11126.919921875,11414.990234375,11104.1796875,11414.990234375,0
2001-08-24,11166.3095703125,11230.1396484375,11075.419921875,11190.5400390625,0
2001-08-27,11275.009765625,11366.1796875,11273.9599609375,11273.9599609375,0
2001-08-28,11189.400390625,11267.9501953125,11049.8603515625,11255.6796875,0
2001-08-29,10979.759765625,11142.3095703125,10973.26953125,11087.150390625,0
2001-08-30,10938.4501953125,10969.0595703125,10807.75,10918.5400390625,0
2001-08-31,10713.509765625,10860.7001953125,10684.16015625,10811.3701171875,0
2001-09-03,10409.6796875,10758.900390625,10409.6796875,10729.599609375,0
2001-09-04,10772.58984375,10772.58984375,10325.830078125,10413.7099609375,0
2001-09-05,10598.7900390625,10679.5302734375,10452.98046875,10679.5302734375,0
2001-09-06,10650.330078125,10812.8896484375,10509.6796875,10575.259765625,0
2001-09-07,10516.7900390625,10566.650390625,10405.7998046875,10541.8603515625,0
2001-09-10,10195.6904296875,10457.08984375,10195.6904296875,10395.099609375,0
2001-09-11,10292.9501953125,10344.580078125,10207.0302734375,10244.5498046875,0
2001-09-12,9610.099609375,10140.419921875,9600.83984375,10140.419921875,0
2001-09-13,9613.08984375,9682.6298828125,9476.8701171875,9663.9296875,0
2001-09-14,10008.8896484375,10009.4501953125,9580.33984375,9625.259765625,0
2001-09-17,9504.41015625,9881.0595703125,9447.759765625,9881.0595703125,0
2001-09-18,9679.8798828125,9945.7998046875,9623.98046875,9623.98046875,0
2001-09-19,9939.599609375,10061.099609375,9681.7900390625,9682.51953125,0
2001-09-20,9785.16015625,9842.16015625,9688.1201171875,9837.169921875,0
2001-09-21,9554.990234375,9658.1904296875,9382.9501953125,9658.1904296875,0
2001-09-25,9693.9697265625,9867.8603515625,9593.0703125,9637.599609375,0
2001-09-26,9641.7001953125,9697.1201171875,9551.73046875,9687.509765625,0
2001-09-27,9696.5302734375,9727.2998046875,9585.8095703125,9601.0703125,0
2001-09-28,9774.6796875,9933.6904296875,9737.419921875,9783.7998046875,0
2001-10-01,9972.2802734375,9972.2802734375,9604.08984375,9766.75,0
2001-10-02,10136.5595703125,10136.5595703125,9871.9404296875,9937.8095703125,0
2001-10-03,9924.23046875,10221.8203125,9924.23046875,10194.73046875,0
2001-10-04,10205.48046875,10215.8896484375,10038.6103515625,10038.6103515625,0
2001-10-05,10205.8701171875,10261.8603515625,10039.509765625,10165.4501953125,0
2001-10-09,10011.76953125,10143.3896484375,10011.76953125,10143.3896484375,0
2001-10-10,9964.8798828125,10030.2197265625,9934.0,9995.4296875,0
2001-10-11,10347.009765625,10347.009765625,10052.080078125,10074.509765625,0
2001-10-12,10632.349609375,10632.349609375,10421.5703125,10474.349609375,0
2001-10-15,10452.5400390625,10545.25,10447.990234375,10545.25,0
2001-10-16,10637.8203125,10694.0595703125,10412.25,10433.900390625,0
2001-10-17,10755.4501953125,10790.0302734375,10563.51953125,10672.0,0
2001-10-18,10474.849609375,10668.6904296875,10474.849609375,10654.5302734375,0
2001-10-19,10538.7900390625,10595.9697265625,10437.7998046875,10472.4404296875,0
2001-10-22,10565.41015625,10581.5400390625,10516.58984375,10529.23046875,0
2001-10-23,10861.5595703125,10861.5595703125,10649.58984375,10685.349609375,0
2001-10-24,10802.150390625,10960.91015625,10771.6298828125,10811.6796875,0
2001-10-25,10880.099609375,11052.009765625,10838.599609375,10847.099609375,0
2001-10-26,10795.16015625,11020.5,10774.2900390625,10951.8798828125,0
2001-10-29,10612.3095703125,10798.080078125,10612.3095703125,10779.1904296875,0
2001-10-30,10512.8203125,10538.7900390625,10416.4404296875,10522.8203125,0
2001-10-31,10366.33984375,10478.509765625,10366.33984375,10443.650390625,0
2001-11-01,10347.2802734375,10498.3896484375,10318.169921875,10430.58984375,0
2001-11-02,10383.7802734375,10538.4501953125,10322.2802734375,10460.6103515625,0
2001-11-05,10447.5400390625,10447.5400390625,10345.2802734375,10427.349609375,0
2001-11-06,10633.7197265625,10633.7197265625,10494.8896484375,10518.01953125,0
2001-11-07,10284.98046875,10632.490234375,10284.98046875,10607.349609375,0
2001-11-08,10431.7900390625,10431.7900390625,10269.9697265625,10345.490234375,0
2001-11-09,10215.7099609375,10412.6201171875,10213.009765625,10412.6201171875,0
2001-11-12,10081.5595703125,10260.7001953125,10081.5595703125,10225.58984375,0
2001-11-13,10030.5595703125,10057.740234375,9955.08984375,10035.650390625,0
2001-11-14,10086.759765625,10231.16015625,10076.58984375,10120.16015625,0
2001-11-15,10489.8896484375,10489.8896484375,10142.419921875,10159.3798828125,0
2001-11-16,10649.08984375,10850.48046875,10454.2001953125,10488.7001953125,0
2001-11-19,10727.9404296875,10849.1904296875,10618.6904296875,10643.330078125,0
2001-11-20,10575.6201171875,10779.580078125,10555.4404296875,10779.580078125,0
2001-11-21,10661.080078125,10789.1796875,10490.599609375,10530.2900390625,0
2001-11-22,10696.8203125,10702.33984375,10529.2099609375,10617.4404296875,0
2001-11-26,11064.2998046875,11067.919921875,10797.1201171875,10797.1201171875,0
2001-11-27,10948.8896484375,11186.75,10948.8896484375,11012.849609375,0
2001-11-28,10624.8095703125,10900.3095703125,10624.8095703125,10862.240234375,0
2001-11-29,10655.9599609375,10668.73046875,10512.66015625,10607.4501953125,0
2001-11-30,10697.4404296875,10697.900390625,10550.66015625,10659.8701171875,0
2001-12-03,10370.6201171875,10695.0400390625,10370.6201171875,10694.650390625,0
2001-12-04,10452.650390625,10478.4697265625,10326.51953125,10414.9404296875,0
2001-12-05,10713.8095703125,10724.6396484375,10523.2197265625,10549.3896484375,0
2001-12-06,10857.2802734375,11052.509765625,10813.7900390625,10830.8603515625,0
2001-12-07,10796.8896484375,10918.1904296875,10762.9697265625,10833.2998046875,0
2001-12-10,10571.009765625,10738.3896484375,10571.009765625,10736.1201171875,0
2001-12-11,10473.91015625,10606.919921875,10467.6103515625,10523.8603515625,0
2001-12-12,10801.51953125,10821.1298828125,10490.0703125,10490.0703125,0
2001-12-13,10433.4501953125,10731.8095703125,10433.4501953125,10721.6103515625,0
2001-12-14,10511.650390625,10603.7099609375,10379.58984375,10465.23046875,0
2001-12-17,10323.349609375,10484.3798828125,10302.9697265625,10482.400390625,0
2001-12-18,10432.169921875,10582.0703125,10330.580078125,10422.16015625,0
2001-12-19,10471.9296875,10500.4404296875,10347.1796875,10393.0400390625,0
2001-12-20,10434.51953125,10501.98046875,10346.400390625,10485.7998046875,0
2001-12-21,10335.4501953125,10418.58984375,10253.7197265625,10394.73046875,0
2001-12-25,10254.8095703125,10359.2197265625,10178.8701171875,10359.2197265625,0
2001-12-26,10192.5703125,10300.6298828125,10170.900390625,10273.0498046875,0
2001-12-27,10457.6103515625,10457.6103515625,10176.3095703125,10213.3203125,0
2001-12-28,10542.6201171875,10571.75,10427.6201171875,10498.7998046875,0
2002-01-04,10871.490234375,10871.490234375,10617.080078125,10631.0,0
2002-01-07,10942.3603515625,10979.919921875,10803.4501953125,10803.4501953125,0
2002-01-08,10695.599609375,10843.259765625,10662.25,10841.9697265625,0
2002-01-09,10663.98046875,10747.599609375,10638.4296875,10661.25,0
2002-01-10,10538.4296875,10710.48046875,10494.349609375,10652.169921875,0
2002-01-11,10441.58984375,10571.5,10441.58984375,10536.25,0
2002-01-15,10208.0498046875,10359.4404296875,10208.0498046875,10359.4404296875,0
2002-01-16,10177.580078125,10269.0302734375,10096.33984375,10172.16015625,0
2002-01-17,10128.1796875,10257.4501953125,10074.4501953125,10184.9501953125,0
2002-01-18,10293.3203125,10296.7900390625,10151.4296875,10165.16015625,0
2002-01-21,10280.25,10393.5595703125,10169.7998046875,10252.4296875,0
2002-01-22,10050.98046875,10280.2998046875,10050.98046875,10225.51953125,0
2002-01-23,10040.91015625,10154.8203125,10040.91015625,10063.919921875,0
2002-01-24,10074.0498046875,10240.3896484375,10012.7998046875,10089.25,0
2002-01-25,10144.1396484375,10149.8701171875,10017.48046875,10133.58984375,0
2002-01-28,10220.849609375,10303.740234375,10156.1904296875,10190.2802734375,0
2002-01-29,10026.0302734375,10191.75,10026.0302734375,10191.75,0
2002-01-30,9919.48046875,9938.330078125,9843.1201171875,9921.73046875,0
2002-01-31,9997.7998046875,10012.150390625,9896.83984375,9962.349609375,0
2002-02-01,9791.4296875,10032.25,9735.0498046875,10026.9599609375,0
2002-02-04,9631.9296875,9808.8203125,9623.990234375,9808.8203125,0
2002-02-05,9475.599609375,9683.9296875,9473.4599609375,9577.169921875,0
2002-02-06,9420.849609375,9602.51953125,9420.849609375,9494.6201171875,0
2002-02-07,9583.26953125,9634.7900390625,9458.7001953125,9481.08984375,0
2002-02-08,9686.0595703125,9753.75,9538.4501953125,9564.75,0
2002-02-12,9877.990234375,9949.73046875,9816.9599609375,9816.9599609375,0
2002-02-13,9968.349609375,10039.25,9865.75,9901.8896484375,0
2002-02-14,10081.08984375,10235.3798828125,10014.1796875,10014.1796875,0
2002-02-15,10048.099609375,10152.0,10025.5498046875,10098.23046875,0
2002-02-18,10093.25,10119.2099609375,9980.8896484375,10021.5498046875,0
2002-02-19,9847.16015625,10129.33984375,9847.16015625,10113.6904296875,0
2002-02-20,9834.1298828125,9901.240234375,9773.9501953125,9783.16015625,0
2002-02-21,10295.419921875,10295.419921875,9895.4501953125,9913.849609375,0
2002-02-22,10356.7802734375,10418.6396484375,10165.7197265625,10219.849609375,0
2002-02-25,10296.4697265625,10446.2802734375,10289.830078125,10394.73046875,0
2002-02-26,10202.6298828125,10458.8701171875,10183.51953125,10405.4599609375,0
2002-02-27,10573.08984375,10573.08984375,10268.8701171875,10268.8701171875,0
2002-02-28,10587.830078125,10798.669921875,10587.830078125,10634.9296875,0
2002-03-01,10812.0,10813.4501953125,10540.3095703125,10641.3603515625,0
2002-03-04,11450.2197265625,11450.2197265625,10941.3603515625,10942.5,0
2002-03-05,11348.4501953125,11602.75,11348.4501953125,11529.2099609375,0
2002-03-06,11358.5302734375,11648.3798828125,11358.5302734375,11375.8701171875,0
2002-03-07,11648.33984375,11690.3603515625,11472.8798828125,11473.6298828125,0
2002-03-08,11885.7900390625,12010.25,11634.3095703125,11710.2001953125,0
2002-03-11,11919.2998046875,12034.0400390625,11772.8603515625,11941.919921875,0
2002-03-12,11607.330078125,11912.2900390625,11607.330078125,11863.7099609375,0
2002-03-13,11415.3095703125,11774.1796875,11415.3095703125,11548.240234375,0
2002-03-14,11568.8203125,11568.8203125,11347.25,11471.830078125,0
2002-03-15,11648.009765625,11709.4404296875,11537.8896484375,11594.8701171875,0
2002-03-18,11498.3798828125,11789.4599609375,11477.6796875,11745.8095703125,0
2002-03-19,11792.8203125,11792.8203125,11597.8603515625,11597.8603515625,0
2002-03-20,11526.7802734375,11833.9697265625,11503.7900390625,11833.9697265625,0
2002-03-22,11345.080078125,11519.6796875,11326.2197265625,11460.9501953125,0
2002-03-25,11261.08984375,11378.7802734375,11166.919921875,11339.0595703125,0
2002-03-26,11207.919921875,11524.23046875,11165.0,11214.25,0
2002-03-27,11323.6796875,11421.009765625,11190.3896484375,11251.7001953125,0
2002-03-28,11333.1103515625,11348.2197265625,11240.990234375,11313.5595703125,0
2002-03-29,11024.9404296875,11389.599609375,11024.9404296875,11350.349609375,0
2002-04-01,11028.7001953125,11148.5,11007.6298828125,11106.0703125,0
2002-04-02,11204.490234375,11217.240234375,11049.849609375,11142.830078125,0
2002-04-03,11400.7099609375,11476.9404296875,11042.25,11103.7197265625,0
2002-04-04,11379.2001953125,11537.1298828125,11336.2001953125,11430.25,0
2002-04-05,11335.490234375,11412.990234375,11301.9501953125,11366.400390625,0
2002-04-08,11352.8896484375,11430.0302734375,11265.1796875,11321.2802734375,0
2002-04-09,11114.490234375,11363.2001953125,11113.080078125,11337.490234375,0
2002-04-10,11218.580078125,11293.169921875,11052.7001953125,11089.1298828125,0
2002-04-11,11147.26953125,11320.669921875,11147.26953125,11291.3798828125,0
2002-04-12,10962.98046875,11122.76953125,10896.1201171875,11069.83984375,0
2002-04-15,11137.2998046875,11138.7001953125,10941.8095703125,11013.669921875,0
2002-04-16,11346.66015625,11346.66015625,11141.26953125,11160.91015625,0
2002-04-17,11543.7099609375,11544.830078125,11403.7900390625,11422.75,0
2002-04-18,11575.73046875,11635.98046875,11485.08984375,11499.7802734375,0
2002-04-19,11512.009765625,11525.8798828125,11386.7197265625,11488.5,0
2002-04-22,11721.6396484375,11765.0498046875,11555.080078125,11555.080078125,0
2002-04-23,11736.830078125,11812.990234375,11576.7099609375,11633.1796875,0
2002-04-24,11672.8798828125,11808.25,11663.7099609375,11749.3203125,0
2002-04-25,11648.7197265625,11708.009765625,11583.0703125,11691.73046875,0
2002-04-26,11541.3896484375,11685.080078125,11464.58984375,11681.7998046875,0
2002-04-30,11492.5400390625,11548.7802734375,11440.66015625,11532.5703125,0
2002-05-01,11552.7900390625,11591.490234375,11528.2900390625,11540.08984375,0
2002-05-02,11551.009765625,11609.6904296875,11518.5703125,11609.6904296875,0
2002-05-07,11316.0400390625,11508.580078125,11250.8603515625,11500.1298828125,0
2002-05-08,11520.75,11581.41015625,11356.5400390625,11356.5400390625,0
2002-05-09,11633.2998046875,11727.51953125,11620.51953125,11633.7998046875,0
2002-05-10,11531.1103515625,11587.4296875,11523.83984375,11534.73046875,0
2002-05-13,11336.9501953125,11473.9296875,11309.48046875,11473.9296875,0
2002-05-14,11356.1904296875,11507.66015625,11336.8095703125,11451.599609375,0
2002-05-15,11642.9697265625,11693.91015625,11486.0595703125,11486.0595703125,0
2002-05-16,11738.6904296875,11747.349609375,11579.1201171875,11671.419921875,0
2002-05-17,11847.3203125,11926.900390625,11817.650390625,11820.330078125,0
2002-05-20,11856.5400390625,11942.91015625,11836.2197265625,11887.7998046875,0
2002-05-21,11801.16015625,11824.73046875,11765.2099609375,11803.740234375,0
2002-05-22,11961.98046875,11963.23046875,11767.0,11767.5703125,0
2002-05-23,11979.849609375,12019.8603515625,11936.8701171875,12001.2802734375,0
2002-05-24,11976.2802734375,12023.419921875,11842.7998046875,12013.349609375,0
2002-05-27,11976.349609375,12081.4296875,11952.6796875,11975.330078125,0
2002-05-28,11936.080078125,11950.2802734375,11889.5595703125,11941.9697265625,0
2002-05-29,11853.0,11887.73046875,11796.58984375,11837.26953125,0
2002-05-30,11770.0302734375,11812.58984375,11680.580078125,11804.4599609375,0
2002-05-31,11763.7001953125,11911.91015625,11743.990234375,11780.490234375,0
2002-06-03,11901.3896484375,11905.16015625,11796.4501953125,11804.0400390625,0
2002-06-04,11653.0703125,11874.2998046875,11624.3896484375,11854.509765625,0
2002-06-05,11663.8701171875,11769.400390625,11654.1201171875,11703.8203125,0
2002-06-06,11574.9404296875,11743.8896484375,11540.3203125,11700.1298828125,0
2002-06-07,11438.5302734375,11467.0302734375,11365.6103515625,11467.0302734375,0
2002-06-10,11370.2099609375,11522.0400390625,11370.2099609375,11470.919921875,37900000
2002-06-11,11449.4404296875,11514.5302734375,11390.41015625,11390.41015625,39600000
2002-06-12,11327.0595703125,11405.2900390625,11261.9296875,11392.3203125,42800000
2002-06-13,11144.83984375,11396.2802734375,11132.58984375,11366.0595703125,46500000
2002-06-14,10920.6298828125,11127.16015625,10911.0703125,11121.8896484375,112800000
2002-06-17,10664.1103515625,10888.0400390625,10577.8896484375,10858.0498046875,56400000
2002-06-18,10839.9296875,10884.259765625,10747.6796875,10799.4296875,48100000
2002-06-19,10476.1796875,10771.599609375,10448.7001953125,10757.0302734375,58000000
2002-06-20,10612.98046875,10629.4404296875,10325.5498046875,10467.2197265625,60200000
2002-06-21,10354.349609375,10489.7802734375,10327.91015625,10489.7802734375,45800000
2002-06-24,10471.3203125,10490.8701171875,10169.0703125,10255.990234375,52600000
2002-06-25,10496.669921875,10580.490234375,10404.2197265625,10463.9697265625,52200000
2002-06-26,10074.5595703125,10376.2900390625,10060.7197265625,10376.2900390625,51400000
2002-06-27,10261.599609375,10335.9697265625,10176.1796875,10182.1201171875,42400000
2002-06-28,10621.83984375,10621.83984375,10366.4697265625,10390.5302734375,49000000
2002-07-01,10595.4404296875,10677.099609375,10541.2197265625,10655.0,43900000
2002-07-02,10622.3203125,10622.3203125,10371.259765625,10516.66015625,44900000
2002-07-03,10812.2998046875,10862.6904296875,10495.669921875,10521.6396484375,59400000
2002-07-04,10632.8095703125,10791.2197265625,10625.919921875,10752.33984375,49400000
2002-07-05,10826.08984375,10885.830078125,10701.3701171875,10701.3701171875,50200000
2002-07-08,10769.2001953125,11050.6904296875,10760.099609375,10969.2099609375,55900000
2002-07-09,10960.25,10960.25,10770.990234375,10836.1904296875,48100000
2002-07-10,10752.66015625,10975.7197265625,10752.66015625,10865.9296875,44800000
2002-07-11,10485.740234375,10647.58984375,10457.0703125,10647.58984375,45500000
2002-07-12,10601.4501953125,10694.41015625,10570.0,10608.6298828125,53100000
2002-07-15,10375.150390625,10548.2099609375,10373.2900390625,10548.2099609375,37400000
2002-07-16,10250.419921875,10503.0400390625,10250.419921875,10313.2099609375,50400000
2002-07-17,10296.01953125,10328.009765625,10113.6103515625,10256.3896484375,52800000
2002-07-18,10498.259765625,10513.990234375,10340.3095703125,10366.9501953125,51400000
2002-07-19,10202.3603515625,10421.5302734375,10174.6796875,10421.5302734375,43500000
2002-07-22,10189.009765625,10295.7099609375,9982.240234375,10076.2998046875,44700000
2002-07-23,10215.6298828125,10268.0498046875,10003.8095703125,10102.4599609375,49600000
2002-07-24,9947.7197265625,10142.900390625,9901.08984375,10134.8798828125,53900000
2002-07-25,9929.91015625,10166.6796875,9911.1298828125,10079.98046875,51500000
2002-07-26,9591.0302734375,9868.330078125,9547.849609375,9868.330078125,57800000
2002-07-29,9666.669921875,9852.7998046875,9636.6904296875,9654.1298828125,49900000
2002-07-30,10003.7197265625,10013.990234375,9791.4501953125,9801.08984375,54400000
2002-07-31,9877.9404296875,9965.01953125,9831.58984375,9964.75,48000000
2002-08-01,9793.509765625,9912.58984375,9738.23046875,9912.58984375,49400000
2002-08-02,9709.66015625,9791.9404296875,9633.830078125,9716.7099609375,53900000
2002-08-05,9704.9296875,9775.9296875,9636.919921875,9637.3095703125,55800000
2002-08-06,9501.01953125,9623.16015625,9439.41015625,9622.51953125,63000000
2002-08-07,9834.400390625,9875.330078125,9636.5400390625,9637.240234375,54000000
2002-08-08,9799.5703125,9941.009765625,9740.4296875,9844.7001953125,47400000
2002-08-09,9999.7900390625,10043.2998046875,9856.8603515625,9871.76953125,53100000
2002-08-12,9747.8203125,9931.8203125,9747.8203125,9931.8203125,34600000
2002-08-13,9688.6103515625,9795.9501953125,9644.1396484375,9671.330078125,33300000
2002-08-14,9638.41015625,9681.83984375,9618.8701171875,9642.0302734375,35600000
2002-08-15,9795.5703125,9851.6796875,9740.2001953125,9740.2001953125,40400000
2002-08-16,9788.1298828125,9883.650390625,9727.8798828125,9859.169921875,34100000
2002-08-19,9599.099609375,9773.3798828125,9499.509765625,9773.3798828125,38300000
2002-08-20,9620.6904296875,9743.099609375,9585.669921875,9696.4296875,41600000
2002-08-21,9642.6103515625,9706.6904296875,9523.8603515625,9540.7099609375,41300000
2002-08-22,9814.01953125,9851.8896484375,9551.1396484375,9650.5400390625,53000000
2002-08-23,9867.4501953125,9979.8798828125,9863.83984375,9894.7998046875,54400000
2002-08-26,10067.740234375,10162.2998046875,9797.0400390625,9811.83984375,51200000
2002-08-27,9907.2998046875,10067.25,9899.240234375,10001.4404296875,38500000
2002-08-28,9766.73046875,9953.400390625,9745.3095703125,9921.080078125,38700000
2002-08-29,9620.1396484375,9697.5498046875,9558.6796875,9681.41015625,39100000
2002-08-30,9619.2998046875,9677.5703125,9524.7802734375,9646.7802734375,36700000
2002-09-02,9521.6298828125,9565.080078125,9487.8896484375,9564.900390625,32700000
2002-09-03,9217.0400390625,9472.5595703125,9217.0400390625,9449.2001953125,51000000
2002-09-04,9075.08984375,9159.0595703125,8995.2001953125,9122.7001953125,62500000
2002-09-05,9222.1201171875,9290.400390625,9075.7001953125,9147.66015625,51700000
2002-09-06,9129.0703125,9150.4501953125,8969.259765625,9108.599609375,51000000
2002-09-09,9306.259765625,9353.4404296875,9221.5,9221.5,41700000
2002-09-10,9309.3095703125,9455.849609375,9274.4599609375,9354.8896484375,45600000
2002-09-11,9400.080078125,9432.4404296875,9353.1796875,9384.1796875,40400000
2002-09-12,9415.23046875,9440.5400390625,9251.4599609375,9359.1298828125,39800000
2002-09-13,9241.9296875,9305.6904296875,9156.7900390625,9298.900390625,111800000
2002-09-17,9543.9404296875,9577.419921875,9349.3798828125,9349.3798828125,48700000
2002-09-18,9472.0595703125,9521.580078125,9257.8603515625,9431.8798828125,54800000
2002-09-19,9669.6201171875,9884.599609375,9606.7802734375,9606.7802734375,82800000
2002-09-20,9481.080078125,9672.8203125,9448.3203125,9566.16015625,47900000
2002-09-24,9321.6396484375,9396.419921875,9188.2900390625,9396.419921875,54700000
2002-09-25,9165.41015625,9349.240234375,9106.4501953125,9212.6298828125,43700000
2002-09-26,9320.919921875,9386.9599609375,9264.9697265625,9264.9697265625,41500000
2002-09-27,9530.4404296875,9572.3701171875,9415.740234375,9415.740234375,58200000
2002-09-30,9383.2900390625,9470.7099609375,9315.25,9421.25,40800000
2002-10-01,9162.259765625,9289.5302734375,9143.2802734375,9289.5302734375,44300000
2002-10-02,9049.330078125,9293.8603515625,9049.330078125,9252.2900390625,41500000
2002-10-03,8936.4296875,9087.9599609375,8927.5703125,9057.98046875,57500000
2002-10-04,9027.5498046875,9027.5498046875,8860.650390625,8899.76953125,62100000
2002-10-07,8688.0,8920.740234375,8650.3603515625,8920.740234375,60900000
2002-10-08,8708.900390625,8798.9404296875,8674.48046875,8712.2197265625,54400000
2002-10-09,8539.33984375,8651.66015625,8498.4599609375,8649.0595703125,53900000
2002-10-10,8439.6201171875,8487.58984375,8197.2197265625,8468.0302734375,62000000
2002-10-11,8529.6103515625,8611.400390625,8483.490234375,8512.5703125,56500000
2002-10-15,8836.73046875,8871.4404296875,8641.66015625,8641.66015625,46700000
2002-10-16,8884.8701171875,8974.7900390625,8826.419921875,8934.0703125,48600000
2002-10-17,8959.8798828125,9038.4296875,8894.1298828125,8894.1298828125,36200000
2002-10-18,9086.1298828125,9134.7998046875,9055.9296875,9055.9296875,47500000
2002-10-21,8978.41015625,9116.51953125,8948.330078125,9108.509765625,36100000
2002-10-22,8689.3896484375,8969.509765625,8689.3896484375,8969.509765625,44500000
2002-10-23,8714.51953125,8758.669921875,8499.490234375,8623.8701171875,51600000
2002-10-24,8614.2998046875,8735.6201171875,8549.48046875,8724.7001953125,44800000
2002-10-25,8726.2900390625,8758.75,8612.5703125,8612.5703125,40400000
2002-10-28,8757.509765625,8757.509765625,8557.9296875,8680.0595703125,36600000
2002-10-29,8708.759765625,8785.4404296875,8678.25,8715.740234375,39100000
2002-10-30,8756.58984375,8842.7802734375,8615.2998046875,8631.41015625,44400000
2002-10-31,8640.48046875,8830.7099609375,8576.7001953125,8830.7099609375,48300000
2002-11-01,8685.7197265625,8698.1904296875,8571.4296875,8651.669921875,41600000
2002-11-05,8937.5595703125,8995.509765625,8790.5703125,8790.66015625,52800000
2002-11-06,8953.2900390625,9100.6796875,8914.08984375,8955.830078125,52300000
2002-11-07,8920.4404296875,8955.7001953125,8854.4404296875,8911.669921875,52400000
2002-11-08,8690.76953125,8824.4599609375,8657.1796875,8824.4599609375,46500000
2002-11-11,8460.3701171875,8619.740234375,8430.5,8619.740234375,46000000
2002-11-12,8464.76953125,8526.8798828125,8380.4599609375,8402.5595703125,49900000
2002-11-13,8438.51953125,8505.9296875,8389.3603515625,8505.9296875,47400000
2002-11-14,8303.3896484375,8501.3603515625,8303.3896484375,8428.58984375,51700000
2002-11-15,8503.58984375,8517.25,8399.6796875,8402.259765625,52500000
2002-11-18,8346.009765625,8479.7802734375,8292.349609375,8477.66015625,55000000
2002-11-19,8365.259765625,8413.58984375,8246.5302734375,8329.6298828125,65000000
2002-11-20,8459.6201171875,8533.009765625,8355.41015625,8383.5595703125,68700000
2002-11-21,8668.0595703125,8683.2998046875,8530.9296875,8537.9697265625,73400000
2002-11-22,8772.5595703125,8819.599609375,8715.9404296875,8758.2197265625,68200000
2002-11-25,8944.4404296875,8956.48046875,8751.6201171875,8818.400390625,65600000
2002-11-26,8823.990234375,8983.240234375,8749.8798828125,8943.5703125,52000000
2002-11-27,8875.8798828125,8927.0400390625,8761.169921875,8761.169921875,47300000
2002-11-28,9176.7802734375,9185.6796875,8967.6396484375,8968.490234375,65700000
2002-11-29,9215.5595703125,9294.099609375,9125.349609375,9171.759765625,65100000
2002-12-02,9174.4697265625,9251.8203125,9112.4599609375,9208.6103515625,47800000
2002-12-03,9205.1103515625,9320.1103515625,9183.580078125,9244.169921875,53600000
2002-12-04,9006.73046875,9126.6298828125,8960.6201171875,9126.6298828125,52800000
2002-12-05,8917.5703125,9035.419921875,8907.349609375,8968.6298828125,49300000
2002-12-06,8863.259765625,8907.150390625,8805.0400390625,8897.669921875,49000000
2002-12-09,8828.0498046875,8942.2099609375,8798.5595703125,8836.6796875,44000000
2002-12-10,8804.51953125,8869.259765625,8753.5,8756.099609375,48100000
2002-12-11,8727.66015625,8876.0302734375,8725.3203125,8855.8701171875,47000000
2002-12-12,8708.6904296875,8754.8095703125,8682.98046875,8742.6298828125,36400000
2002-12-13,8516.0703125,8694.23046875,8496.2900390625,8694.23046875,88600000
2002-12-16,8450.9404296875,8570.4296875,8416.2001953125,8499.08984375,44500000
2002-12-17,8510.73046875,8583.6796875,8487.2001953125,8525.150390625,46400000
2002-12-18,8344.009765625,8489.5302734375,8310.419921875,8468.4296875,43700000
2002-12-19,8387.5703125,8411.759765625,8256.51953125,8312.2998046875,48400000
2002-12-20,8406.8798828125,8421.91015625,8305.7998046875,8408.3798828125,49300000
2002-12-24,8512.3701171875,8556.580078125,8389.490234375,8434.259765625,51000000
2002-12-25,8501.1396484375,8527.73046875,8455.6298828125,8502.1103515625,32900000
2002-12-26,8700.099609375,8706.48046875,8572.7197265625,8575.580078125,29300000
2002-12-27,8714.0498046875,8714.0498046875,8630.8203125,8686.5,32600000
2002-12-30,8578.9501953125,8617.650390625,8543.7001953125,8617.650390625,16800000
2003-01-06,8713.330078125,8761.7802734375,8669.8896484375,8669.8896484375,23300000
2003-01-07,8656.5,8829.0595703125,8654.51953125,8810.740234375,48100000
2003-01-08,8517.7998046875,8614.41015625,8491.490234375,8614.41015625,38000000
2003-01-09,8497.9296875,8498.0302734375,8400.58984375,8440.3203125,39500000
2003-01-10,8470.4501953125,8569.849609375,8378.1796875,8563.3798828125,49500000
2003-01-14,8553.0595703125,8569.7998046875,8451.7001953125,8512.8203125,46300000
2003-01-15,8611.75,8612.1298828125,8475.0400390625,8564.169921875,59800000
2003-01-16,8609.169921875,8619.83984375,8536.1103515625,8572.66015625,59100000
2003-01-17,8690.25,8732.849609375,8562.1298828125,8566.8095703125,64900000
2003-01-20,8558.8203125,8657.7900390625,8495.0,8639.0400390625,64600000
2003-01-21,8708.580078125,8755.349609375,8528.8095703125,8562.1103515625,64200000
2003-01-22,8611.0400390625,8708.5400390625,8568.66015625,8680.5703125,69700000
2003-01-23,8790.919921875,8794.9697265625,8562.1904296875,8648.599609375,79700000
2003-01-24,8731.650390625,8825.669921875,8701.3203125,8779.4404296875,77300000
2003-01-27,8609.4697265625,8690.1298828125,8588.6298828125,8656.5,50500000
2003-01-28,8525.3896484375,8582.9296875,8511.1396484375,8531.5302734375,50800000
2003-01-29,8331.080078125,8529.669921875,8304.0498046875,8529.669921875,54100000
2003-01-30,8316.8095703125,8407.150390625,8312.41015625,8364.900390625,53600000
2003-01-31,8339.9404296875,8348.0703125,8237.0302734375,8291.9501953125,58300000
2003-02-03,8500.7900390625,8511.8701171875,8253.759765625,8285.5498046875,50700000
2003-02-04,8484.900390625,8579.41015625,8484.900390625,8555.73046875,59600000
2003-02-05,8549.849609375,8574.419921875,8423.9296875,8425.1904296875,55400000
2003-02-06,8484.1904296875,8595.23046875,8451.2001953125,8562.2802734375,48500000
2003-02-07,8448.16015625,8517.4501953125,8422.669921875,8482.740234375,38300000
2003-02-10,8484.9296875,8502.3603515625,8427.2998046875,8427.2998046875,37700000
2003-02-12,8664.169921875,8676.5302734375,8514.7802734375,8514.7802734375,65900000
2003-02-13,8599.66015625,8672.990234375,8550.48046875,8644.849609375,54100000
2003-02-14,8701.919921875,8771.6298828125,8613.73046875,8627.0,71400000
2003-02-17,8771.8896484375,8821.3095703125,8731.9599609375,8765.6904296875,62900000
2003-02-18,8692.9697265625,8794.400390625,8674.3798828125,8775.3798828125,61200000
2003-02-19,8678.4404296875,8772.9501953125,8667.169921875,8756.6103515625,54100000
2003-02-20,8650.919921875,8650.919921875,8575.66015625,8626.4404296875,44100000
2003-02-21,8513.5400390625,8685.419921875,8506.830078125,8652.6796875,45700000
2003-02-24,8564.9501953125,8606.580078125,8489.0302734375,8503.98046875,37500000
2003-02-25,8360.490234375,8481.23046875,8324.7001953125,8475.5498046875,49600000
2003-02-26,8356.8095703125,8429.169921875,8327.4599609375,8327.4599609375,40800000
2003-02-27,8359.3798828125,8377.6103515625,8266.9697265625,8344.080078125,50300000
2003-02-28,8363.0400390625,8448.7802734375,8332.41015625,8429.98046875,49700000
2003-03-03,8490.400390625,8490.400390625,8357.419921875,8397.150390625,46500000
2003-03-04,8480.2197265625,8499.76953125,8414.509765625,8474.83984375,46900000
2003-03-05,8472.6201171875,8493.6103515625,8370.58984375,8401.7197265625,57000000
2003-03-06,8369.150390625,8509.4296875,8369.150390625,8461.7099609375,59300000
2003-03-07,8144.1201171875,8336.2998046875,8144.1201171875,8296.5400390625,56400000
2003-03-10,8042.259765625,8112.8701171875,7975.35986328125,8097.27001953125,54000000
2003-03-11,7862.43017578125,8062.1201171875,7862.43017578125,7970.85986328125,67900000
2003-03-12,7943.0400390625,7998.009765625,7888.31005859375,7908.22998046875,50500000
2003-03-13,7868.56005859375,8003.18017578125,7868.56005859375,7968.77978515625,40900000
2003-03-14,8002.68994140625,8038.4599609375,7912.33984375,7912.33984375,103700000
2003-03-17,7871.64013671875,8018.31982421875,7870.77978515625,8010.39013671875,41300000
2003-03-18,7954.4599609375,8081.169921875,7954.4599609375,7975.25,56000000
2003-03-19,8051.0400390625,8051.0400390625,7824.81982421875,7956.43994140625,48500000
2003-03-20,8195.0498046875,8287.08984375,8121.91015625,8127.77001953125,54500000
2003-03-24,8435.0703125,8451.0498046875,8299.6396484375,8300.3203125,58000000
2003-03-25,8238.759765625,8377.169921875,8231.9501953125,8351.5400390625,48300000
2003-03-26,8351.919921875,8375.7900390625,8257.33984375,8257.33984375,39400000
2003-03-27,8368.669921875,8381.9296875,8323.740234375,8351.9404296875,43800000
2003-03-28,8280.16015625,8360.7197265625,8247.98046875,8360.7197265625,43700000
2003-03-31,7972.7099609375,8240.099609375,7950.9599609375,8240.099609375,45600000
2003-04-01,7986.72021484375,8019.47021484375,7866.669921875,7907.1298828125,54400000
2003-04-02,8069.85009765625,8069.85009765625,7917.5400390625,8052.9501953125,51700000
2003-04-03,8017.75,8178.240234375,7999.1201171875,8160.66015625,53400000
2003-04-04,8074.1201171875,8101.3701171875,7966.39013671875,7999.89990234375,51100000
2003-04-07,8249.98046875,8249.98046875,8077.4599609375,8123.93994140625,51000000
2003-04-08,8131.41015625,8200.25,8071.39013671875,8200.25,50400000
2003-04-09,8057.60986328125,8159.5,8024.81005859375,8091.259765625,57700000
2003-04-10,7980.1201171875,8031.0,7941.0498046875,8028.7998046875,51400000
2003-04-11,7816.490234375,7974.22021484375,7807.990234375,7960.89013671875,65300000
2003-04-14,7752.10009765625,7885.52001953125,7693.4599609375,7830.93994140625,64600000
2003-04-15,7838.830078125,7906.18994140625,7805.169921875,7805.169921875,60800000
2003-04-16,7879.490234375,7934.68994140625,7856.93994140625,7898.41015625,63400000
2003-04-17,7821.89990234375,7851.08984375,7807.9599609375,7828.669921875,48500000
2003-04-18,7874.509765625,7899.35009765625,7863.919921875,7866.06982421875,47600000
2003-04-21,7969.080078125,7996.5400390625,7852.9501953125,7889.419921875,49500000
2003-04-22,7790.4599609375,7946.9501953125,7747.85986328125,7946.9501953125,47800000
2003-04-23,7793.3798828125,7895.60009765625,7756.75,7829.009765625,51900000
2003-04-24,7854.56982421875,7937.85986328125,7806.1298828125,7844.14013671875,51500000
2003-04-25,7699.5,7806.2099609375,7660.6201171875,7806.2099609375,52100000
2003-04-28,7607.8798828125,7685.35986328125,7603.759765625,7679.10986328125,46100000
2003-04-30,7831.419921875,7831.419921875,7694.93017578125,7694.93017578125,63200000
2003-05-01,7863.2900390625,7896.16015625,7745.68994140625,7804.02978515625,55800000
2003-05-02,7907.18994140625,7907.18994140625,7792.2001953125,7862.6201171875,53400000
2003-05-06,8083.56005859375,8133.33984375,7995.490234375,7995.490234375,61400000
2003-05-07,8109.77001953125,8156.0,8061.81005859375,8126.85986328125,57600000
2003-05-08,8031.5498046875,8072.669921875,8019.330078125,8072.669921875,53600000
2003-05-09,8152.16015625,8152.16015625,8009.3701171875,8083.60009765625,65000000
2003-05-12,8221.1201171875,8236.830078125,8152.3798828125,8193.73046875,58700000
2003-05-13,8190.259765625,8339.0703125,8190.259765625,8253.669921875,63500000
2003-05-14,8244.91015625,8271.4697265625,8187.93994140625,8210.2998046875,55700000
2003-05-15,8123.39990234375,8217.66015625,8080.52978515625,8217.66015625,67100000
2003-05-16,8117.2900390625,8151.5,8087.240234375,8127.1298828125,53900000
2003-05-19,8039.1298828125,8098.740234375,7974.169921875,8091.39013671875,63700000
2003-05-20,8059.47998046875,8100.83984375,7962.3701171875,7986.81005859375,58700000
2003-05-21,8018.509765625,8120.91015625,7983.080078125,8060.89990234375,59400000
2003-05-22,8051.66015625,8072.759765625,7998.27001953125,8008.009765625,61500000
2003-05-23,8184.759765625,8219.8701171875,8110.2998046875,8120.4501953125,64200000
2003-05-26,8227.3203125,8262.8095703125,8192.1201171875,8192.1201171875,47600000
2003-05-27,8120.240234375,8205.580078125,8106.89990234375,8195.849609375,46100000
2003-05-28,8234.1796875,8311.83984375,8216.48046875,8216.48046875,48700000
2003-05-29,8375.3603515625,8383.9296875,8264.3896484375,8275.0498046875,61900000
2003-05-30,8424.509765625,8461.73046875,8379.759765625,8389.25,77200000
2003-06-02,8547.169921875,8602.2197265625,8488.8896484375,8490.2197265625,77100000
2003-06-03,8564.490234375,8605.5400390625,8492.240234375,8547.650390625,64900000
2003-06-04,8557.8603515625,8671.5595703125,8557.8603515625,8617.73046875,67800000
2003-06-05,8657.23046875,8685.5498046875,8606.9501953125,8651.9697265625,89600000
2003-06-06,8785.8701171875,8814.0400390625,8633.2998046875,8685.400390625,92400000
2003-06-09,8822.73046875,8882.509765625,8747.669921875,8790.0302734375,94000000
2003-06-10,8789.08984375,8807.259765625,8716.6201171875,8752.6396484375,69800000
2003-06-11,8890.2998046875,9007.2900390625,8834.4599609375,8834.4599609375,98500000
2003-06-12,8918.599609375,9002.2900390625,8893.3095703125,8979.8603515625,78700000
2003-06-13,8980.6396484375,9020.8896484375,8891.1796875,8941.7900390625,125900000
2003-06-16,8839.830078125,8924.4599609375,8809.4697265625,8923.7900390625,53300000
2003-06-17,9033.0,9062.3798828125,8944.349609375,8944.349609375,77800000
2003-06-18,9092.9697265625,9188.9501953125,9081.3095703125,9089.7001953125,75000000
2003-06-19,9110.509765625,9140.759765625,9001.9501953125,9118.1796875,69700000
2003-06-20,9120.3896484375,9122.900390625,9032.2900390625,9034.1201171875,81400000
2003-06-23,9137.1396484375,9172.5302734375,9074.3701171875,9112.5595703125,95200000
2003-06-24,8919.259765625,9074.66015625,8895.8203125,9060.4296875,74900000
2003-06-25,8932.259765625,8977.6904296875,8899.8095703125,8899.8095703125,73700000
2003-06-26,8923.41015625,8941.4599609375,8846.75,8931.419921875,68500000
2003-06-27,9104.0595703125,9132.9501953125,9014.58984375,9014.58984375,91900000
2003-06-30,9083.1103515625,9140.7099609375,9076.6201171875,9119.58984375,97400000
2003-07-01,9278.490234375,9285.5302734375,9078.740234375,9097.6103515625,107300000
2003-07-02,9592.240234375,9592.240234375,9353.76953125,9353.76953125,126000000
2003-07-03,9624.7998046875,9896.6396484375,9503.1396484375,9702.6904296875,145800000
2003-07-04,9547.73046875,9637.66015625,9483.009765625,9530.5703125,78800000
2003-07-07,9795.16015625,9839.900390625,9589.1904296875,9589.1904296875,97200000
2003-07-08,9898.7197265625,10027.599609375,9856.0400390625,9899.8701171875,117700000
2003-07-09,9990.9501953125,9990.9501953125,9813.2900390625,9894.7900390625,89100000
2003-07-10,9955.6201171875,10070.1103515625,9926.0400390625,9959.419921875,101000000
2003-07-11,9635.349609375,9851.6796875,9600.9599609375,9849.150390625,95400000
2003-07-14,9755.6298828125,9798.4404296875,9660.5400390625,9713.9599609375,64700000
2003-07-15,9751.0,9909.650390625,9741.3896484375,9839.2099609375,82100000
2003-07-16,9735.9697265625,9823.58984375,9639.3095703125,9806.5703125,69100000
2003-07-17,9498.8603515625,9659.2998046875,9495.990234375,9659.2998046875,67900000
2003-07-18,9527.73046875,9591.6201171875,9460.2802734375,9468.1201171875,66900000
2003-07-22,9485.9697265625,9541.0498046875,9406.490234375,9501.58984375,56000000
2003-07-23,9615.33984375,9631.259765625,9565.6796875,9574.5498046875,88000000
2003-07-24,9671.0,9718.3798828125,9606.099609375,9635.0595703125,75300000
2003-07-25,9648.009765625,9692.400390625,9569.8701171875,9652.4404296875,69300000
2003-07-28,9839.91015625,9846.1904296875,9737.150390625,9750.2001953125,67500000
2003-07-29,9834.3095703125,9932.1796875,9822.7197265625,9895.7099609375,76400000
2003-07-30,9632.66015625,9821.2802734375,9632.66015625,9811.599609375,79300000
2003-07-31,9563.2099609375,9646.2099609375,9507.3896484375,9616.330078125,73400000
2003-08-01,9611.669921875,9652.1904296875,9520.1396484375,9646.66015625,80600000
2003-08-04,9452.7900390625,9538.9404296875,9452.7900390625,9538.9404296875,60900000
2003-08-05,9382.580078125,9459.16015625,9304.7099609375,9456.8203125,78000000
2003-08-06,9323.91015625,9375.4296875,9287.3896484375,9296.650390625,68200000
2003-08-07,9265.5595703125,9334.5595703125,9224.0498046875,9324.580078125,64600000
2003-08-08,9327.5302734375,9367.6396484375,9251.73046875,9256.6904296875,74000000
2003-08-11,9487.7998046875,9498.150390625,9332.4697265625,9349.0498046875,50100000
2003-08-12,9564.8095703125,9620.2099609375,9517.1396484375,9547.580078125,60500000
2003-08-13,9752.75,9762.16015625,9637.9296875,9637.9296875,78500000
2003-08-14,9913.4697265625,9924.6904296875,9678.990234375,9730.6298828125,94700000
2003-08-15,9863.4697265625,10038.08984375,9854.26953125,9945.2998046875,95500000
2003-08-18,10032.9697265625,10048.919921875,9933.5498046875,9933.5498046875,85100000
2003-08-19,10174.099609375,10241.9404296875,10131.2099609375,10143.3095703125,117800000
2003-08-20,10292.0595703125,10334.2900390625,10164.419921875,10201.2099609375,107500000
2003-08-21,10362.6904296875,10377.3896484375,10202.7197265625,10245.9599609375,108500000
2003-08-22,10281.169921875,10378.1298828125,10262.26953125,10374.2197265625,90600000
2003-08-25,10276.6396484375,10331.26953125,10205.25,10264.6103515625,62400000
2003-08-26,10332.5703125,10356.759765625,10171.169921875,10208.5595703125,86400000
2003-08-27,10308.990234375,10415.5302734375,10272.9599609375,10349.6396484375,101500000
2003-08-28,10225.2197265625,10356.419921875,10189.7998046875,10326.580078125,85000000
2003-08-29,10343.5498046875,10362.849609375,10282.509765625,10315.259765625,85800000
2003-09-01,10670.1796875,10670.1796875,10381.98046875,10399.5302734375,100400000
2003-09-02,10690.080078125,10748.759765625,10616.6103515625,10668.580078125,102900000
2003-09-03,10715.6904296875,10813.58984375,10601.48046875,10782.099609375,93900000
2003-09-04,10646.9501953125,10783.6796875,10646.9501953125,10751.5302734375,90600000
2003-09-05,10650.76953125,10707.75,10592.9296875,10700.830078125,73800000
2003-09-08,10683.759765625,10725.5400390625,10562.7802734375,10584.3603515625,61800000
2003-09-09,10922.0400390625,10927.6201171875,10765.0400390625,10766.4697265625,93300000
2003-09-10,10856.3203125,10938.2998046875,10839.2099609375,10872.4296875,89600000
2003-09-11,10546.330078125,10749.009765625,10540.2802734375,10742.490234375,71100000
2003-09-12,10712.8095703125,10751.4296875,10613.7001953125,10656.9296875,126200000
2003-09-16,10887.0302734375,10887.0302734375,10758.330078125,10786.330078125,93000000
2003-09-17,10990.1103515625,11099.0595703125,10964.990234375,11008.6298828125,115900000
2003-09-18,11033.3203125,11067.6201171875,10869.6904296875,10936.5302734375,87500000
2003-09-19,10938.419921875,11160.1904296875,10938.419921875,11123.73046875,115500000
2003-09-22,10475.099609375,10858.08984375,10412.2001953125,10858.08984375,121400000
2003-09-24,10502.2900390625,10672.5400390625,10367.169921875,10526.8896484375,116000000
2003-09-25,10310.0400390625,10371.6904296875,10225.48046875,10350.0302734375,84300000
2003-09-26,10318.4404296875,10366.2099609375,10213.75,10217.23046875,73700000
2003-09-29,10229.5703125,10309.169921875,10148.3603515625,10303.259765625,59600000
2003-09-30,10219.0498046875,10420.759765625,10219.0498046875,10294.75,59300000
2003-10-01,10361.240234375,10361.240234375,10173.5400390625,10232.5703125,80700000
2003-10-02,10593.5302734375,10620.6201171875,10465.8896484375,10476.580078125,116800000
2003-10-03,10709.2900390625,10726.919921875,10583.509765625,10618.080078125,114700000
2003-10-06,10740.1396484375,10905.1904296875,10719.91015625,10813.5595703125,106500000
2003-10-07,10820.330078125,10820.330078125,10697.830078125,10761.7099609375,66200000
2003-10-08,10542.2001953125,10797.7998046875,10511.419921875,10757.6201171875,75000000
2003-10-09,10531.4404296875,10598.9599609375,10485.599609375,10550.41015625,66300000
2003-10-10,10786.0400390625,10852.419921875,10569.7197265625,10569.7197265625,104100000
2003-10-14,10966.4296875,11031.73046875,10863.0595703125,10873.2998046875,96400000
2003-10-15,10899.9501953125,10997.6103515625,10856.419921875,10997.6103515625,107700000
2003-10-16,11025.150390625,11025.150390625,10831.759765625,10917.4697265625,114100000
2003-10-17,11037.8896484375,11112.2900390625,10977.900390625,11057.2197265625,96000000
2003-10-20,11161.7099609375,11210.9404296875,10875.26953125,10988.48046875,109400000
2003-10-21,11031.51953125,11238.6298828125,10996.5400390625,11234.3095703125,105800000
2003-10-22,10889.6201171875,11060.849609375,10883.76953125,11060.5498046875,82500000
2003-10-23,10335.16015625,10754.009765625,10304.2900390625,10754.009765625,97000000
2003-10-24,10335.7001953125,10480.5302734375,10186.76953125,10402.669921875,80100000
2003-10-27,10454.1201171875,10483.33984375,10349.759765625,10360.8603515625,59100000
2003-10-28,10561.009765625,10592.0498046875,10456.849609375,10490.2900390625,61300000
2003-10-29,10739.2197265625,10791.75,10653.5400390625,10653.5400390625,81800000
2003-10-30,10695.5595703125,10761.6201171875,10638.8896484375,10702.9404296875,74500000
2003-10-31,10559.58984375,10774.1103515625,10521.400390625,10708.0400390625,64300000
2003-11-04,10847.9697265625,10869.349609375,10693.66015625,10693.66015625,78000000
2003-11-05,10837.5400390625,10837.5400390625,10668.3896484375,10816.23046875,79500000
2003-11-06,10552.2998046875,10825.1396484375,10537.1298828125,10825.1396484375,87500000
2003-11-07,10628.98046875,10641.5,10479.25,10583.1201171875,67700000
2003-11-10,10504.5400390625,10617.98046875,10481.0703125,10592.349609375,63800000
2003-11-11,10207.0400390625,10407.7998046875,10112.099609375,10407.7998046875,90600000
2003-11-12,10226.2197265625,10328.91015625,10155.6396484375,10252.5703125,69700000
2003-11-13,10337.669921875,10431.41015625,10277.5400390625,10345.2099609375,63900000
2003-11-14,10167.0595703125,10354.83984375,10164.1201171875,10338.2001953125,79700000
2003-11-17,9786.830078125,10077.8798828125,9756.5,10077.8798828125,75900000
2003-11-18,9897.0498046875,9906.8798828125,9678.7802734375,9790.919921875,80500000
2003-11-19,9614.599609375,9804.7001953125,9614.599609375,9804.08984375,71200000
2003-11-20,9865.7001953125,9883.8896484375,9653.759765625,9722.0703125,74700000
2003-11-21,9852.830078125,9888.9296875,9758.33984375,9804.4404296875,68600000
2003-11-25,9960.2001953125,10064.4501953125,9959.509765625,9976.1298828125,64300000
2003-11-26,10144.830078125,10161.7900390625,9965.5400390625,9965.5400390625,58800000
2003-11-27,10163.3798828125,10173.599609375,10075.23046875,10155.2802734375,51000000
2003-11-28,10100.5703125,10144.4296875,10033.4697265625,10144.4296875,47700000
2003-12-01,10403.26953125,10439.0,9911.919921875,10006.1298828125,66700000
2003-12-02,10410.150390625,10552.349609375,10373.9501953125,10452.6396484375,68600000
2003-12-03,10326.3896484375,10485.4697265625,10326.3896484375,10412.240234375,58300000
2003-12-04,10429.990234375,10449.5400390625,10339.8896484375,10341.7099609375,68400000
2003-12-05,10373.4599609375,10456.7802734375,10333.6396484375,10406.4697265625,57900000
2003-12-08,10045.33984375,10293.740234375,10013.58984375,10281.25,60200000
2003-12-09,10124.2802734375,10158.650390625,10004.7099609375,10107.259765625,60200000
2003-12-10,9910.5595703125,10053.169921875,9859.0,10053.169921875,60100000
2003-12-11,10075.1396484375,10088.1103515625,9951.33984375,9972.580078125,58900000
2003-12-12,10169.66015625,10228.2197265625,10085.849609375,10139.6904296875,97900000
2003-12-15,10490.76953125,10490.76953125,10308.33984375,10308.33984375,76000000
2003-12-16,10271.599609375,10352.0400390625,10222.8798828125,10352.0400390625,58300000
2003-12-17,10092.6396484375,10280.080078125,10058.33984375,10276.1904296875,62000000
2003-12-18,10104.0,10173.6796875,10073.259765625,10096.7998046875,57600000
2003-12-19,10284.5400390625,10305.8095703125,10213.2099609375,10215.7099609375,62200000
2003-12-22,10372.509765625,10386.4404296875,10248.6201171875,10248.8095703125,54000000
2003-12-24,10371.26953125,10400.25,10326.169921875,10397.8603515625,54900000
2003-12-25,10365.349609375,10367.6796875,10311.599609375,10347.75,44700000
2003-12-26,10417.41015625,10417.41015625,10336.080078125,10367.1298828125,55400000
2003-12-29,10500.6201171875,10574.9404296875,10454.6904296875,10454.6904296875,52400000
2003-12-30,10676.6396484375,10681.2802734375,10609.580078125,10617.6201171875,39300000
2004-01-05,10825.169921875,10862.349609375,10785.8701171875,10787.830078125,44000000
2004-01-06,10813.990234375,10945.2998046875,10790.599609375,10918.48046875,76700000
2004-01-07,10757.8203125,10852.0595703125,10710.2998046875,10835.900390625,64900000
2004-01-08,10837.650390625,10888.6103515625,10727.7998046875,10760.98046875,80300000
2004-01-09,10965.0498046875,11008.5595703125,10861.2802734375,10932.33984375,95100000
2004-01-13,10849.6796875,10965.6103515625,10790.41015625,10965.6103515625,80400000
2004-01-14,10863.0,10883.240234375,10730.4501953125,10797.7001953125,89200000
2004-01-15,10665.150390625,10881.76953125,10665.150390625,10855.2001953125,85700000
2004-01-16,10857.2001953125,10857.2001953125,10715.25,10719.1904296875,72500000
2004-01-19,11036.330078125,11044.3095703125,10916.990234375,10937.4599609375,90500000
2004-01-20,11103.099609375,11193.6396484375,10979.25,11055.009765625,88200000
2004-01-21,11002.3896484375,11163.6201171875,11002.3896484375,11056.1396484375,83300000
2004-01-22,11000.7001953125,11115.1298828125,10997.4501953125,11060.3095703125,75400000
2004-01-23,11069.009765625,11139.3896484375,10937.48046875,11001.8701171875,77700000
2004-01-26,10972.599609375,11013.3701171875,10872.7900390625,11004.4404296875,74900000
2004-01-27,10928.0302734375,11075.2998046875,10916.509765625,11049.1201171875,63200000
2004-01-28,10852.4697265625,10901.4501953125,10799.5400390625,10844.580078125,64100000
2004-01-29,10779.4404296875,10786.2099609375,10666.5498046875,10755.3701171875,67900000
2004-01-30,10783.6103515625,10838.400390625,10729.3798828125,10761.830078125,62200000
2004-02-02,10776.73046875,10861.9697265625,10765.3798828125,10784.9296875,67900000
2004-02-03,10641.919921875,10800.7802734375,10507.9296875,10787.3203125,80400000
2004-02-04,10447.25,10627.259765625,10418.76953125,10614.73046875,82200000
2004-02-05,10464.599609375,10478.41015625,10374.900390625,10377.900390625,67900000
2004-02-06,10460.919921875,10502.349609375,10399.400390625,10484.4296875,57600000
2004-02-09,10402.6103515625,10595.9404296875,10359.169921875,10533.400390625,67300000
2004-02-10,10365.400390625,10460.400390625,10299.4296875,10418.1796875,61300000
2004-02-12,10459.259765625,10557.009765625,10449.7001953125,10450.3701171875,69900000
2004-02-13,10557.6904296875,10572.6201171875,10413.0595703125,10436.6904296875,70300000
2004-02-16,10548.7197265625,10617.7001953125,10534.41015625,10566.01953125,66100000
2004-02-17,10701.1298828125,10721.3095703125,10529.259765625,10556.1796875,81500000
2004-02-18,10676.8095703125,10798.150390625,10676.8095703125,10759.48046875,67800000
2004-02-19,10753.7998046875,10813.0595703125,10723.4296875,10745.400390625,63700000
2004-02-20,10720.6904296875,10765.7900390625,10676.2099609375,10743.7998046875,55800000
2004-02-23,10868.9599609375,10893.4296875,10736.4404296875,10745.0498046875,65000000
2004-02-24,10644.1298828125,10856.5595703125,10629.7197265625,10821.9697265625,61800000
2004-02-25,10658.73046875,10727.4697265625,10617.8603515625,10626.6396484375,55500000
2004-02-26,10815.2900390625,10815.2900390625,10690.9501953125,10734.330078125,53600000
2004-02-27,11041.919921875,11069.2802734375,10851.76953125,10852.75,86500000
2004-03-01,11271.1201171875,11329.0,11096.6796875,11112.6796875,106900000
2004-03-02,11361.509765625,11386.48046875,11282.490234375,11344.830078125,103100000
2004-03-03,11351.919921875,11430.009765625,11320.0,11365.7197265625,119700000
2004-03-04,11401.7900390625,11480.83984375,11336.9697265625,11341.98046875,141500000
2004-03-05,11537.2900390625,11537.2900390625,11411.66015625,11476.490234375,121700000
2004-03-08,11502.8603515625,11643.3701171875,11502.8603515625,11578.01953125,129000000
2004-03-09,11532.0400390625,11532.0400390625,11439.0400390625,11460.599609375,90900000
2004-03-10,11433.240234375,11492.5703125,11353.900390625,11490.259765625,98300000
2004-03-11,11297.0400390625,11354.9599609375,11237.0400390625,11310.150390625,118000000
2004-03-12,11162.75,11191.4501953125,11045.9404296875,11163.580078125,169400000
2004-03-15,11317.900390625,11348.400390625,11278.0498046875,11284.349609375,97900000
2004-03-16,11242.2900390625,11311.0703125,11236.349609375,11253.4296875,97800000
2004-03-17,11436.8603515625,11478.349609375,11297.4599609375,11297.4599609375,92700000
2004-03-18,11484.2802734375,11647.7099609375,11452.3896484375,11571.3603515625,121200000
2004-03-19,11418.509765625,11487.73046875,11364.3603515625,11416.0400390625,73800000
2004-03-22,11318.509765625,11351.7099609375,11284.83984375,11332.240234375,74900000
2004-03-23,11281.08984375,11327.6201171875,11071.66015625,11200.830078125,93000000
2004-03-24,11364.990234375,11384.6904296875,11234.7001953125,11295.9697265625,122300000
2004-03-25,11530.91015625,11530.91015625,11425.580078125,11431.6103515625,123900000
2004-03-26,11770.650390625,11782.1796875,11611.5400390625,11619.48046875,107600000
2004-03-29,11718.240234375,11843.33984375,11672.919921875,11775.4599609375,82300000
2004-03-30,11693.6796875,11869.0,11677.2001953125,11824.830078125,70700000
2004-03-31,11715.3896484375,11783.830078125,11592.830078125,11716.5498046875,72700000
2004-04-01,11683.419921875,11813.7001953125,11648.48046875,11756.16015625,100000000
2004-04-02,11815.9501953125,11843.9296875,11715.41015625,11726.8701171875,88900000
2004-04-05,11958.3203125,12003.919921875,11934.580078125,11949.3095703125,104300000
2004-04-06,12079.7001953125,12095.6396484375,11937.51953125,12042.990234375,143900000
2004-04-07,12019.6201171875,12097.7001953125,12001.0,12017.349609375,119000000
2004-04-08,12092.58984375,12119.3095703125,11961.5595703125,12013.16015625,109800000
2004-04-09,11897.509765625,12012.6298828125,11862.33984375,12012.6298828125,105400000
2004-04-12,12042.7001953125,12085.0703125,11926.48046875,11926.48046875,83900000
2004-04-13,12127.8203125,12170.9599609375,12096.9599609375,12140.1201171875,125100000
2004-04-14,12098.1796875,12134.26953125,12034.4599609375,12064.490234375,169700000
2004-04-15,11800.400390625,12189.98046875,11770.400390625,12118.0302734375,188500000
2004-04-16,11824.5595703125,11864.41015625,11690.240234375,11817.9697265625,109500000
2004-04-19,11764.2099609375,11861.169921875,11623.650390625,11854.6396484375,113800000
2004-04-20,11952.259765625,12037.9501953125,11768.080078125,11821.4599609375,111300000
2004-04-21,11944.2998046875,12001.26953125,11881.419921875,11943.900390625,107800000
2004-04-22,11980.099609375,12074.1396484375,11952.7802734375,12026.08984375,98500000
2004-04-23,12120.66015625,12120.66015625,12015.2197265625,12050.7001953125,126100000
2004-04-26,12163.8896484375,12195.66015625,12095.7001953125,12135.3095703125,107300000
2004-04-27,12044.8798828125,12115.0498046875,12025.2099609375,12115.0498046875,93300000
2004-04-28,12004.2900390625,12085.3896484375,11969.330078125,12077.2099609375,108900000
2004-04-30,11761.7900390625,11862.349609375,11652.169921875,11862.349609375,115200000
2004-05-06,11571.33984375,11785.259765625,11554.01953125,11777.4404296875,93000000
2004-05-07,11438.8203125,11582.0703125,11438.8203125,11497.400390625,102300000
2004-05-10,10884.7001953125,11392.7900390625,10838.9296875,11384.0302734375,126400000
2004-05-11,10907.1796875,10970.4697265625,10790.1298828125,10850.48046875,122900000
2004-05-12,11153.580078125,11157.33984375,10984.7900390625,11017.650390625,111200000
2004-05-13,10825.099609375,11081.75,10825.099609375,11081.75,96200000
2004-05-14,10849.6298828125,10939.08984375,10739.490234375,10846.6103515625,107600000
2004-05-17,10505.0498046875,10790.7900390625,10489.83984375,10790.7900390625,102200000
2004-05-18,10711.08984375,10711.08984375,10524.5,10533.169921875,94700000
2004-05-19,10967.740234375,10993.080078125,10716.23046875,10777.3798828125,99800000
2004-05-20,10862.0400390625,11045.66015625,10760.6904296875,10949.0703125,98000000
2004-05-21,11070.25,11076.4296875,10872.009765625,10889.8896484375,77600000
2004-05-24,11101.6396484375,11170.26953125,11043.2197265625,11094.7099609375,83600000
2004-05-25,10962.9296875,11071.509765625,10927.4404296875,11071.509765625,68700000
2004-05-26,11152.08984375,11213.7900390625,11093.830078125,11095.3701171875,71500000
2004-05-27,11166.0302734375,11219.4599609375,11119.150390625,11163.8203125,66600000
2004-05-28,11309.5703125,11345.400390625,11255.990234375,11267.23046875,97800000
2004-05-31,11236.3701171875,11297.150390625,11100.849609375,11288.7900390625,76100000
2004-06-01,11296.759765625,11338.4697265625,11170.08984375,11204.6904296875,74900000
2004-06-02,11242.33984375,11283.2099609375,11184.73046875,11283.2099609375,69700000
2004-06-03,11027.0498046875,11358.509765625,10963.5595703125,11275.9501953125,97700000
2004-06-04,11128.0498046875,11128.0498046875,11017.25,11057.1904296875,69500000
2004-06-07,11439.919921875,11485.6298828125,11212.6396484375,11212.6396484375,80000000
2004-06-08,11521.9296875,11542.58984375,11452.990234375,11533.9296875,79100000
2004-06-09,11449.740234375,11521.0595703125,11419.1298828125,11514.7197265625,73500000
2004-06-10,11575.9697265625,11624.7099609375,11367.400390625,11378.4501953125,81300000
2004-06-11,11526.8203125,11637.73046875,11486.5498046875,11595.0,133900000
2004-06-14,11491.66015625,11622.7998046875,11475.3095703125,11495.7998046875,68300000
2004-06-15,11387.7001953125,11482.919921875,11349.4296875,11457.1103515625,72200000
2004-06-16,11641.7197265625,11673.48046875,11492.4296875,11492.4296875,79500000
2004-06-17,11607.900390625,11649.330078125,11510.1796875,11630.2099609375,61200000
2004-06-18,11382.080078125,11555.2001953125,11310.16015625,11552.7197265625,60900000
2004-06-21,11600.16015625,11729.1298828125,11474.3896484375,11474.3896484375,68500000
2004-06-22,11581.26953125,11581.26953125,11472.080078125,11546.9296875,70300000
2004-06-23,11580.5595703125,11678.83984375,11547.1298828125,11642.23046875,83400000
2004-06-24,11744.150390625,11744.150390625,11649.2900390625,11652.5400390625,84100000
2004-06-25,11780.400390625,11780.400390625,11661.1103515625,11742.9404296875,77500000
2004-06-28,11884.0595703125,11884.0595703125,11774.669921875,11801.8798828125,67900000
2004-06-29,11860.8095703125,11885.5,11788.150390625,11816.8896484375,83100000
2004-06-30,11858.8701171875,11887.9501953125,11808.1298828125,11869.8603515625,68000000
2004-07-01,11896.009765625,11988.1201171875,11889.7001953125,11933.330078125,64600000
2004-07-02,11721.490234375,11781.5400390625,11693.0,11781.5400390625,57800000
2004-07-05,11541.7099609375,11648.849609375,11511.490234375,11622.849609375,52500000
2004-07-06,11475.26953125,11606.599609375,11475.26953125,11536.4501953125,56200000
2004-07-07,11384.8603515625,11429.240234375,11251.349609375,11359.7099609375,70400000
2004-07-08,11322.23046875,11411.3095703125,11279.5498046875,11372.6298828125,61500000
2004-07-09,11423.5302734375,11449.4501953125,11283.080078125,11283.2802734375,68700000
2004-07-12,11582.2802734375,11598.900390625,11474.080078125,11532.6396484375,62600000
2004-07-13,11608.6201171875,11608.6201171875,11501.2197265625,11544.01953125,65700000
2004-07-14,11356.650390625,11664.0,11356.650390625,11663.400390625,91700000
2004-07-15,11409.1396484375,11440.01953125,11315.9697265625,11413.330078125,75900000
2004-07-16,11436.0,11475.1201171875,11243.2802734375,11327.75,79200000
2004-07-20,11258.3701171875,11318.1396484375,11191.759765625,11318.1396484375,64400000
2004-07-21,11433.8603515625,11433.8603515625,11326.6796875,11335.240234375,60300000
2004-07-22,11285.0400390625,11310.5703125,11227.9501953125,11310.5703125,51500000
2004-07-23,11187.330078125,11264.25,11170.5400390625,11263.5,61900000
2004-07-26,11159.5498046875,11159.5498046875,11065.7197265625,11099.8701171875,52500000
2004-07-27,11031.5400390625,11180.7998046875,11028.349609375,11126.26953125,69800000
2004-07-28,11204.3701171875,11236.0302734375,11132.919921875,11133.48046875,66600000
2004-07-29,11116.83984375,11189.2802734375,11018.7900390625,11187.3095703125,67900000
2004-07-30,11325.7802734375,11325.990234375,11210.3203125,11211.2001953125,71600000
2004-08-02,11222.240234375,11279.7099609375,11161.83984375,11274.4501953125,64700000
2004-08-03,11140.5703125,11258.8798828125,11102.5,11230.2900390625,70600000
2004-08-04,11010.01953125,11084.98046875,10888.7802734375,11077.51953125,78000000
2004-08-05,11060.8896484375,11104.6904296875,10981.3203125,11060.1796875,74300000
2004-08-06,10972.5703125,10974.4501953125,10894.650390625,10944.6103515625,78100000
2004-08-09,10908.7001953125,10916.4599609375,10737.419921875,10827.599609375,70300000
2004-08-10,10953.5498046875,10972.0703125,10849.7001953125,10849.7001953125,67100000
2004-08-11,11049.4599609375,11076.3798828125,10997.0703125,11049.7998046875,66500000
2004-08-12,11028.0703125,11091.6396484375,11005.1298828125,11005.1298828125,54100000
2004-08-13,10757.2001953125,10903.6103515625,10757.2001953125,10901.5595703125,65700000
2004-08-16,10687.8095703125,10730.5302734375,10545.8896484375,10728.98046875,59900000
2004-08-17,10725.9697265625,10802.6396484375,10705.740234375,10772.240234375,52700000
2004-08-18,10774.259765625,10774.259765625,10659.2099609375,10724.8203125,51700000
2004-08-19,10903.5302734375,10908.740234375,10830.650390625,10861.919921875,63400000
2004-08-20,10889.1396484375,10938.9404296875,10837.009765625,10859.080078125,67100000
2004-08-23,10960.9697265625,11007.6396484375,10947.75,10961.91015625,61600000
2004-08-24,10985.330078125,11016.1201171875,10897.1103515625,10978.6201171875,60800000
2004-08-25,11130.01953125,11143.75,10934.4501953125,10959.51953125,84700000
2004-08-26,11129.330078125,11225.9501953125,11101.6298828125,11196.2900390625,105200000
2004-08-27,11209.58984375,11209.58984375,11107.9404296875,11148.2099609375,58200000
2004-08-30,11184.5302734375,11226.2998046875,11128.7099609375,11181.2998046875,61000000
2004-08-31,11081.7900390625,11154.2802734375,11042.2900390625,11119.150390625,66100000
2004-09-01,11127.349609375,11169.4296875,11102.41015625,11104.849609375,66100000
2004-09-02,11152.75,11190.509765625,11097.8095703125,11179.3203125,62000000
2004-09-03,11022.490234375,11186.8203125,11013.3603515625,11182.099609375,75000000
2004-09-06,11244.3701171875,11270.3603515625,11057.3203125,11086.6904296875,94300000
2004-09-07,11298.9404296875,11312.0595703125,11226.7802734375,11275.2802734375,90500000
2004-09-08,11279.1904296875,11357.849609375,11270.5302734375,11345.1201171875,89300000
2004-09-09,11170.9599609375,11330.330078125,11145.7900390625,11276.490234375,104100000
2004-09-10,11083.23046875,11089.9599609375,10960.0302734375,11089.900390625,168400000
2004-09-13,11253.1103515625,11257.849609375,11131.0302734375,11139.9697265625,86200000
2004-09-14,11295.580078125,11352.419921875,11274.4296875,11312.7197265625,92300000
2004-09-15,11158.580078125,11285.7998046875,11158.580078125,11278.66015625,96800000
2004-09-16,11139.3603515625,11177.66015625,11089.8203125,11092.7001953125,75900000
2004-09-17,11082.490234375,11145.490234375,11046.099609375,11132.0595703125,75700000
2004-09-21,11080.8701171875,11151.1103515625,11059.9501953125,11148.2099609375,78800000
2004-09-22,11019.41015625,11135.4599609375,10963.8203125,11111.2998046875,73000000
2004-09-24,10895.16015625,10934.01953125,10826.400390625,10934.01953125,75400000
2004-09-27,10859.3203125,10888.0400390625,10782.5595703125,10863.349609375,56300000
2004-09-28,10815.5703125,10821.83984375,10737.7802734375,10805.66015625,66000000
2004-09-29,10786.099609375,10873.8896484375,10770.23046875,10873.8798828125,66700000
2004-09-30,10823.5703125,10928.1904296875,10823.5703125,10870.2099609375,73900000
2004-10-01,10985.169921875,10987.1796875,10893.1904296875,10893.1904296875,84400000
2004-10-04,11279.6298828125,11282.650390625,11105.0,11111.4501953125,94300000
2004-10-05,11281.830078125,11304.7197265625,11242.1201171875,11257.2001953125,77900000
2004-10-06,11385.3798828125,11408.099609375,11218.3798828125,11221.5400390625,93500000
2004-10-07,11354.58984375,11410.400390625,11337.1904296875,11399.419921875,80000000
2004-10-08,11349.349609375,11370.33984375,11302.75,11311.41015625,80200000
2004-10-12,11201.8095703125,11320.7900390625,11182.5,11295.0498046875,74300000
2004-10-13,11195.990234375,11306.8701171875,11195.990234375,11235.4599609375,63600000
2004-10-14,11034.2900390625,11150.58984375,11033.3095703125,11150.58984375,99200000
2004-10-15,10982.9501953125,11015.4501953125,10913.2099609375,10960.25,83600000
2004-10-18,10965.6201171875,11022.1103515625,10914.4697265625,11022.1103515625,59700000
2004-10-19,11064.8603515625,11106.8203125,11024.3798828125,11028.3798828125,65100000
2004-10-20,10882.1796875,10992.5,10853.8896484375,10992.5,88100000
2004-10-21,10789.23046875,10901.33984375,10753.0703125,10882.0498046875,78100000
2004-10-22,10857.1298828125,10892.26953125,10811.150390625,10848.75,78700000
2004-10-25,10659.150390625,10718.9296875,10575.23046875,10718.9296875,72600000
2004-10-26,10672.4599609375,10683.9404296875,10626.599609375,10652.3701171875,62600000
2004-10-27,10691.9501953125,10777.4296875,10657.150390625,10740.650390625,70600000
2004-10-28,10853.1201171875,10895.08984375,10798.1298828125,10809.099609375,92900000
2004-10-29,10771.419921875,10805.1201171875,10719.099609375,10805.1201171875,89000000
2004-11-01,10734.7099609375,10735.1904296875,10690.9501953125,10731.01953125,60400000
2004-11-02,10887.8095703125,10895.7001953125,10775.0,10775.0,75600000
2004-11-04,10946.26953125,11005.2001953125,10946.26953125,10990.7001953125,88000000
2004-11-05,11061.76953125,11089.599609375,11023.16015625,11040.0595703125,75300000
2004-11-08,10983.830078125,11096.4501953125,10974.330078125,11095.5,59700000
2004-11-09,10964.8701171875,11040.4404296875,10945.099609375,10967.169921875,62300000
2004-11-10,10994.9599609375,11030.2197265625,10965.91015625,10972.6298828125,63400000
2004-11-11,10846.919921875,11048.2900390625,10845.0703125,11021.8798828125,68200000
2004-11-12,11019.98046875,11026.9296875,10841.4296875,10841.4296875,80900000
2004-11-15,11227.5703125,11231.1396484375,11073.76953125,11079.169921875,87600000
2004-11-16,11161.75,11268.8095703125,11143.5595703125,11234.7197265625,76100000
2004-11-17,11131.2900390625,11192.330078125,11127.2001953125,11132.0498046875,69300000
2004-11-18,11082.419921875,11235.3203125,11062.73046875,11182.08984375,73800000
2004-11-19,11082.83984375,11158.4501953125,11077.08984375,11120.9404296875,61300000
2004-11-22,10849.3896484375,10956.41015625,10769.51953125,10956.41015625,67000000
2004-11-24,10872.330078125,10915.2001953125,10828.1103515625,10832.01953125,60900000
2004-11-25,10900.33984375,10900.33984375,10818.240234375,10853.099609375,62300000
2004-11-26,10833.75,10927.4404296875,10816.3798828125,10924.4501953125,66900000
2004-11-29,10977.8896484375,11013.2998046875,10844.3095703125,10844.3603515625,73900000
2004-11-30,10899.25,10923.5595703125,10841.26953125,10909.25,67700000
2004-12-01,10784.25,10800.330078125,10721.58984375,10790.4501953125,63900000
2004-12-02,10973.0703125,10995.3798828125,10912.8701171875,10922.5703125,67900000
2004-12-03,11074.8896484375,11107.099609375,11059.5595703125,11064.25,76500000
2004-12-06,10981.9599609375,11026.8603515625,10959.490234375,11021.16015625,74300000
2004-12-07,10873.6298828125,11001.6796875,10863.8095703125,10971.2099609375,58100000
2004-12-08,10941.3701171875,10948.9697265625,10808.4404296875,10808.4404296875,65800000
2004-12-09,10776.6298828125,10930.8701171875,10742.73046875,10930.8701171875,73700000
2004-12-10,10756.7998046875,10828.669921875,10730.3798828125,10730.3798828125,147700000
2004-12-13,10789.25,10854.759765625,10785.58984375,10825.0595703125,61900000
2004-12-14,10915.580078125,10941.7001953125,10821.3603515625,10842.7998046875,68800000
2004-12-15,10956.4599609375,10999.919921875,10921.650390625,10952.7099609375,68900000
2004-12-16,10924.3701171875,10980.2099609375,10871.6904296875,10909.2900390625,63200000
2004-12-17,11078.3203125,11130.8203125,10921.8095703125,10939.2001953125,67900000
2004-12-20,11103.419921875,11129.1298828125,11036.7998046875,11073.5498046875,59200000
2004-12-21,11125.919921875,11186.7099609375,11125.2197265625,11125.2197265625,67700000
2004-12-22,11209.4404296875,11240.1796875,11193.669921875,11205.919921875,79500000
2004-12-24,11365.48046875,11369.98046875,11302.4599609375,11302.4599609375,71900000
2004-12-27,11362.349609375,11383.099609375,11325.4599609375,11374.51953125,46400000
2004-12-28,11424.1298828125,11424.1298828125,11314.400390625,11314.400390625,64500000
2004-12-29,11381.5595703125,11500.9501953125,11381.5595703125,11481.3203125,60200000
2004-12-30,11488.759765625,11489.2802734375,11454.9404296875,11462.3095703125,29800000
2005-01-04,11517.75,11547.01953125,11431.5703125,11458.26953125,41000000
2005-01-05,11437.51953125,11461.099609375,11416.9697265625,11458.919921875,77500000
2005-01-06,11492.259765625,11492.259765625,11372.2099609375,11372.349609375,87100000
2005-01-07,11433.240234375,11528.6904296875,11432.1904296875,11528.6904296875,72300000
2005-01-11,11539.990234375,11580.6904296875,11495.4599609375,11495.4599609375,87800000
2005-01-12,11453.3896484375,11548.8896484375,11449.490234375,11537.599609375,85000000
2005-01-13,11358.2197265625,11424.6796875,11355.0498046875,11398.9404296875,69400000
2005-01-14,11438.3896484375,11491.1796875,11320.490234375,11341.7998046875,111300000
2005-01-17,11487.099609375,11535.8603515625,11453.8603515625,11475.2001953125,100500000
2005-01-18,11423.259765625,11509.400390625,11401.3203125,11504.16015625,106500000
2005-01-19,11405.33984375,11486.9296875,11396.4296875,11467.740234375,89600000
2005-01-20,11284.76953125,11335.1201171875,11259.26953125,11335.1201171875,86300000
2005-01-21,11238.3701171875,11290.1396484375,11222.240234375,11226.0703125,74600000
2005-01-24,11289.490234375,11303.2099609375,11212.6298828125,11213.0302734375,75500000
2005-01-25,11276.91015625,11276.91015625,11214.599609375,11261.6201171875,81600000
2005-01-26,11376.5703125,11379.5703125,11329.419921875,11346.8095703125,108300000
2005-01-27,11341.3095703125,11390.08984375,11316.2998046875,11390.08984375,85900000
2005-01-28,11320.580078125,11340.2802734375,11218.8798828125,11334.41015625,87800000
2005-01-31,11387.58984375,11467.5,11266.08984375,11296.990234375,88200000
2005-02-01,11384.400390625,11422.01953125,11330.0595703125,11422.01953125,103900000
2005-02-02,11407.1396484375,11447.2802734375,11399.6201171875,11432.33984375,103900000
2005-02-03,11389.349609375,11444.1796875,11344.41015625,11430.900390625,102800000
2005-02-04,11360.400390625,11383.0498046875,11271.0400390625,11381.5,89000000
2005-02-07,11499.8603515625,11531.25,11381.7802734375,11393.0400390625,72700000
2005-02-08,11490.4296875,11519.0302734375,11464.33984375,11504.1201171875,105500000
2005-02-09,11473.349609375,11538.1298828125,11457.9599609375,11519.900390625,111200000
2005-02-10,11553.5595703125,11553.73046875,11414.990234375,11434.8896484375,112200000
2005-02-14,11632.2001953125,11677.5703125,11626.419921875,11644.400390625,110400000
2005-02-15,11646.490234375,11676.259765625,11635.5703125,11648.6796875,75100000
2005-02-16,11601.6796875,11684.91015625,11585.4599609375,11629.6904296875,82800000
2005-02-17,11582.7197265625,11638.1796875,11574.0595703125,11583.83984375,73100000
2005-02-18,11660.1201171875,11660.1201171875,11562.9296875,11562.9296875,75500000
2005-02-21,11651.01953125,11690.490234375,11651.01953125,11682.1904296875,70200000
2005-02-22,11597.7099609375,11651.509765625,11592.0400390625,11636.4697265625,69000000
2005-02-23,11500.1796875,11510.759765625,11452.419921875,11510.759765625,75600000
2005-02-24,11531.150390625,11557.8603515625,11507.2001953125,11513.83984375,65100000
2005-02-25,11658.25,11677.2001953125,11585.4599609375,11585.83984375,74500000
2005-02-28,11740.599609375,11754.900390625,11704.3203125,11742.009765625,93200000
2005-03-01,11780.5302734375,11780.5302734375,11719.76953125,11734.1396484375,103300000
2005-03-02,11813.7099609375,11831.6904296875,11780.6103515625,11804.83984375,100500000
2005-03-03,11856.4599609375,11856.4599609375,11790.91015625,11790.91015625,98500000
2005-03-04,11873.0498046875,11881.98046875,11769.669921875,11815.7900390625,99100000
2005-03-07,11925.3603515625,11975.4599609375,11917.76953125,11935.7998046875,103800000
2005-03-08,11886.91015625,11936.83984375,11878.8896484375,11936.83984375,86800000
2005-03-09,11966.6904296875,11966.6904296875,11882.25,11882.25,105900000
2005-03-10,11864.91015625,11959.1796875,11863.5400390625,11892.3798828125,99000000
2005-03-11,11923.8896484375,11964.2099609375,11838.01953125,11838.01953125,177800000
2005-03-14,11850.25,11955.2900390625,11850.25,11947.2900390625,84500000
2005-03-15,11821.08984375,11912.8095703125,11785.16015625,11899.2001953125,87700000
2005-03-16,11873.1796875,11873.1796875,11793.0302734375,11822.1796875,72000000
2005-03-17,11775.5,11808.0400390625,11754.98046875,11785.9501953125,86500000
2005-03-18,11879.8095703125,11922.5400390625,11790.9599609375,11792.2900390625,80000000
2005-03-22,11841.9697265625,11889.1298828125,11830.9599609375,11867.33984375,89000000
2005-03-23,11739.1201171875,11823.9697265625,11681.16015625,11823.9697265625,94500000
2005-03-24,11745.9697265625,11819.3701171875,11706.26953125,11741.169921875,88300000
2005-03-25,11761.099609375,11802.7001953125,11732.7998046875,11788.6796875,66400000
2005-03-28,11792.2998046875,11816.7197265625,11709.7900390625,11709.7900390625,57400000
2005-03-29,11599.8203125,11809.66015625,11563.1201171875,11809.66015625,83700000
2005-03-30,11565.8798828125,11608.4501953125,11506.849609375,11548.9296875,94300000
2005-03-31,11668.9501953125,11668.9501953125,11590.7197265625,11623.099609375,73200000
2005-04-01,11723.6298828125,11723.6298828125,11557.1298828125,11590.4501953125,79400000
2005-04-04,11667.5400390625,11701.1904296875,11652.66015625,11666.3095703125,79600000
2005-04-05,11774.3095703125,11786.650390625,11695.9697265625,11695.9697265625,80400000
2005-04-06,11827.16015625,11841.25,11760.7099609375,11783.740234375,72300000
2005-04-07,11810.990234375,11848.490234375,11757.8701171875,11848.490234375,83000000
2005-04-08,11874.75,11911.900390625,11839.66015625,11867.150390625,90800000
2005-04-11,11745.6396484375,11847.919921875,11744.8603515625,11847.919921875,65600000
2005-04-12,11670.2998046875,11764.009765625,11657.66015625,11739.0498046875,62100000
2005-04-13,11637.51953125,11718.7802734375,11602.9404296875,11688.2197265625,72100000
2005-04-14,11563.169921875,11580.5498046875,11474.8203125,11578.7802734375,81800000
2005-04-15,11370.6904296875,11463.150390625,11343.73046875,11463.150390625,95400000
2005-04-18,10938.4404296875,11223.650390625,10920.66015625,11223.650390625,130800000
2005-04-19,11065.8603515625,11082.83984375,10966.4599609375,11019.759765625,100200000
2005-04-20,11088.580078125,11199.3798828125,11052.3798828125,11173.83984375,85000000
2005-04-21,10984.3896484375,11001.3095703125,10770.580078125,10950.73046875,102200000
2005-04-22,11045.9501953125,11134.990234375,11045.9501953125,11116.6103515625,82600000
2005-04-25,11073.76953125,11114.4501953125,11020.58984375,11064.9501953125,58100000
2005-04-26,11035.830078125,11085.75,11019.9404296875,11085.75,65300000
2005-04-27,11005.419921875,11022.4404296875,10968.580078125,10968.76953125,82700000
2005-04-28,11008.900390625,11008.900390625,10892.7099609375,10979.0498046875,105600000
2005-05-02,11002.1103515625,11035.9501953125,10913.9697265625,10954.2099609375,59600000
2005-05-06,11192.169921875,11192.169921875,11109.330078125,11119.7802734375,75600000
2005-05-09,11171.3203125,11199.099609375,11119.48046875,11199.099609375,81300000
2005-05-10,11159.4599609375,11211.3603515625,11125.0,11193.2197265625,85100000
2005-05-11,11120.7001953125,11120.7001953125,11038.259765625,11091.259765625,71700000
2005-05-12,11077.9404296875,11135.5,11069.6904296875,11118.1298828125,70600000
2005-05-13,11049.1103515625,11103.080078125,11017.7900390625,11044.7099609375,79000000
2005-05-16,10947.2197265625,11048.849609375,10935.5302734375,11045.2900390625,68500000
2005-05-17,10825.3896484375,11066.759765625,10788.58984375,11046.2998046875,86300000
2005-05-18,10835.41015625,10891.6904296875,10821.41015625,10848.6298828125,77300000
2005-05-19,11077.16015625,11102.4296875,10953.080078125,10973.2802734375,87400000
2005-05-20,11037.2900390625,11110.4501953125,11034.8203125,11104.330078125,70800000
2005-05-23,11158.650390625,11163.5400390625,11056.8603515625,11073.009765625,66500000
2005-05-24,11133.650390625,11199.23046875,11101.9296875,11184.6396484375,75000000
2005-05-25,11014.4296875,11127.900390625,10988.3701171875,11127.3095703125,83400000
2005-05-26,11027.9404296875,11047.3701171875,10978.849609375,11024.3603515625,79400000
2005-05-27,11192.330078125,11192.330078125,11089.23046875,11098.259765625,69500000
2005-05-30,11266.330078125,11302.51953125,11197.7900390625,11201.3203125,78500000
2005-05-31,11276.58984375,11297.330078125,11221.4599609375,11273.8095703125,80600000
2005-06-01,11329.669921875,11329.669921875,11220.5498046875,11220.9404296875,76300000
2005-06-02,11280.0498046875,11374.6904296875,11280.0498046875,11341.8896484375,82100000
2005-06-03,11300.0498046875,11317.9404296875,11233.650390625,11302.9599609375,67300000
2005-06-06,11270.6201171875,11270.6201171875,11184.599609375,11232.650390625,60700000
2005-06-07,11217.4501953125,11258.2802734375,11179.1298828125,11233.080078125,59200000
2005-06-08,11281.0302734375,11322.4296875,11229.8603515625,11235.26953125,73200000
2005-06-09,11160.8798828125,11294.4296875,11148.3603515625,11289.0302734375,67000000
2005-06-10,11304.23046875,11331.3701171875,11173.9296875,11192.990234375,145300000
2005-06-13,11311.509765625,11371.8203125,11299.7802734375,11308.650390625,65300000
2005-06-14,11335.919921875,11363.48046875,11326.509765625,11348.5302734375,64100000
2005-06-15,11415.8798828125,11429.9296875,11355.849609375,11365.6201171875,82800000
2005-06-16,11416.3798828125,11462.51953125,11386.009765625,11419.9404296875,91900000
2005-06-17,11514.0302734375,11514.0302734375,11463.3603515625,11472.3603515625,91000000
2005-06-20,11483.349609375,11539.1796875,11455.23046875,11539.1796875,80200000
2005-06-21,11488.740234375,11511.23046875,11464.25,11474.23046875,57900000
2005-06-22,11547.2802734375,11560.599609375,11445.4296875,11487.0595703125,70700000
2005-06-23,11576.75,11576.75,11530.7802734375,11539.419921875,61500000
2005-06-24,11537.0302734375,11537.0302734375,11472.6103515625,11480.330078125,64600000
2005-06-27,11414.2802734375,11445.6396484375,11378.990234375,11445.6396484375,57900000
2005-06-28,11513.830078125,11519.48046875,11413.83984375,11421.48046875,70100000
2005-06-29,11577.4404296875,11594.5703125,11547.1298828125,11567.8203125,66700000
2005-06-30,11584.009765625,11589.6298828125,11542.4501953125,11573.7802734375,61800000
2005-07-01,11630.1298828125,11663.66015625,11540.9296875,11573.3701171875,71900000
2005-07-04,11651.5498046875,11664.2197265625,11629.16015625,11664.2197265625,61200000
2005-07-05,11616.7001953125,11658.259765625,11606.759765625,11645.23046875,64800000
2005-07-06,11603.5302734375,11676.2001953125,11603.5302734375,11648.0400390625,66800000
2005-07-07,11590.1396484375,11602.8095703125,11567.509765625,11586.1201171875,68200000
2005-07-08,11565.990234375,11653.259765625,11563.83984375,11563.83984375,93000000
2005-07-11,11674.7900390625,11713.1201171875,11668.76953125,11676.9697265625,64200000
2005-07-12,11692.1396484375,11738.2998046875,11672.9404296875,11737.3203125,63200000
2005-07-13,11659.83984375,11707.9599609375,11659.650390625,11705.830078125,63100000
2005-07-14,11764.259765625,11784.509765625,11715.4599609375,11715.4599609375,64600000
2005-07-15,11758.6796875,11828.3095703125,11758.6796875,11825.669921875,71000000
2005-07-19,11764.83984375,11770.5595703125,11731.990234375,11761.6103515625,78900000
2005-07-20,11789.349609375,11816.990234375,11761.2099609375,11780.73046875,84800000
2005-07-21,11786.73046875,11867.23046875,11786.73046875,11808.5302734375,75800000
2005-07-22,11695.0498046875,11753.009765625,11650.3701171875,11751.919921875,66900000
2005-07-25,11762.650390625,11782.2099609375,11718.66015625,11721.7001953125,68100000
2005-07-26,11737.9599609375,11772.6796875,11719.01953125,11762.6904296875,65500000
2005-07-27,11835.080078125,11848.66015625,11770.5703125,11770.5703125,74500000
2005-07-28,11858.3095703125,11889.8603515625,11853.6201171875,11881.8603515625,82100000
2005-07-29,11899.599609375,11913.5,11826.8603515625,11900.5595703125,83700000
2005-08-01,11946.919921875,11972.83984375,11906.0400390625,11907.419921875,96200000
2005-08-02,11940.2001953125,11982.2001953125,11920.8798828125,11954.23046875,92900000
2005-08-03,11981.7998046875,12009.5595703125,11950.3095703125,11987.98046875,93600000
2005-08-04,11883.3095703125,11945.1396484375,11823.2001953125,11945.1396484375,87600000
2005-08-05,11766.48046875,11863.3896484375,11724.6103515625,11842.16015625,76600000
2005-08-08,11778.98046875,11794.83984375,11614.7099609375,11670.7099609375,83800000
2005-08-09,11900.3203125,11958.0703125,11797.330078125,11797.330078125,89800000
2005-08-10,12098.080078125,12138.7099609375,11991.6904296875,11996.2900390625,132700000
2005-08-11,12263.3203125,12284.759765625,12167.48046875,12178.080078125,127400000
2005-08-12,12261.6796875,12324.4296875,12228.1298828125,12276.240234375,107700000
2005-08-15,12256.5498046875,12308.6103515625,12236.6103515625,12254.5302734375,103600000
2005-08-16,12315.669921875,12336.849609375,12277.41015625,12324.759765625,116600000
2005-08-17,12273.1201171875,12369.740234375,12270.849609375,12286.830078125,135100000
2005-08-18,12307.3701171875,12369.5302734375,12292.8203125,12322.7998046875,99700000
2005-08-19,12291.73046875,12291.73046875,12219.51953125,12276.7998046875,91000000
2005-08-22,12452.509765625,12478.8203125,12330.7001953125,12330.7001953125,116200000
2005-08-23,12472.9296875,12612.16015625,12472.9296875,12511.8095703125,137600000
2005-08-24,12502.259765625,12515.66015625,12416.509765625,12421.5302734375,96200000
2005-08-25,12405.16015625,12466.83984375,12401.33984375,12443.2099609375,95700000
2005-08-26,12439.48046875,12482.6298828125,12385.0302734375,12458.080078125,89900000
2005-08-29,12309.830078125,12386.759765625,12274.8095703125,12386.759765625,86400000
2005-08-30,12453.1396484375,12457.0400390625,12396.099609375,12411.41015625,101000000
2005-08-31,12413.599609375,12443.9404296875,12393.6796875,12428.599609375,87200000
2005-09-01,12506.9697265625,12573.009765625,12501.4296875,12501.4296875,111100000
2005-09-02,12600.0,12600.0,12544.3701171875,12571.8798828125,89700000
2005-09-05,12634.8798828125,12655.150390625,12580.3701171875,12616.2998046875,98900000
2005-09-06,12599.4296875,12730.2099609375,12581.2802734375,12686.6796875,149200000
2005-09-07,12607.58984375,12682.849609375,12574.900390625,12682.849609375,111400000
2005-09-08,12533.8896484375,12601.01953125,12498.400390625,12601.01953125,113600000
2005-09-09,12692.0400390625,12692.0400390625,12556.4296875,12561.83984375,201400000
2005-09-12,12896.4296875,12926.5703125,12813.9697265625,12841.01953125,126200000
2005-09-13,12901.9501953125,12940.6796875,12847.1904296875,12896.2197265625,130600000
2005-09-14,12834.25,12871.5400390625,12830.8798828125,12847.6201171875,129000000
2005-09-15,12986.7802734375,12986.7802734375,12806.7099609375,12817.7802734375,158900000
2005-09-16,12958.6796875,12992.990234375,12888.740234375,12992.1796875,155100000
2005-09-20,13148.5703125,13159.3896484375,12991.6298828125,12991.6298828125,185200000
2005-09-21,13196.5703125,13235.419921875,13108.650390625,13181.7099609375,230500000
2005-09-22,13159.3603515625,13170.3603515625,13090.2802734375,13120.8896484375,177900000
2005-09-26,13392.6298828125,13392.6298828125,13229.26953125,13229.26953125,195100000
2005-09-27,13310.0400390625,13373.0,13282.2998046875,13370.08984375,237500000
2005-09-28,13435.91015625,13487.849609375,13306.51953125,13307.5302734375,226500000
2005-09-29,13617.240234375,13617.240234375,13440.900390625,13515.73046875,245800000
2005-09-30,13574.2998046875,13678.4404296875,13539.150390625,13677.4501953125,198400000
2005-10-03,13525.2802734375,13584.6103515625,13454.669921875,13566.2001953125,203400000
2005-10-04,13738.83984375,13738.83984375,13593.009765625,13597.3798828125,201500000
2005-10-05,13689.8896484375,13783.599609375,13655.9404296875,13761.8095703125,181100000
2005-10-06,13359.509765625,13554.5595703125,13285.830078125,13554.5595703125,180200000
2005-10-07,13227.740234375,13332.1201171875,13221.330078125,13279.2998046875,163000000
2005-10-11,13556.7099609375,13556.7099609375,13241.83984375,13280.330078125,170600000
2005-10-12,13463.740234375,13704.08984375,13463.740234375,13565.8701171875,202100000
2005-10-13,13449.240234375,13475.8603515625,13266.98046875,13388.01953125,134700000
2005-10-14,13420.5400390625,13581.3203125,13361.9599609375,13581.3203125,136500000
2005-10-17,13400.2900390625,13510.6298828125,13341.6396484375,13486.1796875,119400000
2005-10-18,13352.240234375,13441.7802734375,13321.9697265625,13376.1904296875,187600000
2005-10-19,13129.490234375,13304.98046875,13073.4599609375,13297.650390625,179300000
2005-10-20,13190.4599609375,13264.400390625,13175.9296875,13221.91015625,170400000
2005-10-21,13199.9501953125,13243.080078125,12996.2900390625,13065.9599609375,142800000
2005-10-24,13106.1796875,13244.240234375,13083.0400390625,13232.41015625,115700000
2005-10-25,13280.6201171875,13336.6396484375,13219.0498046875,13227.919921875,149100000
2005-10-26,13395.01953125,13406.1904296875,13285.599609375,13291.4599609375,143400000
2005-10-27,13417.080078125,13501.240234375,13387.66015625,13440.7197265625,166000000
2005-10-28,13346.5400390625,13373.4296875,13272.83984375,13344.9296875,158200000
2005-10-31,13606.5,13606.5,13456.0703125,13459.990234375,178900000
2005-11-01,13867.8603515625,13867.8603515625,13706.330078125,13718.2099609375,113700000
2005-11-02,13894.7802734375,13927.509765625,13807.8095703125,13865.099609375,241100000
2005-11-04,14075.9599609375,14099.490234375,13978.9599609375,14040.6298828125,226900000
2005-11-07,14061.599609375,14097.58984375,13982.75,14084.1103515625,213900000
2005-11-08,14036.73046875,14071.740234375,13982.849609375,14067.7802734375,301900000
2005-11-09,14072.2001953125,14136.16015625,13951.400390625,13989.3095703125,252400000
2005-11-10,14080.8798828125,14121.7099609375,13981.990234375,14058.2900390625,181400000
2005-11-11,14155.0595703125,14206.1396484375,14133.8896484375,14170.330078125,151300000
2005-11-14,14116.0400390625,14218.7197265625,14105.4501953125,14218.7197265625,153600000
2005-11-15,14091.76953125,14142.26953125,14043.4501953125,14069.8701171875,166600000
2005-11-16,14170.8701171875,14170.8701171875,14015.6201171875,14035.740234375,186700000
2005-11-17,14411.7900390625,14448.75,14169.4697265625,14192.7802734375,171600000
2005-11-18,14623.1201171875,14633.349609375,14542.7802734375,14542.7802734375,150800000
2005-11-21,14680.4296875,14808.2099609375,14590.5595703125,14719.2802734375,171000000
2005-11-22,14708.3203125,14763.259765625,14650.0595703125,14726.0400390625,128300000
2005-11-24,14742.580078125,14866.990234375,14721.599609375,14816.7099609375,130500000
2005-11-25,14784.2900390625,14784.2900390625,14613.1796875,14693.8701171875,128100000
2005-11-28,14986.9404296875,14986.9404296875,14821.75,14847.580078125,121300000
2005-11-29,14927.7001953125,14995.080078125,14868.0302734375,14900.6396484375,128100000
2005-11-30,14872.150390625,15013.240234375,14872.150390625,14981.33984375,148900000
2005-12-01,15130.5,15130.5,14880.1796875,14914.75,150800000
2005-12-02,15421.599609375,15421.599609375,15245.3603515625,15272.6201171875,211700000
2005-12-05,15551.3095703125,15563.3896484375,15379.6396484375,15413.51953125,244600000
2005-12-06,15423.3798828125,15572.7197265625,15423.3798828125,15518.669921875,188600000
2005-12-07,15484.66015625,15558.3203125,15467.75,15520.33984375,151200000
2005-12-08,15183.3603515625,15523.150390625,15183.3603515625,15470.650390625,147800000
2005-12-09,15404.0498046875,15447.1298828125,15117.150390625,15127.7998046875,254500000
2005-12-12,15738.7001953125,15764.990234375,15548.4599609375,15549.650390625,185600000
2005-12-13,15778.8603515625,15782.2998046875,15666.08984375,15754.3095703125,238400000
2005-12-14,15464.580078125,15885.51953125,15447.150390625,15817.9296875,228800000
2005-12-15,15254.4404296875,15469.349609375,15254.4404296875,15376.26953125,151500000
2005-12-16,15173.0703125,15365.48046875,15095.5595703125,15222.0,149100000
2005-12-19,15391.48046875,15391.48046875,15196.0,15252.150390625,98200000
2005-12-20,15641.259765625,15647.6904296875,15365.3896484375,15388.7099609375,122100000
2005-12-21,15957.5703125,16010.169921875,15711.91015625,15713.0703125,134700000
2005-12-22,15941.3701171875,15991.2998046875,15759.73046875,15975.990234375,161800000
2005-12-26,16107.669921875,16108.9404296875,16026.1796875,16027.66015625,101800000
2005-12-27,15969.400390625,16079.1796875,15962.73046875,16033.9404296875,84500000
2005-12-28,16194.6103515625,16194.6103515625,15911.23046875,15920.669921875,82000000
2005-12-29,16344.2001953125,16445.560546875,16246.669921875,16247.5400390625,96200000
2005-12-30,16111.4296875,16413.1796875,16111.4296875,16412.75,55500000
2006-01-04,16361.5400390625,16361.5400390625,16250.759765625,16294.650390625,94300000
2006-01-05,16425.369140625,16474.51953125,16368.509765625,16441.26953125,164500000
2006-01-06,16428.2109375,16479.55078125,16320.4296875,16408.310546875,170400000
2006-01-10,16124.349609375,16487.05078125,16124.349609375,16487.05078125,154600000
2006-01-11,16363.58984375,16363.58984375,16005.240234375,16164.919921875,146200000
2006-01-12,16445.189453125,16472.990234375,16310.4501953125,16426.689453125,129700000
2006-01-13,16454.94921875,16490.26953125,16383.23046875,16454.3203125,137500000
2006-01-16,16268.0302734375,16387.630859375,16221.58984375,16360.0400390625,109900000
2006-01-17,15805.9501953125,16324.169921875,15805.9501953125,16152.0703125,140300000
2006-01-18,15341.1796875,15725.6396484375,15059.51953125,15725.6396484375,192400000
2006-01-19,15696.2802734375,15740.8203125,15396.599609375,15396.599609375,148000000
2006-01-20,15696.6904296875,15875.3896484375,15597.76953125,15847.169921875,123900000
2006-01-23,15360.650390625,15564.900390625,15312.7099609375,15497.6103515625,108400000
2006-01-24,15648.8896484375,15685.1396484375,15470.3896484375,15470.91015625,94500000
2006-01-25,15651.0,15849.51953125,15651.0,15725.759765625,143700000
2006-01-26,15891.01953125,15891.01953125,15764.8896484375,15783.7001953125,121800000
2006-01-27,16460.6796875,16460.6796875,16079.919921875,16079.9404296875,153900000
2006-01-30,16551.23046875,16754.599609375,16538.720703125,16615.91015625,203400000
2006-01-31,16649.8203125,16718.7890625,16561.310546875,16603.900390625,143200000
2006-02-01,16480.08984375,16671.91015625,16480.08984375,16594.900390625,160300000
2006-02-02,16710.55078125,16736.1796875,16611.529296875,16632.599609375,158600000
2006-02-03,16659.640625,16665.099609375,16567.869140625,16596.2109375,124900000
2006-02-06,16747.759765625,16777.369140625,16578.189453125,16736.23046875,120200000
2006-02-07,16720.990234375,16769.369140625,16681.0390625,16768.16015625,151500000
2006-02-08,16272.6796875,16682.91015625,16272.6796875,16609.9609375,134400000
2006-02-09,16439.669921875,16540.490234375,16351.4296875,16444.740234375,130700000
2006-02-10,16257.830078125,16525.5,16090.9296875,16525.5,180300000
2006-02-13,15877.66015625,16191.9296875,15877.66015625,16191.9296875,143800000
2006-02-14,16184.8701171875,16184.8701171875,15691.8603515625,15845.1904296875,149100000
2006-02-15,15932.830078125,16312.740234375,15932.830078125,16302.9404296875,123300000
2006-02-16,16043.669921875,16109.2001953125,15842.0,15901.3798828125,116200000
2006-02-17,15713.4501953125,16129.9404296875,15702.669921875,16078.509765625,121600000
2006-02-20,15437.9296875,15661.849609375,15389.580078125,15620.580078125,128800000
2006-02-21,15894.9404296875,15894.9404296875,15573.7099609375,15602.830078125,126700000
2006-02-22,15781.7802734375,15923.0,15679.91015625,15882.6396484375,145700000
2006-02-23,16096.099609375,16096.099609375,15892.509765625,15908.8701171875,121300000
2006-02-24,16101.91015625,16118.1103515625,15947.0400390625,16034.669921875,122900000
2006-02-27,16192.9501953125,16290.150390625,16123.2900390625,16156.150390625,152600000
2006-02-28,16205.4296875,16229.6796875,15953.3203125,16218.6201171875,154400000
2006-03-01,15964.4599609375,16053.2998046875,15910.650390625,16026.8203125,139300000
2006-03-02,15909.759765625,16106.259765625,15879.7099609375,16068.759765625,118200000
2006-03-03,15663.33984375,15897.2900390625,15658.6396484375,15835.4296875,111200000
2006-03-06,15901.16015625,15901.16015625,15609.7998046875,15668.6298828125,99900000
2006-03-07,15726.01953125,15864.5703125,15678.1201171875,15864.5703125,113100000
2006-03-08,15627.490234375,15720.650390625,15553.1396484375,15657.7900390625,113400000
2006-03-09,16036.91015625,16049.6103515625,15645.2998046875,15645.2998046875,117800000
2006-03-10,16115.6298828125,16264.8896484375,15982.01953125,16007.41015625,166700000
2006-03-13,16361.509765625,16379.4697265625,16242.16015625,16264.58984375,94700000
2006-03-14,16238.3603515625,16410.2890625,16238.3603515625,16401.109375,94600000
2006-03-15,16319.0400390625,16367.759765625,16291.76953125,16342.51953125,89700000
2006-03-16,16096.2099609375,16356.490234375,16032.5498046875,16354.7099609375,97400000
2006-03-17,16339.73046875,16339.73046875,16106.3798828125,16172.740234375,90600000
2006-03-20,16624.80078125,16667.130859375,16299.349609375,16299.349609375,102200000
2006-03-22,16495.48046875,16583.25,16477.259765625,16578.5,122700000
2006-03-23,16489.369140625,16661.140625,16464.470703125,16605.48046875,98900000
2006-03-24,16560.869140625,16612.51953125,16462.470703125,16501.5,80800000
2006-03-27,16650.099609375,16711.16015625,16599.919921875,16599.919921875,92600000
2006-03-28,16690.240234375,16690.240234375,16463.94921875,16550.470703125,95600000
2006-03-29,16938.41015625,16976.2890625,16613.720703125,16670.380859375,109100000
2006-03-30,17045.33984375,17125.640625,16974.470703125,17011.130859375,140500000
2006-03-31,17059.66015625,17094.609375,16995.76953125,17088.759765625,100600000
2006-04-03,17333.310546875,17387.080078125,17105.5,17127.609375,129600000
2006-04-04,17292.91015625,17410.30078125,17266.390625,17295.580078125,115400000
2006-04-05,17243.98046875,17464.5390625,17187.349609375,17340.140625,125800000
2006-04-06,17489.330078125,17489.330078125,17347.009765625,17365.5703125,111400000
2006-04-07,17563.369140625,17563.369140625,17418.939453125,17498.880859375,118000000
2006-04-10,17456.580078125,17489.609375,17385.25,17455.029296875,103900000
2006-04-11,17418.130859375,17489.16015625,17295.419921875,17460.6796875,111600000
2006-04-12,17162.55078125,17325.2109375,17162.0,17297.1796875,117500000
2006-04-13,17199.150390625,17303.26953125,17068.9609375,17232.279296875,101200000
2006-04-14,17233.8203125,17319.330078125,17149.080078125,17319.330078125,89500000
2006-04-17,17000.359375,17233.73046875,17000.359375,17233.73046875,78300000
2006-04-18,17232.859375,17268.05078125,16945.30078125,16971.759765625,98400000
2006-04-19,17350.119140625,17459.240234375,17350.119140625,17405.919921875,104500000
2006-04-20,17317.529296875,17412.58984375,17283.970703125,17391.939453125,96200000
2006-04-21,17403.9609375,17479.73046875,17258.490234375,17332.349609375,109000000
2006-04-24,16914.400390625,17245.619140625,16892.150390625,17245.619140625,110600000
2006-04-25,16970.2890625,17000.19921875,16787.439453125,16929.359375,103400000
2006-04-26,17055.9296875,17107.9296875,16944.5390625,16993.23046875,105100000
2006-04-27,17114.5390625,17176.060546875,17094.720703125,17118.919921875,103600000
2006-04-28,16906.23046875,17043.669921875,16750.5,17039.369140625,112500000
2006-05-01,16925.7109375,16965.330078125,16868.689453125,16929.830078125,79600000
2006-05-02,17153.76953125,17188.5390625,16900.330078125,16920.130859375,89300000
2006-05-08,17291.669921875,17375.25,17248.58984375,17334.189453125,121000000
2006-05-09,17190.91015625,17294.5,17178.94921875,17253.810546875,116600000
2006-05-10,16951.9296875,17253.109375,16883.390625,17161.470703125,127600000
2006-05-11,16862.140625,17087.0,16840.849609375,16887.369140625,110100000
2006-05-12,16601.779296875,16655.98046875,16422.490234375,16655.98046875,131700000
2006-05-15,16486.91015625,16486.91015625,16317.2001953125,16395.880859375,118700000
2006-05-16,16158.419921875,16596.48046875,16116.73046875,16508.890625,134500000
2006-05-17,16307.669921875,16319.2998046875,16033.66015625,16259.01953125,147800000
2006-05-18,16087.1796875,16139.1396484375,15914.3896484375,16089.25,131800000
2006-05-19,16155.4501953125,16166.33984375,15925.6904296875,16041.1796875,125000000
2006-05-22,15857.8701171875,16268.509765625,15837.259765625,16254.5595703125,126400000
2006-05-23,15599.2001953125,15776.2001953125,15582.8603515625,15722.0498046875,137300000
2006-05-24,15907.2001953125,15907.2001953125,15508.509765625,15676.6396484375,136200000
2006-05-25,15693.75,15849.23046875,15644.6201171875,15809.330078125,104500000
2006-05-26,15970.759765625,15970.759765625,15819.3203125,15827.8701171875,101900000
2006-05-29,15915.6796875,16111.5400390625,15885.0703125,16111.5400390625,96700000
2006-05-30,15859.4501953125,15937.91015625,15814.830078125,15920.7900390625,86400000
2006-05-31,15467.330078125,15660.8701171875,15442.5302734375,15660.8701171875,114500000
2006-06-01,15503.740234375,15655.0,15417.509765625,15603.25,102500000
2006-06-02,15789.3095703125,15789.3095703125,15266.9697265625,15600.2802734375,141200000
2006-06-05,15668.3095703125,15784.9501953125,15622.75,15719.3095703125,89700000
2006-06-06,15384.8603515625,15507.7802734375,15340.9296875,15500.919921875,96300000
2006-06-07,15096.009765625,15433.2900390625,15095.150390625,15285.0498046875,122100000
2006-06-08,14633.0302734375,14990.0400390625,14496.9599609375,14990.0400390625,171400000
2006-06-09,14750.83984375,14825.48046875,14389.3095703125,14530.5,219300000
2006-06-12,14833.009765625,14845.0400390625,14580.8701171875,14685.4599609375,116000000
2006-06-13,14218.599609375,14658.23046875,14218.599609375,14650.58984375,118500000
2006-06-14,14309.5595703125,14458.8203125,14045.5302734375,14084.51953125,146000000
2006-06-15,14470.759765625,14593.849609375,14417.7001953125,14453.330078125,112600000
2006-06-16,14879.33984375,14976.669921875,14679.349609375,14679.349609375,130200000
2006-06-19,14860.349609375,14918.599609375,14772.1396484375,14815.8603515625,86300000
2006-06-20,14648.41015625,14845.7099609375,14621.8701171875,14811.1103515625,91800000
2006-06-21,14644.259765625,14713.4296875,14482.9599609375,14712.8603515625,95000000
2006-06-22,15135.6904296875,15138.4697265625,14812.169921875,14812.169921875,109000000
2006-06-23,15124.0400390625,15126.51953125,14865.5703125,15001.76953125,98100000
2006-06-26,15152.400390625,15216.7802734375,14987.76953125,15080.23046875,93200000
2006-06-27,15171.8095703125,15207.3798828125,15095.1103515625,15165.6298828125,94000000
2006-06-28,14886.1103515625,14998.009765625,14824.7998046875,14998.009765625,96500000
2006-06-29,15121.150390625,15137.580078125,14975.7802734375,14981.7001953125,87700000
2006-06-30,15505.1796875,15521.2197265625,15333.099609375,15333.099609375,108900000
2006-07-03,15571.6201171875,15617.2197265625,15513.2900390625,15573.349609375,102700000
2006-07-04,15638.5,15710.3896484375,15617.8095703125,15677.0400390625,90900000
2006-07-05,15523.9404296875,15584.6201171875,15479.9296875,15504.169921875,89600000
2006-07-06,15321.400390625,15460.830078125,15278.1796875,15455.1796875,94600000
2006-07-07,15307.6103515625,15437.0400390625,15276.150390625,15428.3203125,90400000
2006-07-10,15552.8095703125,15555.4296875,15079.740234375,15149.91015625,111300000
2006-07-11,15473.8203125,15498.2001953125,15333.58984375,15485.259765625,102100000
2006-07-12,15249.3203125,15463.7197265625,15169.150390625,15405.419921875,111400000
2006-07-13,15097.9501953125,15370.349609375,15053.6103515625,15127.740234375,111800000
2006-07-14,14845.240234375,14997.4501953125,14815.900390625,14914.009765625,114200000
2006-07-18,14437.240234375,14747.2001953125,14437.240234375,14714.1796875,128100000
2006-07-19,14500.259765625,14625.6396484375,14456.4296875,14503.830078125,116200000
2006-07-20,14946.83984375,14962.1298828125,14705.4296875,14713.5595703125,107000000
2006-07-21,14821.259765625,14867.8095703125,14784.240234375,14825.16015625,91100000
2006-07-24,14794.5,14851.91015625,14560.669921875,14700.580078125,98400000
2006-07-25,15005.240234375,15078.3603515625,14948.3603515625,14970.599609375,99300000
2006-07-26,14884.0703125,15108.1396484375,14882.669921875,15065.5703125,94600000
2006-07-27,15179.7802734375,15220.330078125,14839.490234375,14883.5,109700000
2006-07-28,15342.8701171875,15351.7900390625,15150.5302734375,15217.4404296875,112900000
2006-07-31,15456.8095703125,15536.3203125,15433.2001953125,15462.3896484375,109400000
2006-08-01,15440.91015625,15522.0302734375,15365.7099609375,15387.51953125,93000000
2006-08-02,15464.2900390625,15466.0703125,15287.8095703125,15341.5302734375,95600000
2006-08-03,15470.3701171875,15580.91015625,15441.669921875,15527.26953125,87000000
2006-08-04,15499.1796875,15555.900390625,15435.330078125,15502.5595703125,89100000
2006-08-07,15154.0595703125,15516.240234375,15154.0595703125,15494.4697265625,90000000
2006-08-08,15464.66015625,15476.9404296875,15189.099609375,15234.3896484375,89200000
2006-08-09,15656.58984375,15659.41015625,15240.2998046875,15417.01953125,111500000
2006-08-10,15630.91015625,15690.8603515625,15536.150390625,15585.08984375,105900000
2006-08-11,15565.01953125,15681.400390625,15555.599609375,15622.240234375,113500000
2006-08-14,15857.1103515625,15873.2099609375,15549.669921875,15550.9599609375,82800000
2006-08-15,15816.1904296875,15913.33984375,15807.7197265625,15831.6904296875,98500000
2006-08-16,16071.3603515625,16085.0703125,15962.98046875,15970.599609375,113500000
2006-08-17,16020.83984375,16204.599609375,16008.4404296875,16142.5595703125,154600000
2006-08-18,16105.98046875,16169.83984375,16022.1201171875,16052.580078125,122500000
2006-08-21,15969.0400390625,16145.5,15936.6103515625,16104.5,91900000
2006-08-22,16181.169921875,16244.83984375,15994.990234375,15994.990234375,100300000
2006-08-23,16163.0302734375,16226.58984375,16118.1201171875,16161.8203125,92600000
2006-08-24,15960.6201171875,16089.1298828125,15910.6201171875,16088.5400390625,86800000
2006-08-25,15938.66015625,16156.7802734375,15874.6298828125,15955.759765625,87000000
2006-08-28,15762.58984375,16005.08984375,15745.009765625,15953.080078125,88000000
2006-08-29,15890.5595703125,15946.419921875,15811.73046875,15881.919921875,77400000
2006-08-30,15872.01953125,15962.9296875,15769.16015625,15929.900390625,95500000
2006-08-31,16140.759765625,16207.41015625,15882.259765625,15884.6103515625,112200000
2006-09-01,16134.25,16158.48046875,16029.5595703125,16072.8095703125,100200000
2006-09-04,16358.0703125,16414.939453125,16280.1796875,16280.1796875,109100000
2006-09-05,16385.9609375,16403.900390625,16280.6796875,16357.2900390625,109300000
2006-09-06,16284.08984375,16400.7109375,16245.16015625,16350.26953125,126000000
2006-09-07,16012.41015625,16141.9404296875,15944.0302734375,16141.9404296875,115600000
2006-09-08,16080.4599609375,16156.1796875,15831.75,15907.9697265625,163100000
2006-09-11,15794.3798828125,16053.1298828125,15772.0703125,16053.1298828125,97800000
2006-09-12,15719.33984375,15882.3798828125,15675.3701171875,15843.7998046875,117000000
2006-09-13,15750.0498046875,15965.3095703125,15730.669921875,15889.5,108600000
2006-09-14,15942.3896484375,15994.7900390625,15801.8798828125,15831.7197265625,101900000
2006-09-15,15866.9296875,15907.0302734375,15763.900390625,15872.2900390625,85500000
2006-09-19,15874.2802734375,16096.1796875,15867.0498046875,15948.4697265625,96600000
2006-09-20,15718.669921875,15763.669921875,15622.2802734375,15757.9697265625,103000000
2006-09-21,15834.23046875,15859.2099609375,15674.83984375,15820.1103515625,93400000
2006-09-22,15634.669921875,15735.259765625,15580.1904296875,15706.849609375,92900000
2006-09-25,15633.8095703125,15691.0595703125,15513.8701171875,15550.5595703125,98200000
2006-09-26,15557.4501953125,15666.9501953125,15517.900390625,15594.48046875,76500000
2006-09-27,15947.8701171875,15947.8701171875,15681.4404296875,15692.98046875,97500000
2006-09-28,16024.849609375,16032.98046875,15911.2197265625,15970.3896484375,86900000
2006-09-29,16127.580078125,16127.580078125,16007.3701171875,16097.080078125,83400000
2006-10-02,16254.2900390625,16329.240234375,16157.98046875,16169.0,102600000
2006-10-03,16242.08984375,16260.4697265625,16148.8896484375,16198.5498046875,90900000
2006-10-04,16082.5498046875,16363.1201171875,16028.3203125,16288.919921875,124900000
2006-10-05,16449.330078125,16481.310546875,16286.6396484375,16291.7900390625,125800000
2006-10-06,16436.060546875,16457.919921875,16360.6396484375,16444.7109375,96800000
2006-10-10,16477.25,16620.150390625,16325.48046875,16325.48046875,104500000
2006-10-11,16400.5703125,16595.91015625,16399.740234375,16497.26953125,115500000
2006-10-12,16368.8095703125,16495.5390625,16343.490234375,16386.369140625,106500000
2006-10-13,16536.5390625,16586.330078125,16493.640625,16494.490234375,121600000
2006-10-16,16692.759765625,16732.439453125,16648.4296875,16663.220703125,90100000
2006-10-17,16611.58984375,16704.859375,16561.259765625,16704.859375,93600000
2006-10-18,16653.0,16666.19921875,16466.740234375,16519.91015625,93500000
2006-10-19,16551.359375,16688.9609375,16506.220703125,16673.259765625,86400000
2006-10-20,16651.630859375,16663.609375,16552.359375,16556.08984375,86500000
2006-10-23,16788.8203125,16797.7109375,16598.529296875,16641.3203125,92300000
2006-10-24,16780.470703125,16901.529296875,16759.98046875,16853.73046875,111400000
2006-10-25,16699.30078125,16849.05078125,16697.009765625,16837.80078125,114600000
2006-10-26,16811.599609375,16863.240234375,16772.310546875,16794.41015625,114500000
2006-10-27,16669.0703125,16879.330078125,16643.91015625,16879.330078125,111800000
2006-10-30,16351.849609375,16549.7109375,16329.8896484375,16544.5,119000000
2006-10-31,16399.390625,16477.060546875,16314.2900390625,16389.44921875,104400000
2006-11-01,16375.259765625,16444.509765625,16246.240234375,16338.7197265625,103800000
2006-11-02,16350.01953125,16350.01953125,16209.1396484375,16281.9501953125,99000000
2006-11-06,16364.759765625,16398.509765625,16204.1298828125,16278.7802734375,104200000
2006-11-07,16393.41015625,16512.509765625,16378.7197265625,16509.7890625,95800000
2006-11-08,16215.740234375,16423.830078125,16199.4296875,16404.05078125,121600000
2006-11-09,16198.5703125,16286.259765625,16094.490234375,16218.8603515625,109400000
2006-11-10,16112.4296875,16280.66015625,16104.740234375,16133.91015625,130100000
2006-11-13,16022.490234375,16067.4599609375,15913.8603515625,16016.419921875,107600000
2006-11-14,16289.5498046875,16318.0498046875,16176.01953125,16178.8095703125,112900000
2006-11-15,16243.4697265625,16373.48046875,16243.4697265625,16348.740234375,103300000
2006-11-16,16163.8701171875,16367.099609375,16143.7001953125,16292.48046875,94400000
2006-11-17,16091.73046875,16238.259765625,16067.26953125,16182.3095703125,107100000
2006-11-20,15725.9404296875,16036.1796875,15725.9404296875,16004.33984375,116300000
2006-11-21,15734.1396484375,15817.73046875,15696.2197265625,15766.4296875,100100000
2006-11-22,15914.23046875,15914.23046875,15675.48046875,15680.5302734375,104200000
2006-11-24,15734.599609375,15789.8896484375,15639.1904296875,15784.259765625,90600000
2006-11-27,15885.3798828125,15912.1103515625,15615.5595703125,15615.5595703125,94800000
2006-11-28,15855.259765625,15855.259765625,15653.6904296875,15711.7197265625,114100000
2006-11-29,16076.2001953125,16126.349609375,15945.0703125,15948.6904296875,115200000
2006-11-30,16274.330078125,16274.330078125,16152.849609375,16183.2998046875,119100000
2006-12-01,16321.7802734375,16376.2998046875,16242.009765625,16313.01953125,111800000
2006-12-04,16303.58984375,16362.0400390625,16185.919921875,16263.98046875,108600000
2006-12-05,16265.759765625,16400.140625,16239.2802734375,16370.5595703125,121400000
2006-12-06,16371.2802734375,16401.310546875,16254.4501953125,16309.7998046875,109800000
2006-12-07,16473.359375,16550.73046875,16416.30078125,16461.91015625,102200000
2006-12-08,16417.8203125,16493.0,16387.80078125,16429.80078125,175700000
2006-12-11,16527.990234375,16608.970703125,16470.400390625,16487.30078125,115000000
2006-12-12,16637.779296875,16682.650390625,16583.779296875,16621.689453125,121100000
2006-12-13,16692.9296875,16692.9296875,16589.73046875,16609.25,105500000
2006-12-14,16829.19921875,16829.19921875,16714.33984375,16714.33984375,94600000
2006-12-15,16914.310546875,16959.91015625,16858.349609375,16927.939453125,106200000
2006-12-18,16962.109375,16993.880859375,16930.55078125,16962.650390625,107500000
2006-12-19,16776.880859375,16954.830078125,16754.2109375,16883.859375,113000000
2006-12-20,17011.0390625,17050.73046875,16829.580078125,16829.580078125,133300000
2006-12-21,17047.830078125,17109.169921875,17010.0390625,17040.9296875,147200000
2006-12-22,17104.9609375,17104.9609375,16992.76953125,17011.419921875,117100000
2006-12-25,17092.890625,17122.48046875,17056.689453125,17104.80078125,86900000
2006-12-26,17169.189453125,17185.7109375,17056.58984375,17070.3203125,114000000
2006-12-27,17223.150390625,17260.5703125,17207.119140625,17207.119140625,118900000
2006-12-28,17224.810546875,17301.689453125,17163.75,17290.109375,130600000
2006-12-29,17225.830078125,17281.189453125,17225.830078125,17228.490234375,75300000
2007-01-04,17353.669921875,17379.4609375,17315.759765625,17322.5,80100000
2007-01-05,17091.58984375,17327.130859375,17011.099609375,17315.5390625,158600000
2007-01-09,17237.76953125,17261.029296875,16983.970703125,17018.890625,142400000
2007-01-10,16942.400390625,17199.419921875,16847.5703125,17192.419921875,133500000
2007-01-11,16838.169921875,17057.44921875,16758.4609375,16958.5703125,121900000
2007-01-12,17057.009765625,17160.76953125,16941.390625,16979.73046875,139400000
2007-01-15,17209.919921875,17273.580078125,17144.439453125,17160.25,124400000
2007-01-16,17202.4609375,17287.9609375,17175.849609375,17190.900390625,128500000
2007-01-17,17261.349609375,17335.029296875,17002.669921875,17153.25,147000000
2007-01-18,17370.9296875,17408.619140625,17220.419921875,17248.140625,148800000
2007-01-19,17310.439453125,17378.2109375,17242.76953125,17340.380859375,121400000
2007-01-22,17424.1796875,17484.58984375,17401.3203125,17429.900390625,125600000
2007-01-23,17408.5703125,17442.0,17321.2890625,17350.310546875,161200000
2007-01-24,17507.400390625,17553.029296875,17498.359375,17505.310546875,192300000
2007-01-25,17458.30078125,17617.640625,17427.5390625,17604.599609375,158900000
2007-01-26,17421.9296875,17421.9296875,17300.83984375,17368.05078125,134400000
2007-01-29,17470.4609375,17489.58984375,17319.369140625,17393.189453125,149200000
2007-01-30,17490.189453125,17558.529296875,17452.630859375,17510.0,155000000
2007-01-31,17383.419921875,17497.859375,17275.83984375,17493.830078125,146100000
2007-02-01,17519.5,17543.9609375,17361.009765625,17377.029296875,167800000
2007-02-02,17547.109375,17633.609375,17532.640625,17569.16015625,162000000
2007-02-05,17344.80078125,17531.41015625,17294.98046875,17531.41015625,152400000
2007-02-06,17406.859375,17433.26953125,17345.099609375,17384.5,157000000
2007-02-07,17292.3203125,17374.8203125,17199.66015625,17367.91015625,172200000
2007-02-08,17292.48046875,17400.349609375,17212.779296875,17368.349609375,141700000
2007-02-09,17504.330078125,17545.7109375,17274.890625,17339.560546875,159500000
2007-02-13,17621.44921875,17628.029296875,17440.4296875,17481.76953125,169900000
2007-02-14,17752.640625,17789.919921875,17648.810546875,17662.2890625,164900000
2007-02-15,17897.23046875,17911.580078125,17815.169921875,17891.240234375,151400000
2007-02-16,17875.650390625,17884.890625,17793.349609375,17828.779296875,137600000
2007-02-19,17940.08984375,17974.0,17810.05078125,17835.130859375,136900000
2007-02-20,17939.119140625,17953.029296875,17828.94921875,17919.330078125,152300000
2007-02-21,17913.2109375,17968.259765625,17850.08984375,17896.599609375,211200000
2007-02-22,18108.7890625,18132.83984375,18024.48046875,18033.23046875,183200000
2007-02-23,18188.419921875,18239.130859375,18046.419921875,18113.560546875,193400000
2007-02-26,18215.349609375,18300.390625,18145.419921875,18219.75,194900000
2007-02-27,18119.919921875,18272.6796875,18073.220703125,18239.30078125,197900000
2007-02-28,17604.119140625,17843.609375,17382.7890625,17843.609375,250300000
2007-03-01,17453.509765625,17557.419921875,17261.599609375,17542.23046875,222300000
2007-03-02,17217.9296875,17356.44921875,17160.4296875,17351.400390625,198100000
2007-03-05,16642.25,16992.439453125,16532.91015625,16992.439453125,210900000
2007-03-06,16844.5,16882.919921875,16649.099609375,16654.849609375,210000000
2007-03-07,16764.619140625,16988.009765625,16731.76953125,16982.30078125,217400000
2007-03-08,17090.310546875,17090.310546875,16685.94921875,16729.7890625,179300000
2007-03-09,17164.0390625,17246.2109375,17100.740234375,17224.669921875,231600000
2007-03-12,17292.390625,17325.44921875,17206.939453125,17312.140625,130000000
2007-03-13,17178.83984375,17299.48046875,17153.19921875,17268.7109375,135200000
2007-03-14,16676.890625,16936.189453125,16628.849609375,16936.189453125,163700000
2007-03-15,16860.390625,16942.310546875,16760.6796875,16803.990234375,164900000
2007-03-16,16744.150390625,16939.4296875,16643.759765625,16779.48046875,173300000
2007-03-19,17009.55078125,17026.4609375,16713.990234375,16713.990234375,130800000
2007-03-20,17163.19921875,17267.740234375,17146.529296875,17155.349609375,129400000
2007-03-22,17419.19921875,17489.189453125,17379.400390625,17383.619140625,146500000
2007-03-23,17480.609375,17534.76953125,17407.970703125,17519.509765625,128500000
2007-03-26,17521.9609375,17558.0390625,17425.0,17517.919921875,91900000
2007-03-27,17365.05078125,17516.890625,17315.91015625,17357.259765625,125700000
2007-03-28,17254.73046875,17442.619140625,17141.650390625,17328.119140625,153000000
2007-03-29,17263.939453125,17350.880859375,17036.220703125,17119.94921875,144700000
2007-03-30,17287.650390625,17380.80078125,17267.099609375,17318.849609375,115300000
2007-04-02,17028.41015625,17425.740234375,16999.05078125,17346.25,153900000
2007-04-03,17244.05078125,17279.73046875,17095.919921875,17154.779296875,152000000
2007-04-04,17544.08984375,17576.509765625,17394.140625,17400.6796875,150400000
2007-04-05,17491.419921875,17531.30078125,17430.380859375,17507.4609375,132800000
2007-04-06,17484.779296875,17560.30078125,17422.55078125,17502.900390625,121000000
2007-04-09,17743.759765625,17747.8203125,17606.029296875,17606.029296875,124500000
2007-04-10,17664.689453125,17706.919921875,17613.150390625,17631.01953125,131300000
2007-04-11,17670.0703125,17723.390625,17618.189453125,17699.390625,113800000
2007-04-12,17540.419921875,17601.650390625,17455.1796875,17601.650390625,122200000
2007-04-13,17363.94921875,17662.890625,17327.369140625,17629.01953125,134000000
2007-04-16,17628.30078125,17696.869140625,17507.1796875,17507.1796875,111900000
2007-04-17,17527.44921875,17782.080078125,17452.119140625,17750.669921875,125200000
2007-04-18,17667.330078125,17706.849609375,17538.33984375,17557.400390625,119900000
2007-04-19,17371.970703125,17530.0,17219.73046875,17530.0,142600000
2007-04-20,17452.619140625,17502.01953125,17404.619140625,17471.560546875,123500000
2007-04-23,17455.369140625,17656.55078125,17413.640625,17589.609375,123700000
2007-04-24,17451.76953125,17500.33984375,17305.779296875,17363.83984375,116000000
2007-04-25,17236.16015625,17379.51953125,17221.55078125,17379.51953125,115100000
2007-04-26,17429.169921875,17496.109375,17321.05078125,17359.83984375,129900000
2007-04-27,17400.41015625,17542.25,17299.369140625,17377.0390625,153800000
2007-05-01,17274.98046875,17396.30078125,17203.029296875,17396.30078125,120300000
2007-05-02,17394.919921875,17441.099609375,17227.08984375,17310.75,113500000
2007-05-07,17669.830078125,17715.990234375,17558.240234375,17564.169921875,149500000
2007-05-08,17656.83984375,17711.669921875,17587.919921875,17651.470703125,152500000
2007-05-09,17748.119140625,17753.330078125,17616.580078125,17616.580078125,167000000
2007-05-10,17736.9609375,17827.48046875,17712.890625,17793.490234375,165400000
2007-05-11,17553.720703125,17616.01953125,17455.279296875,17616.01953125,157500000
2007-05-14,17677.939453125,17786.650390625,17673.859375,17682.740234375,151300000
2007-05-15,17512.98046875,17609.55078125,17491.58984375,17577.140625,136100000
2007-05-16,17529.0,17539.94921875,17430.69921875,17487.0,141000000
2007-05-17,17498.599609375,17656.0703125,17482.439453125,17586.330078125,117100000
2007-05-18,17399.580078125,17563.529296875,17320.810546875,17563.529296875,114900000
2007-05-21,17556.869140625,17599.349609375,17411.509765625,17455.55078125,118300000
2007-05-22,17680.05078125,17730.83984375,17545.259765625,17578.310546875,127900000
2007-05-23,17705.119140625,17802.7109375,17699.119140625,17763.150390625,130600000
2007-05-24,17696.970703125,17760.5703125,17606.560546875,17680.44921875,116300000
2007-05-25,17481.2109375,17529.26953125,17370.1796875,17529.26953125,117700000
2007-05-28,17587.58984375,17630.369140625,17544.669921875,17544.98046875,94200000
2007-05-29,17672.560546875,17700.51953125,17521.640625,17524.8203125,108000000
2007-05-30,17588.259765625,17727.169921875,17484.30078125,17664.369140625,125800000
2007-05-31,17875.75,17875.75,17701.5703125,17715.76953125,134300000
2007-06-01,17958.880859375,18017.73046875,17943.6796875,17949.919921875,158700000
2007-06-04,17973.419921875,18071.80078125,17973.419921875,18067.900390625,166700000
2007-06-05,18053.810546875,18071.720703125,17950.44921875,18019.7890625,126200000
2007-06-06,18040.9296875,18073.05078125,17991.189453125,18001.19921875,140700000
2007-06-07,18053.380859375,18053.380859375,17866.51953125,17879.009765625,152500000
2007-06-08,17779.08984375,17904.6796875,17696.509765625,17904.6796875,223600000
2007-06-11,17834.48046875,17932.099609375,17801.630859375,17899.01953125,119600000
2007-06-12,17760.91015625,17862.990234375,17735.560546875,17845.220703125,117200000
2007-06-13,17732.76953125,17781.41015625,17591.9296875,17631.869140625,119300000
2007-06-14,17842.2890625,17875.01953125,17815.30078125,17834.779296875,106900000
2007-06-15,17971.490234375,18007.990234375,17930.33984375,17945.83984375,123800000
2007-06-18,18149.51953125,18194.259765625,18112.9296875,18127.41015625,120500000
2007-06-19,18163.609375,18163.609375,18103.560546875,18131.58984375,111900000
2007-06-20,18211.6796875,18297.0,18141.94921875,18173.0703125,141300000
2007-06-21,18240.30078125,18287.73046875,18107.810546875,18117.30078125,137200000
2007-06-22,18188.630859375,18200.109375,18092.359375,18177.890625,125600000
2007-06-25,18087.48046875,18203.560546875,18079.849609375,18107.6796875,114300000
2007-06-26,18066.109375,18101.890625,18008.599609375,18098.330078125,100400000
2007-06-27,17849.279296875,17983.349609375,17848.05078125,17981.76953125,114300000
2007-06-28,17932.26953125,17960.220703125,17893.369140625,17915.630859375,99900000
2007-06-29,18138.359375,18144.630859375,17973.5,18010.5,106100000
2007-07-02,18146.30078125,18175.30078125,18062.490234375,18139.0390625,108600000
2007-07-03,18149.900390625,18230.890625,18146.740234375,18206.490234375,104800000
2007-07-04,18168.720703125,18207.970703125,18143.580078125,18158.76953125,80300000
2007-07-05,18221.48046875,18295.26953125,18191.890625,18191.890625,88700000
2007-07-06,18140.939453125,18184.640625,18086.009765625,18184.640625,100600000
2007-07-09,18261.98046875,18282.150390625,18213.58984375,18226.0703125,101100000
2007-07-10,18252.669921875,18259.810546875,18204.0390625,18244.689453125,118800000
2007-07-11,18049.509765625,18116.66015625,18028.869140625,18116.66015625,120600000
2007-07-12,17984.140625,18130.439453125,17919.169921875,18105.890625,125700000
2007-07-13,18238.94921875,18268.640625,18150.990234375,18161.01953125,126200000
2007-07-17,18217.26953125,18269.359375,18167.8203125,18269.359375,123300000
2007-07-18,18015.580078125,18136.060546875,17964.279296875,18136.060546875,136600000
2007-07-19,18116.5703125,18131.119140625,18037.330078125,18095.94921875,127500000
2007-07-20,18157.9296875,18223.0390625,18124.740234375,18148.599609375,176600000
2007-07-23,17963.640625,18009.470703125,17892.75,17995.7109375,147200000
2007-07-24,18002.029296875,18018.939453125,17906.109375,17998.759765625,127400000
2007-07-25,17858.419921875,17881.310546875,17733.9609375,17810.970703125,135300000
2007-07-26,17702.08984375,17861.470703125,17678.98046875,17807.23046875,125200000
2007-07-27,17283.810546875,17454.58984375,17196.16015625,17454.58984375,160400000
2007-07-30,17289.30078125,17289.30078125,17042.66015625,17138.529296875,154100000
2007-07-31,17248.890625,17318.009765625,17195.2890625,17318.009765625,146500000
2007-08-01,16870.98046875,17169.19921875,16845.5390625,17169.19921875,161400000
2007-08-02,16984.109375,16999.16015625,16652.80078125,16956.330078125,158000000
2007-08-03,16979.859375,17102.0703125,16913.26953125,17019.80078125,137300000
2007-08-06,16914.4609375,16951.98046875,16675.390625,16781.140625,130700000
2007-08-07,16921.76953125,17049.44921875,16863.4609375,17009.630859375,135000000
2007-08-08,17029.279296875,17085.099609375,16911.6796875,16930.390625,165100000
2007-08-09,17170.599609375,17274.330078125,17148.94921875,17170.359375,218800000
2007-08-10,16764.08984375,16948.9609375,16651.7109375,16923.2109375,213300000
2007-08-13,16800.05078125,16948.400390625,16725.55078125,16791.80078125,148200000
2007-08-14,16844.609375,16855.05078125,16747.939453125,16824.630859375,115400000
2007-08-15,16475.609375,16667.359375,16433.30078125,16659.0703125,131400000
2007-08-16,16148.490234375,16296.400390625,15859.4599609375,16296.400390625,177100000
2007-08-17,15273.6796875,16062.58984375,15262.099609375,16035.3798828125,196900000
2007-08-20,15732.48046875,15940.6103515625,15477.259765625,15477.259765625,146700000
2007-08-21,15901.33984375,16101.6396484375,15754.509765625,15773.8603515625,132600000
2007-08-22,15900.6396484375,15957.9599609375,15787.9599609375,15866.599609375,106300000
2007-08-23,16316.3203125,16333.3603515625,16093.8203125,16093.8203125,118200000
2007-08-24,16248.9697265625,16329.9599609375,16188.080078125,16286.009765625,102800000
2007-08-27,16301.3896484375,16504.720703125,16263.9501953125,16429.009765625,91600000
2007-08-28,16287.490234375,16343.2802734375,16192.83984375,16214.08984375,83800000
2007-08-29,16012.830078125,16068.099609375,15830.2802734375,16068.099609375,112000000
2007-08-30,16153.8203125,16269.66015625,16091.2802734375,16182.08984375,97200000
2007-08-31,16569.08984375,16569.08984375,16266.23046875,16270.990234375,119500000
2007-09-03,16524.9296875,16575.970703125,16452.740234375,16511.0703125,96700000
2007-09-04,16420.470703125,16511.640625,16392.2109375,16445.73046875,86500000
2007-09-05,16158.4501953125,16553.220703125,16154.900390625,16506.109375,114100000
2007-09-06,16257.0,16257.0,15840.0498046875,16003.8798828125,141200000
2007-09-07,16122.16015625,16230.580078125,16027.9296875,16179.7802734375,101100000
2007-09-10,15764.9697265625,15906.51953125,15651.830078125,15906.51953125,115300000
2007-09-11,15877.669921875,15940.3798828125,15610.650390625,15787.8603515625,111000000
2007-09-12,15797.599609375,16032.259765625,15731.3203125,15978.7802734375,111000000
2007-09-13,15821.1904296875,15931.08984375,15802.3603515625,15886.759765625,101500000
2007-09-14,16127.419921875,16142.080078125,15877.08984375,15895.0498046875,173000000
2007-09-18,15801.7998046875,16037.490234375,15780.900390625,16037.490234375,101000000
2007-09-19,16381.5400390625,16386.169921875,16038.1201171875,16038.1201171875,112300000
2007-09-20,16413.7890625,16491.44921875,16344.2802734375,16474.66015625,120800000
2007-09-21,16312.6103515625,16353.9697265625,16245.9404296875,16284.4296875,123000000
2007-09-25,16401.73046875,16434.80078125,16240.259765625,16317.1904296875,118000000
2007-09-26,16435.740234375,16457.720703125,16388.509765625,16388.509765625,103800000
2007-09-27,16832.220703125,16868.939453125,16551.939453125,16551.939453125,126800000
2007-09-28,16785.689453125,16929.259765625,16755.2109375,16903.640625,111600000
2007-10-01,16845.9609375,16899.83984375,16685.80078125,16773.099609375,108600000
2007-10-02,17046.779296875,17072.669921875,16986.380859375,17027.919921875,136100000
2007-10-03,17199.890625,17205.419921875,17017.76953125,17066.140625,148100000
2007-10-04,17092.490234375,17160.470703125,17043.759765625,17085.3203125,129300000
2007-10-05,17065.0390625,17144.349609375,17032.75,17070.609375,97300000
2007-10-09,17159.900390625,17237.400390625,17133.51953125,17166.169921875,104600000
2007-10-10,17177.890625,17254.51953125,17146.390625,17231.140625,101900000
2007-10-11,17458.98046875,17488.970703125,17154.75,17188.810546875,133100000
2007-10-12,17331.169921875,17441.75,17280.599609375,17417.939453125,127000000
2007-10-15,17358.150390625,17430.08984375,17292.130859375,17399.669921875,97000000
2007-10-16,17137.919921875,17283.05078125,17104.19921875,17267.0703125,114500000
2007-10-17,16955.310546875,17114.19921875,16795.740234375,17114.19921875,150700000
2007-10-18,17106.08984375,17147.73046875,16974.689453125,16974.689453125,113800000
2007-10-19,16814.369140625,16965.0,16711.5703125,16965.0,111700000
2007-10-22,16438.470703125,16563.5703125,16264.7001953125,16563.5703125,122100000
2007-10-23,16450.580078125,16554.91015625,16416.919921875,16486.7109375,90400000
2007-10-24,16358.3896484375,16578.58984375,16330.330078125,16518.0,109200000
2007-10-25,16284.169921875,16438.5703125,16199.01953125,16368.01953125,111600000
2007-10-26,16505.630859375,16505.630859375,16348.8603515625,16358.6103515625,110300000
2007-10-29,16698.080078125,16774.1796875,16613.30078125,16613.30078125,122000000
2007-10-30,16651.009765625,16682.869140625,16492.560546875,16655.310546875,149300000
2007-10-31,16737.630859375,16738.98046875,16552.5390625,16620.58984375,144700000
2007-11-01,16870.400390625,16887.0390625,16795.55078125,16812.900390625,144900000
2007-11-02,16517.48046875,16654.73046875,16484.5390625,16647.400390625,148200000
2007-11-05,16268.919921875,16458.140625,16211.7900390625,16458.140625,142700000
2007-11-06,16249.6298828125,16353.9296875,16144.400390625,16152.580078125,138700000
2007-11-07,16096.6796875,16326.580078125,16081.0302734375,16325.1796875,136100000
2007-11-08,15771.5703125,15891.23046875,15626.0595703125,15889.0302734375,161200000
2007-11-09,15583.419921875,15834.9697265625,15566.1201171875,15675.48046875,160400000
2007-11-12,15197.08984375,15386.7998046875,14998.509765625,15377.3701171875,158500000
2007-11-13,15126.6298828125,15235.5595703125,14988.76953125,15148.16015625,151000000
2007-11-14,15499.5595703125,15504.990234375,15287.259765625,15311.3798828125,139000000
2007-11-15,15396.2998046875,15587.3095703125,15396.2998046875,15536.349609375,129800000
2007-11-16,15154.6103515625,15238.73046875,15030.01953125,15238.73046875,118800000
2007-11-19,15042.5595703125,15302.759765625,15040.099609375,15177.169921875,125500000
2007-11-20,15211.51953125,15222.240234375,14751.26953125,14868.98046875,184600000
2007-11-21,14837.66015625,15154.3095703125,14770.2197265625,15113.830078125,149100000
2007-11-22,14888.76953125,15000.1796875,14669.849609375,14726.6201171875,161200000
2007-11-26,15135.2099609375,15295.2099609375,14912.830078125,14921.5703125,145900000
2007-11-27,15222.849609375,15312.5498046875,14801.8701171875,14953.9296875,159100000
2007-11-28,15153.7802734375,15280.91015625,15089.349609375,15271.1396484375,134200000
2007-11-29,15513.740234375,15555.0400390625,15339.6103515625,15339.6103515625,129800000
2007-11-30,15680.669921875,15751.2001953125,15520.5302734375,15520.5302734375,171200000
2007-12-03,15628.9697265625,15799.6904296875,15577.6904296875,15747.4697265625,137500000
2007-12-04,15480.1904296875,15683.1796875,15446.4697265625,15613.8896484375,124200000
2007-12-05,15608.8798828125,15621.5400390625,15365.3896484375,15418.9501953125,136900000
2007-12-06,15874.080078125,15898.259765625,15740.9404296875,15782.400390625,129300000
2007-12-07,15956.3701171875,16107.650390625,15948.5400390625,15992.240234375,146100000
2007-12-10,15924.3896484375,16017.1396484375,15826.25,16007.330078125,116200000
2007-12-11,16044.7197265625,16075.6103515625,15972.4501953125,16003.08984375,102700000
2007-12-12,15932.259765625,15963.4296875,15700.150390625,15828.650390625,142900000
2007-12-13,15536.51953125,15833.099609375,15532.5302734375,15818.48046875,140900000
2007-12-14,15514.509765625,15697.0498046875,15433.76953125,15547.1904296875,200100000
2007-12-17,15249.7900390625,15508.5,15219.0703125,15433.2998046875,113200000
2007-12-18,15207.8603515625,15301.6904296875,15004.41015625,15099.2001953125,139800000
2007-12-19,15030.509765625,15267.75,15030.509765625,15165.08984375,118200000
2007-12-20,15031.599609375,15161.66015625,15017.9697265625,15151.3701171875,108500000
2007-12-21,15257.0,15275.6103515625,14998.009765625,15044.349609375,135400000
2007-12-25,15552.58984375,15583.3896484375,15441.330078125,15441.330078125,90700000
2007-12-26,15653.5400390625,15653.5400390625,15559.4697265625,15613.9599609375,93900000
2007-12-27,15564.6904296875,15628.3095703125,15535.509765625,15616.41015625,93000000
2007-12-28,15307.7802734375,15413.3701171875,15240.9599609375,15413.3701171875,61300000
2008-01-04,14691.41015625,15156.66015625,14542.580078125,15155.73046875,98700000
2008-01-07,14500.5498046875,14667.849609375,14438.6103515625,14549.3798828125,139800000
2008-01-08,14528.669921875,14547.7998046875,14365.8603515625,14429.2998046875,146800000
2008-01-09,14599.16015625,14602.650390625,14271.5703125,14364.7099609375,155500000
2008-01-10,14388.1103515625,14584.73046875,14388.1103515625,14546.3203125,130100000
2008-01-11,14110.7900390625,14447.490234375,14096.5400390625,14419.4296875,175500000
2008-01-15,13972.6298828125,14224.0,13915.150390625,14134.91015625,163700000
2008-01-16,13504.509765625,13841.9296875,13500.58984375,13796.73046875,204500000
2008-01-17,13783.4501953125,13803.080078125,13472.4501953125,13596.3798828125,192900000
2008-01-18,13861.2900390625,13902.6396484375,13365.3203125,13577.5,191000000
2008-01-21,13325.9404296875,13704.650390625,13320.509765625,13701.4296875,152600000
2008-01-22,12573.0498046875,13125.23046875,12572.6796875,13125.23046875,198900000
2008-01-23,12829.0595703125,13063.7802734375,12619.7802734375,12756.3095703125,178000000
2008-01-24,13092.7802734375,13134.76953125,12952.5,12952.5,189700000
2008-01-25,13629.16015625,13647.16015625,13248.8896484375,13258.76953125,178800000
2008-01-28,13087.91015625,13501.8603515625,13087.91015625,13482.83984375,152900000
2008-01-29,13478.8603515625,13506.8095703125,13224.66015625,13246.6904296875,147000000
2008-01-30,13345.0302734375,13514.1298828125,13271.1298828125,13500.51953125,152400000
2008-01-31,13592.4697265625,13622.6796875,13154.76953125,13227.48046875,165300000
2008-02-01,13497.16015625,13648.3896484375,13444.080078125,13517.740234375,142600000
2008-02-04,13859.7001953125,13889.240234375,13642.599609375,13642.599609375,138100000
2008-02-05,13745.5,13821.919921875,13665.6396484375,13806.169921875,133700000
2008-02-06,13099.240234375,13552.1904296875,13099.240234375,13548.5302734375,176700000
2008-02-07,13207.150390625,13244.1904296875,12972.5498046875,13077.25,163000000
2008-02-08,13017.240234375,13279.51953125,12997.8798828125,13143.080078125,170500000
2008-02-12,13021.9599609375,13138.2802734375,12923.419921875,12998.8701171875,147600000
2008-02-13,13068.2998046875,13240.259765625,13036.6201171875,13162.9501953125,138800000
2008-02-14,13626.4501953125,13626.4501953125,13251.8603515625,13254.58984375,147200000
2008-02-15,13622.5595703125,13666.6796875,13356.3896484375,13508.5302734375,154800000
2008-02-18,13635.400390625,13822.4501953125,13627.3095703125,13627.3095703125,147100000
2008-02-19,13757.91015625,13853.2099609375,13691.8798828125,13761.759765625,147500000
2008-02-20,13310.3701171875,13729.75,13310.3701171875,13729.75,163600000
2008-02-21,13688.2802734375,13783.9697265625,13439.58984375,13462.7197265625,142900000
2008-02-22,13500.4599609375,13540.6201171875,13378.7197265625,13530.1904296875,144200000
2008-02-25,13914.5703125,13969.1796875,13612.3095703125,13612.3095703125,152000000
2008-02-26,13824.7197265625,14053.849609375,13803.4599609375,14036.8896484375,133800000
2008-02-27,14031.2998046875,14105.4697265625,13956.4404296875,14007.3203125,127300000
2008-02-28,13925.509765625,13962.2998046875,13794.7099609375,13877.8798828125,118400000
2008-02-29,13603.01953125,13738.5595703125,13533.25,13735.4404296875,126600000
2008-03-03,12992.1796875,13413.6298828125,12992.1796875,13412.8701171875,142400000
2008-03-04,12992.2802734375,13110.3896484375,12883.0703125,13080.2900390625,138600000
2008-03-05,12972.0595703125,13044.009765625,12919.8095703125,12973.0302734375,128900000
2008-03-06,13215.419921875,13365.2197265625,13050.5498046875,13068.8896484375,134300000
2008-03-07,12782.7998046875,13024.6103515625,12744.51953125,13024.6103515625,144100000
2008-03-10,12532.1298828125,12777.0703125,12527.0703125,12716.83984375,151200000
2008-03-11,12658.2802734375,12674.8896484375,12352.7900390625,12392.3095703125,162200000
2008-03-12,12861.1298828125,13071.2197265625,12799.419921875,12841.8798828125,141100000
2008-03-13,12433.4404296875,12772.3701171875,12351.7197265625,12741.259765625,143400000
2008-03-14,12241.599609375,12582.5703125,12167.08984375,12509.8095703125,231900000
2008-03-17,11787.509765625,12132.6904296875,11691.0,12089.0302734375,172500000
2008-03-18,11964.16015625,11995.0595703125,11793.599609375,11828.990234375,157800000
2008-03-19,12260.4404296875,12374.75,12142.330078125,12142.330078125,143900000
2008-03-21,12482.5703125,12496.41015625,12308.0302734375,12331.6396484375,122100000
2008-03-24,12480.08984375,12582.4599609375,12438.2001953125,12473.0595703125,108400000
2008-03-25,12745.2197265625,12791.240234375,12572.76953125,12639.740234375,130200000
2008-03-26,12706.6298828125,12711.7802734375,12591.009765625,12648.9697265625,107400000
2008-03-27,12604.580078125,12621.5595703125,12475.8798828125,12618.419921875,114300000
2008-03-28,12820.4697265625,12874.4501953125,12507.6796875,12594.33984375,122600000
2008-03-31,12525.5400390625,12709.2802734375,12430.6298828125,12709.2802734375,124100000
2008-04-01,12656.419921875,12779.1396484375,12521.83984375,12539.7998046875,114500000
2008-04-02,13189.3603515625,13189.3603515625,12836.41015625,12836.41015625,145000000
2008-04-03,13389.900390625,13389.900390625,13137.099609375,13190.16015625,142600000
2008-04-04,13293.2197265625,13360.8095703125,13220.0,13286.349609375,122000000
2008-04-07,13450.23046875,13485.900390625,13228.8603515625,13240.5595703125,125200000
2008-04-08,13250.4296875,13402.91015625,13225.759765625,13373.9599609375,110600000
2008-04-09,13111.8896484375,13348.3798828125,12998.5400390625,13295.16015625,117300000
2008-04-10,12945.2998046875,13062.4599609375,12898.490234375,13029.8095703125,128000000
2008-04-11,13323.73046875,13329.400390625,13040.349609375,13061.76953125,147600000
2008-04-14,12917.509765625,13132.669921875,12858.6298828125,13132.669921875,101000000
2008-04-15,12990.580078125,13052.8203125,12875.919921875,12952.650390625,112400000
2008-04-16,13146.1298828125,13222.4296875,13112.0703125,13130.66015625,121100000
2008-04-17,13398.2998046875,13495.9404296875,13313.0595703125,13315.830078125,127100000
2008-04-18,13476.4501953125,13485.0400390625,13323.740234375,13426.259765625,102400000
2008-04-21,13696.5498046875,13739.4404296875,13639.76953125,13639.849609375,124500000
2008-04-22,13547.8203125,13608.169921875,13519.1201171875,13587.509765625,100800000
2008-04-23,13579.16015625,13717.0498046875,13449.0400390625,13455.5595703125,112200000
2008-04-24,13540.8701171875,13654.7802734375,13497.16015625,13613.830078125,108700000
2008-04-25,13863.4697265625,13886.3701171875,13614.5302734375,13614.5302734375,127100000
2008-04-28,13894.3701171875,14003.2802734375,13745.6103515625,13907.9697265625,139400000
2008-04-30,13849.990234375,13976.099609375,13766.240234375,13802.9404296875,143200000
2008-05-01,13766.8603515625,13884.6298828125,13727.0703125,13802.58984375,110700000
2008-05-02,14049.259765625,14072.919921875,13944.259765625,13944.259765625,114100000
2008-05-07,14102.48046875,14208.669921875,14022.7900390625,14147.5703125,139800000
2008-05-08,13943.259765625,14036.3095703125,13930.2802734375,14008.1904296875,120300000
2008-05-09,13655.33984375,13946.509765625,13639.990234375,13941.2998046875,130400000
2008-05-12,13743.3603515625,13793.41015625,13540.6796875,13565.91015625,103000000
2008-05-13,13953.73046875,13976.919921875,13734.5,13814.3896484375,129200000
2008-05-14,14118.5498046875,14121.9404296875,13877.400390625,13961.9599609375,142500000
2008-05-15,14251.740234375,14352.83984375,14167.01953125,14167.01953125,160100000
2008-05-16,14219.48046875,14392.5302734375,14194.91015625,14363.6201171875,144100000
2008-05-19,14269.6103515625,14343.1904296875,14219.080078125,14294.51953125,133800000
2008-05-20,14160.08984375,14286.669921875,14121.919921875,14220.1201171875,159800000
2008-05-21,13926.2998046875,14041.240234375,13847.1796875,14002.51953125,160200000
2008-05-22,13978.4599609375,13984.8095703125,13658.01953125,13772.650390625,159300000
2008-05-23,14012.2001953125,14157.240234375,13925.3798828125,13945.099609375,146500000
2008-05-26,13690.1904296875,13883.509765625,13670.919921875,13875.98046875,117800000
2008-05-27,13893.3095703125,13931.23046875,13750.8203125,13750.8203125,100200000
2008-05-28,13709.4404296875,13979.3896484375,13665.5703125,13937.1396484375,132500000
2008-05-29,14124.4697265625,14147.8896484375,13832.650390625,13832.650390625,128700000
2008-05-30,14338.5400390625,14366.6298828125,14192.169921875,14195.66015625,166700000
2008-06-02,14440.1396484375,14461.0302734375,14189.9697265625,14342.9599609375,154800000
2008-06-03,14209.169921875,14289.4697265625,14127.75,14275.6103515625,152600000
2008-06-04,14435.5703125,14435.5703125,14250.1103515625,14270.0703125,168900000
2008-06-05,14341.1201171875,14392.58984375,14262.01953125,14392.58984375,152100000
2008-06-06,14489.4404296875,14601.26953125,14489.4404296875,14530.3603515625,150700000
2008-06-09,14181.3798828125,14278.83984375,14117.7900390625,14275.33984375,122000000
2008-06-10,14021.169921875,14308.8896484375,13983.5595703125,14281.3603515625,120700000
2008-06-11,14183.48046875,14194.48046875,13993.5703125,14137.5400390625,131100000
2008-06-12,13888.599609375,14010.3203125,13826.0703125,14010.3203125,133400000
2008-06-13,13973.73046875,14041.33984375,13810.3798828125,14011.1201171875,230400000
2008-06-16,14354.3701171875,14369.08984375,14103.5,14118.23046875,119900000
2008-06-17,14348.3701171875,14387.0,14299.669921875,14387.0,110700000
2008-06-18,14452.8203125,14469.990234375,14301.3603515625,14301.3603515625,110900000
2008-06-19,14130.169921875,14324.7099609375,14069.16015625,14324.7099609375,130900000
2008-06-20,13942.080078125,14190.0,13903.2099609375,14171.01953125,129700000
2008-06-23,13857.4697265625,13920.75,13667.83984375,13769.4404296875,117700000
2008-06-24,13849.5595703125,13877.490234375,13738.3896484375,13766.2802734375,100100000
2008-06-25,13829.919921875,13833.23046875,13635.6796875,13820.7802734375,123500000
2008-06-26,13822.3203125,13950.5595703125,13798.0498046875,13845.41015625,114400000
2008-06-27,13544.3603515625,13605.5595703125,13453.349609375,13605.259765625,127700000
2008-06-30,13481.3798828125,13598.48046875,13454.2802734375,13584.509765625,123700000
2008-07-01,13463.2001953125,13576.41015625,13448.349609375,13514.8603515625,121400000
2008-07-02,13286.3701171875,13489.8701171875,13247.0498046875,13489.8701171875,136500000
2008-07-03,13265.400390625,13326.9501953125,13118.8896484375,13161.7802734375,154200000
2008-07-04,13237.8896484375,13288.5498046875,13135.4599609375,13285.490234375,117400000
2008-07-07,13360.0400390625,13409.2998046875,13169.5498046875,13212.7998046875,107100000
2008-07-08,13033.099609375,13294.9697265625,12984.5400390625,13286.5,121800000
2008-07-09,13052.1298828125,13284.650390625,13038.76953125,13169.8896484375,122900000
2008-07-10,13067.2099609375,13139.849609375,12930.3203125,12934.3095703125,120100000
2008-07-11,13039.6904296875,13164.099609375,12918.2197265625,13063.5,146300000
2008-07-14,13010.16015625,13185.900390625,12969.9296875,13022.2900390625,123800000
2008-07-15,12754.5595703125,12902.1298828125,12715.8095703125,12902.1298828125,118800000
2008-07-16,12760.7998046875,12815.400390625,12671.33984375,12725.1201171875,122400000
2008-07-17,12887.9501953125,12929.740234375,12852.9296875,12889.7998046875,111100000
2008-07-18,12803.7001953125,12999.6396484375,12762.330078125,12976.2197265625,113200000
2008-07-22,13184.9599609375,13184.9599609375,12921.01953125,12944.5595703125,112400000
2008-07-23,13312.9296875,13388.6298828125,13238.5498046875,13259.650390625,127300000
2008-07-24,13603.3095703125,13603.3095703125,13393.5703125,13411.2802734375,126200000
2008-07-25,13334.759765625,13469.830078125,13324.2197265625,13452.3701171875,109600000
2008-07-28,13353.7802734375,13468.9404296875,13327.1201171875,13407.3603515625,93600000
2008-07-29,13159.4501953125,13220.330078125,13018.2197265625,13220.330078125,106500000
2008-07-30,13367.7900390625,13372.2802734375,13264.080078125,13267.3701171875,109000000
2008-07-31,13376.8095703125,13467.669921875,13256.3798828125,13410.400390625,137000000
2008-08-01,13094.58984375,13294.169921875,13039.2099609375,13276.5703125,135000000
2008-08-04,12933.1796875,13113.9404296875,12910.169921875,13083.2802734375,142000000
2008-08-05,12914.66015625,13049.580078125,12893.33984375,12957.009765625,144600000
2008-08-06,13254.8896484375,13295.509765625,13048.9697265625,13059.4296875,156300000
2008-08-07,13124.990234375,13257.990234375,13034.150390625,13257.990234375,135900000
2008-08-08,13168.41015625,13259.73046875,12962.8203125,13026.5302734375,162300000
2008-08-11,13430.91015625,13468.8095703125,13259.4599609375,13259.4599609375,113800000
2008-08-12,13303.599609375,13420.099609375,13276.150390625,13397.990234375,125200000
2008-08-13,13023.0498046875,13205.6396484375,12953.33984375,13205.6396484375,125200000
2008-08-14,12956.7998046875,13090.6796875,12926.98046875,12942.6103515625,116400000
2008-08-15,13019.41015625,13029.580078125,12952.2099609375,12991.91015625,94700000
2008-08-18,13165.4501953125,13270.3701171875,12934.2197265625,12971.490234375,114100000
2008-08-19,12865.0498046875,13016.5,12782.099609375,13016.5,103300000
2008-08-20,12851.6904296875,12923.66015625,12753.98046875,12753.98046875,110400000
2008-08-21,12752.2099609375,12885.33984375,12723.830078125,12885.33984375,105200000
2008-08-22,12666.0400390625,12732.6904296875,12631.9404296875,12727.3701171875,87900000
2008-08-25,12878.66015625,12949.330078125,12797.5400390625,12797.5400390625,86600000
2008-08-26,12778.7099609375,12801.2099609375,12656.08984375,12711.0302734375,87100000
2008-08-27,12752.9599609375,12783.6298828125,12681.98046875,12734.3896484375,86900000
2008-08-28,12768.25,12847.4599609375,12718.5302734375,12827.7197265625,89700000
2008-08-29,13072.8701171875,13079.3701171875,12918.490234375,12925.4501953125,120700000
2008-09-01,12834.1796875,12940.5498046875,12834.1796875,12936.8095703125,87500000
2008-09-02,12609.4697265625,12920.51953125,12491.0703125,12779.8896484375,126600000
2008-09-03,12689.58984375,12767.5,12647.2900390625,12703.3603515625,129300000
2008-09-04,12557.66015625,12660.5703125,12514.259765625,12627.6396484375,145200000
2008-09-05,12212.23046875,12385.650390625,12163.330078125,12385.650390625,155700000
2008-09-08,12624.4599609375,12671.759765625,12352.349609375,12359.9296875,135100000
2008-09-09,12400.650390625,12529.9599609375,12335.740234375,12529.9599609375,119600000
2008-09-10,12346.6298828125,12404.669921875,12159.9697265625,12249.1396484375,155200000
2008-09-11,12102.5,12259.01953125,12081.509765625,12237.51953125,131600000
2008-09-12,12214.759765625,12277.5703125,12059.08984375,12256.7802734375,194600000
2008-09-16,11609.7197265625,12028.4501953125,11551.400390625,12028.4501953125,184000000
2008-09-17,11749.7900390625,11880.0302734375,11708.7001953125,11737.6201171875,158100000
2008-09-18,11489.2998046875,11577.8798828125,11301.4599609375,11576.9404296875,163000000
2008-09-19,11920.8603515625,11920.8603515625,11615.2001953125,11631.599609375,184700000
2008-09-22,12090.58984375,12263.9501953125,12037.8896484375,12037.8896484375,150500000
2008-09-24,12115.0302734375,12115.0302734375,11904.599609375,12031.98046875,152600000
2008-09-25,12006.5302734375,12025.41015625,11835.2802734375,11925.7099609375,113500000
2008-09-26,11893.16015625,12082.6396484375,11788.73046875,12026.33984375,131400000
2008-09-29,11743.6103515625,12062.669921875,11721.0498046875,11883.25,122500000
2008-09-30,11259.8603515625,11565.7001953125,11160.830078125,11565.7001953125,165000000
2008-10-01,11368.259765625,11456.6396484375,11314.2802734375,11396.6103515625,142400000
2008-10-02,11154.759765625,11452.3896484375,11143.7900390625,11423.1298828125,156400000
2008-10-03,10938.1396484375,11099.73046875,10938.1396484375,11052.099609375,174400000
2008-10-06,10473.08984375,10839.5,10374.3798828125,10817.26953125,185000000
2008-10-07,10155.900390625,10363.1396484375,9916.2099609375,10328.5400390625,210800000
2008-10-08,9203.3203125,10011.6396484375,9159.8095703125,10011.6396484375,205500000
2008-10-09,9157.490234375,9443.4501953125,9100.9296875,9168.16015625,213500000
2008-10-10,8276.4296875,9016.33984375,8115.41015625,9016.33984375,247300000
2008-10-14,9447.5703125,9455.6201171875,8407.9404296875,8407.9404296875,169300000
2008-10-15,9547.4697265625,9601.2998046875,9269.490234375,9390.5,185000000
2008-10-16,8458.4501953125,9400.849609375,8458.4501953125,9400.849609375,186200000
2008-10-17,8693.8203125,8763.7099609375,8539.509765625,8579.5703125,171500000
2008-10-20,9005.58984375,9038.4501953125,8687.7001953125,8775.240234375,165600000
2008-10-21,9306.25,9358.509765625,9135.41015625,9139.259765625,154800000
2008-10-22,8674.6904296875,9198.1396484375,8674.6904296875,9198.1396484375,160500000
2008-10-23,8460.98046875,8547.7900390625,8016.60986328125,8547.7900390625,216800000
2008-10-24,7649.080078125,8391.0400390625,7647.06982421875,8391.0400390625,194700000
2008-10-27,7162.89990234375,7878.97021484375,7141.27001953125,7568.35986328125,237400000
2008-10-28,7621.919921875,7626.419921875,6994.89990234375,7143.33984375,240700000
2008-10-29,8211.900390625,8211.900390625,7741.52001953125,7741.52001953125,222900000
2008-10-30,9029.759765625,9030.849609375,8269.7099609375,8269.7099609375,220600000
2008-10-31,8576.98046875,9012.3095703125,8576.98046875,8958.2197265625,206000000
2008-11-04,9114.599609375,9142.2900390625,8699.76953125,8702.76953125,164800000
2008-11-05,9521.240234375,9521.240234375,9216.2998046875,9224.0498046875,208600000
2008-11-06,8899.1396484375,9380.2998046875,8806.7099609375,9373.650390625,176000000
2008-11-07,8583.0,8868.099609375,8266.08984375,8774.490234375,206300000
2008-11-10,9081.4296875,9106.2900390625,8711.990234375,8711.990234375,155400000
2008-11-11,8809.2998046875,9056.3095703125,8704.5595703125,8965.2900390625,153800000
2008-11-12,8695.509765625,8782.48046875,8574.2001953125,8694.91015625,153700000
2008-11-13,8238.6396484375,8564.4697265625,8148.2998046875,8564.4697265625,166600000
2008-11-14,8462.3896484375,8689.849609375,8378.1298828125,8378.1298828125,155600000
2008-11-17,8522.580078125,8767.98046875,8218.8203125,8366.8798828125,146000000
2008-11-18,8328.41015625,8440.41015625,8302.240234375,8415.599609375,144200000
2008-11-19,8273.2197265625,8370.08984375,8115.7099609375,8309.349609375,143900000
2008-11-20,7703.0400390625,8149.7900390625,7703.0400390625,8149.77001953125,154300000
2008-11-21,7910.7900390625,7994.68017578125,7406.18017578125,7600.35009765625,185200000
2008-11-25,8323.9296875,8356.830078125,8025.68994140625,8026.06005859375,155000000
2008-11-26,8213.2197265625,8317.830078125,8149.56005859375,8229.7197265625,118900000
2008-11-27,8373.3896484375,8458.6796875,8300.490234375,8311.240234375,116600000
2008-11-28,8512.26953125,8518.1298828125,8336.5703125,8400.0498046875,145300000
2008-12-01,8397.2197265625,8464.3603515625,8307.2802734375,8464.3603515625,106900000
2008-12-02,7863.68994140625,8266.3203125,7863.68994140625,8266.3203125,136000000
2008-12-03,8004.10009765625,8056.3798828125,7889.81982421875,7965.31005859375,121200000
2008-12-04,7924.240234375,8107.68994140625,7849.83984375,8030.2001953125,147900000
2008-12-05,7917.509765625,8024.330078125,7908.64990234375,7975.0498046875,139400000
2008-12-08,8329.0498046875,8358.26953125,7959.009765625,7970.68994140625,138900000
2008-12-09,8395.8701171875,8499.599609375,8314.849609375,8362.3701171875,150800000
2008-12-10,8660.240234375,8704.919921875,8376.0,8376.0,155700000
2008-12-11,8720.5498046875,8720.5498046875,8519.1103515625,8642.259765625,162100000
2008-12-12,8235.8701171875,8610.73046875,8087.990234375,8599.1201171875,226600000
2008-12-15,8664.66015625,8700.169921875,8349.849609375,8349.849609375,129300000
2008-12-16,8568.01953125,8634.259765625,8471.240234375,8608.400390625,132100000
2008-12-17,8612.51953125,8741.240234375,8425.66015625,8658.2197265625,148400000
2008-12-18,8667.23046875,8728.3603515625,8534.83984375,8565.16015625,138900000
2008-12-19,8588.51953125,8743.2197265625,8570.5595703125,8640.2197265625,138000000
2008-12-22,8723.7802734375,8751.1796875,8593.759765625,8602.5,109800000
2008-12-24,8517.099609375,8631.830078125,8476.6904296875,8630.25,100800000
2008-12-25,8599.5,8599.5,8531.16015625,8531.509765625,61200000
2008-12-26,8739.51953125,8740.759765625,8611.3603515625,8642.1396484375,75800000
2008-12-29,8747.169921875,8763.669921875,8638.599609375,8726.3095703125,83200000
2008-12-30,8859.5595703125,8859.5595703125,8702.9501953125,8716.2802734375,60800000
2009-01-05,9043.1201171875,9127.3798828125,8987.3603515625,8991.2099609375,84900000
2009-01-06,9080.83984375,9171.0302734375,9029.9404296875,9130.009765625,154800000
2009-01-07,9239.240234375,9325.349609375,9106.0498046875,9133.7998046875,205600000
2009-01-08,8876.419921875,9148.830078125,8876.419921875,9143.2099609375,149900000
2009-01-09,8836.7998046875,8956.849609375,8773.2001953125,8932.7099609375,137000000
2009-01-13,8413.91015625,8732.9296875,8405.5,8732.6298828125,135600000
2009-01-14,8438.4501953125,8516.0703125,8359.16015625,8425.75,132700000
2009-01-15,8023.31005859375,8309.3798828125,7997.72998046875,8309.3798828125,158300000
2009-01-16,8230.150390625,8283.91015625,8067.47021484375,8125.2001953125,140600000
2009-01-19,8256.849609375,8351.6796875,8221.83984375,8318.259765625,102600000
2009-01-20,8065.7900390625,8190.419921875,7962.4599609375,8187.14013671875,127900000
2009-01-21,7901.64013671875,8009.22021484375,7829.2998046875,7949.9599609375,147100000
2009-01-22,8051.740234375,8051.740234375,7809.89013671875,7988.2998046875,142600000
2009-01-23,7745.25,7965.41015625,7745.25,7965.41015625,119800000
2009-01-26,7682.14013671875,7807.16015625,7671.0400390625,7714.259765625,115000000
2009-01-27,8061.06982421875,8115.14990234375,7782.06982421875,7782.89990234375,152500000
2009-01-28,8106.2900390625,8171.6298828125,7936.58984375,8052.25,140000000
2009-01-29,8251.240234375,8305.3798828125,8138.990234375,8201.16015625,160300000
2009-01-30,7994.0498046875,8142.8798828125,7922.39013671875,8142.8798828125,148000000
2009-02-02,7873.97998046875,7955.75,7795.27001953125,7908.509765625,159700000
2009-02-03,7825.509765625,8084.41015625,7800.7998046875,7862.9501953125,181500000
2009-02-04,8038.93994140625,8084.97021484375,7863.64990234375,7897.240234375,156800000
2009-02-05,7949.64990234375,8093.9599609375,7901.0400390625,7985.52978515625,169500000
2009-02-06,8076.6201171875,8169.0400390625,8033.240234375,8054.27001953125,147300000
2009-02-09,7969.02978515625,8257.7099609375,7969.02978515625,8178.06982421875,140500000
2009-02-10,7945.93994140625,8124.7900390625,7917.27001953125,8066.93994140625,138600000
2009-02-12,7705.35986328125,7862.52001953125,7685.68017578125,7842.52978515625,145900000
2009-02-13,7779.39990234375,7887.740234375,7730.27001953125,7789.35009765625,149700000
2009-02-16,7750.169921875,7804.240234375,7694.72998046875,7732.68017578125,110600000
2009-02-17,7645.509765625,7710.43017578125,7615.93994140625,7690.1298828125,120800000
2009-02-18,7534.43994140625,7565.7900390625,7479.18017578125,7539.9599609375,149400000
2009-02-19,7557.64990234375,7642.68994140625,7537.56005859375,7604.22021484375,138200000
2009-02-20,7416.3798828125,7554.7001953125,7382.330078125,7544.06982421875,140800000
2009-02-23,7376.16015625,7417.18017578125,7209.43017578125,7314.2998046875,164300000
2009-02-24,7268.56005859375,7270.89990234375,7155.16015625,7266.68017578125,146800000
2009-02-25,7461.22021484375,7471.02978515625,7330.43994140625,7368.43994140625,165300000
2009-02-26,7457.93017578125,7599.81005859375,7433.06005859375,7470.60009765625,143100000
2009-02-27,7568.419921875,7589.77001953125,7414.39990234375,7463.419921875,140700000
2009-03-02,7280.14990234375,7454.27978515625,7234.9599609375,7454.27978515625,125400000
2009-03-03,7229.72021484375,7288.14013671875,7088.47021484375,7177.7900390625,146700000
2009-03-04,7290.9599609375,7320.64990234375,7104.6298828125,7146.7099609375,159900000
2009-03-05,7433.490234375,7532.8701171875,7336.02001953125,7336.02001953125,185400000
2009-03-06,7173.10009765625,7328.2900390625,7167.06982421875,7328.2900390625,159500000
2009-03-09,7086.02978515625,7241.02001953125,7028.490234375,7191.1298828125,132800000
2009-03-10,7054.97998046875,7100.77001953125,7021.27978515625,7059.77001953125,133000000
2009-03-11,7376.1201171875,7393.81005859375,7161.85009765625,7165.39013671875,155800000
2009-03-12,7198.25,7345.02001953125,7198.25,7320.4501953125,153200000
2009-03-13,7569.27978515625,7571.4501953125,7300.8701171875,7301.1201171875,217000000
2009-03-16,7704.14990234375,7754.75,7630.2001953125,7630.2001953125,150500000
2009-03-17,7949.1298828125,7967.02978515625,7723.93994140625,7767.33984375,171400000
2009-03-18,7972.169921875,8054.35009765625,7895.27978515625,8006.85986328125,176800000
2009-03-19,7945.9599609375,8034.08984375,7902.490234375,8017.93017578125,138000000
2009-03-23,8215.5302734375,8229.1298828125,7922.5498046875,7943.14013671875,178400000
2009-03-24,8488.2998046875,8504.41015625,8297.26953125,8334.6796875,195000000
2009-03-25,8479.990234375,8553.009765625,8392.5595703125,8499.6904296875,162000000
2009-03-26,8636.330078125,8640.2802734375,8383.990234375,8430.2197265625,135200000
2009-03-27,8626.9697265625,8843.1796875,8626.9697265625,8711.7197265625,157900000
2009-03-30,8236.080078125,8651.0595703125,8236.080078125,8621.849609375,164200000
2009-03-31,8109.52978515625,8383.740234375,8088.4501953125,8199.4296875,178800000
2009-04-01,8351.91015625,8351.91015625,8084.6201171875,8173.35986328125,157000000
2009-04-02,8719.7802734375,8741.669921875,8449.8701171875,8453.73046875,212900000
2009-04-03,8749.83984375,8884.6298828125,8697.169921875,8814.099609375,217500000
2009-04-06,8857.9296875,8992.0595703125,8812.3603515625,8856.83984375,173500000
2009-04-07,8832.849609375,8884.4501953125,8778.919921875,8838.66015625,150600000
2009-04-08,8595.009765625,8765.6396484375,8556.75,8746.73046875,167900000
2009-04-09,8916.0595703125,8920.8603515625,8664.259765625,8665.16015625,192000000
2009-04-10,8964.1103515625,9068.7998046875,8856.6904296875,9041.23046875,228700000
2009-04-13,8924.4296875,9024.4501953125,8888.099609375,8930.349609375,167500000
2009-04-14,8842.6796875,8961.73046875,8749.919921875,8955.900390625,181800000
2009-04-15,8742.9599609375,8800.51953125,8681.0302734375,8777.6796875,158400000
2009-04-16,8755.259765625,9030.0,8720.6201171875,8848.4296875,172900000
2009-04-17,8907.580078125,8953.33984375,8834.6298828125,8854.330078125,184300000
2009-04-20,8924.75,8933.7998046875,8813.7197265625,8899.58984375,167900000
2009-04-21,8711.330078125,8802.08984375,8612.759765625,8802.08984375,175400000
2009-04-22,8727.2998046875,8802.900390625,8683.26953125,8777.5302734375,195000000
2009-04-23,8847.009765625,8860.5498046875,8647.7998046875,8776.9404296875,186200000
2009-04-24,8707.990234375,8852.830078125,8694.919921875,8832.099609375,212200000
2009-04-27,8726.33984375,8840.5302734375,8648.509765625,8783.33984375,152300000
2009-04-28,8493.76953125,8808.6396484375,8493.76953125,8678.2802734375,169600000
2009-04-30,8828.259765625,8844.76953125,8615.4501953125,8615.4501953125,174900000
2009-05-01,8977.3701171875,9017.3203125,8827.1298828125,8848.83984375,154800000
2009-05-07,9385.7001953125,9385.7001953125,9100.1103515625,9102.349609375,238900000
2009-05-08,9432.830078125,9464.4296875,9349.5703125,9351.400390625,220100000
2009-05-11,9451.98046875,9503.91015625,9342.75,9460.7197265625,230800000
2009-05-12,9298.6103515625,9389.6103515625,9298.6103515625,9358.25,188300000
2009-05-13,9340.490234375,9379.4697265625,9278.8896484375,9305.7900390625,176000000
2009-05-14,9093.73046875,9223.76953125,9052.41015625,9212.2998046875,169300000
2009-05-15,9265.01953125,9272.080078125,9140.900390625,9150.2099609375,171900000
2009-05-18,9038.6904296875,9167.8203125,8997.740234375,9167.0498046875,147700000
2009-05-19,9290.2900390625,9326.75,9166.9697265625,9172.5595703125,167000000
2009-05-20,9344.6396484375,9399.400390625,9311.6103515625,9372.7197265625,143200000
2009-05-21,9264.150390625,9286.349609375,9189.919921875,9280.349609375,133200000
2009-05-22,9225.8095703125,9267.8203125,9126.6904296875,9156.1396484375,134700000
2009-05-25,9347.0,9402.759765625,9245.9501953125,9245.9501953125,129200000
2009-05-26,9310.8095703125,9379.7802734375,9231.9296875,9364.2197265625,121200000
2009-05-27,9438.76953125,9491.1298828125,9411.5400390625,9426.6201171875,148900000
2009-05-28,9451.3896484375,9492.66015625,9353.330078125,9353.330078125,155700000
2009-05-29,9522.5,9522.5,9426.51953125,9478.2099609375,175800000
2009-06-01,9677.75,9691.73046875,9491.259765625,9517.490234375,177600000
2009-06-02,9704.3095703125,9793.4697265625,9704.3095703125,9774.5498046875,184700000
2009-06-03,9741.669921875,9774.5498046875,9718.7001953125,9723.8203125,140600000
2009-06-04,9668.9599609375,9743.4599609375,9654.4501953125,9690.9296875,175900000
2009-06-05,9768.009765625,9774.98046875,9719.1396484375,9752.509765625,156100000
2009-06-08,9865.6298828125,9914.0703125,9816.169921875,9829.2802734375,155800000
2009-06-09,9786.8203125,9855.8896484375,9755.8095703125,9824.169921875,159000000
2009-06-10,9991.490234375,9991.490234375,9813.76953125,9833.6396484375,192800000
2009-06-11,9981.330078125,10022.23046875,9958.98046875,9992.98046875,211200000
2009-06-12,10135.8203125,10170.8203125,10050.9599609375,10088.2099609375,297200000
2009-06-15,10039.669921875,10126.5498046875,10029.58984375,10126.5498046875,158200000
2009-06-16,9752.8798828125,9941.5,9752.8798828125,9914.400390625,174600000
2009-06-17,9840.849609375,9845.51953125,9705.73046875,9705.73046875,179400000
2009-06-18,9703.7197265625,9778.349609375,9649.830078125,9778.349609375,168700000
2009-06-19,9786.259765625,9822.830078125,9703.8701171875,9757.849609375,174900000
2009-06-22,9826.26953125,9887.1298828125,9763.3701171875,9788.0703125,149900000
2009-06-23,9549.6103515625,9712.08984375,9511.4501953125,9695.759765625,185600000
2009-06-24,9590.3203125,9624.41015625,9534.240234375,9596.7802734375,153100000
2009-06-25,9796.080078125,9871.1396484375,9619.01953125,9628.1796875,161200000
2009-06-26,9877.3896484375,9893.0,9793.9501953125,9852.919921875,135800000
2009-06-29,9783.4697265625,9943.830078125,9748.73046875,9866.2802734375,160200000
2009-06-30,9958.4404296875,10000.2998046875,9894.9501953125,9896.5595703125,143300000
2009-07-01,9939.9296875,10086.1796875,9874.0,9889.33984375,158100000
2009-07-02,9876.150390625,9993.76953125,9869.5400390625,9993.76953125,141700000
2009-07-03,9816.0703125,9816.0703125,9691.16015625,9751.6904296875,127100000
2009-07-06,9680.8701171875,9771.759765625,9650.75,9738.490234375,109800000
2009-07-07,9647.7900390625,9734.4296875,9619.6796875,9713.6201171875,142800000
2009-07-08,9420.75,9557.3896484375,9407.98046875,9548.8095703125,147900000
2009-07-09,9291.0595703125,9384.240234375,9291.0595703125,9342.330078125,148400000
2009-07-10,9287.2802734375,9370.150390625,9265.240234375,9338.759765625,151400000
2009-07-13,9050.330078125,9343.8603515625,9050.330078125,9242.1298828125,168800000
2009-07-14,9261.8095703125,9284.3798828125,9166.6298828125,9173.1396484375,168000000
2009-07-15,9269.25,9333.6396484375,9250.73046875,9307.4501953125,169600000
2009-07-16,9344.16015625,9489.669921875,9317.1103515625,9393.98046875,178400000
2009-07-17,9395.3203125,9420.6103515625,9360.58984375,9413.8603515625,122100000
2009-07-21,9652.01953125,9652.01953125,9508.919921875,9512.51953125,151300000
2009-07-22,9723.16015625,9750.6298828125,9608.76953125,9642.7900390625,153800000
2009-07-23,9792.9404296875,9861.2900390625,9703.83984375,9712.099609375,171800000
2009-07-24,9944.5498046875,9950.0400390625,9863.8701171875,9909.400390625,205500000
2009-07-27,10088.66015625,10179.58984375,10015.1103515625,10020.8701171875,161200000
2009-07-28,10087.259765625,10116.8896484375,10049.6298828125,10116.8896484375,138500000
2009-07-29,10113.240234375,10161.9501953125,10035.91015625,10035.91015625,146700000
2009-07-30,10165.2099609375,10169.6796875,10067.509765625,10155.7099609375,147400000
2009-07-31,10356.830078125,10359.0703125,10259.5703125,10275.1396484375,182700000
2009-08-03,10352.4697265625,10380.5703125,10322.0,10355.23046875,162000000
2009-08-04,10375.009765625,10479.1904296875,10358.48046875,10438.400390625,175400000
2009-08-05,10252.5302734375,10406.099609375,10252.5302734375,10405.0498046875,134600000
2009-08-06,10388.08984375,10426.1396484375,10266.009765625,10266.009765625,146500000
2009-08-07,10412.08984375,10412.08984375,10249.0400390625,10365.7099609375,140500000
2009-08-10,10524.259765625,10585.3701171875,10487.7001953125,10530.6201171875,147800000
2009-08-11,10585.4599609375,10587.3603515625,10512.2099609375,10514.740234375,135300000
2009-08-12,10435.0,10526.349609375,10434.08984375,10486.3603515625,124100000
2009-08-13,10517.1904296875,10556.2802734375,10489.1201171875,10508.08984375,125900000
2009-08-14,10597.330078125,10630.3798828125,10539.4296875,10551.330078125,142600000
2009-08-17,10268.6103515625,10521.01953125,10268.6103515625,10521.01953125,134000000
2009-08-18,10284.9599609375,10325.0595703125,10181.099609375,10208.1201171875,126600000
2009-08-19,10204.0,10327.169921875,10195.1103515625,10269.9697265625,138100000
2009-08-20,10383.41015625,10407.2998046875,10204.259765625,10254.5302734375,137000000
2009-08-21,10238.2001953125,10375.2197265625,10142.2197265625,10375.2197265625,154300000
2009-08-24,10581.0498046875,10591.0,10388.7802734375,10389.5703125,122500000
2009-08-25,10497.3603515625,10566.3095703125,10469.6904296875,10515.5703125,127000000
2009-08-26,10639.7099609375,10668.740234375,10526.509765625,10554.4404296875,132100000
2009-08-27,10473.9697265625,10575.7900390625,10400.830078125,10570.7802734375,138700000
2009-08-28,10534.1396484375,10560.4404296875,10471.6298828125,10546.8798828125,130200000
2009-08-31,10492.5302734375,10767.0,10423.900390625,10608.16015625,152400000
2009-09-02,10280.4599609375,10378.080078125,10215.599609375,10378.080078125,138100000
2009-09-03,10214.6396484375,10290.830078125,10185.3798828125,10240.01953125,117500000
2009-09-04,10187.1103515625,10256.490234375,10143.259765625,10256.490234375,131300000
2009-09-07,10320.9404296875,10326.4501953125,10274.3798828125,10288.5595703125,97100000
2009-09-08,10393.23046875,10393.23046875,10300.5,10353.509765625,118000000
2009-09-09,10312.1396484375,10390.25,10249.1103515625,10343.7998046875,140800000
2009-09-10,10513.669921875,10521.1396484375,10382.990234375,10385.349609375,133400000
2009-09-11,10444.330078125,10522.23046875,10407.9697265625,10519.330078125,189300000
2009-09-14,10202.0595703125,10388.3203125,10170.740234375,10388.3203125,121800000
2009-09-15,10217.6201171875,10292.4697265625,10183.2998046875,10255.73046875,101300000
2009-09-16,10270.76953125,10394.5595703125,10247.240234375,10288.7197265625,136800000
2009-09-17,10443.7998046875,10443.7998046875,10340.1396484375,10373.25,144700000
2009-09-18,10370.5400390625,10399.419921875,10292.5,10379.2099609375,174500000
2009-09-24,10544.2197265625,10566.98046875,10386.8798828125,10405.5302734375,168400000
2009-09-25,10265.98046875,10395.4501953125,10228.599609375,10395.4501953125,141600000
2009-09-28,10009.51953125,10151.599609375,9971.0498046875,10136.240234375,159300000
2009-09-29,10100.2001953125,10125.8798828125,10059.8701171875,10089.1103515625,135700000
2009-09-30,10133.23046875,10138.0400390625,10063.6904296875,10105.169921875,121100000
2009-10-01,9978.6396484375,10077.2197265625,9965.0595703125,10072.6396484375,134900000
2009-10-02,9731.8701171875,9852.169921875,9714.1796875,9848.0703125,165200000
2009-10-05,9674.490234375,9751.5595703125,9669.3095703125,9733.0703125,145000000
2009-10-06,9691.7998046875,9744.419921875,9628.669921875,9744.419921875,154700000
2009-10-07,9799.599609375,9821.740234375,9735.6796875,9750.240234375,175600000
2009-10-08,9832.4697265625,9863.33984375,9746.150390625,9806.0302734375,139200000
2009-10-09,10016.3896484375,10016.3896484375,9857.3896484375,9893.6298828125,154900000
2009-10-13,10076.5595703125,10116.7197265625,10039.6201171875,10066.849609375,132500000
2009-10-14,10060.2099609375,10096.009765625,10016.240234375,10096.009765625,162100000
2009-10-15,10238.650390625,10272.6201171875,10184.8095703125,10194.91015625,148400000
2009-10-16,10257.5595703125,10290.3095703125,10216.1396484375,10276.400390625,152400000
2009-10-19,10236.509765625,10264.4404296875,10125.330078125,10179.4599609375,139600000
2009-10-20,10336.83984375,10357.58984375,10307.58984375,10329.2998046875,139200000
2009-10-21,10333.3896484375,10350.4501953125,10292.3896484375,10292.3896484375,133400000
2009-10-22,10267.169921875,10274.6103515625,10159.66015625,10251.08984375,154400000
2009-10-23,10282.990234375,10364.169921875,10271.7099609375,10335.33984375,146800000
2009-10-26,10362.6201171875,10397.6904296875,10250.83984375,10271.83984375,127600000
2009-10-27,10212.4599609375,10290.919921875,10201.9296875,10283.4599609375,143300000
2009-10-28,10075.0498046875,10209.2001953125,10060.3896484375,10182.1396484375,134900000
2009-10-29,9891.099609375,9945.41015625,9850.1201171875,9941.5703125,203800000
2009-10-30,10034.740234375,10049.58984375,9984.330078125,10006.83984375,145600000
2009-11-02,9802.9501953125,9904.6103515625,9736.1396484375,9903.76953125,128500000
2009-11-04,9844.3095703125,9845.0,9767.91015625,9785.2802734375,119300000
2009-11-05,9717.4404296875,9825.8203125,9691.6904296875,9803.5,147100000
2009-11-06,9789.349609375,9849.7197265625,9767.0,9812.73046875,141500000
2009-11-09,9808.990234375,9845.900390625,9731.58984375,9777.6396484375,117600000
2009-11-10,9870.73046875,9979.4599609375,9857.099609375,9904.6796875,130400000
2009-11-11,9871.6796875,9949.7099609375,9849.990234375,9890.1796875,122700000
2009-11-12,9804.490234375,9943.5703125,9788.490234375,9921.4501953125,123600000
2009-11-13,9770.3095703125,9805.2001953125,9719.3798828125,9793.1904296875,122900000
2009-11-16,9791.1796875,9802.5302734375,9725.8095703125,9784.1396484375,140800000
2009-11-17,9729.9296875,9847.6396484375,9715.2802734375,9834.580078125,138700000
2009-11-18,9676.7998046875,9788.8095703125,9631.830078125,9723.23046875,170600000
2009-11-19,9549.4697265625,9691.8603515625,9496.0703125,9691.8603515625,203000000
2009-11-20,9497.6796875,9513.599609375,9423.66015625,9460.2099609375,163200000
2009-11-24,9401.580078125,9511.0,9397.7900390625,9511.0,136500000
2009-11-25,9441.6396484375,9453.7001953125,9366.330078125,9381.900390625,145200000
2009-11-26,9383.240234375,9457.240234375,9324.990234375,9354.7998046875,146600000
2009-11-27,9081.51953125,9257.2001953125,9076.41015625,9257.2001953125,176400000
2009-11-30,9345.5498046875,9353.740234375,9162.1796875,9189.169921875,185700000
2009-12-01,9572.2001953125,9572.2001953125,9233.2001953125,9281.8203125,212800000
2009-12-02,9608.9404296875,9643.3203125,9514.150390625,9551.7900390625,167300000
2009-12-03,9977.669921875,9977.669921875,9707.01953125,9707.01953125,192000000
2009-12-04,10022.58984375,10022.58984375,9902.830078125,10019.240234375,180000000
2009-12-07,10167.599609375,10204.580078125,10106.3095703125,10131.900390625,164300000
2009-12-08,10140.4697265625,10149.3203125,10079.8095703125,10079.8095703125,150000000
2009-12-09,10004.7197265625,10048.9404296875,9985.9697265625,10048.9404296875,149000000
2009-12-10,9862.8203125,10035.919921875,9834.2197265625,9964.0498046875,162000000
2009-12-11,10107.8701171875,10107.8701171875,9916.2099609375,9958.0,222000000
2009-12-14,10105.6796875,10126.6103515625,10009.599609375,10126.6103515625,161300000
2009-12-15,10083.48046875,10111.759765625,10033.900390625,10053.4501953125,159900000
2009-12-16,10177.41015625,10222.2197265625,10117.1201171875,10179.330078125,225200000
2009-12-17,10163.7998046875,10260.1201171875,10163.7998046875,10199.919921875,148200000
2009-12-18,10142.0498046875,10157.25,10027.849609375,10110.6396484375,151800000
2009-12-21,10183.4697265625,10215.490234375,10183.4697265625,10196.7099609375,120400000
2009-12-22,10378.0302734375,10378.0302734375,10235.2197265625,10256.0,171900000
2009-12-24,10536.919921875,10558.41015625,10413.3701171875,10413.3701171875,144200000
2009-12-25,10494.7099609375,10546.9697265625,10476.650390625,10546.9697265625,82900000
2009-12-28,10634.23046875,10652.990234375,10513.5498046875,10521.8095703125,106200000
2009-12-29,10638.0595703125,10683.1201171875,10597.41015625,10611.849609375,122400000
2009-12-30,10546.4404296875,10707.509765625,10546.4404296875,10707.509765625,141500000
2010-01-04,10654.7900390625,10694.490234375,10608.1396484375,10609.33984375,104400000
2010-01-05,10681.830078125,10791.0400390625,10655.5703125,10719.4404296875,166200000
2010-01-06,10731.4501953125,10768.6103515625,10661.169921875,10709.5498046875,181800000
2010-01-07,10681.66015625,10774.0,10636.669921875,10742.75,182600000
2010-01-08,10798.3203125,10816.4501953125,10677.5595703125,10743.2998046875,211800000
2010-01-12,10879.1396484375,10905.3896484375,10763.6796875,10770.349609375,192800000
2010-01-13,10735.0302734375,10866.6201171875,10729.8603515625,10795.48046875,250000000
2010-01-14,10907.6796875,10909.9404296875,10774.25,10778.0703125,267300000
2010-01-15,10982.099609375,10982.099609375,10878.830078125,10917.41015625,252900000
2010-01-18,10855.080078125,10895.099609375,10781.0302734375,10887.6103515625,186600000
2010-01-19,10764.900390625,10866.830078125,10749.4697265625,10866.830078125,174700000
2010-01-20,10737.51953125,10860.9296875,10724.5703125,10834.91015625,146400000
2010-01-21,10868.41015625,10886.6396484375,10649.83984375,10704.7900390625,176900000
2010-01-22,10590.5498046875,10768.0703125,10528.330078125,10740.2099609375,187400000
2010-01-25,10512.6904296875,10557.6396484375,10414.580078125,10478.3095703125,139800000
2010-01-26,10325.2802734375,10566.490234375,10324.98046875,10506.150390625,175400000
2010-01-27,10252.080078125,10373.8203125,10252.080078125,10344.0703125,139500000
2010-01-28,10414.2900390625,10462.7001953125,10296.98046875,10309.73046875,168000000
2010-01-29,10198.0400390625,10324.3701171875,10198.0400390625,10308.0498046875,156800000
2010-02-01,10205.01953125,10224.830078125,10129.91015625,10212.3603515625,161900000
2010-02-02,10371.08984375,10396.48046875,10287.740234375,10310.98046875,142000000
2010-02-03,10404.330078125,10436.51953125,10356.0302734375,10428.1201171875,154300000
2010-02-04,10355.98046875,10438.41015625,10279.5703125,10434.51953125,164500000
2010-02-05,10057.08984375,10166.2998046875,10036.330078125,10162.33984375,172000000
2010-02-08,9951.8203125,10063.5302734375,9942.0498046875,10007.4697265625,137400000
2010-02-09,9932.900390625,9956.7900390625,9867.3896484375,9876.6103515625,135000000
2010-02-10,9963.990234375,10049.8701171875,9963.990234375,10024.259765625,127000000
2010-02-12,10092.1904296875,10099.4599609375,10014.5,10085.349609375,136000000
2010-02-15,10013.2998046875,10119.4697265625,10012.5302734375,10097.8203125,97300000
2010-02-16,10034.25,10062.26953125,10019.4296875,10044.5302734375,87000000
2010-02-17,10306.830078125,10306.830078125,10150.240234375,10161.7197265625,127100000
2010-02-18,10335.6904296875,10340.3798828125,10285.0498046875,10324.98046875,111800000
2010-02-19,10123.580078125,10354.419921875,10123.580078125,10334.400390625,129500000
2010-02-22,10400.4697265625,10449.75,10298.150390625,10302.0703125,115400000
2010-02-23,10352.099609375,10375.5498046875,10280.330078125,10327.6396484375,121500000
2010-02-24,10198.830078125,10243.2001953125,10129.650390625,10205.150390625,125200000
2010-02-25,10101.9599609375,10267.4296875,10087.2099609375,10256.099609375,128200000
2010-02-26,10126.0302734375,10171.2197265625,10085.1298828125,10107.080078125,113200000
2010-03-01,10172.0595703125,10215.150390625,10116.8603515625,10128.73046875,108400000
2010-03-02,10221.83984375,10238.9599609375,10150.2998046875,10199.1904296875,104000000
2010-03-03,10253.1396484375,10274.08984375,10186.6796875,10193.9501953125,120600000
2010-03-04,10145.7197265625,10263.48046875,10134.3701171875,10255.6904296875,126300000
2010-03-05,10368.9599609375,10376.41015625,10254.6103515625,10254.6103515625,129900000
2010-03-08,10585.919921875,10586.9697265625,10514.2802734375,10538.1201171875,140500000
2010-03-09,10567.650390625,10593.26953125,10542.8095703125,10567.3203125,110100000
2010-03-10,10563.919921875,10588.6904296875,10547.33984375,10555.849609375,104800000
2010-03-11,10664.9501953125,10664.9501953125,10588.8603515625,10627.990234375,123800000
2010-03-12,10751.259765625,10777.490234375,10699.2998046875,10777.490234375,206600000
2010-03-15,10751.98046875,10808.83984375,10708.9697265625,10802.1103515625,130700000
2010-03-16,10721.7099609375,10776.51953125,10716.2001953125,10718.6298828125,106600000
2010-03-17,10846.98046875,10864.2998046875,10761.8896484375,10789.240234375,137700000
2010-03-18,10744.0302734375,10845.73046875,10731.66015625,10841.7099609375,130200000
2010-03-19,10824.7197265625,10826.759765625,10775.5703125,10785.8798828125,116300000
2010-03-23,10774.150390625,10817.7802734375,10766.650390625,10793.0498046875,112500000
2010-03-24,10815.0302734375,10880.6201171875,10769.1796875,10829.3603515625,125500000
2010-03-25,10828.849609375,10872.4501953125,10808.7099609375,10857.8095703125,123600000
2010-03-26,10996.3701171875,11001.58984375,10889.330078125,10895.2900390625,142200000
2010-03-29,10986.4697265625,10990.75,10901.2001953125,10909.98046875,144700000
2010-03-30,11097.1396484375,11108.8203125,11003.349609375,11022.2001953125,153500000
2010-03-31,11089.9404296875,11147.6201171875,11085.5498046875,11138.7197265625,141700000
2010-04-01,11244.400390625,11272.73046875,11118.1796875,11178.919921875,166500000
2010-04-02,11286.08984375,11313.98046875,11235.98046875,11274.1796875,150100000
2010-04-05,11339.2998046875,11408.169921875,11306.6201171875,11380.6298828125,117900000
2010-04-06,11282.3203125,11358.4501953125,11217.25,11350.7001953125,138000000
2010-04-07,11292.830078125,11350.5703125,11260.419921875,11296.3095703125,167400000
2010-04-08,11168.2001953125,11232.3603515625,11159.4501953125,11179.669921875,130200000
2010-04-09,11204.33984375,11204.8701171875,11148.7998046875,11174.6201171875,148400000
2010-04-12,11251.900390625,11351.5498046875,11248.5703125,11300.7900390625,132500000
2010-04-13,11161.23046875,11212.650390625,11088.48046875,11202.919921875,144600000
2010-04-14,11204.900390625,11270.2001953125,11161.009765625,11213.4599609375,139400000
2010-04-15,11273.7900390625,11316.66015625,11255.7998046875,11310.0703125,156800000
2010-04-16,11102.1796875,11230.5302734375,11084.7197265625,11230.5302734375,136800000
2010-04-19,10908.76953125,10953.900390625,10878.990234375,10929.6396484375,133100000
2010-04-20,10900.6796875,10999.5703125,10890.8203125,10960.1103515625,129600000
2010-04-21,11090.0498046875,11093.2998046875,11023.8798828125,11031.7900390625,153000000
2010-04-22,10949.08984375,10989.6201171875,10866.23046875,10988.009765625,144100000
2010-04-23,10914.4599609375,10967.1201171875,10865.919921875,10930.900390625,136800000
2010-04-26,11165.7900390625,11165.7900390625,11035.66015625,11039.58984375,134900000
2010-04-27,11212.66015625,11213.4501953125,11108.7197265625,11109.259765625,143000000
2010-04-28,10924.7900390625,11008.8798828125,10882.400390625,11005.509765625,179300000
2010-04-30,11057.400390625,11092.51953125,11035.26953125,11062.1201171875,156700000
2010-05-06,10695.6904296875,10847.900390625,10682.6103515625,10847.900390625,183800000
2010-05-07,10364.58984375,10472.76953125,10257.3203125,10472.7001953125,227700000
2010-05-10,10530.7001953125,10540.51953125,10362.33984375,10399.0498046875,181000000
2010-05-11,10411.099609375,10643.2802734375,10392.4697265625,10643.240234375,196900000
2010-05-12,10394.0302734375,10501.7197265625,10345.1904296875,10465.0302734375,189300000
2010-05-13,10620.5498046875,10638.23046875,10535.9404296875,10542.76953125,159600000
2010-05-14,10462.509765625,10551.6904296875,10390.76953125,10453.400390625,189100000
2010-05-17,10235.759765625,10331.8701171875,10158.2998046875,10329.3701171875,182400000
2010-05-18,10242.6396484375,10336.5302734375,10197.740234375,10313.1396484375,160800000
2010-05-19,10186.83984375,10186.83984375,10041.9296875,10087.330078125,175000000
2010-05-20,10030.3095703125,10161.7001953125,9999.58984375,10121.849609375,149700000
2010-05-21,9784.5400390625,9829.3603515625,9696.6298828125,9823.83984375,195000000
2010-05-24,9758.400390625,9793.4599609375,9693.0703125,9754.990234375,164800000
2010-05-25,9459.8896484375,9642.599609375,9432.08984375,9632.1396484375,165300000
2010-05-26,9522.66015625,9622.400390625,9477.4501953125,9567.349609375,188100000
2010-05-27,9639.7197265625,9642.16015625,9395.2900390625,9419.2998046875,175100000
2010-05-28,9762.98046875,9824.849609375,9699.1396484375,9806.0595703125,164300000
2010-05-31,9768.7001953125,9831.73046875,9728.419921875,9735.4697265625,121400000
2010-06-01,9711.830078125,9747.259765625,9658.4404296875,9747.259765625,110400000
2010-06-02,9603.240234375,9763.41015625,9560.16015625,9604.4501953125,158400000
2010-06-03,9914.1904296875,9920.1796875,9758.8203125,9758.8203125,142600000
2010-06-04,9901.1904296875,9962.419921875,9868.08984375,9909.240234375,120300000
2010-06-07,9520.7998046875,9714.419921875,9502.6201171875,9705.3603515625,148400000
2010-06-08,9537.9404296875,9587.650390625,9434.8095703125,9448.7900390625,129600000
2010-06-09,9439.1298828125,9487.91015625,9378.23046875,9475.5703125,141600000
2010-06-10,9542.650390625,9544.0400390625,9437.4697265625,9476.7802734375,116500000
2010-06-11,9705.25,9764.73046875,9673.599609375,9701.3203125,222400000
2010-06-14,9879.849609375,9882.0498046875,9819.9501953125,9824.9296875,97300000
2010-06-15,9887.8896484375,9911.73046875,9826.4404296875,9845.650390625,101700000
2010-06-16,10067.150390625,10109.8603515625,10033.240234375,10043.099609375,120300000
2010-06-17,9999.400390625,10053.4501953125,9989.2099609375,10009.25,97600000
2010-06-18,9995.01953125,10029.1103515625,9965.16015625,10027.98046875,98500000
2010-06-21,10238.009765625,10251.900390625,10109.26953125,10109.26953125,123000000
2010-06-22,10112.8896484375,10183.8896484375,10105.48046875,10131.91015625,114900000
2010-06-23,9923.7001953125,9975.009765625,9912.7998046875,9973.0,102600000
2010-06-24,9928.33984375,10009.3701171875,9893.75,9902.6201171875,94900000
2010-06-25,9737.48046875,9794.98046875,9697.8701171875,9778.7001953125,129300000
2010-06-28,9693.9404296875,9762.23046875,9679.169921875,9758.91015625,91600000
2010-06-29,9570.669921875,9760.01953125,9548.98046875,9718.400390625,106800000
2010-06-30,9382.6396484375,9420.1396484375,9347.0703125,9396.4501953125,131000000
2010-07-01,9191.599609375,9297.4501953125,9147.6796875,9296.8603515625,125400000
2010-07-02,9203.7099609375,9259.1396484375,9160.4697265625,9234.5595703125,115700000
2010-07-05,9266.7802734375,9282.900390625,9213.7900390625,9230.0,100700000
2010-07-06,9338.0400390625,9351.1103515625,9091.7001953125,9158.2802734375,137400000
2010-07-07,9279.650390625,9329.6396484375,9223.7998046875,9322.5595703125,120800000
2010-07-08,9535.740234375,9545.990234375,9456.1904296875,9462.8203125,118200000
2010-07-09,9585.3203125,9610.58984375,9516.9697265625,9601.6201171875,125200000
2010-07-12,9548.1103515625,9632.8896484375,9533.5595703125,9540.4697265625,123600000
2010-07-13,9537.23046875,9629.98046875,9502.240234375,9592.8701171875,149700000
2010-07-14,9795.240234375,9807.3603515625,9693.330078125,9707.5,193300000
2010-07-15,9685.5302734375,9726.9404296875,9667.0,9701.1396484375,115900000
2010-07-16,9408.3603515625,9636.83984375,9392.2099609375,9600.8798828125,134000000
2010-07-21,9278.830078125,9404.0703125,9230.83984375,9404.0703125,166600000
2010-07-22,9220.8798828125,9254.1904296875,9176.1201171875,9216.2802734375,229600000
2010-07-23,9430.9599609375,9474.1103515625,9367.2998046875,9380.1201171875,157500000
2010-07-26,9503.66015625,9561.8203125,9493.6103515625,9520.73046875,90400000
2010-07-27,9496.849609375,9541.58984375,9487.650390625,9512.669921875,130700000
2010-07-28,9753.26953125,9760.3095703125,9614.4697265625,9614.4697265625,148200000
2010-07-29,9696.01953125,9732.759765625,9648.9697265625,9653.509765625,148200000
2010-07-30,9537.2998046875,9658.6103515625,9505.6396484375,9658.6103515625,166200000
2010-08-02,9570.3095703125,9676.41015625,9548.8603515625,9574.6396484375,135600000
2010-08-03,9694.009765625,9750.8798828125,9632.8603515625,9716.5703125,138600000
2010-08-04,9489.33984375,9613.1298828125,9474.669921875,9606.8203125,119300000
2010-08-05,9653.919921875,9688.8701171875,9578.3095703125,9640.33984375,128800000
2010-08-06,9642.1201171875,9658.0400390625,9545.41015625,9560.650390625,112100000
2010-08-09,9572.490234375,9572.830078125,9523.6298828125,9535.509765625,87800000
2010-08-10,9551.0498046875,9667.0400390625,9505.33984375,9629.9697265625,107100000
2010-08-11,9292.849609375,9445.0400390625,9283.599609375,9423.0302734375,111600000
2010-08-12,9212.58984375,9212.58984375,9065.9404296875,9125.490234375,142300000
2010-08-13,9253.4599609375,9278.4599609375,9163.25,9214.8095703125,121800000
2010-08-16,9196.669921875,9210.9697265625,9095.9404296875,9145.2197265625,97000000
2010-08-17,9161.6796875,9188.48046875,9084.240234375,9089.849609375,91500000
2010-08-18,9240.5400390625,9280.58984375,9153.419921875,9261.5,118400000
2010-08-19,9362.6796875,9362.6796875,9242.83984375,9242.83984375,120200000
2010-08-20,9179.3798828125,9287.5,9169.169921875,9239.3603515625,112000000
2010-08-23,9116.6904296875,9171.419921875,9090.9599609375,9147.240234375,93600000
2010-08-24,8995.1396484375,9069.2197265625,8983.51953125,9024.599609375,111300000
2010-08-25,8845.3896484375,8949.41015625,8807.41015625,8904.4404296875,133900000
2010-08-26,8906.48046875,8910.6201171875,8834.08984375,8908.01953125,104800000
2010-08-27,8991.0595703125,9021.75,8810.4599609375,8811.4697265625,127800000
2010-08-30,9149.259765625,9280.7001953125,9117.8701171875,9141.4501953125,114400000
2010-08-31,8824.0595703125,9008.3603515625,8819.259765625,8998.7998046875,121800000
2010-09-01,8927.01953125,8932.150390625,8796.4501953125,8833.3203125,120100000
2010-09-02,9062.83984375,9083.3701171875,8958.8095703125,9069.6201171875,119300000
2010-09-03,9114.1298828125,9141.08984375,9050.830078125,9097.58984375,102000000
2010-09-06,9301.3203125,9303.0,9173.3798828125,9199.990234375,106700000
2010-09-07,9226.0,9311.01953125,9206.8095703125,9232.01953125,118000000
2010-09-08,9024.599609375,9105.8896484375,8997.6298828125,9098.8603515625,107000000
2010-09-09,9098.3896484375,9136.259765625,9069.9296875,9120.5400390625,92800000
2010-09-10,9239.169921875,9291.5,9132.25,9132.25,169800000
2010-09-13,9321.8203125,9390.900390625,9317.2998046875,9325.6396484375,108700000
2010-09-14,9299.3095703125,9330.0498046875,9258.1796875,9319.5,117500000
2010-09-16,9509.5,9620.900390625,9479.6298828125,9613.8896484375,142200000
2010-09-17,9626.08984375,9643.2802734375,9554.3603515625,9581.650390625,122900000
2010-09-21,9602.1103515625,9704.25,9579.830078125,9700.8798828125,109500000
2010-09-22,9566.3203125,9625.41015625,9546.8203125,9563.2001953125,108900000
2010-09-24,9471.669921875,9601.76953125,9415.9599609375,9435.0400390625,146600000
2010-09-27,9603.1396484375,9613.4697265625,9539.1201171875,9557.3701171875,122500000
2010-09-28,9495.759765625,9553.91015625,9471.349609375,9547.0302734375,97500000
2010-09-29,9559.3798828125,9600.9296875,9502.33984375,9530.0498046875,134700000
2010-09-30,9369.349609375,9566.83984375,9369.349609375,9554.830078125,145800000
2010-10-01,9404.23046875,9470.3603515625,9358.6201171875,9440.51953125,163200000
2010-10-04,9381.0595703125,9508.3603515625,9358.8203125,9410.919921875,161200000
2010-10-05,9518.759765625,9538.349609375,9332.1904296875,9337.4296875,193800000
2010-10-06,9691.4296875,9693.740234375,9567.0,9588.4697265625,234300000
2010-10-07,9684.8095703125,9716.919921875,9649.169921875,9661.08984375,171200000
2010-10-08,9588.8798828125,9675.58984375,9588.8798828125,9675.58984375,147900000
2010-10-12,9388.6396484375,9650.2001953125,9387.73046875,9648.58984375,140700000
2010-10-13,9403.509765625,9510.1904296875,9393.51953125,9473.7802734375,144000000
2010-10-14,9583.509765625,9614.4404296875,9481.509765625,9515.169921875,171000000
2010-10-15,9500.25,9553.5703125,9478.6396484375,9551.2099609375,143800000
2010-10-18,9498.490234375,9564.849609375,9471.48046875,9517.6796875,104800000
2010-10-19,9539.4501953125,9575.1396484375,9489.6796875,9490.08984375,118500000
2010-10-20,9381.599609375,9402.0498046875,9316.9697265625,9399.650390625,138400000
2010-10-21,9376.48046875,9479.25,9326.7802734375,9443.9501953125,131500000
2010-10-22,9426.7099609375,9457.6201171875,9390.1396484375,9404.08984375,108500000
2010-10-25,9401.16015625,9460.7001953125,9392.6796875,9424.4404296875,98000000
2010-10-26,9377.3798828125,9455.0400390625,9362.1298828125,9386.5498046875,107300000
2010-10-27,9387.0302734375,9453.7900390625,9329.8603515625,9436.009765625,130200000
2010-10-28,9366.0302734375,9413.6796875,9350.4404296875,9368.6103515625,146800000
2010-10-29,9202.4501953125,9337.919921875,9179.150390625,9327.25,166900000
2010-11-01,9154.7197265625,9258.3203125,9134.4697265625,9166.849609375,125400000
2010-11-02,9159.98046875,9172.0302734375,9123.6201171875,9140.2802734375,115200000
2010-11-04,9358.7802734375,9377.759765625,9276.7099609375,9282.7900390625,133100000
2010-11-05,9625.990234375,9680.6796875,9497.4501953125,9500.599609375,160900000
2010-11-08,9732.919921875,9737.009765625,9677.8701171875,9699.7900390625,118200000
2010-11-09,9694.490234375,9726.599609375,9659.8603515625,9667.4404296875,122100000
2010-11-10,9830.51953125,9842.900390625,9747.0302734375,9748.6103515625,168800000
2010-11-11,9861.4599609375,9885.3701171875,9834.8203125,9878.1103515625,139600000
2010-11-12,9724.8095703125,9851.419921875,9724.8095703125,9810.2998046875,129400000
2010-11-15,9827.509765625,9830.58984375,9744.990234375,9782.1103515625,128500000
2010-11-16,9797.099609375,9908.2998046875,9774.1201171875,9892.8203125,133300000
2010-11-17,9811.66015625,9817.3701171875,9693.2099609375,9693.2099609375,112600000
2010-11-18,10013.6298828125,10013.6298828125,9798.5595703125,9820.599609375,188900000
2010-11-19,10022.3896484375,10130.23046875,10019.080078125,10124.83984375,160800000
2010-11-22,10115.1904296875,10157.9697265625,10091.990234375,10133.48046875,121800000
2010-11-24,10030.1103515625,10064.3095703125,9904.919921875,9942.5400390625,150100000
2010-11-25,10079.759765625,10123.26953125,10038.7900390625,10117.849609375,133800000
2010-11-26,10039.5595703125,10134.6396484375,10039.5595703125,10078.08984375,115800000
2010-11-29,10125.990234375,10149.9404296875,10044.009765625,10075.66015625,124800000
2010-11-30,9937.0400390625,10101.419921875,9937.0400390625,10070.3095703125,153300000
2010-12-01,9988.0498046875,9988.0498046875,9918.5498046875,9939.7998046875,122600000
2010-12-02,10168.51953125,10187.58984375,10143.080078125,10151.150390625,131400000
2010-12-03,10178.3203125,10254.0,10154.990234375,10231.7802734375,107700000
2010-12-06,10167.23046875,10179.8203125,10143.580078125,10175.23046875,95300000
2010-12-07,10141.099609375,10167.099609375,10094.41015625,10152.919921875,114800000
2010-12-08,10232.330078125,10258.900390625,10184.3203125,10200.16015625,126600000
2010-12-09,10285.8798828125,10298.25,10240.1103515625,10277.8701171875,153400000
2010-12-10,10211.9501953125,10373.7001953125,10194.26953125,10373.7001953125,240700000
2010-12-13,10293.8896484375,10293.8896484375,10199.73046875,10212.51953125,145300000
2010-12-14,10316.76953125,10319.240234375,10267.2197265625,10272.7001953125,170500000
2010-12-15,10309.7802734375,10340.6904296875,10282.849609375,10338.1396484375,137400000
2010-12-16,10311.2900390625,10347.3896484375,10282.5400390625,10297.5498046875,140800000
2010-12-17,10303.830078125,10327.419921875,10280.7998046875,10307.169921875,140400000
2010-12-20,10216.41015625,10301.150390625,10182.740234375,10296.5498046875,113600000
2010-12-21,10370.5302734375,10372.509765625,10266.2900390625,10277.1396484375,113300000
2010-12-22,10346.48046875,10394.2197265625,10327.599609375,10348.48046875,142100000
2010-12-24,10279.1904296875,10290.8896484375,10264.0595703125,10275.9697265625,86200000
2010-12-27,10355.990234375,10376.91015625,10292.83984375,10292.83984375,83100000
2010-12-28,10292.6298828125,10340.83984375,10292.6298828125,10330.009765625,77900000
2010-12-29,10344.5400390625,10344.5400390625,10276.6103515625,10282.83984375,87600000
2010-12-30,10228.919921875,10315.4697265625,10209.9296875,10303.1298828125,107800000
2011-01-04,10398.099609375,10409.169921875,10321.2802734375,10352.1904296875,114100000
2011-01-05,10380.76953125,10413.4501953125,10358.009765625,10387.9501953125,114600000
2011-01-06,10529.759765625,10530.1103515625,10477.51953125,10477.51953125,166000000
2011-01-07,10541.0400390625,10550.7099609375,10503.01953125,10506.7197265625,161800000
2011-01-11,10510.6796875,10538.3896484375,10476.2900390625,10484.6201171875,138500000
2011-01-12,10512.7998046875,10576.509765625,10502.9599609375,10562.2802734375,170700000
2011-01-13,10589.759765625,10620.5703125,10565.2802734375,10593.4599609375,160900000
2011-01-14,10499.0400390625,10579.9697265625,10497.259765625,10502.76953125,170900000
2011-01-17,10502.8603515625,10562.3896484375,10482.6904296875,10562.08984375,126700000
2011-01-18,10518.98046875,10548.2099609375,10456.7099609375,10461.0400390625,126400000
2011-01-19,10557.099609375,10580.6796875,10534.01953125,10567.8798828125,138600000
2011-01-20,10437.3095703125,10505.6298828125,10421.830078125,10492.3203125,132900000
2011-01-21,10274.51953125,10461.0703125,10257.990234375,10459.0400390625,183900000
2011-01-24,10345.1103515625,10347.9404296875,10278.8095703125,10318.599609375,134100000
2011-01-25,10464.419921875,10480.240234375,10355.7998046875,10374.6396484375,142900000
2011-01-26,10401.900390625,10440.349609375,10392.4599609375,10410.2900390625,111000000
2011-01-27,10478.66015625,10496.400390625,10421.75,10466.33984375,145300000
2011-01-28,10360.33984375,10480.080078125,10332.650390625,10460.2900390625,150700000
2011-01-31,10237.919921875,10265.9599609375,10182.5703125,10219.98046875,146000000
2011-02-01,10274.5,10299.3798828125,10245.75,10281.5498046875,149000000
2011-02-02,10457.3603515625,10479.75,10366.9599609375,10368.48046875,180500000
2011-02-03,10431.3603515625,10450.4599609375,10409.83984375,10424.6796875,150700000
2011-02-04,10543.51953125,10580.3603515625,10524.1298828125,10526.3896484375,200300000
2011-02-07,10592.0400390625,10644.2099609375,10572.7197265625,10641.2998046875,162300000
2011-02-08,10635.98046875,10648.7998046875,10623.7001953125,10645.0302734375,150400000
2011-02-09,10617.830078125,10701.919921875,10599.5,10686.7197265625,165000000
2011-02-10,10605.650390625,10631.9404296875,10570.6201171875,10574.7998046875,145600000
2011-02-14,10725.5400390625,10725.5400390625,10674.4404296875,10689.650390625,140600000
2011-02-15,10746.669921875,10760.990234375,10712.490234375,10738.8095703125,142700000
2011-02-16,10808.2900390625,10842.3095703125,10752.6103515625,10758.8603515625,189100000
2011-02-17,10836.6396484375,10891.599609375,10820.48046875,10882.91015625,173700000
2011-02-18,10842.7998046875,10862.4296875,10810.1201171875,10829.150390625,151300000
2011-02-21,10857.5302734375,10859.3896484375,10789.41015625,10820.7802734375,136400000
2011-02-22,10664.7001953125,10761.2197265625,10639.7802734375,10745.51953125,178900000
2011-02-23,10579.099609375,10666.7197265625,10569.9296875,10588.8203125,182300000
2011-02-24,10452.7099609375,10542.7001953125,10428.3798828125,10533.2001953125,184900000
2011-02-25,10526.759765625,10532.2099609375,10454.4599609375,10475.7802734375,154700000
2011-02-28,10624.08984375,10628.759765625,10448.830078125,10504.5400390625,186600000
2011-03-01,10754.0302734375,10754.0302734375,10672.91015625,10676.240234375,156400000
2011-03-02,10492.3798828125,10629.5,10492.3798828125,10609.2802734375,153300000
2011-03-03,10586.01953125,10593.33984375,10522.400390625,10529.76953125,122400000
2011-03-04,10693.66015625,10768.4296875,10664.3701171875,10730.91015625,148300000
2011-03-07,10505.01953125,10626.9697265625,10472.509765625,10626.9697265625,149400000
2011-03-08,10525.1904296875,10565.099609375,10509.23046875,10513.080078125,150300000
2011-03-09,10589.5,10662.0703125,10563.8203125,10607.23046875,131000000
2011-03-10,10434.3798828125,10549.169921875,10410.099609375,10544.1298828125,131000000
2011-03-11,10254.4296875,10378.5498046875,10254.4296875,10298.6396484375,236000000
2011-03-14,9620.490234375,10049.919921875,9578.650390625,10044.169921875,349800000
2011-03-15,8605.150390625,9441.66015625,8227.6298828125,9441.66015625,415700000
2011-03-16,9093.7197265625,9168.509765625,8763.9501953125,8767.2001953125,372100000
2011-03-17,8962.669921875,9093.6103515625,8639.5595703125,8913.349609375,312100000
2011-03-18,9206.75,9275.599609375,9073.25,9083.9501953125,245400000
2011-03-22,9608.3203125,9625.0302734375,9395.849609375,9403.0498046875,252600000
2011-03-23,9449.4697265625,9592.400390625,9387.9501953125,9590.3798828125,265100000
2011-03-24,9435.009765625,9509.849609375,9418.7099609375,9479.76953125,200100000
2011-03-25,9536.1298828125,9569.7099609375,9469.3701171875,9565.490234375,203700000
2011-03-28,9478.5302734375,9541.759765625,9405.2001953125,9541.759765625,192700000
2011-03-29,9459.080078125,9502.23046875,9317.3798828125,9348.599609375,200600000
2011-03-30,9708.7900390625,9708.7900390625,9479.0302734375,9489.509765625,217100000
2011-03-31,9755.099609375,9765.8095703125,9658.6396484375,9765.2802734375,187100000
2011-04-01,9708.3896484375,9822.0595703125,9698.599609375,9757.2802734375,191500000
2011-04-04,9718.8896484375,9808.599609375,9718.8896484375,9773.91015625,171800000
2011-04-05,9615.5498046875,9732.259765625,9566.0498046875,9732.259765625,182900000
2011-04-06,9584.3701171875,9671.4599609375,9562.16015625,9668.1103515625,203300000
2011-04-07,9590.9296875,9687.1796875,9578.4697265625,9652.650390625,165400000
2011-04-08,9768.080078125,9804.2802734375,9536.6796875,9586.169921875,215000000
2011-04-11,9719.7001953125,9775.599609375,9700.75,9731.3203125,147500000
2011-04-12,9555.259765625,9603.6396484375,9513.26953125,9603.5,169000000
2011-04-13,9641.1796875,9655.830078125,9516.5,9516.5,157400000
2011-04-14,9653.919921875,9676.9697265625,9553.75,9579.7900390625,153100000
2011-04-15,9591.51953125,9651.9599609375,9577.9599609375,9646.2197265625,147900000
2011-04-18,9556.650390625,9608.919921875,9539.0302734375,9593.41015625,110100000
2011-04-19,9441.0302734375,9478.8701171875,9405.1904296875,9448.650390625,131500000
2011-04-20,9606.8203125,9631.0,9519.3603515625,9536.7900390625,125900000
2011-04-21,9685.76953125,9725.1201171875,9643.919921875,9686.26953125,118000000
2011-04-22,9682.2099609375,9732.6298828125,9611.3798828125,9623.0,126200000
2011-04-25,9671.9599609375,9748.400390625,9657.240234375,9705.900390625,100600000
2011-04-26,9558.6904296875,9627.4296875,9536.509765625,9627.4296875,100300000
2011-04-27,9691.83984375,9728.0302734375,9630.3701171875,9631.5302734375,115900000
2011-04-28,9849.740234375,9849.740234375,9712.580078125,9749.3603515625,158100000
2011-05-02,10004.2001953125,10017.4697265625,9936.26953125,9964.3896484375,127800000
2011-05-06,9859.2001953125,9876.099609375,9782.66015625,9851.150390625,132400000
2011-05-09,9794.3798828125,9897.8798828125,9776.740234375,9881.669921875,110700000
2011-05-10,9818.759765625,9853.1298828125,9755.9296875,9804.26953125,131900000
2011-05-11,9864.259765625,9929.0400390625,9842.669921875,9912.48046875,141700000
2011-05-12,9716.650390625,9836.7099609375,9716.650390625,9770.7099609375,144900000
2011-05-13,9648.76953125,9751.4501953125,9552.9296875,9751.4501953125,212600000
2011-05-16,9558.2998046875,9598.330078125,9552.8603515625,9571.1298828125,126100000
2011-05-17,9567.01953125,9593.1298828125,9502.3896484375,9513.5,136000000
2011-05-18,9662.080078125,9693.599609375,9590.400390625,9602.8798828125,132800000
2011-05-19,9620.8203125,9731.1201171875,9600.8095703125,9711.3203125,117200000
2011-05-20,9607.080078125,9670.919921875,9600.48046875,9612.8701171875,120800000
2011-05-23,9460.6298828125,9547.8603515625,9437.8701171875,9547.8603515625,131500000
2011-05-24,9477.169921875,9490.349609375,9406.0400390625,9406.0400390625,115900000
2011-05-25,9422.8798828125,9503.76953125,9415.330078125,9492.4296875,116700000
2011-05-26,9562.0498046875,9567.4599609375,9489.1201171875,9499.4501953125,117500000
2011-05-27,9521.9404296875,9588.7001953125,9493.4404296875,9514.16015625,108900000
2011-05-30,9504.9697265625,9540.01953125,9448.0,9489.7802734375,93700000
2011-05-31,9693.73046875,9697.349609375,9497.400390625,9500.599609375,156500000
2011-06-01,9719.6103515625,9720.73046875,9659.3095703125,9708.0498046875,136000000
2011-06-02,9555.0400390625,9575.009765625,9517.2802734375,9560.6298828125,144100000
2011-06-03,9492.2099609375,9603.0302734375,9490.6796875,9550.58984375,115700000
2011-06-06,9380.349609375,9490.5498046875,9359.7802734375,9467.3701171875,140300000
2011-06-07,9442.9501953125,9454.66015625,9358.3095703125,9371.2099609375,128400000
2011-06-08,9449.4599609375,9458.4296875,9394.740234375,9428.6201171875,117200000
2011-06-09,9467.150390625,9472.41015625,9383.1201171875,9411.7099609375,143100000
2011-06-10,9514.4404296875,9613.75,9493.0498046875,9536.83984375,188800000
2011-06-13,9448.2099609375,9466.509765625,9391.259765625,9405.16015625,96400000
2011-06-14,9547.7900390625,9565.650390625,9438.41015625,9446.83984375,141200000
2011-06-15,9574.3203125,9599.900390625,9520.9296875,9589.5400390625,142800000
2011-06-16,9411.2802734375,9497.58984375,9411.2802734375,9478.6298828125,125500000
2011-06-17,9351.400390625,9447.4404296875,9318.6201171875,9443.3203125,139700000
2011-06-20,9354.3203125,9421.3798828125,9346.759765625,9383.240234375,121700000
2011-06-21,9459.66015625,9459.66015625,9378.3603515625,9420.4296875,116000000
2011-06-22,9629.4296875,9658.6201171875,9525.25,9525.25,137800000
2011-06-23,9596.740234375,9652.41015625,9553.2998046875,9557.7197265625,127600000
2011-06-24,9678.7099609375,9695.08984375,9609.240234375,9626.4296875,130900000
2011-06-27,9578.3095703125,9638.490234375,9570.580078125,9633.919921875,119300000
2011-06-28,9648.98046875,9703.41015625,9632.5400390625,9668.009765625,117500000
2011-06-29,9797.259765625,9797.259765625,9734.66015625,9767.91015625,123400000
2011-06-30,9816.08984375,9849.6904296875,9785.8896484375,9838.08984375,136200000
2011-07-01,9868.0703125,9900.5703125,9849.6396484375,9878.6904296875,111600000
2011-07-04,9965.08984375,10005.75,9940.4697265625,9980.16015625,131400000
2011-07-05,9972.4599609375,9995.169921875,9948.3798828125,9959.3896484375,132600000
2011-07-06,10082.48046875,10082.48046875,9967.8701171875,9987.25,137700000
2011-07-07,10071.1396484375,10102.1904296875,10029.330078125,10047.150390625,133200000
2011-07-08,10137.73046875,10207.91015625,10126.4697265625,10205.7099609375,127300000
2011-07-11,10069.5302734375,10109.2998046875,10057.76953125,10069.009765625,104900000
2011-07-12,9925.919921875,9971.1396484375,9907.8095703125,9943.3203125,135000000
2011-07-13,9963.1396484375,9979.669921875,9887.330078125,9891.1103515625,119000000
2011-07-14,9936.1201171875,9998.490234375,9884.0,9929.1796875,126800000
2011-07-15,9974.4697265625,9985.3203125,9919.099609375,9919.58984375,101300000
2011-07-19,9889.7197265625,9945.7197265625,9889.7197265625,9921.5,108800000
2011-07-20,10005.900390625,10042.75,9986.330078125,10008.0,104400000
2011-07-21,10010.3896484375,10026.1796875,9974.0,10019.9404296875,125500000
2011-07-22,10132.1103515625,10149.1796875,10076.5302734375,10096.8896484375,134200000
2011-07-25,10050.009765625,10091.01953125,10039.099609375,10080.8203125,104100000
2011-07-26,10097.7197265625,10130.25,10043.990234375,10078.48046875,111200000
2011-07-27,10047.1904296875,10053.5,10009.3701171875,10048.33984375,123900000
2011-07-28,9901.349609375,9945.98046875,9853.849609375,9936.9697265625,131400000
2011-07-29,9833.0302734375,9914.2197265625,9824.33984375,9866.8203125,146500000
2011-08-01,9965.009765625,10040.1298828125,9906.169921875,9907.0400390625,145000000
2011-08-02,9844.58984375,9873.4599609375,9822.2998046875,9872.169921875,120500000
2011-08-03,9637.1396484375,9705.01953125,9610.3798828125,9705.01953125,131200000
2011-08-04,9659.1796875,9768.400390625,9615.349609375,9685.5,154800000
2011-08-05,9299.8798828125,9469.16015625,9264.08984375,9469.16015625,189000000
2011-08-08,9097.5595703125,9215.08984375,9057.2900390625,9169.669921875,147000000
2011-08-09,8944.48046875,8949.9697265625,8656.7900390625,8911.7998046875,252500000
2011-08-10,9038.740234375,9144.330078125,9021.3603515625,9110.8095703125,173700000
2011-08-11,8981.9404296875,8983.330078125,8832.419921875,8876.5400390625,162900000
2011-08-12,8963.7197265625,9070.26953125,8926.8896484375,9064.169921875,150700000
2011-08-15,9086.41015625,9117.1103515625,9032.83984375,9082.5302734375,107800000
2011-08-16,9107.4296875,9150.3095703125,9072.5302734375,9135.0595703125,117500000
2011-08-17,9057.259765625,9081.7998046875,9003.7001953125,9047.8896484375,115100000
2011-08-18,8943.759765625,9043.1796875,8931.25,9043.1796875,119500000
2011-08-19,8719.240234375,8796.419921875,8707.4697265625,8771.7001953125,152100000
2011-08-22,8628.1298828125,8756.099609375,8619.2099609375,8686.91015625,146200000
2011-08-23,8733.009765625,8747.41015625,8630.490234375,8703.3095703125,158700000
2011-08-24,8639.6103515625,8825.26953125,8620.8896484375,8812.16015625,167100000
2011-08-25,8772.3603515625,8849.9404296875,8741.740234375,8748.009765625,160800000
2011-08-26,8797.7802734375,8805.099609375,8742.4599609375,8746.76953125,140900000
2011-08-29,8851.349609375,8926.26953125,8751.2900390625,8802.25,143700000
2011-08-30,8953.900390625,8992.8603515625,8935.849609375,8958.5,135600000
2011-08-31,8955.2001953125,8967.7998046875,8905.51953125,8938.3095703125,136200000
2011-09-01,9060.7998046875,9098.150390625,8998.009765625,9017.009765625,126200000
2011-09-02,8950.740234375,9014.26953125,8914.650390625,8980.5595703125,126900000
2011-09-05,8784.4599609375,8842.5595703125,8757.1796875,8828.4599609375,112100000
2011-09-06,8590.5703125,8709.919921875,8588.33984375,8687.1103515625,152800000
2011-09-07,8763.41015625,8773.259765625,8702.7802734375,8723.0498046875,130100000
2011-09-08,8793.1201171875,8876.490234375,8757.580078125,8863.240234375,104900000
2011-09-09,8737.66015625,8803.75,8726.25,8739.490234375,169300000
2011-09-12,8535.669921875,8584.0498046875,8520.9697265625,8578.7099609375,126700000
2011-09-13,8616.5498046875,8635.8798828125,8549.0595703125,8588.740234375,126100000
2011-09-14,8518.5703125,8671.240234375,8499.33984375,8623.5498046875,129400000
2011-09-15,8668.8603515625,8695.9501953125,8634.01953125,8645.3798828125,126600000
2011-09-16,8864.16015625,8864.16015625,8774.16015625,8785.2802734375,143300000
2011-09-20,8721.240234375,8771.7197265625,8704.23046875,8763.6103515625,103900000
2011-09-21,8741.16015625,8771.6201171875,8707.16015625,8717.0,106700000
2011-09-22,8560.259765625,8643.01953125,8545.4599609375,8643.01953125,125000000
2011-09-26,8374.1298828125,8556.66015625,8359.7001953125,8547.6201171875,159000000
2011-09-27,8609.9501953125,8609.9501953125,8479.0498046875,8496.330078125,140500000
2011-09-28,8615.650390625,8665.5400390625,8595.849609375,8607.919921875,140300000
2011-09-29,8701.23046875,8706.1396484375,8501.419921875,8527.6396484375,165700000
2011-09-30,8700.2900390625,8756.0,8653.6201171875,8713.91015625,148700000
2011-10-03,8545.48046875,8577.51953125,8455.669921875,8567.98046875,143700000
2011-10-04,8456.1201171875,8470.759765625,8359.240234375,8426.3896484375,158700000
2011-10-05,8382.98046875,8501.0302734375,8343.009765625,8491.4296875,158100000
2011-10-06,8522.01953125,8545.7900390625,8463.830078125,8463.830078125,123500000
2011-10-07,8605.6201171875,8663.5703125,8589.3603515625,8593.2197265625,122400000
2011-10-11,8773.6796875,8806.4404296875,8725.6201171875,8733.5400390625,112600000
2011-10-12,8738.900390625,8763.01953125,8689.3798828125,8719.669921875,109800000
2011-10-13,8823.25,8854.16015625,8808.73046875,8832.8095703125,108300000
2011-10-14,8747.9599609375,8787.8896484375,8733.7099609375,8782.91015625,108300000
2011-10-17,8879.599609375,8911.7001953125,8856.580078125,8881.4404296875,95900000
2011-10-18,8741.91015625,8773.990234375,8727.3896484375,8758.740234375,81600000
2011-10-19,8772.5400390625,8831.5498046875,8745.3603515625,8808.25,91200000
2011-10-20,8682.150390625,8733.599609375,8672.2099609375,8733.599609375,109200000
2011-10-21,8678.8896484375,8700.490234375,8652.259765625,8679.0400390625,97000000
2011-10-24,8843.98046875,8844.2802734375,8762.01953125,8764.919921875,97300000
2011-10-25,8762.3095703125,8870.3701171875,8755.3798828125,8866.4296875,106700000
2011-10-26,8748.4697265625,8798.7998046875,8642.5595703125,8673.849609375,108800000
2011-10-27,8926.5400390625,8926.5400390625,8731.76953125,8779.400390625,139900000
2011-10-28,9050.4697265625,9086.4296875,9003.08984375,9059.0400390625,165100000
2011-10-31,8988.3896484375,9152.3896484375,8988.3896484375,9011.1796875,133800000
2011-11-01,8835.51953125,8946.0,8831.6904296875,8880.75,103800000
2011-11-02,8640.419921875,8719.919921875,8640.419921875,8719.919921875,129200000
2011-11-04,8801.400390625,8814.7099609375,8729.080078125,8761.26953125,125000000
2011-11-07,8767.08984375,8779.5498046875,8741.25,8771.8203125,100000000
2011-11-08,8655.509765625,8772.0400390625,8644.0,8744.3603515625,136400000
2011-11-09,8755.4404296875,8762.98046875,8678.7802734375,8724.599609375,137400000
2011-11-10,8500.7998046875,8600.2099609375,8500.669921875,8597.2802734375,149900000
2011-11-11,8514.4697265625,8566.490234375,8485.76953125,8545.919921875,124900000
2011-11-14,8603.7001953125,8655.3095703125,8595.4296875,8631.2802734375,104300000
2011-11-15,8541.9296875,8584.2998046875,8527.6298828125,8546.990234375,80200000
2011-11-16,8463.16015625,8567.6396484375,8459.2998046875,8546.75,95500000
2011-11-17,8479.6298828125,8491.8203125,8400.2197265625,8421.8798828125,112900000
2011-11-18,8374.91015625,8398.7998046875,8359.599609375,8374.16015625,108600000
2011-11-21,8348.26953125,8375.599609375,8343.9296875,8349.0498046875,89900000
2011-11-22,8314.740234375,8350.349609375,8261.009765625,8263.8603515625,112200000
2011-11-24,8165.18017578125,8212.9501953125,8157.39013671875,8189.419921875,109800000
2011-11-25,8160.009765625,8199.669921875,8135.7900390625,8138.18994140625,111400000
2011-11-28,8287.490234375,8322.009765625,8259.7099609375,8269.91015625,102300000
2011-11-29,8477.8203125,8477.8203125,8351.3798828125,8371.009765625,115900000
2011-11-30,8434.6103515625,8435.33984375,8361.6904296875,8407.6298828125,126500000
2011-12-01,8597.3798828125,8653.8798828125,8577.08984375,8581.2001953125,147900000
2011-12-02,8643.75,8643.75,8591.9296875,8603.23046875,101000000
2011-12-05,8695.98046875,8704.48046875,8668.0400390625,8697.7802734375,91300000
2011-12-06,8575.16015625,8671.5400390625,8571.08984375,8644.9697265625,107800000
2011-12-07,8722.169921875,8729.8095703125,8614.2099609375,8629.1904296875,132600000
2011-12-08,8664.580078125,8688.8095703125,8625.1904296875,8664.349609375,127900000
2011-12-09,8536.4599609375,8576.6796875,8503.0302734375,8521.330078125,199700000
2011-12-12,8653.8203125,8682.4697265625,8633.349609375,8652.98046875,101000000
2011-12-13,8552.8095703125,8594.3203125,8518.7998046875,8535.51953125,113300000
2011-12-14,8519.1298828125,8540.5703125,8486.3701171875,8513.76953125,98300000
2011-12-15,8377.3701171875,8455.3203125,8374.25,8449.0498046875,103100000
2011-12-16,8401.7197265625,8433.1796875,8390.98046875,8416.2099609375,105000000
2011-12-19,8296.1201171875,8364.9296875,8272.259765625,8363.3896484375,95000000
2011-12-20,8336.48046875,8354.900390625,8317.73046875,8318.0302734375,80000000
2011-12-21,8459.98046875,8471.1103515625,8440.8896484375,8442.740234375,90800000
2011-12-22,8395.16015625,8436.58984375,8383.9599609375,8429.5400390625,83900000
2011-12-26,8479.33984375,8516.5302734375,8477.3701171875,8504.4599609375,61400000
2011-12-27,8440.5595703125,8458.259765625,8428.5302734375,8443.0,51300000
2011-12-28,8423.6201171875,8456.66015625,8414.900390625,8426.08984375,70900000
2011-12-29,8398.8896484375,8404.8896484375,8330.8701171875,8367.7099609375,66300000
2011-12-30,8455.349609375,8455.349609375,8415.5595703125,8434.900390625,57600000
2012-01-04,8560.1103515625,8581.4501953125,8547.7001953125,8549.5400390625,106000000
2012-01-05,8488.7099609375,8519.16015625,8481.830078125,8515.66015625,77700000
2012-01-06,8390.349609375,8488.98046875,8349.330078125,8488.98046875,101300000
2012-01-10,8422.259765625,8450.58984375,8405.1796875,8422.990234375,112300000
2012-01-11,8447.8798828125,8463.7197265625,8426.0302734375,8440.9599609375,106200000
2012-01-12,8385.58984375,8426.830078125,8360.330078125,8423.099609375,84800000
2012-01-13,8500.01953125,8509.759765625,8458.6796875,8471.099609375,109800000
2012-01-16,8378.3603515625,8409.7900390625,8352.23046875,8409.7900390625,76500000
2012-01-17,8466.400390625,8475.66015625,8413.2197265625,8420.1201171875,85500000
2012-01-18,8550.580078125,8595.7802734375,8446.08984375,8458.2900390625,136200000
2012-01-19,8639.6796875,8668.9404296875,8596.6796875,8596.6796875,125100000
2012-01-20,8766.3603515625,8791.3896484375,8725.3203125,8751.1796875,177500000
2012-01-23,8765.900390625,8795.26953125,8744.5400390625,8753.91015625,119900000
2012-01-24,8785.330078125,8825.08984375,8768.509765625,8815.3603515625,111000000
2012-01-25,8883.6904296875,8911.6201171875,8816.08984375,8842.009765625,132500000
2012-01-26,8849.4697265625,8894.599609375,8834.9296875,8890.490234375,122200000
2012-01-27,8841.2197265625,8886.01953125,8810.8896484375,8851.01953125,133100000
2012-01-30,8793.0498046875,8832.48046875,8774.23046875,8803.7900390625,98100000
2012-01-31,8802.509765625,8836.6796875,8776.650390625,8781.4404296875,138100000
2012-02-01,8809.7900390625,8830.2802734375,8780.099609375,8789.0595703125,127200000
2012-02-02,8876.8203125,8893.2197265625,8849.25,8865.2802734375,157800000
2012-02-03,8831.9296875,8877.5703125,8825.98046875,8849.169921875,157500000
2012-02-06,8929.2001953125,8949.3203125,8916.9404296875,8939.990234375,143200000
2012-02-07,8917.51953125,8928.4404296875,8887.1904296875,8904.16015625,129200000
2012-02-08,9015.58984375,9015.58984375,8956.7802734375,8971.8798828125,157400000
2012-02-09,9002.240234375,9018.490234375,8942.8701171875,8996.1298828125,178300000
2012-02-10,8947.169921875,9016.9697265625,8947.169921875,9010.5302734375,154000000
2012-02-13,8999.1796875,9023.5,8948.5400390625,8954.0302734375,126800000
2012-02-14,9052.0703125,9072.080078125,8972.740234375,8978.7197265625,141700000
2012-02-15,9260.33984375,9314.3701171875,9107.6796875,9108.83984375,208100000
2012-02-16,9238.099609375,9308.9296875,9214.23046875,9232.3798828125,180000000
2012-02-17,9384.169921875,9435.0302734375,9369.25,9371.1201171875,188700000
2012-02-20,9485.08984375,9549.3095703125,9462.669921875,9534.0302734375,169300000
2012-02-21,9463.01953125,9517.0400390625,9440.41015625,9458.6796875,169900000
2012-02-22,9554.0,9564.0498046875,9442.580078125,9459.740234375,165000000
2012-02-23,9595.5703125,9609.83984375,9513.650390625,9549.76953125,180000000
2012-02-24,9647.3798828125,9647.3798828125,9576.2099609375,9594.849609375,180000000
2012-02-27,9633.9296875,9736.1103515625,9628.25,9726.2001953125,177100000
2012-02-28,9722.51953125,9722.51953125,9528.76953125,9567.1201171875,185500000
2012-02-29,9723.240234375,9866.41015625,9706.2197265625,9771.6201171875,179200000
2012-03-01,9707.3701171875,9865.75,9666.01953125,9771.33984375,175100000
2012-03-02,9777.0302734375,9803.75,9729.240234375,9797.0498046875,158500000
2012-03-05,9698.58984375,9792.1396484375,9673.75,9756.98046875,132600000
2012-03-06,9637.6298828125,9732.8896484375,9602.83984375,9704.6103515625,171900000
2012-03-07,9576.0595703125,9603.1904296875,9509.099609375,9509.099609375,155800000
2012-03-08,9768.9599609375,9768.9599609375,9659.150390625,9674.9404296875,144100000
2012-03-09,9929.740234375,10007.6201171875,9853.1796875,9911.0703125,265400000
2012-03-12,9889.8603515625,10021.509765625,9889.8603515625,10015.919921875,153500000
2012-03-13,9899.080078125,10011.8798828125,9888.2998046875,9921.25,206000000
2012-03-14,10050.51953125,10115.7900390625,10050.51953125,10064.1201171875,168100000
2012-03-15,10123.2802734375,10158.740234375,10077.5498046875,10115.400390625,177600000
2012-03-16,10129.830078125,10148.4697265625,10090.08984375,10110.5703125,163000000
2012-03-19,10141.990234375,10172.6396484375,10134.48046875,10150.849609375,135100000
2012-03-21,10086.490234375,10132.01953125,10073.900390625,10100.8701171875,149900000
2012-03-22,10127.080078125,10136.849609375,10052.5,10055.16015625,146900000
2012-03-23,10011.4697265625,10031.9599609375,9999.3701171875,10014.8701171875,121600000
2012-03-26,10018.240234375,10056.2001953125,10016.0498046875,10040.099609375,126600000
2012-03-27,10255.150390625,10255.150390625,10152.25,10152.900390625,161100000
2012-03-28,10182.5703125,10197.7998046875,10124.2802734375,10153.509765625,141100000
2012-03-29,10114.7900390625,10147.0400390625,10084.76953125,10134.7802734375,149300000
2012-03-30,10083.5595703125,10111.08984375,10033.1904296875,10089.099609375,137400000
2012-04-02,10109.8701171875,10190.349609375,10109.8701171875,10161.7197265625,151900000
2012-04-03,10050.3896484375,10084.0703125,10040.990234375,10082.2099609375,112400000
2012-04-04,9819.990234375,10059.1904296875,9819.990234375,10045.8798828125,147800000
2012-04-05,9767.6103515625,9806.400390625,9692.7001953125,9737.5,165100000
2012-04-06,9688.4501953125,9739.58984375,9659.16015625,9710.25,118400000
2012-04-09,9546.259765625,9618.099609375,9535.330078125,9565.3095703125,111600000
2012-04-10,9538.01953125,9648.1201171875,9509.7197265625,9583.3603515625,134800000
2012-04-11,9458.740234375,9487.83984375,9388.1396484375,9398.599609375,155800000
2012-04-12,9524.7900390625,9541.0400390625,9449.490234375,9486.1904296875,134700000
2012-04-13,9637.990234375,9690.2900390625,9603.9697265625,9613.1904296875,171400000
2012-04-16,9470.6396484375,9532.91015625,9464.490234375,9522.7001953125,113000000
2012-04-17,9464.7099609375,9519.7998046875,9455.3203125,9476.150390625,109200000
2012-04-18,9667.259765625,9682.8798828125,9594.2998046875,9594.2998046875,116800000
2012-04-19,9588.3798828125,9617.9296875,9565.830078125,9578.6796875,118800000
2012-04-20,9561.3603515625,9580.8701171875,9532.6796875,9574.990234375,109800000
2012-04-23,9542.169921875,9643.26953125,9520.98046875,9599.2001953125,101500000
2012-04-24,9468.0400390625,9510.7001953125,9423.2998046875,9466.080078125,106400000
2012-04-25,9561.009765625,9582.73046875,9530.01953125,9578.419921875,97500000
2012-04-26,9561.830078125,9630.9697265625,9531.0302734375,9613.16015625,104900000
2012-04-27,9520.8896484375,9691.7001953125,9463.599609375,9564.400390625,165500000
2012-05-01,9350.9501953125,9472.25,9332.7900390625,9471.66015625,117900000
2012-05-02,9380.25,9417.9599609375,9344.5302734375,9397.8701171875,94500000
2012-05-07,9119.1396484375,9206.4501953125,9109.009765625,9198.169921875,133000000
2012-05-08,9181.650390625,9207.5595703125,9159.4697265625,9190.5,112400000
2012-05-09,9045.0595703125,9115.9404296875,9021.2001953125,9112.7197265625,131600000
2012-05-10,9009.650390625,9075.6298828125,8985.900390625,9013.259765625,141500000
2012-05-11,8953.3095703125,9050.6103515625,8944.6298828125,9019.400390625,143400000
2012-05-14,8973.83984375,9031.08984375,8947.8203125,8986.2197265625,112700000
2012-05-15,8900.740234375,8930.7802734375,8838.7802734375,8910.849609375,144900000
2012-05-16,8801.169921875,8883.73046875,8756.0703125,8865.7802734375,145300000
2012-05-17,8876.58984375,8885.080078125,8765.7099609375,8789.4697265625,160100000
2012-05-18,8611.3095703125,8735.5400390625,8588.16015625,8727.580078125,155100000
2012-05-21,8633.8896484375,8676.2001953125,8608.6201171875,8617.919921875,110800000
2012-05-22,8729.2900390625,8740.48046875,8690.4697265625,8721.58984375,111000000
2012-05-23,8556.599609375,8715.1396484375,8538.6904296875,8715.1396484375,142700000
2012-05-24,8563.3798828125,8597.849609375,8496.6103515625,8537.990234375,134200000
2012-05-25,8580.3896484375,8616.849609375,8550.9296875,8616.849609375,113600000
2012-05-28,8593.150390625,8624.509765625,8568.8701171875,8604.990234375,97000000
2012-05-29,8657.080078125,8657.080078125,8517.1796875,8565.5595703125,129700000
2012-05-30,8633.1904296875,8656.7099609375,8568.9697265625,8637.9501953125,119000000
2012-05-31,8542.73046875,8542.73046875,8455.1298828125,8499.6796875,162800000
2012-06-01,8440.25,8487.4404296875,8422.5,8465.4697265625,125200000
2012-06-04,8295.6298828125,8303.349609375,8238.9599609375,8278.650390625,126800000
2012-06-05,8382.0,8388.1396484375,8306.9296875,8331.01953125,136900000
2012-06-06,8533.5302734375,8549.0,8412.5498046875,8428.3603515625,160100000
2012-06-07,8639.7197265625,8647.7900390625,8599.6396484375,8639.25,127300000
2012-06-08,8459.259765625,8611.9296875,8427.2001953125,8609.7802734375,182900000
2012-06-11,8624.900390625,8665.7998046875,8594.580078125,8612.1396484375,108900000
2012-06-12,8536.7197265625,8575.8701171875,8452.5,8478.7802734375,113200000
2012-06-13,8587.83984375,8615.8896484375,8554.1396484375,8557.5703125,101600000
2012-06-14,8568.8896484375,8592.169921875,8520.990234375,8531.400390625,101600000
2012-06-15,8569.3203125,8625.1904296875,8552.75,8608.4296875,106700000
2012-06-18,8721.01953125,8766.5595703125,8711.490234375,8723.5498046875,109800000
2012-06-19,8655.8701171875,8712.8603515625,8630.66015625,8692.8203125,99200000
2012-06-20,8752.3095703125,8770.41015625,8711.2197265625,8739.099609375,114100000
2012-06-21,8824.0703125,8859.0400390625,8790.8603515625,8794.0302734375,132500000
2012-06-22,8798.349609375,8830.33984375,8731.7900390625,8733.5,113300000
2012-06-25,8734.6201171875,8837.830078125,8726.400390625,8837.830078125,92800000
2012-06-26,8663.990234375,8712.6796875,8619.3603515625,8671.6103515625,127500000
2012-06-27,8730.490234375,8730.490234375,8641.51953125,8677.759765625,106000000
2012-06-28,8874.1103515625,8881.4404296875,8805.650390625,8816.0703125,118500000
2012-06-29,9006.7802734375,9044.0400390625,8803.330078125,8811.4599609375,143900000
2012-07-02,9003.48046875,9103.7900390625,9003.48046875,9103.7900390625,99700000
2012-07-03,9066.58984375,9082.3896484375,9012.8603515625,9013.650390625,121000000
2012-07-04,9104.169921875,9136.01953125,9095.3095703125,9119.6904296875,105600000
2012-07-05,9079.7998046875,9130.5400390625,9069.009765625,9078.4599609375,97100000
2012-07-06,9020.75,9082.0400390625,8977.349609375,9052.7001953125,108200000
2012-07-09,8896.8798828125,8954.4404296875,8892.169921875,8922.990234375,92100000
2012-07-10,8857.73046875,8966.990234375,8855.9296875,8922.0302734375,108300000
2012-07-11,8851.0,8851.0,8797.73046875,8819.0400390625,98000000
2012-07-12,8720.009765625,8862.7998046875,8709.75,8859.3896484375,141800000
2012-07-13,8724.1201171875,8759.0595703125,8695.4404296875,8701.349609375,122800000
2012-07-17,8755.0,8808.8701171875,8711.73046875,8740.98046875,112000000
2012-07-18,8726.740234375,8802.08984375,8715.1396484375,8796.150390625,119000000
2012-07-19,8795.5498046875,8835.7998046875,8771.1904296875,8795.0,113200000
2012-07-20,8669.8701171875,8792.1904296875,8662.7197265625,8785.8701171875,116900000
2012-07-23,8508.3203125,8606.23046875,8500.26953125,8582.2802734375,103300000
2012-07-24,8488.08984375,8517.51953125,8446.1796875,8497.990234375,126200000
2012-07-25,8365.900390625,8433.580078125,8328.01953125,8410.98046875,137400000
2012-07-26,8443.099609375,8448.5498046875,8358.509765625,8408.2197265625,153400000
2012-07-27,8566.6396484375,8569.08984375,8522.740234375,8547.33984375,129100000
2012-07-30,8635.4404296875,8663.2998046875,8589.1904296875,8658.830078125,112000000
2012-07-31,8695.0595703125,8732.83984375,8585.259765625,8600.919921875,140300000
2012-08-01,8641.849609375,8654.6103515625,8578.16015625,8622.0400390625,123200000
2012-08-02,8653.1796875,8705.91015625,8635.509765625,8642.8896484375,127000000
2012-08-03,8555.1103515625,8565.0595703125,8513.2001953125,8539.7099609375,141700000
2012-08-06,8726.2900390625,8751.7998046875,8676.25,8683.2001953125,113000000
2012-08-07,8803.3095703125,8812.419921875,8711.900390625,8714.1201171875,109300000
2012-08-08,8881.16015625,8962.9501953125,8851.58984375,8889.3798828125,162300000
2012-08-09,8978.599609375,9004.8095703125,8862.169921875,8870.8095703125,151200000
2012-08-10,8891.4404296875,8954.849609375,8857.23046875,8931.919921875,120000000
2012-08-13,8885.150390625,8906.2099609375,8867.6298828125,8871.6796875,72100000
2012-08-14,8929.8798828125,8970.990234375,8897.8701171875,8913.7001953125,117500000
2012-08-15,8925.0400390625,8960.2802734375,8866.0595703125,8960.2802734375,104400000
2012-08-16,9092.759765625,9094.08984375,8962.9697265625,8967.1103515625,115300000
2012-08-17,9162.5,9181.5703125,9097.0,9120.2197265625,132500000
2012-08-20,9171.16015625,9222.8701171875,9150.7900390625,9202.3603515625,91300000
2012-08-21,9156.919921875,9196.669921875,9146.0703125,9165.150390625,84200000
2012-08-22,9131.740234375,9162.9697265625,9075.080078125,9150.6904296875,85900000
2012-08-23,9178.1201171875,9194.4697265625,9062.5400390625,9080.669921875,102800000
2012-08-24,9070.759765625,9090.669921875,9045.7900390625,9069.9501953125,85700000
2012-08-27,9085.3896484375,9150.48046875,9084.8701171875,9140.41015625,79500000
2012-08-28,9033.2900390625,9140.6201171875,8988.990234375,9138.509765625,124000000
2012-08-29,9069.8095703125,9073.990234375,9033.830078125,9045.73046875,107500000
2012-08-30,8983.7802734375,9062.0703125,8960.240234375,9062.0703125,98300000
2012-08-31,8839.91015625,8933.990234375,8839.91015625,8891.75,122800000
2012-09-03,8783.8896484375,8893.3896484375,8773.400390625,8836.6103515625,123400000
2012-09-04,8775.509765625,8804.4404296875,8729.2197265625,8787.9697265625,110800000
2012-09-05,8679.8203125,8759.259765625,8679.8203125,8756.58984375,111700000
2012-09-06,8680.5703125,8697.0,8646.0302734375,8690.33984375,119100000
2012-09-07,8871.650390625,8871.650390625,8804.26953125,8821.3701171875,157100000
2012-09-10,8869.3701171875,8874.5400390625,8838.1796875,8853.1904296875,111800000
2012-09-11,8807.3798828125,8814.0302734375,8769.4697265625,8811.330078125,95400000
2012-09-12,8959.9599609375,8959.9599609375,8821.7998046875,8827.2099609375,116100000
2012-09-13,8995.150390625,9022.2001953125,8932.099609375,8950.009765625,95000000
2012-09-14,9159.3896484375,9193.26953125,9081.7998046875,9097.919921875,198000000
2012-09-18,9123.76953125,9180.4404296875,9120.6103515625,9155.490234375,137600000
2012-09-19,9232.2099609375,9288.5302734375,9140.75,9166.51953125,157200000
2012-09-20,9086.98046875,9215.5703125,9079.1904296875,9174.1904296875,144600000
2012-09-21,9110.0,9159.330078125,9103.9501953125,9113.2998046875,121700000
2012-09-24,9069.2900390625,9091.9697265625,9031.1298828125,9071.3203125,105900000
2012-09-25,9091.5400390625,9112.5400390625,9023.6298828125,9031.3701171875,128400000
2012-09-26,8906.7001953125,8971.75,8894.01953125,8941.75,109300000
2012-09-27,8949.8701171875,8959.25,8844.0595703125,8856.3095703125,124700000
2012-09-28,8870.16015625,8989.080078125,8838.849609375,8986.6298828125,135600000
2012-10-01,8796.509765625,8829.349609375,8759.0703125,8815.0703125,99100000
2012-10-02,8786.0498046875,8843.330078125,8774.75,8826.3603515625,98200000
2012-10-03,8746.8701171875,8806.75,8729.5595703125,8778.259765625,103500000
2012-10-04,8824.58984375,8865.919921875,8738.3095703125,8783.1298828125,123500000
2012-10-05,8863.2998046875,8880.23046875,8805.7900390625,8850.2900390625,112100000
2012-10-09,8769.58984375,8840.6904296875,8765.5498046875,8822.3896484375,124400000
2012-10-10,8596.23046875,8660.6796875,8578.25,8650.5498046875,122300000
2012-10-11,8546.7802734375,8607.419921875,8514.6298828125,8514.6298828125,132900000
2012-10-12,8534.1201171875,8620.1796875,8516.1103515625,8607.7001953125,139400000
2012-10-15,8577.9296875,8595.1103515625,8488.1396484375,8517.76953125,126900000
2012-10-16,8701.3095703125,8707.9501953125,8633.6796875,8638.6796875,119800000
2012-10-17,8806.5498046875,8837.1904296875,8758.7001953125,8777.3896484375,139700000
2012-10-18,8982.8603515625,8992.3603515625,8877.169921875,8886.5595703125,165000000
2012-10-19,9002.6796875,9016.900390625,8940.3798828125,8944.0302734375,134700000
2012-10-22,9010.7099609375,9031.5498046875,8867.7900390625,8874.51953125,118300000
2012-10-23,9014.25,9075.580078125,8970.5,9066.0302734375,116300000
2012-10-24,8954.2998046875,9043.7998046875,8896.41015625,8896.41015625,133000000
2012-10-25,9055.2001953125,9057.3095703125,8941.849609375,8952.1298828125,115600000
2012-10-26,8933.0595703125,9075.58984375,8933.0595703125,9058.9296875,132100000
2012-10-29,8929.33984375,8986.0498046875,8909.3701171875,8958.7900390625,97300000
2012-10-30,8841.98046875,8995.8095703125,8841.98046875,8941.8203125,149200000
2012-10-31,8928.2900390625,8985.580078125,8905.4404296875,8911.080078125,135500000
2012-11-01,8946.8701171875,8976.080078125,8871.48046875,8931.7099609375,140600000
2012-11-02,9051.2197265625,9072.3896484375,9031.4296875,9049.2197265625,137900000
2012-11-05,9007.4404296875,9040.1796875,8984.6904296875,9000.8095703125,101400000
2012-11-06,8975.150390625,8990.349609375,8957.490234375,8989.580078125,104700000
2012-11-07,8972.8896484375,9032.3203125,8924.41015625,9030.5595703125,130900000
2012-11-08,8837.150390625,8891.080078125,8811.41015625,8868.419921875,106500000
2012-11-09,8757.599609375,8779.240234375,8729.4501953125,8742.6796875,104000000
2012-11-12,8676.4404296875,8728.849609375,8676.4404296875,8701.2802734375,86300000
2012-11-13,8661.0498046875,8723.4599609375,8619.4501953125,8710.51953125,94900000
2012-11-14,8664.73046875,8680.400390625,8653.490234375,8660.26953125,81000000
2012-11-15,8829.7197265625,8829.7197265625,8684.23046875,8703.8203125,161300000
2012-11-16,9024.16015625,9032.349609375,8898.330078125,8898.330078125,199100000
2012-11-19,9153.2001953125,9183.4599609375,9135.2900390625,9141.26953125,143100000
2012-11-20,9142.6396484375,9200.849609375,9129.4296875,9198.419921875,133700000
2012-11-21,9222.51953125,9248.98046875,9161.2099609375,9213.73046875,134700000
2012-11-22,9366.7998046875,9366.7998046875,9304.7197265625,9336.3203125,147400000
2012-11-26,9388.9404296875,9487.9404296875,9388.9404296875,9466.0595703125,151500000
2012-11-27,9423.2998046875,9449.7197265625,9370.58984375,9371.1298828125,136700000
2012-11-28,9308.349609375,9407.6201171875,9308.349609375,9375.48046875,118700000
2012-11-29,9400.8798828125,9412.080078125,9350.400390625,9370.2900390625,113300000
2012-11-30,9446.009765625,9492.91015625,9380.25,9446.76953125,159800000
2012-12-03,9458.1796875,9525.8203125,9453.48046875,9484.2001953125,110100000
2012-12-04,9432.4599609375,9457.1904296875,9406.0302734375,9419.150390625,104100000
2012-12-05,9468.83984375,9515.8603515625,9376.9697265625,9380.3701171875,115900000
2012-12-06,9545.16015625,9565.4296875,9503.3095703125,9535.6904296875,123100000
2012-12-07,9527.3896484375,9572.75,9522.1298828125,9547.1396484375,133800000
2012-12-10,9533.75,9584.4599609375,9517.400390625,9584.4599609375,115200000
2012-12-11,9525.3203125,9534.1796875,9487.9501953125,9510.599609375,97200000
2012-12-12,9581.4599609375,9606.25,9565.9501953125,9606.25,129400000
2012-12-13,9742.73046875,9767.0498046875,9672.4697265625,9681.2001953125,212000000
2012-12-14,9737.5595703125,9775.75,9687.7001953125,9703.5595703125,247400000
2012-12-17,9828.8798828125,9903.349609375,9826.2998046875,9895.6796875,213600000
2012-12-18,9923.009765625,9967.240234375,9848.8701171875,9848.8701171875,260300000
2012-12-19,10160.400390625,10160.400390625,10016.98046875,10025.400390625,277500000
2012-12-20,10039.330078125,10147.6796875,10028.650390625,10093.1103515625,274800000
2012-12-21,9940.0595703125,10175.0595703125,9924.419921875,10145.580078125,256500000
2012-12-25,10080.1201171875,10119.349609375,10030.4404296875,10092.349609375,141700000
2012-12-26,10230.3603515625,10230.3603515625,10107.33984375,10131.2197265625,182100000
2012-12-27,10322.98046875,10376.3896484375,10288.849609375,10295.259765625,235200000
2012-12-28,10395.1796875,10433.6298828125,10374.849609375,10406.3603515625,202800000
2013-01-04,10688.1103515625,10734.23046875,10602.240234375,10604.5,219000000
2013-01-07,10599.009765625,10743.6904296875,10589.7001953125,10743.6904296875,187700000
2013-01-08,10508.0595703125,10602.1201171875,10463.4296875,10544.2099609375,211400000
2013-01-09,10578.5703125,10620.7001953125,10398.6103515625,10405.669921875,215000000
2013-01-10,10652.6396484375,10686.1201171875,10619.650390625,10635.1103515625,268500000
2013-01-11,10801.5703125,10830.4296875,10748.0595703125,10786.1396484375,236600000
2013-01-15,10879.080078125,10952.3095703125,10851.66015625,10914.650390625,215100000
2013-01-16,10600.4404296875,10806.41015625,10591.2998046875,10806.41015625,226100000
2013-01-17,10609.6396484375,10694.849609375,10432.9697265625,10660.9404296875,268500000
2013-01-18,10913.2998046875,10913.2998046875,10787.1201171875,10791.9697265625,286600000
2013-01-21,10747.740234375,10941.4501953125,10747.740234375,10941.4501953125,207300000
2013-01-22,10709.9296875,10859.419921875,10615.2001953125,10765.099609375,248100000
2013-01-23,10486.990234375,10663.08984375,10486.990234375,10575.599609375,198800000
2013-01-24,10620.8701171875,10634.740234375,10441.1103515625,10441.1103515625,211200000
2013-01-25,10926.650390625,10926.650390625,10790.9501953125,10797.2998046875,220600000
2013-01-28,10824.3095703125,11002.8603515625,10824.3095703125,11002.8603515625,198300000
2013-01-29,10866.7197265625,10937.6298828125,10751.009765625,10751.009765625,238500000
2013-01-30,11113.9501953125,11113.9501953125,10905.6396484375,10913.9697265625,202800000
2013-01-31,11138.66015625,11145.3798828125,11007.76953125,11057.5,275700000
2013-02-01,11191.33984375,11237.83984375,11142.259765625,11193.7197265625,278200000
2013-02-04,11260.349609375,11285.490234375,11194.740234375,11254.16015625,354100000
2013-02-05,11046.919921875,11170.849609375,11046.919921875,11105.240234375,385200000
2013-02-06,11463.75,11498.419921875,11232.0498046875,11236.7001953125,353400000
2013-02-07,11357.0703125,11446.8095703125,11295.6201171875,11406.3203125,404300000
2013-02-08,11153.16015625,11299.7099609375,11135.8896484375,11179.9697265625,328100000
2013-02-12,11369.1201171875,11460.6396484375,11343.4404296875,11346.7197265625,301200000
2013-02-13,11251.41015625,11365.26953125,11196.66015625,11333.7197265625,275300000
2013-02-14,11307.2802734375,11356.5400390625,11243.490234375,11273.400390625,280100000
2013-02-15,11173.830078125,11261.580078125,11065.0595703125,11239.2099609375,346200000
2013-02-18,11407.8701171875,11445.4599609375,11308.830078125,11318.2197265625,238300000
2013-02-19,11372.33984375,11412.8603515625,11336.4501953125,11336.4501953125,189900000
2013-02-20,11468.2802734375,11510.51953125,11440.099609375,11485.650390625,202000000
2013-02-21,11309.1298828125,11442.1103515625,11301.76953125,11404.73046875,196300000
2013-02-22,11385.9404296875,11390.650390625,11175.669921875,11238.75,247900000
2013-02-25,11662.51953125,11662.51953125,11562.099609375,11564.5498046875,240900000
2013-02-26,11398.8095703125,11520.240234375,11374.830078125,11449.66015625,268000000
2013-02-27,11253.9697265625,11419.6201171875,11253.9697265625,11418.5595703125,193200000
2013-02-28,11559.3603515625,11563.75,11392.5595703125,11396.73046875,217300000
2013-03-01,11606.3798828125,11648.6298828125,11464.7099609375,11464.7099609375,190100000
2013-03-04,11652.2900390625,11767.6796875,11613.58984375,11695.4501953125,205200000
2013-03-05,11683.4501953125,11779.419921875,11666.3798828125,11732.5703125,198900000
2013-03-06,11932.26953125,11933.8203125,11803.08984375,11811.0595703125,200900000
2013-03-07,11968.080078125,12069.599609375,11946.009765625,12037.25,216000000
2013-03-08,12283.6201171875,12283.6201171875,12065.08984375,12066.5,364600000
2013-03-11,12349.0498046875,12403.9501953125,12300.830078125,12363.08984375,332300000
2013-03-12,12314.8095703125,12461.9697265625,12314.8095703125,12433.599609375,306500000
2013-03-13,12239.66015625,12339.4501953125,12234.48046875,12252.2900390625,195900000
2013-03-14,12381.1904296875,12395.73046875,12248.650390625,12332.16015625,171500000
2013-03-15,12560.9501953125,12560.9501953125,12434.4697265625,12437.6796875,251000000
2013-03-18,12220.6298828125,12373.169921875,12220.6298828125,12365.4404296875,195900000
2013-03-19,12468.23046875,12491.16015625,12401.1201171875,12405.6103515625,165200000
2013-03-21,12635.6904296875,12650.259765625,12586.0595703125,12592.0,193300000
2013-03-22,12338.5302734375,12522.0498046875,12338.5302734375,12498.509765625,168000000
2013-03-25,12546.4599609375,12594.3603515625,12480.419921875,12507.6103515625,169900000
2013-03-26,12471.6201171875,12540.1201171875,12456.0400390625,12461.7900390625,187500000
2013-03-27,12493.7900390625,12502.259765625,12442.3896484375,12476.580078125,152900000
2013-03-28,12335.9599609375,12462.8603515625,12286.3701171875,12457.1298828125,204600000
2013-03-29,12397.91015625,12425.9599609375,12319.75,12405.5302734375,181500000
2013-04-01,12135.01953125,12384.830078125,12133.0,12371.33984375,198200000
2013-04-02,12003.4296875,12107.400390625,11805.7802734375,12051.5703125,274600000
2013-04-03,12362.2001953125,12362.2001953125,12102.0498046875,12112.08984375,235100000
2013-04-04,12634.5400390625,12634.5400390625,12075.9697265625,12188.2197265625,309400000
2013-04-05,12833.6396484375,13225.6201171875,12831.099609375,12880.8203125,477400000
2013-04-08,13192.58984375,13225.2197265625,13080.2900390625,13082.6103515625,313900000
2013-04-09,13192.349609375,13331.3896484375,13151.73046875,13309.1298828125,287600000
2013-04-10,13288.1298828125,13325.150390625,13177.3095703125,13177.3095703125,359800000
2013-04-11,13549.16015625,13549.16015625,13384.1103515625,13444.9501953125,368500000
2013-04-12,13485.1396484375,13568.25,13402.8603515625,13568.25,352000000
2013-04-15,13275.66015625,13408.2900390625,13257.8603515625,13345.8603515625,321000000
2013-04-16,13221.4404296875,13312.23046875,13004.4599609375,13023.91015625,321600000
2013-04-17,13382.8896484375,13397.5,13318.6904296875,13330.5,277400000
2013-04-18,13220.0703125,13377.740234375,13200.849609375,13272.2197265625,305000000
2013-04-19,13316.48046875,13338.75,13186.8896484375,13268.4296875,236000000
2013-04-22,13568.3701171875,13611.580078125,13529.4404296875,13537.169921875,246200000
2013-04-23,13529.650390625,13585.349609375,13505.5302734375,13545.599609375,240200000
2013-04-24,13843.4599609375,13843.4599609375,13686.7802734375,13687.2802734375,307400000
2013-04-25,13926.080078125,13974.259765625,13827.9599609375,13887.5302734375,294500000
2013-04-26,13884.1298828125,13983.8701171875,13852.2001953125,13978.98046875,248300000
2013-04-30,13860.8603515625,13897.0595703125,13778.75,13854.8203125,237500000
2013-05-01,13799.349609375,13844.8203125,13782.0,13837.7197265625,185400000
2013-05-02,13694.0400390625,13780.48046875,13637.9599609375,13727.25,179900000
2013-05-07,14180.240234375,14196.3798828125,13951.8095703125,13960.0400390625,217200000
2013-05-08,14285.6904296875,14421.3798828125,14186.830078125,14196.2001953125,252600000
2013-05-09,14191.48046875,14409.8203125,14191.48046875,14366.9501953125,268300000
2013-05-10,14607.5400390625,14636.8095703125,14426.740234375,14449.240234375,312500000
2013-05-13,14782.2099609375,14849.009765625,14727.7001953125,14759.5,387200000
2013-05-14,14758.419921875,14839.7900390625,14755.080078125,14822.5595703125,304700000
2013-05-15,15096.0302734375,15108.830078125,14956.3798828125,14962.33984375,435000000
2013-05-16,15037.240234375,15155.7197265625,14879.509765625,15146.0498046875,375100000
2013-05-17,15138.1201171875,15157.3203125,14902.2998046875,14926.419921875,314500000
2013-05-20,15360.8095703125,15381.740234375,15245.7998046875,15260.6103515625,368100000
2013-05-21,15381.01953125,15388.3701171875,15264.419921875,15264.7900390625,514100000
2013-05-22,15627.259765625,15706.6298828125,15432.6396484375,15440.6904296875,476800000
2013-05-23,14483.98046875,15942.599609375,14483.98046875,15739.98046875,595200000
2013-05-24,14612.4501953125,15007.5,13981.51953125,14731.75,461200000
2013-05-27,14142.650390625,14381.2802734375,14027.419921875,14373.8203125,307400000
2013-05-28,14311.98046875,14399.7802734375,13943.6201171875,13943.6201171875,336300000
2013-05-29,14326.4599609375,14512.2802734375,14243.490234375,14492.5498046875,297000000
2013-05-30,13589.0302734375,14098.16015625,13555.66015625,14072.900390625,321600000
2013-05-31,13774.5400390625,13916.5595703125,13681.3896484375,13804.23046875,280500000
2013-06-03,13261.8203125,13562.8701171875,13261.8203125,13551.3603515625,282300000
2013-06-04,13533.759765625,13610.25,13060.9404296875,13186.599609375,378300000
2013-06-05,13014.8701171875,13711.419921875,13011.16015625,13566.75,303700000
2013-06-06,12904.01953125,13238.5302734375,12862.01953125,12925.2900390625,314000000
2013-06-07,12877.5302734375,13106.2001953125,12548.2001953125,12706.41015625,324500000
2013-06-10,13514.2001953125,13514.2001953125,13141.3701171875,13141.849609375,241400000
2013-06-11,13317.6201171875,13584.3095703125,13296.3095703125,13504.76953125,260200000
2013-06-12,13289.3203125,13332.7197265625,12994.080078125,13087.66015625,205500000
2013-06-13,12445.3798828125,13050.1103515625,12415.849609375,13038.01953125,240900000
2013-06-14,12686.51953125,12900.650390625,12629.3095703125,12668.900390625,278200000
2013-06-17,13033.1201171875,13033.1201171875,12549.8203125,12584.3701171875,171900000
2013-06-18,13007.2802734375,13139.48046875,12919.0302734375,13015.150390625,158700000
2013-06-19,13245.2197265625,13296.6201171875,13107.650390625,13233.080078125,201900000
2013-06-20,13014.580078125,13190.8203125,12966.41015625,13101.849609375,200700000
2013-06-21,13230.1298828125,13330.349609375,12702.669921875,12787.8701171875,241000000
2013-06-24,13062.7802734375,13426.1298828125,13026.23046875,13417.5400390625,162500000
2013-06-25,12969.33984375,13234.8896484375,12758.2197265625,13081.6201171875,199200000
2013-06-26,12834.009765625,13189.83984375,12826.509765625,13152.75,173400000
2013-06-27,13213.5498046875,13213.5498046875,12873.5,12968.7197265625,182400000
2013-06-28,13677.3203125,13724.4404296875,13354.7001953125,13383.919921875,234400000
2013-07-01,13852.5,13862.7099609375,13562.7001953125,13746.7197265625,172300000
2013-07-02,14098.740234375,14098.740234375,13898.5400390625,13969.150390625,214100000
2013-07-03,14055.5595703125,14164.76953125,13984.080078125,14149.990234375,200600000
2013-07-04,14018.9296875,14093.01953125,13962.2998046875,13970.26953125,143600000
2013-07-05,14309.9697265625,14309.9697265625,14149.5,14150.849609375,179400000
2013-07-08,14109.33984375,14497.650390625,14109.33984375,14491.0703125,220500000
2013-07-09,14472.900390625,14472.900390625,14186.0302734375,14295.4404296875,197600000
2013-07-10,14416.599609375,14555.330078125,14287.6904296875,14464.8203125,178200000
2013-07-11,14472.580078125,14496.669921875,14275.259765625,14275.259765625,167500000
2013-07-12,14506.25,14574.169921875,14417.2998046875,14475.169921875,184900000
2013-07-16,14599.1201171875,14638.7998046875,14550.8896484375,14594.8798828125,186100000
2013-07-17,14615.0400390625,14615.0400390625,14460.5595703125,14491.7998046875,247700000
2013-07-18,14808.5,14827.73046875,14645.25,14645.25,191300000
2013-07-19,14589.91015625,14953.2900390625,14413.2802734375,14909.759765625,269400000
2013-07-22,14658.0400390625,14770.01953125,14514.2900390625,14770.01953125,177500000
2013-07-23,14778.509765625,14820.1796875,14549.0595703125,14555.3603515625,163100000
2013-07-24,14731.2802734375,14751.8701171875,14630.6796875,14719.6396484375,143000000
2013-07-25,14562.9296875,14748.76953125,14533.2099609375,14747.2099609375,158200000
2013-07-26,14129.98046875,14376.009765625,14114.51953125,14339.3896484375,196100000
2013-07-29,13661.1298828125,13953.849609375,13661.1298828125,13899.26953125,184700000
2013-07-30,13869.8203125,13909.4501953125,13613.7802734375,13634.2001953125,183400000
2013-07-31,13668.3203125,13836.0302734375,13644.2099609375,13733.5498046875,186500000
2013-08-01,14005.76953125,14005.76953125,13645.6103515625,13674.5,195700000
2013-08-02,14466.16015625,14466.16015625,14146.919921875,14178.66015625,193500000
2013-08-05,14258.0400390625,14370.98046875,14225.5,14318.2099609375,134100000
2013-08-06,14401.0595703125,14401.0595703125,14031.6103515625,14237.099609375,154000000
2013-08-07,13824.9404296875,14164.7001953125,13824.9404296875,14155.9501953125,178500000
2013-08-08,13605.5595703125,14031.1396484375,13556.650390625,13779.4697265625,167700000
2013-08-09,13615.1904296875,13754.9599609375,13527.8095703125,13673.490234375,159100000
2013-08-12,13519.4296875,13658.8603515625,13430.6396484375,13469.7001953125,117700000
2013-08-13,13867.0,13867.0,13689.490234375,13696.3603515625,126100000
2013-08-14,14050.16015625,14050.16015625,13747.1796875,13936.740234375,152600000
2013-08-15,13752.9404296875,13981.16015625,13711.1201171875,13845.6396484375,137800000
2013-08-16,13650.1103515625,13739.51953125,13532.6103515625,13532.6103515625,129600000
2013-08-19,13758.1298828125,13758.1298828125,13589.7802734375,13669.740234375,96900000
2013-08-20,13396.3798828125,13730.08984375,13383.1796875,13632.9599609375,138000000
2013-08-21,13424.330078125,13499.990234375,13250.3603515625,13431.2802734375,148300000
2013-08-22,13365.169921875,13447.330078125,13238.73046875,13314.0498046875,133200000
2013-08-23,13660.5498046875,13774.66015625,13575.400390625,13583.759765625,164200000
2013-08-26,13636.2802734375,13741.490234375,13586.83984375,13719.5595703125,104100000
2013-08-27,13542.3701171875,13678.7900390625,13517.099609375,13551.75,116800000
2013-08-28,13338.4599609375,13392.5703125,13188.1396484375,13285.0302734375,132800000
2013-08-29,13459.7099609375,13463.1396484375,13364.8203125,13382.9501953125,121400000
2013-08-30,13388.8603515625,13615.98046875,13335.91015625,13573.240234375,156700000
2013-09-02,13572.919921875,13613.48046875,13407.5302734375,13438.0703125,112600000
2013-09-03,13978.4404296875,13978.4404296875,13748.6796875,13748.6796875,162400000
2013-09-04,14053.8701171875,14056.8798828125,13843.6103515625,13875.169921875,138400000
2013-09-05,14064.8203125,14156.5,13981.51953125,14140.2001953125,146600000
2013-09-06,13860.8095703125,14099.1298828125,13834.51953125,14088.41015625,139900000
2013-09-09,14205.23046875,14251.4599609375,14117.6796875,14141.669921875,173500000
2013-09-10,14423.3603515625,14441.8095703125,14296.7802734375,14318.7197265625,209900000
2013-09-11,14425.0703125,14561.4599609375,14422.7197265625,14511.740234375,170000000
2013-09-12,14387.26953125,14455.3701171875,14321.5703125,14397.900390625,118400000
2013-09-13,14404.669921875,14439.9296875,14233.1201171875,14316.7001953125,180700000
2013-09-17,14311.669921875,14474.5302734375,14311.669921875,14456.990234375,121300000
2013-09-18,14505.3603515625,14625.9697265625,14396.41015625,14411.5498046875,155900000
2013-09-19,14766.1796875,14766.1796875,14581.7900390625,14680.400390625,174600000
2013-09-20,14742.419921875,14816.650390625,14702.25,14801.6396484375,162500000
2013-09-24,14732.6103515625,14767.7197265625,14607.26953125,14626.0400390625,114900000
2013-09-25,14620.5302734375,14737.98046875,14620.5302734375,14713.0302734375,151000000
2013-09-26,14799.1201171875,14799.1201171875,14410.51953125,14553.0595703125,156600000
2013-09-27,14760.0703125,14817.5,14699.2099609375,14803.990234375,162100000
2013-09-30,14455.7998046875,14619.240234375,14425.8203125,14530.6201171875,157300000
2013-10-01,14484.7197265625,14642.9697265625,14471.7001953125,14517.98046875,153000000
2013-10-02,14170.490234375,14569.2001953125,14114.5400390625,14492.4697265625,173500000
2013-10-03,14157.25,14219.8896484375,14082.3095703125,14140.1103515625,145300000
2013-10-04,14024.3095703125,14149.76953125,13944.26953125,14029.73046875,145300000
2013-10-07,13853.3203125,14073.23046875,13841.9296875,14057.7900390625,146100000
2013-10-08,13894.6103515625,13929.6396484375,13748.9404296875,13794.740234375,163700000
2013-10-09,14037.83984375,14037.83984375,13751.849609375,13789.8896484375,162100000
2013-10-10,14194.7099609375,14200.3095703125,14077.0302734375,14097.6201171875,143200000
2013-10-11,14404.740234375,14447.8701171875,14320.2998046875,14376.8896484375,169900000
2013-10-15,14441.5400390625,14510.3701171875,14415.759765625,14510.26953125,125600000
2013-10-16,14467.1396484375,14493.669921875,14417.6103515625,14433.6396484375,116200000
2013-10-17,14586.509765625,14664.2197265625,14492.669921875,14640.080078125,135600000
2013-10-18,14561.5400390625,14610.08984375,14503.08984375,14589.599609375,120100000
2013-10-21,14693.5703125,14727.849609375,14624.0302734375,14624.0302734375,99100000
2013-10-22,14713.25,14747.76953125,14641.7802734375,14677.080078125,99200000
2013-10-23,14426.0498046875,14799.2802734375,14426.0498046875,14784.41015625,153500000
2013-10-24,14486.41015625,14499.51953125,14273.7099609375,14344.740234375,144900000
2013-10-25,14088.1904296875,14442.1201171875,14088.1904296875,14439.1396484375,139000000
2013-10-28,14396.0400390625,14400.3203125,14194.419921875,14261.650390625,109500000
2013-10-29,14325.98046875,14395.9599609375,14224.58984375,14288.7197265625,135600000
2013-10-30,14502.349609375,14526.8798828125,14425.580078125,14464.669921875,156800000
2013-10-31,14327.9404296875,14516.080078125,14324.169921875,14474.009765625,158400000
2013-11-01,14201.5703125,14411.0498046875,14126.41015625,14403.0703125,170800000
2013-11-05,14225.3701171875,14323.240234375,14141.8203125,14319.75,167100000
2013-11-06,14337.3095703125,14407.6904296875,14130.8603515625,14155.33984375,142200000
2013-11-07,14228.4404296875,14371.5595703125,14222.0302734375,14355.5595703125,111600000
2013-11-08,14086.7998046875,14122.2802734375,14026.169921875,14026.169921875,117800000
2013-11-11,14269.83984375,14304.2900390625,14208.1298828125,14271.48046875,113500000
2013-11-12,14588.6796875,14588.6796875,14278.2099609375,14289.8701171875,157600000
2013-11-13,14567.16015625,14599.5302734375,14490.919921875,14527.9697265625,170200000
2013-11-14,14876.41015625,14966.4296875,14665.75,14665.75,190100000
2013-11-15,15165.919921875,15203.1103515625,14994.7001953125,15034.330078125,212600000
2013-11-18,15164.2998046875,15273.6103515625,15106.8203125,15253.240234375,180100000
2013-11-19,15126.5595703125,15163.0595703125,15020.330078125,15096.6298828125,130200000
2013-11-20,15076.080078125,15209.669921875,15069.98046875,15176.349609375,142500000
2013-11-21,15365.599609375,15377.0,15168.4697265625,15176.650390625,168200000
2013-11-22,15381.7197265625,15579.3896484375,15307.4404296875,15513.4501953125,211300000
2013-11-25,15619.1298828125,15619.1298828125,15469.8701171875,15504.7802734375,176400000
2013-11-26,15515.240234375,15577.9697265625,15460.9697265625,15501.9501953125,156700000
2013-11-27,15449.6298828125,15512.759765625,15414.51953125,15414.51953125,144700000
2013-11-28,15727.1201171875,15729.08984375,15605.73046875,15622.1904296875,154000000
2013-11-29,15661.8701171875,15727.9599609375,15507.169921875,15661.4296875,158300000
2013-12-02,15655.0703125,15703.01953125,15579.5400390625,15659.740234375,143200000
2013-12-03,15749.66015625,15794.150390625,15661.900390625,15747.5400390625,167200000
2013-12-04,15407.9404296875,15579.3603515625,15326.0595703125,15520.2001953125,159000000
2013-12-05,15177.490234375,15430.2001953125,15139.1201171875,15354.5302734375,150700000
2013-12-06,15299.8603515625,15327.3701171875,15112.5400390625,15112.5400390625,135300000
2013-12-09,15650.2099609375,15650.2099609375,15547.2900390625,15556.599609375,136900000
2013-12-10,15611.3095703125,15633.9697265625,15562.0595703125,15633.9697265625,127200000
2013-12-11,15515.0595703125,15562.2998046875,15386.1103515625,15509.9296875,129200000
2013-12-12,15341.8203125,15392.66015625,15255.3603515625,15377.3203125,132300000
2013-12-13,15403.1103515625,15532.9404296875,15251.4501953125,15316.8896484375,246200000
2013-12-16,15152.91015625,15408.349609375,15146.1298828125,15408.349609375,139600000
2013-12-17,15278.6298828125,15322.1298828125,15248.419921875,15290.2197265625,120400000
2013-12-18,15587.7998046875,15588.419921875,15268.1796875,15273.240234375,175200000
2013-12-19,15859.2197265625,15891.8203125,15798.849609375,15809.4296875,190300000
2013-12-20,15870.419921875,15870.419921875,15755.3603515625,15790.6904296875,165000000
2013-12-24,15889.330078125,16029.650390625,15849.0,15955.900390625,163000000
2013-12-25,16009.990234375,16010.5400390625,15853.509765625,15861.1298828125,147400000
2013-12-26,16174.4404296875,16186.0400390625,16082.2802734375,16087.0703125,170200000
2013-12-27,16178.9404296875,16232.6904296875,16056.73046875,16229.4296875,170600000
2013-12-30,16291.3095703125,16320.2197265625,16182.7099609375,16269.2197265625,182100000
2014-01-06,15908.8798828125,16164.009765625,15864.4404296875,16147.5400390625,192700000
2014-01-07,15814.3701171875,15935.3701171875,15784.25,15835.41015625,165900000
2014-01-08,16121.4501953125,16121.4501953125,15906.5703125,15943.6796875,206700000
2014-01-09,15880.330078125,16004.5595703125,15838.4404296875,16002.8798828125,217400000
2014-01-10,15912.0595703125,15922.1396484375,15754.7001953125,15785.150390625,237500000
2014-01-14,15422.400390625,15661.7099609375,15383.6904296875,15657.2001953125,214500000
2014-01-15,15808.73046875,15808.73046875,15636.5703125,15649.0703125,185800000
2014-01-16,15747.2001953125,15941.080078125,15710.1396484375,15845.150390625,214200000
2014-01-17,15734.4599609375,15783.3701171875,15621.7998046875,15695.4599609375,180100000
2014-01-20,15641.6796875,15727.259765625,15574.23046875,15724.1396484375,142200000
2014-01-21,15795.9599609375,15894.6796875,15705.83984375,15710.8896484375,154300000
2014-01-22,15820.9599609375,15870.5302734375,15631.41015625,15749.009765625,185300000
2014-01-23,15695.8896484375,15958.580078125,15690.4501953125,15900.6298828125,206900000
2014-01-24,15391.5595703125,15485.01953125,15288.3203125,15473.5703125,221000000
2014-01-27,15005.73046875,15109.6796875,14933.5498046875,15091.4501953125,223900000
2014-01-28,14980.16015625,15088.1201171875,14952.830078125,15038.6396484375,183100000
2014-01-29,15383.91015625,15383.91015625,15159.919921875,15164.33984375,164800000
2014-01-30,15007.0595703125,15112.7001953125,14853.830078125,15112.7001953125,221200000
2014-01-31,14914.5302734375,15143.8798828125,14764.5703125,15132.23046875,217400000
2014-02-03,14619.1298828125,14846.9296875,14615.0498046875,14788.5595703125,202800000
2014-02-04,14008.4697265625,14355.919921875,14008.4697265625,14353.330078125,294300000
2014-02-05,14180.3798828125,14245.0595703125,13995.8603515625,14213.099609375,280200000
2014-02-06,14155.1201171875,14308.0703125,14155.1201171875,14233.419921875,192900000
2014-02-07,14462.41015625,14471.9501953125,14356.58984375,14387.1103515625,186100000
2014-02-10,14718.33984375,14725.919921875,14568.2998046875,14647.830078125,149800000
2014-02-12,14800.0595703125,14874.7900390625,14769.0400390625,14821.73046875,165100000
2014-02-13,14534.740234375,14787.6201171875,14488.3203125,14785.83984375,148400000
2014-02-14,14313.0302734375,14678.7099609375,14243.169921875,14538.2001953125,204200000
2014-02-17,14393.1103515625,14427.9501953125,14214.599609375,14343.73046875,149000000
2014-02-18,14843.240234375,14900.240234375,14469.490234375,14514.4697265625,206500000
2014-02-19,14766.5302734375,14805.66015625,14679.1904296875,14729.48046875,153900000
2014-02-20,14449.1796875,14731.48046875,14428.73046875,14701.1396484375,172000000
2014-02-21,14865.669921875,14888.8095703125,14618.6103515625,14618.6103515625,138700000
2014-02-24,14837.6796875,14982.5302734375,14658.1396484375,14803.6396484375,159500000
2014-02-25,15051.599609375,15094.5400390625,14957.490234375,15002.509765625,139500000
2014-02-26,14970.9697265625,15084.5302734375,14896.490234375,14896.490234375,126600000
2014-02-27,14923.1103515625,15015.009765625,14844.3701171875,14939.8701171875,160300000
2014-02-28,14841.0703125,14943.650390625,14735.51953125,14929.5498046875,160500000
2014-03-03,14652.23046875,14684.7001953125,14443.099609375,14666.9296875,146900000
2014-03-04,14721.48046875,14750.08984375,14546.33984375,14553.9501953125,125600000
2014-03-05,14897.6298828125,14992.1904296875,14897.6298828125,14905.9501953125,134000000
2014-03-06,15134.75,15203.1201171875,14871.5595703125,14933.759765625,150000000
2014-03-07,15274.0703125,15312.599609375,15145.58984375,15280.759765625,138500000
2014-03-10,15120.1396484375,15266.1201171875,15088.1103515625,15197.5302734375,121100000
2014-03-11,15224.1103515625,15256.0302734375,15124.3603515625,15179.4697265625,119100000
2014-03-12,14830.3896484375,15020.1396484375,14828.1796875,15003.7998046875,141300000
2014-03-13,14815.98046875,14919.83984375,14790.48046875,14847.7197265625,116200000
2014-03-14,14327.66015625,14539.599609375,14280.75,14526.2802734375,236100000
2014-03-17,14277.669921875,14359.16015625,14203.2099609375,14254.3203125,138000000
2014-03-18,14411.26953125,14533.25,14399.7197265625,14491.41015625,114000000
2014-03-19,14462.51953125,14663.5400390625,14302.3701171875,14495.73046875,153600000
2014-03-20,14224.23046875,14548.759765625,14207.830078125,14548.759765625,158700000
2014-03-24,14475.2998046875,14514.2802734375,14287.2802734375,14297.580078125,196200000
2014-03-25,14423.1904296875,14531.7900390625,14312.080078125,14401.6904296875,186000000
2014-03-26,14477.16015625,14569.900390625,14401.419921875,14521.0,166600000
2014-03-27,14622.8896484375,14659.849609375,14227.8095703125,14305.669921875,179000000
2014-03-28,14696.0302734375,14713.4501953125,14520.5703125,14576.25,149300000
2014-03-31,14827.830078125,14843.669921875,14718.009765625,14839.5400390625,141600000
2014-04-01,14791.990234375,14870.509765625,14751.2900390625,14870.509765625,139200000
2014-04-02,14946.3203125,15069.6103515625,14893.169921875,14897.8798828125,162400000
2014-04-03,15071.8798828125,15164.3896484375,14976.3603515625,15009.1796875,134400000
2014-04-04,15063.76953125,15098.3798828125,15000.6904296875,15005.5400390625,97100000
2014-04-07,14808.849609375,14895.580078125,14764.3701171875,14880.8203125,112800000
2014-04-08,14606.8798828125,14740.099609375,14605.3095703125,14715.7998046875,130400000
2014-04-09,14299.6904296875,14502.01953125,14279.33984375,14436.0498046875,162500000
2014-04-10,14300.1201171875,14513.1396484375,14234.4501953125,14484.5400390625,128900000
2014-04-11,13960.0498046875,14065.9697265625,13885.1103515625,14027.7998046875,174700000
2014-04-14,13910.16015625,14008.2900390625,13885.2197265625,13887.23046875,121000000
2014-04-15,13996.8095703125,14096.8603515625,13969.169921875,14068.75,120800000
2014-04-16,14417.6796875,14420.2998046875,14125.58984375,14126.8701171875,143600000
2014-04-17,14417.5302734375,14500.66015625,14351.849609375,14395.9501953125,127900000
2014-04-18,14516.26953125,14536.669921875,14442.740234375,14489.3701171875,78200000
2014-04-21,14512.3798828125,14649.5,14503.169921875,14549.4501953125,95300000
2014-04-22,14388.76953125,14604.2998046875,14388.76953125,14586.2900390625,99300000
2014-04-23,14546.26953125,14546.26953125,14459.2900390625,14480.41015625,103200000
2014-04-24,14404.990234375,14563.25,14367.1298828125,14563.25,106300000
2014-04-25,14429.259765625,14554.3203125,14327.599609375,14369.7197265625,115000000
2014-04-28,14288.23046875,14324.0302734375,14224.4697265625,14289.8203125,97400000
2014-04-30,14304.1103515625,14421.2197265625,14275.6904296875,14393.509765625,125100000
2014-05-01,14485.1298828125,14493.0302734375,14341.08984375,14341.08984375,129200000
2014-05-02,14457.509765625,14473.75,14405.76953125,14454.4404296875,108600000
2014-05-07,14033.4501953125,14299.1298828125,14033.4501953125,14296.25,143200000
2014-05-08,14163.7802734375,14254.4404296875,14108.16015625,14136.41015625,123000000
2014-05-09,14199.58984375,14266.2900390625,14091.2001953125,14101.98046875,125300000
2014-05-12,14149.51953125,14234.490234375,14130.2998046875,14173.490234375,109200000
2014-05-13,14425.4404296875,14464.009765625,14359.740234375,14367.9404296875,129900000
2014-05-14,14405.759765625,14419.650390625,14349.8701171875,14385.599609375,112700000
2014-05-15,14298.2099609375,14306.3603515625,14190.26953125,14280.509765625,132600000
2014-05-16,14096.58984375,14108.4404296875,14016.490234375,14087.759765625,131300000
2014-05-19,14006.4404296875,14150.5,13991.7998046875,14130.08984375,114000000
2014-05-20,14075.25,14144.0400390625,14038.0595703125,14088.4501953125,123100000
2014-05-21,14042.169921875,14054.240234375,13964.4296875,13969.7099609375,121700000
2014-05-22,14337.7900390625,14369.01953125,14147.5498046875,14188.2802734375,160300000
2014-05-23,14462.169921875,14528.0400390625,14404.7998046875,14411.099609375,142400000
2014-05-26,14602.51953125,14602.51953125,14531.3203125,14592.599609375,106900000
2014-05-27,14636.51953125,14744.16015625,14588.6796875,14589.7900390625,129400000
2014-05-28,14670.9501953125,14717.2900390625,14608.5400390625,14646.9296875,120100000
2014-05-29,14681.7197265625,14714.9501953125,14574.01953125,14585.6396484375,122000000
2014-05-30,14632.3798828125,14741.099609375,14591.6201171875,14707.66015625,175300000
2014-06-02,14935.919921875,14963.91015625,14777.509765625,14777.509765625,130600000
2014-06-03,15034.25,15091.490234375,15026.009765625,15089.0400390625,145900000
2014-06-04,15067.9599609375,15071.7802734375,14985.2099609375,15067.41015625,132000000
2014-06-05,15079.3701171875,15141.1396484375,15016.8095703125,15112.58984375,127900000
2014-06-06,15077.240234375,15144.33984375,15042.58984375,15138.75,134800000
2014-06-09,15124.0,15206.5703125,15116.0302734375,15204.3095703125,107300000
2014-06-10,14994.7998046875,15184.76953125,14966.7998046875,15130.740234375,121300000
2014-06-11,15069.48046875,15075.7197265625,14998.6298828125,15000.1298828125,99500000
2014-06-12,14973.5302734375,14992.9599609375,14862.080078125,14942.150390625,132400000
2014-06-13,15097.83984375,15121.6396484375,14830.990234375,14830.990234375,172200000
2014-06-16,14933.2900390625,15056.75,14867.150390625,15049.6103515625,116000000
2014-06-17,14975.9697265625,15026.9599609375,14948.5400390625,14962.990234375,107400000
2014-06-18,15115.7998046875,15139.990234375,14995.4501953125,15009.8896484375,118600000
2014-06-19,15361.16015625,15375.3798828125,15138.2802734375,15140.349609375,189900000
2014-06-20,15349.419921875,15422.0595703125,15305.4296875,15359.599609375,190000000
2014-06-23,15369.2802734375,15442.669921875,15335.8798828125,15419.4697265625,120000000
2014-06-24,15376.240234375,15424.5703125,15252.26953125,15300.5,122700000
2014-06-25,15266.6103515625,15347.8798828125,15265.7099609375,15297.240234375,108400000
2014-06-26,15308.490234375,15345.1201171875,15278.2197265625,15320.1298828125,105400000
2014-06-27,15095.0,15293.8203125,15027.3095703125,15290.75,131000000
2014-06-30,15162.099609375,15177.8701171875,15052.33984375,15159.4501953125,102000000
2014-07-01,15326.2001953125,15389.080078125,15145.8701171875,15179.6396484375,137500000
2014-07-02,15369.9697265625,15444.6298828125,15354.91015625,15406.23046875,116800000
2014-07-03,15348.2900390625,15435.33984375,15324.3203125,15435.33984375,114200000
2014-07-04,15437.1298828125,15490.3701171875,15420.0703125,15490.3701171875,108800000
2014-07-07,15379.4404296875,15477.76953125,15379.4404296875,15433.490234375,84000000
2014-07-08,15314.41015625,15389.8896484375,15225.1103515625,15304.26953125,117700000
2014-07-09,15302.650390625,15302.650390625,15185.3203125,15194.3203125,118300000
2014-07-10,15216.4697265625,15326.7802734375,15215.4296875,15318.2998046875,112900000
2014-07-11,15164.0400390625,15204.009765625,15101.490234375,15102.58984375,123600000
2014-07-14,15296.8203125,15324.9501953125,15179.490234375,15199.1796875,96300000
2014-07-15,15395.16015625,15441.5400390625,15346.08984375,15354.4296875,101000000
2014-07-16,15379.2998046875,15423.9599609375,15355.0,15369.66015625,98200000
2014-07-17,15370.259765625,15465.740234375,15347.849609375,15422.8701171875,102500000
2014-07-18,15215.7099609375,15220.5,15110.4501953125,15174.080078125,92200000
2014-07-22,15343.2802734375,15392.01953125,15287.9296875,15296.419921875,115400000
2014-07-23,15328.5595703125,15376.2001953125,15317.3701171875,15367.16015625,100100000
2014-07-24,15284.419921875,15383.1103515625,15232.1396484375,15350.2802734375,122000000
2014-07-25,15457.8701171875,15457.8701171875,15341.6904296875,15342.4599609375,119900000
2014-07-28,15529.400390625,15556.6201171875,15426.98046875,15426.98046875,115600000
2014-07-29,15618.0703125,15632.7001953125,15556.01953125,15564.7900390625,98800000
2014-07-30,15646.23046875,15666.6201171875,15594.8896484375,15616.8896484375,117500000
2014-07-31,15620.76953125,15759.66015625,15618.849609375,15732.7802734375,154100000
2014-08-01,15523.1103515625,15602.1298828125,15501.150390625,15511.5400390625,143300000
2014-08-04,15474.5,15535.6201171875,15440.2099609375,15474.650390625,123600000
2014-08-05,15320.3095703125,15507.3203125,15313.83984375,15506.8701171875,131500000
2014-08-06,15159.7900390625,15271.1396484375,15121.4296875,15260.0,135500000
2014-08-07,15232.3701171875,15243.0595703125,15061.990234375,15138.7197265625,143100000
2014-08-08,14778.3701171875,15074.3203125,14753.83984375,15063.73046875,177200000
2014-08-11,15130.51953125,15161.5400390625,14973.7099609375,15022.6396484375,114600000
2014-08-12,15161.3095703125,15235.98046875,15125.9296875,15164.73046875,89300000
2014-08-13,15213.6298828125,15235.900390625,15108.5302734375,15111.759765625,96300000
2014-08-14,15314.5703125,15338.849609375,15272.900390625,15284.3798828125,92700000
2014-08-15,15318.33984375,15328.33984375,15276.990234375,15317.150390625,88700000
2014-08-18,15322.599609375,15365.349609375,15303.3896484375,15318.5,77300000
2014-08-19,15449.7900390625,15476.0498046875,15429.1103515625,15451.9404296875,94200000
2014-08-20,15454.4501953125,15492.8798828125,15433.7197265625,15485.9296875,92700000
2014-08-21,15586.2001953125,15601.990234375,15525.7802734375,15530.98046875,117700000
2014-08-22,15539.1904296875,15628.7802734375,15524.4296875,15618.0498046875,102300000
2014-08-25,15613.25,15628.6103515625,15553.509765625,15609.4296875,81900000
2014-08-26,15521.2197265625,15613.33984375,15519.419921875,15609.6396484375,86400000
2014-08-27,15534.8203125,15588.2197265625,15465.990234375,15556.5595703125,102200000
2014-08-28,15459.8603515625,15487.990234375,15423.900390625,15482.26953125,99300000
2014-08-29,15424.58984375,15447.8095703125,15356.0,15423.8798828125,111000000
2014-09-01,15476.599609375,15478.76953125,15440.990234375,15454.58984375,74800000
2014-09-02,15668.599609375,15737.3603515625,15516.5,15526.9404296875,122600000
2014-09-03,15728.349609375,15829.3798828125,15723.5400390625,15797.7900390625,137800000
2014-09-04,15676.1796875,15732.759765625,15663.58984375,15701.6103515625,110900000
2014-09-05,15668.6796875,15792.6396484375,15641.3701171875,15792.6396484375,109600000
2014-09-08,15705.1103515625,15730.330078125,15656.400390625,15718.1298828125,95600000
2014-09-09,15749.150390625,15795.8203125,15736.1298828125,15795.8203125,106100000
2014-09-10,15788.7802734375,15795.599609375,15664.7900390625,15688.5498046875,109700000
2014-09-11,15909.2001953125,15925.509765625,15854.2998046875,15880.91015625,130300000
2014-09-12,15948.2900390625,15984.900390625,15885.0400390625,15885.0400390625,183400000
2014-09-16,15911.5302734375,15938.3095703125,15871.1201171875,15896.0595703125,121300000
2014-09-17,15888.669921875,15969.41015625,15888.669921875,15948.150390625,114700000
2014-09-18,16067.5703125,16106.1103515625,16003.4599609375,16036.4697265625,143100000
2014-09-19,16321.169921875,16364.080078125,16170.8603515625,16177.9404296875,171300000
2014-09-22,16205.900390625,16299.1298828125,16170.1103515625,16281.3603515625,129100000
2014-09-24,16167.4501953125,16203.9404296875,16094.58984375,16105.5595703125,133300000
2014-09-25,16374.1396484375,16374.1396484375,16303.91015625,16327.1904296875,148700000
2014-09-26,16229.8603515625,16251.669921875,16087.9501953125,16087.9501953125,127400000
2014-09-29,16310.6396484375,16344.3203125,16262.0,16339.0302734375,107900000
2014-09-30,16173.51953125,16252.7197265625,16058.7197265625,16252.7197265625,152500000
2014-10-01,16082.25,16225.9599609375,16081.009765625,16173.3896484375,137100000
2014-10-02,15661.990234375,15922.509765625,15646.400390625,15895.2001953125,175400000
2014-10-03,15708.650390625,15708.650390625,15559.0703125,15616.48046875,139700000
2014-10-06,15890.9501953125,15970.650390625,15808.2197265625,15882.2802734375,127600000
2014-10-07,15783.830078125,15913.51953125,15755.5703125,15841.169921875,134800000
2014-10-08,15595.98046875,15643.6298828125,15520.8095703125,15574.599609375,150200000
2014-10-09,15478.9296875,15732.3203125,15461.08984375,15681.5302734375,141000000
2014-10-10,15300.5498046875,15345.7802734375,15221.830078125,15292.8798828125,186100000
2014-10-14,14936.509765625,15089.900390625,14919.7099609375,15036.8701171875,186200000
2014-10-15,15073.51953125,15084.6103515625,14916.650390625,15009.75,152600000
2014-10-16,14738.3798828125,14807.080078125,14672.5498046875,14805.16015625,198900000
2014-10-17,14532.509765625,14830.669921875,14529.0302734375,14796.3203125,178600000
2014-10-20,15111.23046875,15111.23046875,14819.6904296875,14822.83984375,162000000
2014-10-21,14804.2802734375,15115.2900390625,14761.83984375,15115.2900390625,143000000
2014-10-22,15195.76953125,15195.7802734375,15001.4296875,15038.1904296875,137400000
2014-10-23,15138.9599609375,15232.509765625,15059.6396484375,15093.7802734375,119600000
2014-10-24,15291.6396484375,15377.0498046875,15232.0,15354.349609375,121800000
2014-10-27,15388.7197265625,15424.0498046875,15333.7099609375,15404.2802734375,121000000
2014-10-28,15329.91015625,15374.4599609375,15263.3603515625,15363.2802734375,122300000
2014-10-29,15553.91015625,15595.2900390625,15394.7900390625,15442.3896484375,148800000
2014-10-30,15658.2001953125,15701.0400390625,15584.830078125,15596.5,184100000
2014-10-31,16413.759765625,16533.91015625,15817.1396484375,15817.1396484375,268500000
2014-11-04,16862.470703125,17127.66015625,16720.990234375,16732.849609375,335600000
2014-11-05,16937.3203125,16995.01953125,16778.279296875,16785.439453125,232200000
2014-11-06,16792.48046875,17045.939453125,16725.44921875,16993.4609375,199000000
2014-11-07,16880.380859375,16938.19921875,16824.080078125,16934.0390625,153300000
2014-11-10,16780.529296875,16818.05078125,16713.369140625,16758.26953125,125600000
2014-11-11,17124.109375,17160.119140625,16855.30078125,16869.490234375,154000000
2014-11-12,17197.05078125,17443.740234375,17170.0,17253.119140625,193300000
2014-11-13,17392.7890625,17400.76953125,17099.94921875,17192.0,159800000
2014-11-14,17490.830078125,17520.5390625,17300.189453125,17520.5390625,196000000
2014-11-17,16973.80078125,17409.3203125,16907.4296875,17381.380859375,192800000
2014-11-18,17344.060546875,17356.759765625,17186.5,17188.83984375,158100000
2014-11-19,17288.75,17472.5703125,17280.759765625,17384.310546875,170100000
2014-11-20,17300.859375,17407.689453125,17270.69921875,17407.689453125,144000000
2014-11-21,17357.509765625,17381.58984375,17108.19921875,17285.720703125,156300000
2014-11-25,17407.619140625,17490.390625,17372.7109375,17490.390625,170600000
2014-11-26,17383.580078125,17432.5703125,17335.990234375,17347.970703125,136500000
2014-11-27,17248.5,17346.849609375,17212.48046875,17310.490234375,129100000
2014-11-28,17459.849609375,17471.900390625,17330.83984375,17340.16015625,149100000
2014-12-01,17590.099609375,17649.01953125,17474.26953125,17475.099609375,125900000
2014-12-02,17663.220703125,17687.69921875,17476.419921875,17481.060546875,125200000
2014-12-03,17720.4296875,17881.759765625,17696.359375,17772.150390625,158700000
2014-12-04,17887.2109375,17912.58984375,17813.009765625,17881.91015625,142200000
2014-12-05,17920.44921875,17922.2890625,17759.359375,17821.849609375,128900000
2014-12-08,17935.640625,18030.830078125,17869.740234375,18004.66015625,134700000
2014-12-09,17813.380859375,17892.16015625,17773.30078125,17820.240234375,140400000
2014-12-10,17412.580078125,17658.140625,17308.8203125,17623.349609375,169600000
2014-12-11,17257.400390625,17289.73046875,17043.630859375,17180.490234375,151400000
2014-12-12,17371.580078125,17526.189453125,17298.189453125,17317.689453125,214500000
2014-12-15,17099.400390625,17258.3203125,17037.2109375,17111.490234375,146400000
2014-12-16,16755.3203125,16895.390625,16714.830078125,16862.419921875,160300000
2014-12-17,16819.73046875,16891.01953125,16672.939453125,16689.33984375,161300000
2014-12-18,17210.05078125,17274.23046875,17136.41015625,17142.94921875,186300000
2014-12-19,17621.400390625,17621.400390625,17471.599609375,17511.009765625,175800000
2014-12-22,17635.140625,17692.580078125,17572.619140625,17685.529296875,128500000
2014-12-24,17854.23046875,17875.41015625,17800.419921875,17842.0390625,126400000
2014-12-25,17808.75,17832.470703125,17773.58984375,17804.83984375,86400000
2014-12-26,17818.9609375,17843.73046875,17769.009765625,17778.91015625,86500000
2014-12-29,17729.83984375,17914.55078125,17525.66015625,17914.55078125,115200000
2014-12-30,17450.76953125,17713.759765625,17450.76953125,17702.119140625,98300000
2015-01-05,17408.7109375,17540.919921875,17219.220703125,17325.6796875,116500000
2015-01-06,16883.189453125,17111.359375,16881.73046875,17101.580078125,166000000
2015-01-07,16885.330078125,16974.609375,16808.259765625,16808.259765625,138600000
2015-01-08,17167.099609375,17243.7109375,17016.08984375,17067.400390625,140600000
2015-01-09,17197.73046875,17342.650390625,17129.529296875,17318.740234375,155200000
2015-01-13,17087.7109375,17087.7109375,16828.26953125,16970.880859375,149200000
2015-01-14,16795.9609375,17036.720703125,16770.560546875,16961.8203125,148500000
2015-01-15,17108.69921875,17141.98046875,16856.220703125,16872.94921875,147700000
2015-01-16,16864.16015625,16864.33984375,16592.5703125,16812.9609375,171100000
2015-01-19,17014.2890625,17039.80078125,16911.580078125,17000.779296875,128000000
2015-01-20,17366.30078125,17366.30078125,17066.76953125,17071.650390625,133000000
2015-01-21,17280.48046875,17329.029296875,17181.55078125,17308.720703125,136000000
2015-01-22,17329.01953125,17355.740234375,17229.2109375,17306.640625,121900000
2015-01-23,17511.75,17532.060546875,17460.759765625,17520.630859375,132500000
2015-01-26,17468.51953125,17471.939453125,17285.7109375,17285.7109375,111600000
2015-01-27,17768.30078125,17768.41015625,17633.470703125,17649.400390625,139700000
2015-01-28,17795.73046875,17850.58984375,17615.9296875,17615.9296875,141900000
2015-01-29,17606.220703125,17778.830078125,17575.099609375,17666.91015625,140000000
2015-01-30,17674.390625,17808.470703125,17661.099609375,17788.740234375,173500000
2015-02-02,17558.0390625,17628.400390625,17459.44921875,17536.609375,136000000
2015-02-03,17335.849609375,17654.599609375,17271.869140625,17654.599609375,169600000
2015-02-04,17678.740234375,17743.109375,17535.0390625,17549.30078125,187000000
2015-02-05,17504.619140625,17619.33984375,17484.669921875,17589.2109375,185000000
2015-02-06,17648.5,17700.669921875,17603.0703125,17696.1796875,142500000
2015-02-09,17711.9296875,17799.490234375,17653.609375,17790.310546875,129500000
2015-02-10,17652.6796875,17673.26953125,17550.029296875,17662.669921875,123900000
2015-02-12,17979.720703125,18005.44921875,17884.33984375,17899.400390625,181200000
2015-02-13,17913.359375,17962.109375,17864.55078125,17892.099609375,162000000
2015-02-16,18004.76953125,18074.259765625,17978.900390625,18024.009765625,152600000
2015-02-17,17987.08984375,18009.44921875,17901.259765625,17949.69921875,142100000
2015-02-18,18199.169921875,18202.609375,18092.3203125,18103.98046875,171600000
2015-02-19,18264.7890625,18322.5,18237.349609375,18237.349609375,174100000
2015-02-20,18332.30078125,18360.919921875,18297.669921875,18336.5,146300000
2015-02-23,18466.919921875,18509.080078125,18402.01953125,18499.580078125,157500000
2015-02-24,18603.48046875,18603.48046875,18427.98046875,18468.390625,145200000
2015-02-25,18585.19921875,18648.76953125,18552.810546875,18636.33984375,139100000
2015-02-26,18785.7890625,18790.830078125,18587.130859375,18587.869140625,155500000
2015-02-27,18797.939453125,18865.390625,18714.640625,18844.279296875,174700000
2015-03-02,18826.880859375,18939.169921875,18775.23046875,18869.400390625,134800000
2015-03-03,18815.16015625,18910.51953125,18730.5703125,18910.51953125,154800000
2015-03-04,18703.599609375,18732.66015625,18586.83984375,18716.779296875,143300000
2015-03-05,18751.83984375,18767.5,18655.359375,18658.16015625,121900000
2015-03-06,18971.0,18979.640625,18808.30078125,18814.849609375,147100000
2015-03-09,18790.55078125,18878.150390625,18733.869140625,18872.9609375,118000000
2015-03-10,18665.109375,18924.380859375,18577.060546875,18891.009765625,148300000
2015-03-11,18723.51953125,18836.9296875,18583.51953125,18604.869140625,130000000
2015-03-12,18991.109375,19008.130859375,18774.419921875,18787.099609375,149700000
2015-03-13,19254.25,19335.80078125,19042.25,19119.580078125,227800000
2015-03-16,19246.060546875,19349.19921875,19226.7109375,19245.380859375,129000000
2015-03-17,19437.0,19479.890625,19373.390625,19425.890625,131800000
2015-03-18,19544.48046875,19555.720703125,19389.240234375,19407.759765625,134400000
2015-03-19,19476.560546875,19557.169921875,19312.69921875,19514.640625,151100000
2015-03-20,19560.220703125,19565.439453125,19416.630859375,19479.7109375,137500000
2015-03-23,19754.359375,19778.599609375,19584.73046875,19607.98046875,124400000
2015-03-24,19713.44921875,19770.640625,19646.349609375,19718.990234375,141900000
2015-03-25,19746.19921875,19775.44921875,19542.220703125,19745.75,145000000
2015-03-26,19471.119140625,19623.109375,19397.009765625,19605.599609375,154800000
2015-03-27,19285.630859375,19590.029296875,19099.869140625,19374.720703125,178300000
2015-03-30,19411.400390625,19474.0703125,19227.2890625,19295.2109375,136300000
2015-03-31,19206.990234375,19607.25,19206.990234375,19592.4296875,151600000
2015-04-01,19034.83984375,19195.23046875,18927.94921875,19129.75,160400000
2015-04-02,19312.7890625,19433.890625,19115.140625,19141.9296875,147100000
2015-04-03,19435.080078125,19435.080078125,19289.0390625,19289.0390625,104700000
2015-04-06,19397.98046875,19424.08984375,19241.2890625,19295.029296875,96600000
2015-04-07,19640.5390625,19667.48046875,19501.310546875,19539.029296875,137000000
2015-04-08,19789.810546875,19845.529296875,19693.630859375,19729.69921875,140700000
2015-04-09,19937.720703125,19957.3203125,19822.490234375,19851.119140625,120000000
2015-04-10,19907.630859375,20006.0,19845.310546875,19989.55078125,136200000
2015-04-13,19905.4609375,19975.66015625,19825.689453125,19967.380859375,107000000
2015-04-14,19908.6796875,19922.5,19828.650390625,19828.650390625,111600000
2015-04-15,19869.759765625,19913.419921875,19823.859375,19838.529296875,121600000
2015-04-16,19885.76953125,19894.349609375,19742.119140625,19862.48046875,174300000
2015-04-17,19652.880859375,19815.25,19638.369140625,19810.400390625,188200000
2015-04-20,19634.490234375,19725.859375,19474.23046875,19501.0,144100000
2015-04-21,19909.08984375,19909.08984375,19678.220703125,19731.5703125,161600000
2015-04-22,20133.900390625,20144.66015625,19983.0,19999.83984375,204400000
2015-04-23,20187.650390625,20252.119140625,20116.189453125,20227.279296875,200900000
2015-04-24,20020.0390625,20142.470703125,20013.740234375,20142.470703125,139700000
2015-04-27,19983.3203125,20069.240234375,19909.859375,20063.80078125,123500000
2015-04-28,20058.94921875,20133.779296875,20031.7109375,20068.650390625,138700000
2015-04-30,19520.009765625,19852.66015625,19502.609375,19847.5,189100000
2015-05-01,19531.630859375,19549.390625,19399.16015625,19510.849609375,154100000
2015-05-07,19291.990234375,19461.080078125,19257.849609375,19356.4609375,165700000
2015-05-08,19379.189453125,19458.75,19302.7109375,19315.630859375,181600000
2015-05-11,19620.91015625,19679.630859375,19586.810546875,19637.580078125,214400000
2015-05-12,19624.83984375,19626.75,19467.650390625,19608.23046875,203500000
2015-05-13,19764.720703125,19791.880859375,19494.69921875,19568.759765625,193600000
2015-05-14,19570.240234375,19717.80078125,19546.8203125,19661.51953125,171700000
2015-05-15,19732.919921875,19750.759765625,19633.75,19693.169921875,178400000
2015-05-18,19890.26953125,19890.26953125,19741.220703125,19766.16015625,206800000
2015-05-19,20026.380859375,20087.69921875,19946.75,19977.140625,184100000
2015-05-20,20196.560546875,20278.890625,20148.509765625,20175.58984375,176400000
2015-05-21,20202.869140625,20320.900390625,20175.779296875,20215.4609375,181800000
2015-05-22,20264.41015625,20278.310546875,20130.83984375,20208.849609375,141500000
2015-05-25,20413.76953125,20417.76953125,20318.5390625,20331.919921875,139800000
2015-05-26,20437.48046875,20473.849609375,20378.76953125,20431.26953125,130800000
2015-05-27,20472.580078125,20513.220703125,20363.2109375,20380.640625,184700000
2015-05-28,20551.4609375,20655.330078125,20473.26953125,20590.279296875,241500000
2015-05-29,20563.150390625,20636.41015625,20508.400390625,20510.26953125,241100000
2015-06-01,20569.869140625,20595.41015625,20410.26953125,20444.5390625,173400000
2015-06-02,20543.189453125,20619.609375,20470.259765625,20604.669921875,200400000
2015-06-03,20473.509765625,20506.349609375,20397.73046875,20443.150390625,163600000
2015-06-04,20488.189453125,20552.4609375,20438.2109375,20539.939453125,171700000
2015-06-05,20460.900390625,20480.25,20363.1796875,20398.759765625,165800000
2015-06-08,20457.189453125,20544.939453125,20359.060546875,20537.849609375,139800000
2015-06-09,20096.30078125,20332.419921875,20095.48046875,20293.05078125,160700000
2015-06-10,20046.359375,20264.919921875,20016.3203125,20126.359375,183200000
2015-06-11,20382.970703125,20382.970703125,20178.0390625,20183.609375,150400000
2015-06-12,20407.080078125,20437.259765625,20331.189453125,20431.779296875,189900000
2015-06-15,20387.7890625,20401.48046875,20205.099609375,20205.099609375,115700000
2015-06-16,20257.939453125,20368.2109375,20234.16015625,20332.830078125,133000000
2015-06-17,20219.26953125,20323.080078125,20126.5703125,20306.099609375,124200000
2015-06-18,19990.8203125,20200.509765625,19990.55078125,20193.58984375,134500000
2015-06-19,20174.240234375,20194.44921875,20075.91015625,20152.41015625,160900000
2015-06-22,20428.189453125,20433.30078125,20174.140625,20174.140625,140500000
2015-06-23,20809.419921875,20809.419921875,20531.130859375,20547.740234375,183300000
2015-06-24,20868.029296875,20952.7109375,20838.220703125,20889.3203125,166700000
2015-06-25,20771.400390625,20866.580078125,20758.599609375,20777.689453125,128300000
2015-06-26,20706.150390625,20785.759765625,20650.0,20758.4296875,140100000
2015-06-29,20109.94921875,20361.599609375,20093.16015625,20305.970703125,165300000
2015-06-30,20235.73046875,20243.1796875,20118.259765625,20174.609375,168100000
2015-07-01,20329.3203125,20346.740234375,20225.26953125,20291.05078125,123600000
2015-07-02,20522.5,20601.73046875,20479.849609375,20565.939453125,137800000
2015-07-03,20539.7890625,20557.509765625,20431.25,20476.689453125,145800000
2015-07-06,20112.119140625,20310.720703125,20012.23046875,20200.150390625,163700000
2015-07-07,20376.58984375,20428.0,20337.1796875,20354.23046875,139300000
2015-07-08,19737.640625,20310.890625,19737.640625,20282.490234375,207600000
2015-07-09,19855.5,19855.5,19115.19921875,19422.779296875,252900000
2015-07-10,19779.830078125,19978.240234375,19720.150390625,19829.9296875,193000000
2015-07-13,20089.76953125,20120.150390625,19911.390625,19929.919921875,139000000
2015-07-14,20385.330078125,20435.529296875,20322.19921875,20355.330078125,161800000
2015-07-15,20463.330078125,20496.599609375,20401.08984375,20478.849609375,127100000
2015-07-16,20600.119140625,20612.5,20522.25,20588.98046875,136800000
2015-07-17,20650.919921875,20658.94921875,20611.220703125,20646.630859375,118100000
2015-07-21,20841.970703125,20850.0,20710.33984375,20763.310546875,134500000
2015-07-22,20593.669921875,20677.83984375,20576.189453125,20657.80078125,145400000
2015-07-23,20683.94921875,20708.23046875,20648.759765625,20693.5703125,119100000
2015-07-24,20544.529296875,20631.5390625,20527.779296875,20603.630859375,110700000
2015-07-27,20350.099609375,20486.9296875,20278.73046875,20374.05078125,122600000
2015-07-28,20328.890625,20423.580078125,20070.619140625,20188.5703125,149800000
2015-07-29,20302.91015625,20425.689453125,20205.2109375,20425.689453125,132800000
2015-07-30,20522.830078125,20583.5703125,20443.890625,20450.609375,181400000
2015-07-31,20585.240234375,20585.240234375,20466.80078125,20506.55078125,175400000
2015-08-03,20548.109375,20562.19921875,20396.5,20540.2109375,173600000
2015-08-04,20520.359375,20552.0390625,20448.490234375,20462.1796875,166700000
2015-08-05,20614.060546875,20715.48046875,20469.869140625,20490.150390625,173500000
2015-08-06,20664.439453125,20817.48046875,20664.439453125,20768.76953125,167000000
2015-08-07,20724.560546875,20754.0,20567.509765625,20601.5703125,147000000
2015-08-10,20808.689453125,20820.859375,20617.05078125,20618.310546875,138700000
2015-08-11,20720.75,20946.9296875,20582.009765625,20920.599609375,159200000
2015-08-12,20392.76953125,20703.19921875,20303.01953125,20632.6796875,170300000
2015-08-13,20595.55078125,20633.91015625,20306.98046875,20392.5390625,167400000
2015-08-14,20519.44921875,20605.4609375,20484.669921875,20518.359375,139400000
2015-08-17,20620.259765625,20668.869140625,20541.0,20600.16015625,106600000
2015-08-18,20554.470703125,20663.1796875,20545.25,20640.58984375,113100000
2015-08-19,20222.630859375,20521.970703125,20218.029296875,20467.490234375,141100000
2015-08-20,20033.51953125,20246.470703125,20033.2890625,20194.259765625,147900000
2015-08-21,19435.830078125,19737.5390625,19435.830078125,19711.33984375,189900000
2015-08-24,18540.6796875,19154.650390625,18498.80078125,19075.05078125,274400000
2015-08-25,17806.69921875,18835.349609375,17747.5,18171.66015625,335600000
2015-08-26,18376.830078125,18442.83984375,17714.30078125,17894.2890625,246800000
2015-08-27,18574.439453125,18810.05078125,18486.4609375,18680.470703125,192100000
2015-08-28,19136.3203125,19192.8203125,18901.08984375,18908.73046875,205200000
2015-08-31,18890.48046875,19019.609375,18749.76953125,19006.98046875,167600000
2015-09-01,18165.689453125,18777.470703125,18165.689453125,18763.720703125,176800000
2015-09-02,18095.400390625,18467.439453125,17857.30078125,17861.810546875,197900000
2015-09-03,18182.390625,18481.5703125,18176.75,18359.529296875,143000000
2015-09-04,17792.16015625,18312.130859375,17608.169921875,18312.130859375,171100000
2015-09-07,17860.470703125,18013.640625,17478.720703125,17674.8203125,164600000
2015-09-08,17427.080078125,17962.560546875,17415.609375,17941.91015625,154900000
2015-09-09,18770.509765625,18770.509765625,17756.759765625,17758.130859375,201700000
2015-09-10,18299.619140625,18420.560546875,17956.150390625,18418.640625,172700000
2015-09-11,18264.220703125,18362.990234375,18124.349609375,18155.7109375,201500000
2015-09-14,17965.69921875,18344.0703125,17925.08984375,18341.009765625,126500000
2015-09-15,18026.48046875,18329.5703125,17995.98046875,18082.720703125,146400000
2015-09-16,18171.599609375,18291.970703125,18094.990234375,18238.150390625,126000000
2015-09-17,18432.26953125,18468.19921875,18289.630859375,18361.990234375,130900000
2015-09-18,18070.2109375,18295.900390625,18069.5,18275.48046875,172000000
2015-09-24,17571.830078125,17865.83984375,17571.830078125,17803.41015625,167900000
2015-09-25,17880.509765625,17880.509765625,17483.689453125,17618.30078125,184800000
2015-09-28,17645.109375,17886.490234375,17562.599609375,17811.119140625,130800000
2015-09-29,16930.83984375,17366.94921875,16901.490234375,17359.380859375,206300000
2015-09-30,17388.150390625,17460.970703125,17179.400390625,17193.83984375,156500000
2015-10-01,17722.419921875,17831.580078125,17389.5703125,17479.970703125,161200000
2015-10-02,17725.130859375,17775.76953125,17537.849609375,17564.390625,125300000
2015-10-05,18005.490234375,18079.4609375,17869.740234375,17921.0,120900000
2015-10-06,18186.099609375,18372.720703125,18094.849609375,18302.41015625,147600000
2015-10-07,18322.98046875,18379.23046875,18043.080078125,18168.19921875,160800000
2015-10-08,18141.169921875,18400.689453125,18121.6796875,18310.619140625,158300000
2015-10-09,18438.669921875,18438.669921875,18184.9609375,18281.509765625,185000000
2015-10-13,18234.740234375,18359.7109375,18223.80078125,18335.150390625,144300000
2015-10-14,17891.0,18126.390625,17831.529296875,18106.66015625,145000000
2015-10-15,18096.900390625,18170.669921875,17758.119140625,17804.91015625,131700000
2015-10-16,18291.80078125,18397.51953125,18238.779296875,18300.830078125,129600000
2015-10-19,18131.23046875,18314.08984375,18078.4296875,18282.779296875,121300000
2015-10-20,18207.150390625,18253.130859375,18147.98046875,18245.5390625,118800000
2015-10-21,18554.279296875,18605.41015625,18167.640625,18167.640625,142900000
2015-10-22,18435.869140625,18579.140625,18376.009765625,18443.689453125,123900000
2015-10-23,18825.30078125,18915.640625,18746.609375,18762.650390625,147500000
2015-10-26,18947.119140625,19088.759765625,18937.44921875,19036.130859375,121800000
2015-10-27,18777.0390625,18964.990234375,18760.7890625,18961.16015625,123300000
2015-10-28,18903.01953125,18925.509765625,18815.119140625,18826.939453125,110200000
2015-10-29,18935.7109375,19080.890625,18809.48046875,19046.16015625,178200000
2015-10-30,19083.099609375,19202.33984375,18784.689453125,18924.310546875,182000000
2015-11-02,18683.240234375,18861.109375,18641.220703125,18827.109375,148300000
2015-11-04,18926.91015625,19151.890625,18926.91015625,18941.3203125,157000000
2015-11-05,19116.41015625,19167.08984375,18995.9609375,19029.439453125,145900000
2015-11-06,19265.599609375,19294.150390625,19164.859375,19194.33984375,121300000
2015-11-09,19642.740234375,19684.41015625,19389.740234375,19411.509765625,168800000
2015-11-10,19671.259765625,19674.05078125,19457.05078125,19457.05078125,131200000
2015-11-11,19691.390625,19724.119140625,19602.009765625,19602.009765625,131300000
2015-11-12,19697.76953125,19725.830078125,19597.990234375,19644.650390625,123500000
2015-11-13,19596.91015625,19601.490234375,19388.91015625,19495.259765625,139100000
2015-11-16,19393.689453125,19451.08984375,19252.0390625,19263.9609375,111500000
2015-11-17,19630.630859375,19726.009765625,19628.83984375,19641.669921875,145400000
2015-11-18,19649.1796875,19840.0,19643.970703125,19771.859375,126700000
2015-11-19,19859.810546875,19959.060546875,19761.560546875,19851.240234375,139600000
2015-11-20,19879.810546875,19879.810546875,19715.740234375,19800.19921875,109700000
2015-11-24,19924.890625,19954.0,19834.759765625,19875.990234375,133900000
2015-11-25,19847.580078125,19871.75,19786.529296875,19856.83984375,133200000
2015-11-26,19944.41015625,19992.439453125,19926.099609375,19929.970703125,117300000
2015-11-27,19883.939453125,19994.05078125,19831.25,19994.05078125,114600000
2015-11-30,19747.470703125,19867.94921875,19707.669921875,19857.380859375,161200000
2015-12-01,20012.400390625,20012.400390625,19797.55078125,19799.080078125,133100000
2015-12-02,19938.130859375,20002.119140625,19926.220703125,19957.5,115900000
2015-12-03,19939.900390625,19967.880859375,19862.740234375,19894.630859375,116200000
2015-12-04,19504.48046875,19660.900390625,19444.5390625,19616.51953125,134100000
2015-12-07,19698.150390625,19811.509765625,19677.2109375,19710.390625,103300000
2015-12-08,19492.599609375,19764.2109375,19475.279296875,19689.869140625,124100000
2015-12-09,19301.0703125,19475.400390625,19260.119140625,19391.5,130300000
2015-12-10,19046.55078125,19125.060546875,19025.779296875,19070.01953125,116100000
2015-12-11,19230.48046875,19282.2109375,19020.75,19020.75,165800000
2015-12-14,18883.419921875,18911.779296875,18611.08984375,18887.08984375,134300000
2015-12-15,18565.900390625,18897.869140625,18562.509765625,18869.0390625,137800000
2015-12-16,19049.91015625,19054.890625,18859.109375,18868.19921875,143900000
2015-12-17,19353.560546875,19507.169921875,19325.150390625,19364.5703125,152700000
2015-12-18,18986.80078125,19869.080078125,18982.25,19320.4609375,199200000
2015-12-21,18916.01953125,18979.830078125,18651.130859375,18845.5,154800000
2015-12-22,18886.69921875,18943.4609375,18824.650390625,18927.859375,135700000
2015-12-24,18789.689453125,19071.41015625,18780.939453125,19071.41015625,129500000
2015-12-25,18769.060546875,18870.69921875,18744.439453125,18823.91015625,122600000
2015-12-28,18873.349609375,18922.900390625,18764.5390625,18838.91015625,102300000
2015-12-29,18982.23046875,18991.009765625,18783.359375,18843.390625,96900000
2015-12-30,19033.7109375,19113.1796875,19017.26953125,19070.830078125,100500000
2016-01-04,18450.98046875,18951.119140625,18394.4296875,18818.580078125,140200000
2016-01-05,18374.0,18547.380859375,18327.51953125,18398.759765625,132300000
2016-01-06,18191.3203125,18469.380859375,18064.30078125,18410.5703125,142200000
2016-01-07,17767.33984375,18172.0390625,17767.33984375,18139.76953125,168000000
2016-01-08,17697.9609375,17975.310546875,17509.640625,17562.23046875,184300000
2016-01-12,17218.9609375,17546.5703125,17184.779296875,17470.9296875,178400000
2016-01-13,17715.630859375,17717.75,17414.55078125,17449.119140625,145900000
2016-01-14,17240.94921875,17393.830078125,16944.41015625,17384.9296875,178300000
2016-01-15,17147.109375,17597.869140625,17057.599609375,17522.4609375,167800000
2016-01-18,16955.5703125,17037.259765625,16665.05078125,16826.9296875,157200000
2016-01-19,17048.369140625,17088.310546875,16812.650390625,16902.2890625,154200000
2016-01-20,16416.189453125,17031.3203125,16387.609375,17030.279296875,177800000
2016-01-21,16017.259765625,16734.580078125,16017.259765625,16466.859375,228200000
2016-01-22,16958.529296875,16993.9609375,16332.4501953125,16336.7197265625,186800000
2016-01-25,17110.91015625,17208.240234375,16922.2109375,17145.810546875,157000000
2016-01-26,16708.900390625,16839.51953125,16652.259765625,16833.130859375,147000000
2016-01-27,17163.919921875,17242.26953125,16947.94921875,16949.189453125,155000000
2016-01-28,17041.44921875,17235.439453125,16942.130859375,17059.83984375,140900000
2016-01-29,17518.30078125,17638.9296875,16767.08984375,17155.060546875,294400000
2016-02-01,17865.23046875,17905.369140625,17666.48046875,17699.599609375,245000000
2016-02-02,17750.6796875,17864.69921875,17684.66015625,17716.51953125,200800000
2016-02-03,17191.25,17515.6796875,17080.5703125,17497.41015625,228500000
2016-02-04,17044.990234375,17209.560546875,16941.880859375,17071.109375,238800000
2016-02-05,16819.58984375,16893.119140625,16627.80078125,16790.529296875,259900000
2016-02-08,17004.30078125,17099.009765625,16552.30078125,16620.91015625,200100000
2016-02-09,16085.4404296875,16668.69921875,16025.9404296875,16666.7890625,228200000
2016-02-10,15713.3896484375,16163.0302734375,15429.990234375,16127.8603515625,283500000
2016-02-12,14952.6103515625,15437.2197265625,14865.76953125,15426.26953125,340500000
2016-02-15,16022.580078125,16155.099609375,15243.8798828125,15248.3798828125,232200000
2016-02-16,16054.4296875,16341.5595703125,15809.580078125,15849.4697265625,224900000
2016-02-17,15836.3603515625,16214.4599609375,15632.1201171875,16035.349609375,204100000
2016-02-18,16196.7998046875,16337.58984375,16118.7998046875,16138.080078125,187800000
2016-02-19,15967.169921875,16050.4599609375,15799.349609375,16050.400390625,161700000
2016-02-22,16111.0498046875,16187.400390625,15816.830078125,15851.3896484375,139800000
2016-02-23,16052.0498046875,16350.3798828125,16001.1904296875,16230.3798828125,165200000
2016-02-24,15915.7900390625,16006.4501953125,15753.76953125,15851.1298828125,151600000
2016-02-25,16140.33984375,16218.2900390625,15953.9296875,15983.4697265625,169800000
2016-02-26,16188.41015625,16472.5,16188.41015625,16311.51953125,147400000
2016-02-29,16026.759765625,16464.75,16026.759765625,16313.3095703125,164300000
2016-03-01,16085.509765625,16099.419921875,15857.3701171875,16013.0,152300000
2016-03-02,16746.55078125,16815.25,16388.919921875,16391.48046875,175100000
2016-03-03,16960.16015625,16962.94921875,16691.939453125,16695.779296875,201400000
2016-03-04,17014.779296875,17042.919921875,16861.380859375,16927.359375,183600000
2016-03-07,16911.3203125,17026.25,16894.580078125,17024.640625,159500000
2016-03-08,16783.150390625,16909.7890625,16570.220703125,16889.48046875,182800000
2016-03-09,16642.19921875,16706.25,16494.80078125,16625.58984375,160700000
2016-03-10,16852.349609375,16887.599609375,16713.130859375,16811.0,135600000
2016-03-11,16938.869140625,17015.30078125,16575.75,16610.1796875,198000000
2016-03-14,17233.75,17291.349609375,17149.2109375,17155.51953125,140900000
2016-03-15,17117.0703125,17279.30078125,17042.560546875,17219.890625,144300000
2016-03-16,16974.44921875,17102.44921875,16950.83984375,16981.359375,126400000
2016-03-17,16936.380859375,17253.029296875,16814.83984375,17107.599609375,152500000
2016-03-18,16724.810546875,16920.91015625,16613.689453125,16883.75,155700000
2016-03-22,17048.55078125,17107.80078125,16851.2109375,16937.310546875,136200000
2016-03-23,17000.98046875,17142.080078125,16964.310546875,17066.26953125,104700000
2016-03-24,16892.330078125,17041.16015625,16843.990234375,16979.390625,142100000
2016-03-25,17002.75,17026.140625,16889.400390625,16949.529296875,126500000
2016-03-28,17134.369140625,17167.880859375,16961.41015625,17129.26953125,123500000
2016-03-29,17103.529296875,17137.19921875,16948.4296875,16985.279296875,117000000
2016-03-30,16878.9609375,17078.029296875,16875.91015625,17078.029296875,131200000
2016-03-31,16758.669921875,17033.650390625,16758.669921875,16997.140625,157500000
2016-04-01,16164.16015625,16719.560546875,16113.009765625,16719.560546875,178400000
2016-04-04,16123.26953125,16238.509765625,16029.5,16087.759765625,144800000
2016-04-05,15732.8203125,16066.1796875,15698.5498046875,16044.23046875,158100000
2016-04-06,15715.3603515625,15828.6103515625,15612.91015625,15727.7001953125,150500000
2016-04-07,15749.83984375,15871.099609375,15636.2099609375,15739.259765625,146000000
2016-04-08,15821.51953125,16027.6298828125,15471.7998046875,15597.0400390625,176800000
2016-04-11,15751.1298828125,15778.740234375,15525.490234375,15761.5703125,129900000
2016-04-12,15928.7900390625,15963.0302734375,15693.6103515625,15719.240234375,147000000
2016-04-13,16381.2197265625,16405.58984375,16132.23046875,16142.7099609375,158800000
2016-04-14,16911.05078125,16911.05078125,16602.169921875,16629.830078125,175400000
2016-04-15,16848.029296875,16928.669921875,16720.390625,16720.390625,133300000
2016-04-18,16275.9501953125,16526.900390625,16254.2001953125,16521.25,140600000
2016-04-19,16874.439453125,16900.330078125,16570.5,16582.66015625,145700000
2016-04-20,16906.5390625,17099.359375,16870.73046875,17053.830078125,143900000
2016-04-21,17363.619140625,17381.69921875,17144.529296875,17187.26953125,165900000
2016-04-22,17572.490234375,17572.490234375,17192.390625,17220.470703125,228300000
2016-04-25,17439.30078125,17613.560546875,17403.869140625,17613.560546875,171600000
2016-04-26,17353.279296875,17426.01953125,17200.5,17358.560546875,161600000
2016-04-27,17290.490234375,17417.5390625,17230.23046875,17369.6796875,140900000
2016-04-28,16666.05078125,17572.26953125,16652.740234375,17438.990234375,233100000
2016-05-02,16147.3798828125,16357.099609375,15975.4697265625,16357.099609375,179900000
2016-05-06,16106.7197265625,16271.6103515625,15989.349609375,16212.669921875,148100000
2016-05-09,16216.0302734375,16292.8603515625,16159.3095703125,16226.5703125,118800000
2016-05-10,16565.189453125,16587.630859375,16229.150390625,16307.5,166500000
2016-05-11,16579.009765625,16814.640625,16536.609375,16736.720703125,143500000
2016-05-12,16646.33984375,16658.0703125,16374.58984375,16459.689453125,138700000
2016-05-13,16412.2109375,16804.169921875,16400.869140625,16804.169921875,171600000
2016-05-16,16466.400390625,16632.619140625,16391.919921875,16391.919921875,125100000
2016-05-17,16652.80078125,16655.890625,16509.310546875,16618.94921875,117600000
2016-05-18,16644.689453125,16795.470703125,16513.169921875,16611.400390625,165100000
2016-05-19,16646.66015625,16841.0390625,16590.16015625,16807.4609375,141600000
2016-05-20,16736.349609375,16770.869140625,16548.33984375,16594.990234375,126300000
2016-05-23,16654.599609375,16691.5,16417.83984375,16671.279296875,116500000
2016-05-24,16498.759765625,16605.0390625,16471.369140625,16605.0390625,109700000
2016-05-25,16757.349609375,16806.029296875,16731.119140625,16764.349609375,107400000
2016-05-26,16772.4609375,16957.560546875,16743.169921875,16927.689453125,122000000
2016-05-27,16834.83984375,16901.08984375,16792.73046875,16830.5,108400000
2016-05-30,17068.01953125,17068.01953125,16910.189453125,16973.720703125,100300000
2016-05-31,17234.98046875,17251.359375,16988.640625,17029.4609375,156700000
2016-06-01,16955.73046875,17145.94921875,16908.919921875,17097.220703125,133700000
2016-06-02,16562.55078125,16819.849609375,16525.470703125,16817.259765625,142800000
2016-06-03,16642.23046875,16716.140625,16554.599609375,16599.509765625,107300000
2016-06-06,16580.029296875,16581.30078125,16322.6396484375,16373.3203125,122200000
2016-06-07,16675.44921875,16701.009765625,16536.23046875,16651.05078125,109000000
2016-06-08,16830.919921875,16830.919921875,16581.7109375,16722.490234375,112100000
2016-06-09,16668.41015625,16785.830078125,16587.76953125,16742.029296875,115500000
2016-06-10,16601.359375,16643.359375,16496.109375,16637.509765625,155000000
2016-06-13,16019.1796875,16335.3798828125,16019.1796875,16319.1103515625,126200000
2016-06-14,15859.0,16082.5,15762.08984375,16001.1904296875,131700000
2016-06-15,15919.580078125,15997.2998046875,15752.009765625,15799.0703125,136800000
2016-06-16,15434.1396484375,15913.080078125,15395.98046875,15871.2197265625,154200000
2016-06-17,15599.66015625,15774.8701171875,15582.9404296875,15631.7900390625,167200000
2016-06-20,15965.2998046875,16035.4404296875,15835.8603515625,15839.0595703125,132000000
2016-06-21,16169.1103515625,16202.2998046875,15770.9599609375,15875.8095703125,120900000
2016-06-22,16065.7197265625,16160.990234375,15980.650390625,16095.8095703125,111700000
2016-06-23,16238.349609375,16263.8701171875,16057.8603515625,16098.6103515625,110800000
2016-06-24,14952.01953125,16389.169921875,14864.009765625,16333.8701171875,263000000
2016-06-27,15309.2099609375,15323.9501953125,15061.66015625,15153.080078125,161900000
2016-06-28,15323.1396484375,15443.8203125,14987.7900390625,15094.7099609375,180900000
2016-06-29,15566.830078125,15626.66015625,15398.3095703125,15523.349609375,147400000
2016-06-30,15575.919921875,15781.6904296875,15575.919921875,15752.7099609375,150700000
2016-07-01,15682.48046875,15765.0,15635.5703125,15698.01953125,119900000
2016-07-04,15775.7998046875,15805.3095703125,15553.919921875,15554.0400390625,108500000
2016-07-05,15669.330078125,15702.0400390625,15602.73046875,15682.16015625,109200000
2016-07-06,15378.990234375,15434.4599609375,15167.98046875,15434.4599609375,158400000
2016-07-07,15276.240234375,15418.900390625,15241.91015625,15346.8095703125,127300000
2016-07-08,15106.98046875,15399.7001953125,15106.51953125,15326.83984375,129500000
2016-07-11,15708.8203125,15816.669921875,15375.9404296875,15375.9404296875,138900000
2016-07-12,16095.650390625,16237.6201171875,15956.91015625,15961.2998046875,185100000
2016-07-13,16231.4296875,16444.25,16196.4404296875,16343.0,195600000
2016-07-14,16385.890625,16398.73046875,16229.259765625,16242.2001953125,136100000
2016-07-15,16497.849609375,16607.3203125,16396.119140625,16396.119140625,171900000
2016-07-19,16723.310546875,16726.7109375,16514.66015625,16612.08984375,131600000
2016-07-20,16681.890625,16692.83984375,16554.029296875,16646.919921875,120500000
2016-07-21,16810.220703125,16938.9609375,16740.0,16855.1796875,134800000
2016-07-22,16627.25,16691.810546875,16566.98046875,16612.900390625,100800000
2016-07-25,16620.2890625,16778.650390625,16612.330078125,16655.810546875,102900000
2016-07-26,16383.0400390625,16535.810546875,16323.099609375,16535.810546875,129400000
2016-07-27,16664.8203125,16821.4296875,16526.060546875,16526.060546875,155500000
2016-07-28,16476.83984375,16616.279296875,16450.279296875,16596.150390625,126400000
2016-07-29,16569.26953125,16679.189453125,16174.349609375,16359.6796875,234600000
2016-08-01,16635.76953125,16677.490234375,16319.150390625,16415.310546875,174100000
2016-08-02,16391.44921875,16541.880859375,16391.44921875,16469.6796875,131900000
2016-08-03,16083.1103515625,16275.33984375,16056.669921875,16227.2802734375,155400000
2016-08-04,16254.8896484375,16270.1201171875,15921.0400390625,16168.33984375,160000000
2016-08-05,16254.4501953125,16355.98046875,16230.7001953125,16278.990234375,129400000
2016-08-08,16650.5703125,16652.0390625,16455.5703125,16462.2890625,141600000
2016-08-09,16764.970703125,16779.58984375,16630.560546875,16632.41015625,127500000
2016-08-10,16735.119140625,16822.859375,16657.58984375,16699.080078125,113800000
2016-08-12,16919.919921875,16943.669921875,16818.4296875,16877.1796875,119100000
2016-08-15,16869.560546875,16932.109375,16844.580078125,16866.890625,83700000
2016-08-16,16596.509765625,16887.5703125,16596.509765625,16878.66015625,110000000
2016-08-17,16745.640625,16772.109375,16596.259765625,16596.259765625,117400000
2016-08-18,16486.009765625,16714.609375,16481.41015625,16649.91015625,130400000
2016-08-19,16545.8203125,16613.0390625,16452.619140625,16558.380859375,121900000
2016-08-22,16598.189453125,16631.23046875,16540.939453125,16599.259765625,95300000
2016-08-23,16497.359375,16663.640625,16452.009765625,16549.8203125,107600000
2016-08-24,16597.30078125,16648.0703125,16544.390625,16550.2109375,91100000
2016-08-25,16555.94921875,16628.7890625,16520.83984375,16580.150390625,92900000
2016-08-26,16360.7099609375,16490.529296875,16320.4296875,16485.55078125,104600000
2016-08-29,16737.490234375,16764.640625,16616.650390625,16631.060546875,113900000
2016-08-30,16725.359375,16752.16015625,16677.849609375,16690.98046875,103700000
2016-08-31,16887.400390625,16917.859375,16836.9609375,16857.830078125,150300000
2016-09-01,16926.83984375,16941.1796875,16864.560546875,16885.16015625,131500000
2016-09-02,16925.6796875,16946.490234375,16848.119140625,16903.779296875,116200000
2016-09-05,17037.630859375,17156.359375,17009.2109375,17131.51953125,127400000
2016-09-06,17081.98046875,17097.58984375,17022.640625,17035.029296875,108300000
2016-09-07,17012.439453125,17024.259765625,16903.19921875,16937.380859375,132500000
2016-09-08,16958.76953125,17001.83984375,16836.650390625,16984.0,111300000
2016-09-09,16965.759765625,17029.779296875,16902.08984375,16994.369140625,123900000
2016-09-12,16672.919921875,16802.0,16601.5390625,16748.359375,112800000
2016-09-13,16729.0390625,16787.060546875,16658.400390625,16764.650390625,98200000
2016-09-14,16614.240234375,16706.609375,16585.80078125,16632.060546875,116300000
2016-09-15,16405.009765625,16528.01953125,16359.7802734375,16512.419921875,117800000
2016-09-16,16519.2890625,16532.83984375,16415.859375,16458.740234375,127100000
2016-09-20,16492.150390625,16591.69921875,16403.220703125,16403.220703125,121500000
2016-09-21,16807.619140625,16823.630859375,16399.650390625,16471.849609375,191100000
2016-09-23,16754.01953125,16808.58984375,16725.529296875,16759.83984375,138000000
2016-09-26,16544.560546875,16707.44921875,16514.9296875,16707.44921875,102900000
2016-09-27,16683.9296875,16683.9296875,16285.41015625,16390.91015625,157100000
2016-09-28,16465.400390625,16515.83984375,16385.029296875,16504.990234375,112200000
2016-09-29,16693.7109375,16756.4296875,16584.140625,16606.30078125,122700000
2016-09-30,16449.83984375,16497.55078125,16407.779296875,16474.44921875,124400000
2016-10-03,16598.669921875,16652.16015625,16554.830078125,16566.029296875,99200000
2016-10-04,16735.650390625,16747.19921875,16637.8203125,16661.509765625,100300000
2016-10-05,16819.240234375,16844.349609375,16728.189453125,16787.890625,115100000
2016-10-06,16899.099609375,16971.279296875,16888.76953125,16913.599609375,110600000
2016-10-07,16860.08984375,16895.130859375,16820.2109375,16883.119140625,100300000
2016-10-11,17024.759765625,17074.4609375,16931.119140625,16936.310546875,111600000
2016-10-12,16840.0,16951.5390625,16839.41015625,16850.73046875,116300000
2016-10-13,16774.240234375,16974.25,16739.73046875,16923.8203125,111100000
2016-10-14,16856.369140625,16866.560546875,16727.779296875,16751.0390625,109400000
2016-10-17,16900.119140625,16954.439453125,16821.490234375,16871.83984375,95100000
2016-10-18,16963.609375,16966.900390625,16844.169921875,16862.310546875,98600000
2016-10-19,16998.91015625,17016.66015625,16938.4609375,16952.91015625,101700000
2016-10-20,17235.5,17235.5,16992.140625,16999.359375,112400000
2016-10-21,17184.58984375,17288.890625,17151.98046875,17283.75,114200000
2016-10-24,17234.419921875,17244.740234375,17162.2109375,17216.560546875,87700000
2016-10-25,17365.25,17381.80078125,17298.630859375,17298.630859375,108400000
2016-10-26,17391.83984375,17391.83984375,17295.4609375,17329.029296875,98100000
2016-10-27,17336.419921875,17414.2109375,17278.119140625,17346.390625,107600000
2016-10-28,17446.41015625,17461.029296875,17406.720703125,17448.25,167900000
2016-10-31,17425.01953125,17433.130859375,17327.619140625,17360.890625,157200000
2016-11-01,17442.400390625,17473.119140625,17339.640625,17380.5390625,123000000
2016-11-02,17134.6796875,17283.599609375,17080.58984375,17238.0,135200000
2016-11-04,16905.359375,16996.08984375,16801.98046875,16964.5,134800000
2016-11-07,17177.2109375,17186.890625,17056.83984375,17126.029296875,113000000
2016-11-08,17171.380859375,17247.0390625,17130.830078125,17242.69921875,100000000
2016-11-09,16251.5400390625,17427.7109375,16111.8095703125,17281.94921875,274900000
2016-11-10,17344.419921875,17393.8203125,16560.66015625,16562.859375,229400000
2016-11-11,17374.7890625,17621.73046875,17333.490234375,17526.609375,241800000
2016-11-14,17672.619140625,17697.330078125,17455.779296875,17467.490234375,165300000
2016-11-15,17668.150390625,17727.580078125,17605.76953125,17690.220703125,173200000
2016-11-16,17862.2109375,17886.439453125,17807.470703125,17832.509765625,200300000
2016-11-17,17862.630859375,17884.060546875,17764.080078125,17766.609375,161100000
2016-11-18,17967.41015625,18043.720703125,17967.41015625,18024.2109375,166800000
2016-11-21,18106.01953125,18129.029296875,18007.7890625,18038.08984375,135700000
2016-11-22,18162.939453125,18175.630859375,18050.55078125,18091.05078125,121900000
2016-11-24,18333.41015625,18382.720703125,18310.310546875,18329.779296875,149400000
2016-11-25,18381.220703125,18482.939453125,18288.5,18387.58984375,164900000
2016-11-28,18356.890625,18374.9296875,18222.8203125,18302.580078125,145000000
2016-11-29,18307.0390625,18327.509765625,18258.8203125,18263.630859375,125600000
2016-11-30,18308.48046875,18370.310546875,18280.66015625,18356.029296875,164700000
2016-12-01,18513.119140625,18746.279296875,18469.26953125,18535.240234375,188000000
2016-12-02,18426.080078125,18469.6796875,18315.380859375,18435.55078125,197200000
2016-12-05,18274.990234375,18365.740234375,18227.390625,18349.919921875,134500000
2016-12-06,18360.5390625,18484.80078125,18318.990234375,18457.19921875,158800000
2016-12-07,18496.689453125,18502.470703125,18410.880859375,18434.5390625,151700000
2016-12-08,18765.470703125,18765.470703125,18614.009765625,18674.189453125,187400000
2016-12-09,18996.369140625,19042.48046875,18821.41015625,18839.98046875,212300000
2016-12-12,19155.029296875,19280.9296875,19054.0,19183.8203125,200600000
2016-12-13,19250.51953125,19253.509765625,19060.720703125,19120.759765625,147600000
2016-12-14,19253.609375,19284.279296875,19184.75,19270.009765625,133200000
2016-12-15,19273.7890625,19436.900390625,19192.599609375,19327.69921875,154600000
2016-12-16,19401.150390625,19439.970703125,19360.359375,19438.390625,148700000
2016-12-19,19391.599609375,19399.259765625,19307.140625,19345.83984375,106000000
2016-12-20,19494.529296875,19511.19921875,19356.810546875,19367.83984375,119600000
2016-12-21,19444.490234375,19592.900390625,19375.189453125,19547.279296875,130300000
2016-12-22,19427.669921875,19427.669921875,19327.509765625,19396.849609375,113500000
2016-12-26,19396.640625,19432.48046875,19385.939453125,19394.41015625,85500000
2016-12-27,19403.060546875,19478.580078125,19352.060546875,19353.4296875,110200000
2016-12-28,19401.720703125,19442.130859375,19364.73046875,19392.109375,77700000
2016-12-29,19145.140625,19301.0390625,19092.220703125,19301.0390625,163500000
2016-12-30,19114.369140625,19176.810546875,18991.58984375,18997.6796875,117800000
2017-01-04,19594.16015625,19594.16015625,19277.9296875,19298.6796875,163500000
2017-01-05,19520.689453125,19615.400390625,19473.279296875,19602.099609375,134500000
2017-01-06,19454.330078125,19472.369140625,19354.439453125,19393.55078125,119100000
2017-01-10,19301.439453125,19484.900390625,19255.349609375,19414.830078125,119100000
2017-01-11,19364.669921875,19402.169921875,19325.4609375,19358.640625,119100000
2017-01-12,19134.69921875,19300.189453125,19069.01953125,19300.189453125,119100000
2017-01-13,19287.279296875,19299.359375,19156.9296875,19174.970703125,119100000
2017-01-16,19095.240234375,19255.41015625,19061.26953125,19219.130859375,119100000
2017-01-17,18813.529296875,19043.91015625,18812.859375,19038.44921875,119100000
2017-01-18,18894.369140625,18941.240234375,18650.330078125,18753.9609375,119100000
2017-01-19,19072.25,19122.390625,18982.130859375,19082.830078125,170600000
2017-01-20,19137.91015625,19176.859375,19040.19921875,19059.150390625,125800000
2017-01-23,18891.029296875,19024.2109375,18879.6796875,18938.44921875,124800000
2017-01-24,18787.990234375,18915.69921875,18783.16015625,18817.419921875,131500000
2017-01-25,19057.5,19133.1796875,18987.44921875,19091.23046875,125400000
2017-01-26,19402.390625,19405.23046875,19232.4609375,19260.669921875,145200000
2017-01-27,19467.400390625,19486.6796875,19404.130859375,19453.509765625,134600000
2017-01-30,19368.849609375,19390.970703125,19295.80078125,19371.279296875,97800000
2017-01-31,19041.33984375,19199.75,19041.33984375,19145.349609375,133900000
2017-02-01,19148.080078125,19155.7890625,18916.1796875,18926.970703125,131500000
2017-02-02,18914.580078125,19170.630859375,18866.80078125,19152.7890625,136500000
2017-02-03,18918.19921875,19061.259765625,18830.890625,18996.740234375,140900000
2017-02-06,18976.7109375,19075.5703125,18899.400390625,19069.720703125,120500000
2017-02-07,18910.779296875,18970.580078125,18805.3203125,18844.119140625,106100000
2017-02-08,19007.599609375,19009.240234375,18875.5703125,18951.16015625,102900000
2017-02-09,18907.669921875,18991.23046875,18874.91015625,18942.0390625,130500000
2017-02-10,19378.9296875,19395.990234375,19193.5703125,19216.740234375,149400000
2017-02-13,19459.150390625,19519.439453125,19418.1796875,19513.779296875,117900000
2017-02-14,19238.98046875,19501.009765625,19232.849609375,19478.859375,142800000
2017-02-15,19437.98046875,19495.619140625,19420.0,19438.810546875,142800000
2017-02-16,19347.529296875,19431.609375,19260.240234375,19431.609375,137800000
2017-02-17,19234.619140625,19275.390625,19173.529296875,19228.740234375,143600000
2017-02-20,19251.080078125,19274.75,19115.109375,19161.330078125,98900000
2017-02-21,19381.439453125,19395.349609375,19261.98046875,19267.869140625,100700000
2017-02-22,19379.869140625,19419.220703125,19329.279296875,19419.220703125,156700000
2017-02-23,19371.4609375,19379.919921875,19262.630859375,19379.919921875,140800000
2017-02-24,19283.5390625,19381.099609375,19219.580078125,19232.109375,148900000
2017-02-27,19107.470703125,19178.990234375,18995.55078125,19130.509765625,124200000
2017-02-28,19118.990234375,19267.990234375,19118.990234375,19194.6796875,132900000
2017-03-01,19393.5390625,19414.55078125,19164.619140625,19226.939453125,132300000
2017-03-02,19564.80078125,19668.009765625,19564.80078125,19624.8203125,146200000
2017-03-03,19469.169921875,19587.7890625,19392.75,19551.33984375,111000000
2017-03-06,19379.140625,19411.5390625,19340.3203125,19409.1796875,88000000
2017-03-07,19344.150390625,19375.08984375,19317.099609375,19337.189453125,98800000
2017-03-08,19254.029296875,19326.400390625,19198.779296875,19308.529296875,103200000
2017-03-09,19318.580078125,19350.19921875,19262.98046875,19343.060546875,101100000
2017-03-10,19604.609375,19623.720703125,19427.810546875,19444.7109375,155300000
2017-03-13,19633.75,19656.48046875,19531.509765625,19545.740234375,92600000
2017-03-14,19609.5,19637.55078125,19599.619140625,19634.2890625,123300000
2017-03-15,19577.380859375,19581.529296875,19503.740234375,19528.75,115700000
2017-03-16,19590.140625,19618.990234375,19454.169921875,19458.69921875,122500000
2017-03-17,19521.58984375,19547.509765625,19487.919921875,19510.890625,137100000
2017-03-21,19455.880859375,19485.140625,19337.220703125,19416.55078125,101700000
2017-03-22,19041.380859375,19183.26953125,19026.529296875,19146.619140625,136600000
2017-03-23,19085.310546875,19105.109375,18973.75,19048.83984375,121000000
2017-03-24,19262.529296875,19296.05078125,19060.640625,19066.349609375,127700000
2017-03-27,18985.58984375,18985.58984375,18985.58984375,18985.58984375,120800000
2017-03-28,19202.869140625,19203.640625,19113.439453125,19159.0703125,122300000
2017-03-29,19217.48046875,19251.30078125,19164.609375,19216.779296875,115100000
2017-03-30,19063.220703125,19218.080078125,19043.48046875,19150.8203125,124500000
2017-03-31,18909.259765625,19210.919921875,18909.259765625,19170.419921875,149200000
2017-04-03,18983.23046875,19068.619140625,18920.51953125,18988.0,134200000
2017-04-04,18810.25,18947.330078125,18703.630859375,18933.8203125,146900000
2017-04-05,18861.26953125,18941.939453125,18773.939453125,18900.69921875,121600000
2017-04-06,18597.060546875,18797.439453125,18532.650390625,18754.369140625,133600000
2017-04-07,18664.630859375,18785.73046875,18517.4296875,18714.98046875,161600000
2017-04-10,18797.880859375,18850.80078125,18762.69921875,18800.220703125,111300000
2017-04-11,18747.869140625,18767.69921875,18661.859375,18717.55078125,105100000
2017-04-12,18552.609375,18602.5,18460.58984375,18592.099609375,116300000
2017-04-13,18426.83984375,18455.25,18304.720703125,18391.720703125,123700000
2017-04-14,18335.630859375,18531.91015625,18285.73046875,18531.91015625,0
2017-04-17,18355.259765625,18361.439453125,18224.6796875,18239.83984375,0
2017-04-18,18418.58984375,18547.4609375,18362.73046875,18497.380859375,93300000
2017-04-19,18432.19921875,18467.73046875,18327.330078125,18327.330078125,120800000
2017-04-20,18430.490234375,18523.400390625,18420.8203125,18446.390625,116900000
2017-04-21,18620.75,18648.279296875,18542.419921875,18591.8203125,113200000
2017-04-24,18875.880859375,18910.330078125,18840.130859375,18890.380859375,98100000
2017-04-25,19079.330078125,19109.759765625,18867.189453125,18872.560546875,118000000
2017-04-26,19289.4296875,19289.4296875,19170.859375,19184.919921875,129400000
2017-04-27,19251.869140625,19281.69921875,19199.58984375,19205.58984375,116700000
2017-04-28,19196.740234375,19264.5703125,19164.6796875,19240.650390625,117800000
2017-05-01,19310.51953125,19311.2109375,19144.619140625,19154.029296875,106500000
2017-05-02,19445.69921875,19464.30078125,19335.01953125,19335.720703125,112700000
2017-05-08,19895.69921875,19929.48046875,19705.130859375,19709.009765625,148700000
2017-05-09,19843.0,19917.44921875,19838.7109375,19915.640625,123500000
2017-05-10,19900.08984375,19938.529296875,19866.30078125,19890.560546875,129000000
2017-05-11,19961.55078125,19989.939453125,19906.349609375,19943.94921875,136400000
2017-05-12,19883.900390625,19941.640625,19809.91015625,19941.640625,136800000
2017-05-15,19869.849609375,19869.849609375,19740.630859375,19753.4609375,128300000
2017-05-16,19919.8203125,19998.490234375,19862.41015625,19953.060546875,131100000
2017-05-17,19814.880859375,19842.779296875,19764.630859375,19806.779296875,118100000
2017-05-18,19553.859375,19601.529296875,19449.73046875,19556.990234375,135700000
2017-05-19,19590.759765625,19628.640625,19497.2890625,19591.41015625,115600000
2017-05-22,19678.279296875,19722.9296875,19618.73046875,19670.48046875,78500000
2017-05-23,19613.279296875,19693.01953125,19585.5390625,19647.740234375,83400000
2017-05-24,19742.98046875,19782.810546875,19690.099609375,19777.560546875,101300000
2017-05-25,19813.130859375,19850.9296875,19720.119140625,19737.2109375,95100000
2017-05-26,19686.83984375,19801.58984375,19686.490234375,19798.490234375,84500000
2017-05-29,19682.5703125,19736.619140625,19627.189453125,19697.1796875,67300000
2017-05-30,19677.849609375,19691.439453125,19570.130859375,19681.109375,72600000
2017-05-31,19650.5703125,19673.509765625,19589.25,19630.330078125,125100000
2017-06-01,19860.029296875,19887.66015625,19686.3203125,19692.16015625,103500000
2017-06-02,20177.279296875,20239.810546875,19967.0,19970.23046875,150400000
2017-06-05,20170.8203125,20224.5390625,20104.130859375,20135.419921875,99100000
2017-06-06,19979.900390625,20152.94921875,19948.01953125,20122.259765625,102000000
2017-06-07,19984.619140625,20023.240234375,19908.0703125,19951.6796875,99200000
2017-06-08,19909.259765625,20061.220703125,19896.349609375,20048.279296875,125300000
2017-06-09,20013.259765625,20096.009765625,19927.0703125,19953.060546875,145300000
2017-06-12,19908.580078125,19949.0703125,19837.640625,19920.76953125,112100000
2017-06-13,19898.75,19929.029296875,19850.859375,19859.810546875,97200000
2017-06-14,19883.51953125,20009.9296875,19879.599609375,19974.560546875,92900000
2017-06-15,19831.8203125,19963.359375,19755.33984375,19815.5390625,107000000
2017-06-16,19943.259765625,20015.16015625,19884.80078125,19931.150390625,135300000
2017-06-19,20067.75,20087.7109375,19949.880859375,19974.30078125,79700000
2017-06-20,20230.41015625,20318.109375,20227.2890625,20234.119140625,99300000
2017-06-21,20138.7890625,20215.109375,20117.7890625,20192.16015625,94900000
2017-06-22,20110.509765625,20191.419921875,20107.890625,20154.380859375,84600000
2017-06-23,20132.669921875,20152.580078125,20089.5390625,20152.580078125,80500000
2017-06-26,20153.349609375,20196.380859375,20119.0390625,20132.810546875,77000000
2017-06-27,20225.08984375,20250.099609375,20185.189453125,20229.119140625,90300000
2017-06-28,20130.41015625,20224.30078125,20110.490234375,20149.19921875,115500000
2017-06-29,20220.30078125,20266.58984375,20197.380859375,20260.869140625,118800000
2017-06-30,20033.4296875,20044.009765625,19946.509765625,20025.630859375,116600000
2017-07-03,20055.80078125,20096.140625,20030.609375,20056.3203125,83400000
2017-07-04,20032.349609375,20197.16015625,19971.529296875,20192.26953125,100300000
2017-07-05,20081.630859375,20087.009765625,19888.900390625,20015.0703125,94600000
2017-07-06,19994.060546875,20078.880859375,19947.630859375,20061.6796875,92700000
2017-07-07,19929.08984375,19979.9296875,19856.650390625,19856.650390625,91900000
2017-07-10,20080.98046875,20127.759765625,20023.029296875,20070.439453125,85700000
2017-07-11,20195.48046875,20200.880859375,20070.669921875,20073.859375,77300000
2017-07-12,20098.380859375,20153.0390625,20061.16015625,20137.220703125,81400000
2017-07-13,20099.810546875,20183.80078125,20062.26953125,20177.279296875,90500000
2017-07-14,20118.859375,20163.669921875,20101.7109375,20157.919921875,83100000
2017-07-18,19999.91015625,20081.2890625,19943.140625,20074.41015625,93400000
2017-07-19,20020.859375,20032.4609375,19947.259765625,19970.779296875,81200000
2017-07-20,20144.58984375,20157.109375,20032.23046875,20046.900390625,80800000
2017-07-21,20099.75,20135.330078125,20081.91015625,20089.859375,78700000
2017-07-24,19975.669921875,20002.5390625,19901.880859375,19973.669921875,81300000
2017-07-25,19955.19921875,20036.310546875,19941.609375,19979.560546875,70100000
2017-07-26,20050.16015625,20116.0,20016.580078125,20098.140625,85500000
2017-07-27,20079.640625,20176.390625,20005.19921875,20026.580078125,89900000
2017-07-28,19959.83984375,20056.16015625,19926.599609375,20048.4609375,108500000
2017-07-31,19925.1796875,19983.900390625,19891.900390625,19933.44921875,140300000
2017-08-01,19985.7890625,20000.4609375,19904.720703125,19907.080078125,110100000
2017-08-02,20080.0390625,20113.73046875,20022.05078125,20057.0703125,95600000
2017-08-03,20029.259765625,20070.16015625,19985.400390625,20066.0,89300000
2017-08-04,19952.330078125,19984.509765625,19933.58984375,19949.7890625,76500000
2017-08-07,20055.890625,20085.900390625,20037.400390625,20059.2890625,75300000
2017-08-08,19996.009765625,20076.80078125,19970.5703125,20062.650390625,80400000
2017-08-09,19738.7109375,19945.279296875,19660.220703125,19928.9609375,104400000
2017-08-10,19729.740234375,19829.880859375,19685.830078125,19792.44921875,104200000
2017-08-14,19537.099609375,19598.41015625,19486.48046875,19545.580078125,108300000
2017-08-15,19753.310546875,19824.119140625,19656.91015625,19689.380859375,90300000
2017-08-16,19729.279296875,19776.859375,19719.080078125,19750.55078125,69400000
2017-08-17,19702.630859375,19739.0390625,19679.369140625,19707.75,71900000
2017-08-18,19470.41015625,19543.130859375,19433.08984375,19471.26953125,95700000
2017-08-21,19393.130859375,19509.529296875,19365.650390625,19509.529296875,75300000
2017-08-22,19383.83984375,19437.25,19361.94921875,19373.109375,70500000
2017-08-23,19434.640625,19561.3203125,19408.470703125,19547.05078125,78500000
2017-08-24,19353.76953125,19428.55078125,19351.919921875,19366.359375,75400000
2017-08-25,19452.609375,19485.970703125,19384.369140625,19401.119140625,70700000
2017-08-28,19449.900390625,19535.5,19420.5,19502.23046875,69500000
2017-08-29,19362.55078125,19371.900390625,19280.01953125,19319.109375,75000000
2017-08-30,19506.5390625,19538.23046875,19435.099609375,19480.98046875,91800000
2017-08-31,19646.240234375,19687.990234375,19583.109375,19591.3203125,97900000
2017-09-01,19691.470703125,19735.9609375,19620.0703125,19733.5703125,79400000
2017-09-04,19508.25,19628.400390625,19479.400390625,19615.9609375,71700000
2017-09-05,19385.810546875,19542.779296875,19354.58984375,19533.380859375,77600000
2017-09-06,19357.970703125,19371.380859375,19254.669921875,19286.060546875,88500000
2017-09-07,19396.51953125,19482.720703125,19365.75,19433.439453125,81900000
2017-09-08,19274.8203125,19357.490234375,19239.51953125,19297.9609375,106600000
2017-09-11,19545.76953125,19567.029296875,19437.140625,19441.390625,78700000
2017-09-12,19776.619140625,19792.060546875,19718.80078125,19736.140625,89900000
2017-09-13,19865.8203125,19888.83984375,19845.01953125,19873.689453125,84500000
2017-09-14,19807.439453125,19918.390625,19793.849609375,19860.369140625,93700000
2017-09-15,19909.5,19933.400390625,19787.650390625,19793.80078125,111900000
2017-09-19,20299.380859375,20320.779296875,20122.0,20128.1796875,120900000
2017-09-20,20310.4609375,20339.369140625,20272.8203125,20301.330078125,100400000
2017-09-21,20347.48046875,20481.26953125,20332.689453125,20456.5,115900000
2017-09-22,20296.44921875,20417.0703125,20249.240234375,20413.609375,95400000
2017-09-25,20397.580078125,20454.2890625,20367.029296875,20439.4296875,82800000
2017-09-26,20330.189453125,20385.5,20303.98046875,20349.259765625,95000000
2017-09-27,20267.05078125,20278.08984375,20213.66015625,20269.8203125,63600000
2017-09-28,20363.109375,20399.869140625,20299.6796875,20398.630859375,84000000
2017-09-29,20356.279296875,20370.330078125,20285.060546875,20315.33984375,85100000
2017-10-02,20400.779296875,20411.330078125,20363.279296875,20400.509765625,67600000
2017-10-03,20614.0703125,20628.380859375,20438.169921875,20475.25,72800000
2017-10-04,20626.66015625,20689.080078125,20592.1796875,20660.810546875,73500000
2017-10-05,20628.560546875,20667.470703125,20602.259765625,20650.7109375,57300000
2017-10-06,20690.7109375,20721.150390625,20659.150390625,20716.849609375,75900000
2017-10-10,20823.509765625,20823.66015625,20663.080078125,20680.5390625,78300000
2017-10-11,20881.26953125,20898.41015625,20788.119140625,20803.7109375,80200000
2017-10-12,20954.720703125,20994.400390625,20917.0390625,20958.1796875,80400000
2017-10-13,21155.1796875,21211.2890625,20933.0,20959.66015625,110500000
2017-10-16,21255.560546875,21347.0703125,21187.9296875,21221.26953125,102300000
2017-10-17,21336.119140625,21393.9609375,21230.669921875,21352.169921875,92400000
2017-10-18,21363.05078125,21402.759765625,21317.669921875,21374.66015625,72700000
2017-10-19,21448.51953125,21503.849609375,21381.51953125,21450.0390625,84600000
2017-10-20,21457.640625,21489.259765625,21363.099609375,21390.94921875,85700000
2017-10-23,21696.650390625,21723.599609375,21614.509765625,21709.30078125,87400000
2017-10-24,21805.169921875,21805.169921875,21646.51953125,21670.0,88200000
2017-10-25,21707.619140625,21921.359375,21648.349609375,21900.130859375,122000000
2017-10-26,21739.779296875,21793.619140625,21688.560546875,21698.94921875,82600000
2017-10-27,22008.44921875,22016.5,21815.720703125,21903.26953125,120400000
2017-10-30,22011.669921875,22086.880859375,21921.240234375,22047.94921875,135600000
2017-10-31,22011.609375,22020.380859375,21840.0703125,21897.2890625,102400000
2017-11-01,22420.080078125,22455.919921875,22130.029296875,22144.919921875,112600000
2017-11-02,22539.119140625,22540.25,22400.009765625,22512.1796875,105700000
2017-11-06,22548.349609375,22644.6796875,22435.33984375,22612.9609375,111900000
2017-11-07,22937.599609375,22953.1796875,22512.91015625,22518.75,107800000
2017-11-08,22913.8203125,22922.80078125,22759.0703125,22849.91015625,100200000
2017-11-09,22868.7109375,23382.150390625,22522.830078125,22989.439453125,160400000
2017-11-10,22681.419921875,22724.390625,22511.9296875,22580.69921875,106600000
2017-11-13,22380.990234375,22607.919921875,22380.990234375,22607.560546875,80700000
2017-11-14,22380.009765625,22532.30078125,22323.240234375,22342.9296875,95900000
2017-11-15,22028.3203125,22305.240234375,22004.7890625,22250.98046875,120600000
2017-11-16,22351.119140625,22392.130859375,21972.33984375,21975.23046875,96600000
2017-11-17,22396.80078125,22757.400390625,22319.119140625,22603.30078125,113700000
2017-11-20,22261.759765625,22410.240234375,22215.0703125,22279.98046875,71700000
2017-11-21,22416.48046875,22563.25,22416.48046875,22456.7890625,76100000
2017-11-22,22523.150390625,22677.33984375,22513.439453125,22601.55078125,81100000
2017-11-24,22550.849609375,22567.19921875,22381.009765625,22390.140625,64800000
2017-11-27,22495.990234375,22659.330078125,22423.400390625,22657.080078125,66600000
2017-11-28,22486.240234375,22580.990234375,22363.939453125,22474.740234375,76800000
2017-11-29,22597.19921875,22643.9296875,22537.119140625,22613.9609375,90700000
2017-11-30,22724.9609375,22748.3203125,22502.6796875,22601.830078125,140700000
2017-12-01,22819.029296875,22994.310546875,22675.0703125,22916.9296875,89700000
2017-12-04,22707.16015625,22864.330078125,22693.990234375,22843.529296875,68900000
2017-12-05,22622.380859375,22682.7109375,22522.279296875,22595.330078125,75900000
2017-12-06,22177.0390625,22528.2109375,22119.2109375,22525.380859375,97300000
2017-12-07,22498.029296875,22515.240234375,22317.150390625,22317.150390625,79500000
2017-12-08,22811.080078125,22819.7109375,22625.41015625,22627.94921875,106900000
2017-12-11,22938.73046875,22938.73046875,22787.400390625,22894.30078125,69500000
2017-12-12,22866.169921875,22994.330078125,22834.890625,22936.41015625,86100000
2017-12-13,22758.0703125,22879.369140625,22697.3203125,22879.26953125,91400000
2017-12-14,22694.44921875,22786.609375,22638.759765625,22699.30078125,85100000
2017-12-15,22553.220703125,22745.08984375,22478.3203125,22621.359375,99400000
2017-12-18,22901.76953125,22927.5,22735.19921875,22770.439453125,85200000
2017-12-19,22868.0,22990.419921875,22862.8203125,22961.470703125,70500000
2017-12-20,22891.720703125,22923.5,22806.73046875,22834.9296875,92400000
2017-12-21,22866.099609375,22894.94921875,22728.060546875,22852.009765625,73000000
2017-12-22,22902.759765625,22908.83984375,22801.16015625,22850.73046875,77800000
2017-12-25,22939.1796875,22948.830078125,22870.189453125,22909.41015625,0
2017-12-26,22892.689453125,22950.150390625,22877.630859375,22922.94921875,46400000
2017-12-27,22911.2109375,22936.16015625,22854.390625,22854.390625,47200000
2017-12-28,22783.98046875,22954.44921875,22736.4296875,22912.05078125,50300000
2017-12-29,22764.939453125,22881.2109375,22753.19921875,22831.490234375,46500000
2018-01-04,23506.330078125,23506.330078125,23065.19921875,23073.73046875,102200000
2018-01-05,23714.529296875,23730.470703125,23520.51953125,23643.0,101900000
2018-01-09,23849.990234375,23952.609375,23789.029296875,23948.970703125,94100000
2018-01-10,23788.19921875,23864.759765625,23755.44921875,23832.810546875,88800000
2018-01-11,23710.4296875,23734.970703125,23601.83984375,23656.390625,83700000
2018-01-12,23653.8203125,23743.05078125,23588.0703125,23719.66015625,93700000
2018-01-15,23714.880859375,23833.26953125,23685.01953125,23827.98046875,75400000
2018-01-16,23951.810546875,23962.0703125,23701.830078125,23721.169921875,68500000
2018-01-17,23868.33984375,23891.630859375,23739.169921875,23783.419921875,82200000
2018-01-18,23763.369140625,24084.419921875,23699.470703125,24078.9296875,99400000
2018-01-19,23808.060546875,23872.689453125,23735.609375,23854.109375,71800000
2018-01-22,23816.330078125,23816.330078125,23697.810546875,23797.83984375,65200000
2018-01-23,24124.150390625,24129.33984375,23916.01953125,23924.400390625,73400000
2018-01-24,23940.779296875,24072.76953125,23917.140625,24026.4296875,79900000
2018-01-25,23669.490234375,23828.400390625,23649.029296875,23750.650390625,81500000
2018-01-26,23631.880859375,23797.9609375,23592.279296875,23757.33984375,87200000
2018-01-29,23629.33984375,23787.23046875,23580.169921875,23707.140625,68800000
2018-01-30,23291.970703125,23581.98046875,23233.369140625,23559.330078125,88800000
2018-01-31,23098.2890625,23375.380859375,23092.849609375,23205.23046875,99800000
2018-02-01,23486.109375,23492.76953125,23211.119140625,23276.099609375,101800000
2018-02-02,23274.529296875,23367.9609375,23122.44921875,23361.669921875,98600000
2018-02-05,22682.080078125,22967.689453125,22659.4296875,22921.16015625,107600000
2018-02-06,21610.240234375,22277.44921875,21078.7109375,22267.0,190100000
2018-02-07,21645.369140625,22353.869140625,21627.130859375,22001.2890625,143500000
2018-02-08,21890.859375,21977.029296875,21649.69921875,21721.5703125,104700000
2018-02-09,21382.619140625,21510.30078125,21119.009765625,21507.740234375,127600000
2018-02-13,21244.6796875,21679.19921875,21211.529296875,21633.33984375,114700000
2018-02-14,21154.169921875,21371.009765625,20950.150390625,21251.240234375,103900000
2018-02-15,21464.98046875,21578.990234375,21308.919921875,21384.099609375,86400000
2018-02-16,21720.25,21866.369140625,21499.880859375,21555.990234375,77800000
2018-02-19,22149.2109375,22152.849609375,21858.330078125,21903.66015625,68500000
2018-02-20,21925.099609375,22063.869140625,21831.44921875,22054.3203125,67500000
2018-02-21,21970.810546875,22130.580078125,21836.73046875,21942.419921875,77900000
2018-02-22,21736.439453125,21799.400390625,21626.849609375,21789.880859375,77300000
2018-02-23,21892.779296875,21903.390625,21741.630859375,21789.720703125,64600000
2018-02-26,22153.630859375,22226.529296875,22040.869140625,22134.640625,64600000
2018-02-27,22389.859375,22502.05078125,22325.0703125,22391.669921875,74300000
2018-02-28,22068.240234375,22380.279296875,22068.240234375,22292.529296875,88800000
2018-03-01,21724.470703125,21901.130859375,21645.220703125,21901.130859375,90300000
2018-03-02,21181.640625,21366.08984375,21088.9609375,21339.98046875,97100000
2018-03-05,21042.08984375,21164.380859375,20937.259765625,21047.810546875,87200000
2018-03-06,21417.759765625,21551.140625,21381.419921875,21390.19921875,76400000
2018-03-07,21252.720703125,21484.080078125,21201.939453125,21261.9609375,87000000
2018-03-08,21368.0703125,21488.16015625,21299.400390625,21488.16015625,72100000
2018-03-09,21469.19921875,21884.44921875,21357.55078125,21594.220703125,110500000
2018-03-12,21824.029296875,21971.16015625,21689.970703125,21826.099609375,70600000
2018-03-13,21968.099609375,21968.099609375,21700.779296875,21742.44921875,68100000
2018-03-14,21777.2890625,21881.08984375,21684.01953125,21764.990234375,65000000
2018-03-15,21803.94921875,21825.970703125,21555.490234375,21704.140625,65300000
2018-03-16,21676.509765625,21879.279296875,21632.849609375,21876.529296875,75700000
2018-03-19,21480.900390625,21659.0390625,21366.880859375,21537.900390625,67300000
2018-03-20,21380.970703125,21384.859375,21223.970703125,21297.98046875,66500000
2018-03-22,21591.990234375,21592.0,21349.7109375,21352.16015625,82600000
2018-03-23,20617.859375,21188.80078125,20559.609375,21188.80078125,121000000
2018-03-26,20766.099609375,20766.099609375,20347.490234375,20423.369140625,97500000
2018-03-27,21317.3203125,21317.3203125,20943.310546875,20958.900390625,101900000
2018-03-28,21031.310546875,21031.310546875,20776.8203125,20893.05078125,88100000
2018-03-29,21159.080078125,21298.5703125,20996.220703125,21250.9609375,78900000
2018-03-30,21454.30078125,21512.80078125,21311.5,21392.419921875,63600000
2018-04-02,21388.580078125,21597.470703125,21388.580078125,21441.5703125,47500000
2018-04-03,21292.2890625,21333.5,21056.01953125,21115.48046875,63800000
2018-04-04,21319.55078125,21415.849609375,21238.1796875,21415.849609375,75600000
2018-04-05,21645.419921875,21737.66015625,21462.099609375,21541.1796875,80700000
2018-04-06,21567.51953125,21742.83984375,21550.419921875,21633.73046875,74400000
2018-04-09,21678.259765625,21737.08984375,21517.76953125,21534.330078125,62100000
2018-04-10,21794.3203125,21933.990234375,21542.369140625,21599.669921875,74700000
2018-04-11,21687.099609375,21837.359375,21687.099609375,21819.08984375,69500000
2018-04-12,21660.279296875,21719.4296875,21591.390625,21657.869140625,58400000
2018-04-13,21778.740234375,21917.349609375,21746.689453125,21801.41015625,73100000
2018-04-16,21835.529296875,21879.689453125,21775.609375,21843.55078125,53400000
2018-04-17,21847.58984375,21889.890625,21772.419921875,21801.830078125,57400000
2018-04-18,22158.19921875,22194.109375,21914.9609375,21929.009765625,70400000
2018-04-19,22191.1796875,22360.650390625,22176.859375,22231.859375,79700000
2018-04-20,22162.240234375,22261.349609375,22076.630859375,22148.220703125,69600000
2018-04-23,22088.0390625,22204.859375,22065.51953125,22157.880859375,64000000
2018-04-24,22278.119140625,22304.689453125,22149.58984375,22228.8203125,76500000
2018-04-25,22215.3203125,22228.779296875,22080.759765625,22118.619140625,73300000
2018-04-26,22319.609375,22381.66015625,22265.19921875,22278.76953125,72800000
2018-04-27,22467.869140625,22495.560546875,22357.529296875,22466.66015625,89100000
2018-05-01,22508.029296875,22519.44921875,22411.4296875,22453.419921875,89900000
2018-05-02,22472.779296875,22568.189453125,22426.55078125,22568.189453125,70700000
2018-05-07,22467.16015625,22513.48046875,22350.91015625,22513.220703125,69000000
2018-05-08,22508.689453125,22566.6796875,22423.23046875,22440.650390625,77000000
2018-05-09,22408.880859375,22478.640625,22364.75,22463.009765625,86000000
2018-05-10,22497.1796875,22530.640625,22418.75,22482.509765625,73300000
2018-05-11,22758.48046875,22769.16015625,22545.470703125,22573.94921875,80200000
2018-05-14,22865.859375,22894.759765625,22683.640625,22705.30078125,68900000
2018-05-15,22818.01953125,22912.060546875,22805.720703125,22889.470703125,86400000
2018-05-16,22717.23046875,22796.140625,22695.83984375,22730.119140625,80200000
2018-05-17,22838.369140625,22887.029296875,22799.16015625,22820.619140625,75600000
2018-05-18,22930.359375,22954.189453125,22867.30078125,22907.19921875,65300000
2018-05-21,23002.369140625,23050.390625,22935.310546875,22937.580078125,59100000
2018-05-22,22960.33984375,23031.669921875,22952.869140625,23025.94921875,59400000
2018-05-23,22689.740234375,22949.73046875,22649.849609375,22868.7890625,75000000
2018-05-24,22437.009765625,22644.689453125,22366.599609375,22621.2890625,85600000
2018-05-25,22450.7890625,22509.359375,22318.150390625,22380.220703125,70400000
2018-05-28,22481.08984375,22547.669921875,22410.91015625,22488.94921875,52900000
2018-05-29,22358.4296875,22439.099609375,22240.390625,22431.94921875,59800000
2018-05-30,22018.51953125,22079.23046875,21931.650390625,22051.970703125,90500000
2018-05-31,22201.8203125,22254.419921875,22098.0,22163.400390625,132400000
2018-06-01,22171.349609375,22316.91015625,22098.0390625,22126.25,82500000
2018-06-04,22475.939453125,22515.720703125,22355.830078125,22365.08984375,71900000
2018-06-05,22539.5390625,22602.130859375,22470.0390625,22552.169921875,65800000
2018-06-06,22625.73046875,22662.8203125,22498.58984375,22520.310546875,67900000
2018-06-07,22823.259765625,22856.369140625,22732.1796875,22748.720703125,72200000
2018-06-08,22694.5,22879.0,22694.5,22799.380859375,85200000
2018-06-11,22804.0390625,22856.080078125,22667.30078125,22686.94921875,55700000
2018-06-12,22878.349609375,23011.5703125,22797.73046875,22977.220703125,63900000
2018-06-13,22966.380859375,22993.259765625,22895.310546875,22896.169921875,57000000
2018-06-14,22738.609375,22898.390625,22738.609375,22842.9609375,72100000
2018-06-15,22851.75,22885.83984375,22770.380859375,22883.240234375,88500000
2018-06-18,22680.330078125,22806.890625,22601.130859375,22806.5703125,65000000
2018-06-19,22278.48046875,22618.51953125,22278.48046875,22565.919921875,79400000
2018-06-20,22555.4296875,22581.400390625,22167.16015625,22338.529296875,88900000
2018-06-21,22693.0390625,22782.009765625,22491.080078125,22523.279296875,76000000
2018-06-22,22516.830078125,22535.650390625,22414.1796875,22456.44921875,85900000
2018-06-25,22338.150390625,22556.55078125,22312.7890625,22543.560546875,60600000
2018-06-26,22342.0,22368.779296875,22104.119140625,22160.330078125,71300000
2018-06-27,22271.76953125,22356.5390625,22205.33984375,22320.880859375,65800000
2018-06-28,22270.390625,22299.390625,22038.400390625,22195.189453125,70000000
2018-06-29,22304.509765625,22332.8203125,22145.48046875,22314.470703125,67900000
2018-07-02,21811.9296875,22312.25,21784.48046875,22233.80078125,67100000
2018-07-03,21785.5390625,21927.810546875,21574.560546875,21889.060546875,76500000
2018-07-04,21717.0390625,21784.0,21604.1796875,21679.0,62200000
2018-07-05,21546.990234375,21751.5,21462.94921875,21697.439453125,66700000
2018-07-06,21788.140625,21866.16015625,21642.9609375,21647.66015625,71600000
2018-07-09,22052.1796875,22105.94921875,21825.759765625,21838.529296875,61200000
2018-07-10,22196.890625,22321.599609375,22196.890625,22215.33984375,90700000
2018-07-11,21932.2109375,22044.619140625,21744.25,22002.140625,74900000
2018-07-12,22187.9609375,22233.51953125,22019.189453125,22036.869140625,64400000
2018-07-13,22597.349609375,22692.859375,22316.51953125,22397.619140625,72600000
2018-07-16,22597.349609375,22692.859375,22316.51953125,22397.619140625,0
2018-07-17,22697.359375,22832.220703125,22575.419921875,22605.73046875,75800000
2018-07-18,22794.189453125,22949.3203125,22794.189453125,22917.51953125,56500000
2018-07-19,22764.6796875,22926.470703125,22761.869140625,22871.619140625,62400000
2018-07-20,22697.880859375,22869.98046875,22541.349609375,22734.560546875,69700000
2018-07-23,22396.990234375,22507.169921875,22341.869140625,22480.330078125,88000000
2018-07-24,22510.48046875,22555.05078125,22416.23046875,22555.05078125,70400000
2018-07-25,22614.25,22645.66015625,22547.140625,22594.279296875,58700000
2018-07-26,22586.869140625,22717.150390625,22549.76953125,22711.58984375,69600000
2018-07-27,22712.75,22712.75,22593.19921875,22646.48046875,73200000
2018-07-30,22544.83984375,22631.3203125,22518.939453125,22613.30078125,76200000
2018-07-31,22553.720703125,22678.060546875,22352.2109375,22472.119140625,115400000
2018-08-01,22746.69921875,22775.470703125,22615.98046875,22642.1796875,100800000
2018-08-02,22512.529296875,22754.73046875,22464.810546875,22676.73046875,94500000
2018-08-03,22525.1796875,22613.5,22490.5703125,22585.5390625,71700000
2018-08-06,22507.3203125,22635.6796875,22486.740234375,22536.05078125,67000000
2018-08-07,22662.740234375,22666.6796875,22499.05078125,22514.310546875,69400000
2018-08-08,22644.310546875,22800.609375,22610.2890625,22666.560546875,72800000
2018-08-09,22598.390625,22648.880859375,22497.990234375,22591.5390625,61800000
2018-08-10,22298.080078125,22608.859375,22272.689453125,22606.91015625,73900000
2018-08-13,21857.4296875,22124.599609375,21851.3203125,22117.5703125,77800000
2018-08-14,22356.080078125,22356.080078125,22047.189453125,22053.0703125,59700000
2018-08-15,22204.220703125,22380.279296875,22110.2890625,22368.119140625,61200000
2018-08-16,22192.0390625,22240.419921875,21871.69921875,21980.8203125,77900000
2018-08-17,22270.380859375,22340.94921875,22244.099609375,22313.189453125,56100000
2018-08-20,22199.0,22288.310546875,22150.75,22267.0703125,46800000
2018-08-21,22219.73046875,22306.830078125,22053.140625,22110.5390625,54500000
2018-08-22,22362.55078125,22390.19921875,22162.810546875,22270.0390625,57100000
2018-08-23,22410.8203125,22463.029296875,22377.880859375,22420.669921875,50100000
2018-08-24,22601.76953125,22602.240234375,22452.419921875,22484.009765625,50400000
2018-08-27,22799.640625,22838.060546875,22682.390625,22693.689453125,50200000
2018-08-28,22813.470703125,23006.76953125,22813.470703125,22967.740234375,60700000
2018-08-29,22848.220703125,22968.1796875,22819.970703125,22820.859375,58800000
2018-08-30,22869.5,23032.169921875,22832.830078125,23020.1796875,73900000
2018-08-31,22865.150390625,22890.609375,22678.029296875,22733.25,68100000
2018-09-03,22707.380859375,22820.48046875,22684.4296875,22819.169921875,49900000
2018-09-04,22696.900390625,22753.1796875,22612.150390625,22740.05078125,52300000
2018-09-05,22580.830078125,22692.25,22570.51953125,22663.80078125,65400000
2018-09-06,22487.939453125,22535.33984375,22416.630859375,22458.970703125,62200000
2018-09-07,22307.060546875,22372.890625,22172.900390625,22351.83984375,69800000
2018-09-10,22373.08984375,22396.880859375,22249.609375,22253.650390625,55700000
2018-09-11,22664.689453125,22667.849609375,22457.099609375,22469.779296875,76500000
2018-09-12,22604.609375,22709.369140625,22522.169921875,22702.7109375,79800000
2018-09-13,22821.3203125,22858.41015625,22643.880859375,22657.94921875,75000000
2018-09-14,23094.669921875,23105.279296875,22965.48046875,23035.779296875,102700000
2018-09-18,23420.5390625,23481.529296875,23039.259765625,23042.189453125,90600000
2018-09-19,23672.51953125,23842.05078125,23672.51953125,23754.9609375,93600000
2018-09-20,23674.9296875,23781.75,23582.150390625,23752.7890625,101600000
2018-09-21,23869.9296875,23971.41015625,23764.05078125,23848.630859375,120600000
2018-09-25,23940.259765625,23950.98046875,23808.94921875,23881.849609375,100800000
2018-09-26,24033.7890625,24033.7890625,23833.919921875,23846.599609375,84200000
2018-09-27,23796.740234375,24089.3203125,23778.0390625,23946.4296875,76200000
2018-09-28,24120.0390625,24286.099609375,24021.26953125,24080.009765625,90700000
2018-10-01,24245.759765625,24306.5390625,24123.5,24173.369140625,65000000
2018-10-02,24270.619140625,24448.0703125,24217.259765625,24376.169921875,80500000
2018-10-03,24110.9609375,24260.630859375,24030.58984375,24219.189453125,71300000
2018-10-04,23975.619140625,24247.8203125,23923.259765625,24242.060546875,89400000
2018-10-05,23783.720703125,23928.619140625,23730.189453125,23781.759765625,84600000
2018-10-09,23469.390625,23587.05078125,23442.4609375,23550.470703125,86500000
2018-10-10,23506.0390625,23589.380859375,23373.5390625,23538.919921875,70600000
2018-10-11,22590.859375,23051.189453125,22459.01953125,23043.369140625,115300000
2018-10-12,22694.66015625,22711.130859375,22323.4296875,22323.4296875,99500000
2018-10-15,22271.30078125,22520.58984375,22261.919921875,22501.330078125,79900000
2018-10-16,22549.240234375,22549.240234375,22269.529296875,22298.19921875,70100000
2018-10-17,22841.119140625,22959.41015625,22765.580078125,22806.58984375,72100000
2018-10-18,22658.16015625,22873.130859375,22637.2890625,22871.279296875,64300000
2018-10-19,22532.080078125,22551.669921875,22212.5703125,22342.0,67400000
2018-10-22,22614.8203125,22672.25,22271.58984375,22374.2109375,63000000
2018-10-23,22010.779296875,22410.150390625,21993.0703125,22404.140625,80200000
2018-10-24,22091.1796875,22207.08984375,21911.419921875,22167.759765625,83900000
2018-10-25,21268.73046875,21703.2109375,21204.400390625,21676.830078125,93600000
2018-10-26,21184.599609375,21476.66015625,20971.9296875,21440.83984375,92900000
2018-10-29,21149.80078125,21465.990234375,21109.970703125,21323.609375,70800000
2018-10-30,21457.2890625,21568.400390625,21035.880859375,21049.51953125,116900000
2018-10-31,21920.4609375,21920.4609375,21530.390625,21569.560546875,105000000
2018-11-01,21687.650390625,21906.41015625,21628.44921875,21906.41015625,101900000
2018-11-02,22243.66015625,22308.419921875,21751.330078125,21761.580078125,101900000
2018-11-05,21898.990234375,22051.650390625,21865.98046875,22002.470703125,78700000
2018-11-06,22147.75,22160.830078125,21994.279296875,22018.869140625,0
2018-11-07,22085.80078125,22444.650390625,21996.939453125,22189.740234375,96300000
2018-11-08,22486.919921875,22583.4296875,22421.0,22446.009765625,81900000
2018-11-09,22250.25,22494.580078125,22226.009765625,22471.310546875,78100000
2018-11-12,22269.880859375,22324.009765625,22046.2890625,22121.69921875,59300000
2018-11-13,21810.51953125,21892.2890625,21484.650390625,21885.240234375,85700000
2018-11-14,21846.48046875,21990.41015625,21764.880859375,21851.130859375,75200000
2018-11-15,21803.619140625,21818.73046875,21613.529296875,21670.349609375,0
2018-11-16,21680.33984375,21873.740234375,21663.990234375,21804.900390625,74900000
2018-11-19,21821.16015625,21852.919921875,21665.2890625,21679.029296875,72100000
2018-11-20,21583.119140625,21687.119140625,21526.94921875,21582.689453125,82500000
2018-11-21,21507.5390625,21555.609375,21243.380859375,21286.810546875,77300000
2018-11-22,21646.55078125,21684.640625,21484.98046875,21582.470703125,65900000
2018-11-26,21812.0,21838.099609375,21622.599609375,21647.689453125,78000000
2018-11-27,21952.400390625,22006.830078125,21816.05078125,21967.98046875,74000000
2018-11-28,22177.01953125,22216.98046875,22032.720703125,22036.720703125,77600000
2018-11-29,22262.599609375,22437.94921875,22241.169921875,22360.98046875,69300000
2018-11-30,22351.060546875,22362.19921875,22231.9609375,22274.970703125,104100000
2018-12-03,22574.759765625,22698.7890625,22550.2890625,22629.390625,70500000
2018-12-04,22036.05078125,22576.619140625,22033.41015625,22533.970703125,89600000
2018-12-05,21919.330078125,21979.1796875,21708.8203125,21755.169921875,83700000
2018-12-06,21501.619140625,21805.01953125,21307.720703125,21766.5,87600000
2018-12-07,21678.6796875,21734.939453125,21506.44921875,21643.75,78100000
2018-12-10,21219.5,21365.779296875,21169.9609375,21319.470703125,79000000
2018-12-11,21148.01953125,21279.01953125,21062.310546875,21273.0390625,87500000
2018-12-12,21602.75,21631.470703125,21320.720703125,21348.400390625,89600000
2018-12-13,21816.189453125,21871.33984375,21675.66015625,21755.130859375,79200000
2018-12-14,21374.830078125,21751.310546875,21353.939453125,21638.9609375,102800000
2018-12-17,21506.880859375,21563.26953125,21363.669921875,21391.73046875,63400000
2018-12-18,21115.44921875,21330.359375,21101.439453125,21275.509765625,80500000
2018-12-19,20987.919921875,21168.619140625,20880.73046875,21107.169921875,81300000
2018-12-20,20392.580078125,20841.33984375,20282.9296875,20779.9296875,96300000
2018-12-21,20166.189453125,20334.73046875,20006.669921875,20310.5,116600000
2018-12-25,19155.740234375,19785.4296875,19117.9609375,19785.4296875,0
2018-12-26,19327.060546875,19530.349609375,18948.580078125,19302.58984375,79900000
2018-12-27,20077.619140625,20211.5703125,19701.759765625,19706.189453125,93000000
2018-12-28,20014.76953125,20084.380859375,19900.0390625,19957.880859375,70600000
2019-01-04,19561.9609375,19692.580078125,19241.369140625,19655.130859375,91600000
2019-01-07,20038.970703125,20266.220703125,19920.80078125,19944.609375,81500000
2019-01-08,20204.0390625,20347.919921875,20106.359375,20224.669921875,86400000
2019-01-09,20427.060546875,20494.349609375,20331.19921875,20366.30078125,72800000
2019-01-10,20163.80078125,20345.919921875,20101.9296875,20270.880859375,73700000
2019-01-11,20359.69921875,20389.890625,20294.740234375,20296.44921875,77700000
2019-01-15,20555.2890625,20571.279296875,20204.4296875,20264.8203125,78300000
2019-01-16,20442.75,20580.25,20323.3203125,20575.720703125,69500000
2019-01-17,20402.26953125,20571.75,20342.4609375,20544.23046875,63600000
2019-01-18,20666.0703125,20682.119140625,20454.130859375,20472.810546875,64700000
2019-01-21,20719.330078125,20892.6796875,20678.259765625,20848.380859375,61200000
2019-01-22,20622.91015625,20805.9296875,20558.30078125,20770.060546875,57100000
2019-01-23,20593.720703125,20686.2890625,20438.220703125,20453.439453125,0
2019-01-24,20574.630859375,20620.720703125,20467.58984375,20506.240234375,61400000
2019-01-25,20773.560546875,20844.310546875,20598.640625,20598.640625,68400000
2019-01-28,20649.0,20759.48046875,20624.55078125,20746.2890625,56800000
2019-01-29,20664.640625,20673.66015625,20406.220703125,20555.439453125,63100000
2019-01-30,20556.5390625,20706.26953125,20527.529296875,20701.619140625,72100000
2019-01-31,20773.490234375,20869.419921875,20682.91015625,20832.91015625,75700000
2019-02-01,20788.390625,20929.630859375,20741.98046875,20797.029296875,82200000
2019-02-04,20883.76953125,20922.580078125,20823.6796875,20831.900390625,66600000
2019-02-05,20844.44921875,20981.23046875,20823.1796875,20960.470703125,65500000
2019-02-06,20874.060546875,20971.66015625,20860.990234375,20928.869140625,68900000
2019-02-07,20751.279296875,20844.76953125,20665.509765625,20812.220703125,70600000
2019-02-08,20333.169921875,20562.390625,20315.310546875,20510.5,86200000
2019-02-12,20864.2109375,20885.880859375,20428.5703125,20442.55078125,84100000
2019-02-13,21144.48046875,21213.740234375,20992.880859375,21029.9296875,78600000
2019-02-14,21139.7109375,21235.619140625,21102.16015625,21147.890625,64500000
2019-02-15,20900.630859375,21051.509765625,20853.330078125,21051.509765625,65600000
2019-02-18,21281.849609375,21306.359375,21189.970703125,21217.3203125,61800000
2019-02-19,21302.650390625,21344.169921875,21217.16015625,21256.580078125,53600000
2019-02-20,21431.490234375,21494.849609375,21315.390625,21346.0390625,59700000
2019-02-21,21464.23046875,21553.349609375,21318.740234375,21422.310546875,68400000
2019-02-22,21425.509765625,21451.23046875,21348.669921875,21376.359375,52400000
2019-02-25,21528.23046875,21590.029296875,21505.0703125,21567.66015625,51800000
2019-02-26,21449.390625,21610.880859375,21405.83984375,21556.01953125,56400000
2019-02-27,21556.509765625,21578.810546875,21492.650390625,21504.609375,67700000
2019-02-28,21385.16015625,21536.55078125,21364.08984375,21536.55078125,71500000
2019-03-01,21602.689453125,21641.580078125,21490.01953125,21490.01953125,62600000
2019-03-04,21822.0390625,21860.390625,21740.919921875,21812.810546875,59100000
2019-03-05,21726.279296875,21798.380859375,21659.0390625,21712.80078125,59200000
2019-03-06,21596.810546875,21684.599609375,21550.44921875,21659.029296875,57100000
2019-03-07,21456.009765625,21472.16015625,21402.119140625,21456.880859375,75200000
2019-03-08,21025.560546875,21359.3203125,20993.0703125,21339.169921875,99800000
2019-03-11,21125.08984375,21145.939453125,20938.0,21062.75,55600000
2019-03-12,21503.689453125,21568.48046875,21348.810546875,21361.609375,67800000
2019-03-13,21290.240234375,21474.169921875,21198.990234375,21425.76953125,66200000
2019-03-14,21287.01953125,21522.75,21287.01953125,21474.580078125,64100000
2019-03-15,21450.849609375,21521.6796875,21374.849609375,21376.73046875,83200000
2019-03-18,21584.5,21612.669921875,21500.3203125,21576.359375,55200000
2019-03-19,21566.849609375,21585.55078125,21425.7890625,21558.4296875,59900000
2019-03-20,21608.919921875,21614.169921875,21499.16015625,21548.650390625,65300000
2019-03-22,21627.33984375,21713.259765625,21542.029296875,21713.259765625,78900000
2019-03-25,20977.109375,21275.4296875,20911.5703125,21267.41015625,77700000
2019-03-26,21428.390625,21460.990234375,21174.33984375,21174.33984375,101300000
2019-03-27,21378.73046875,21388.58984375,21242.51953125,21353.609375,76000000
2019-03-28,21033.759765625,21191.3203125,20974.189453125,21191.3203125,71100000
2019-03-29,21205.810546875,21267.25,21149.419921875,21228.509765625,61600000
2019-04-01,21509.029296875,21682.939453125,21471.119140625,21500.890625,77400000
2019-04-02,21505.310546875,21744.640625,21490.560546875,21744.640625,71000000
2019-04-03,21713.2109375,21722.720703125,21489.94921875,21563.640625,68500000
2019-04-04,21724.94921875,21787.599609375,21662.900390625,21724.689453125,57900000
2019-04-05,21807.5,21839.1796875,21731.33984375,21743.140625,58500000
2019-04-08,21761.650390625,21900.55078125,21740.529296875,21900.55078125,54600000
2019-04-09,21802.58984375,21811.880859375,21698.419921875,21750.2890625,54300000
2019-04-10,21687.5703125,21687.5703125,21571.669921875,21579.6796875,58700000
2019-04-11,21711.380859375,21721.419921875,21627.869140625,21662.650390625,61200000
2019-04-12,21870.560546875,21878.779296875,21698.7109375,21782.349609375,61600000
2019-04-15,22169.109375,22211.029296875,22102.9296875,22122.970703125,66100000
2019-04-16,22221.66015625,22261.330078125,22095.3203125,22108.150390625,57300000
2019-04-17,22277.970703125,22345.189453125,22185.869140625,22236.41015625,75400000
2019-04-18,22090.119140625,22305.630859375,22058.390625,22274.130859375,67300000
2019-04-19,22200.560546875,22250.369140625,22162.23046875,22238.0703125,0
2019-04-22,22217.900390625,22280.189453125,22099.380859375,22188.619140625,42900000
2019-04-23,22259.740234375,22268.369140625,22119.939453125,22241.740234375,52000000
2019-04-24,22200.0,22362.919921875,22125.48046875,22356.830078125,67900000
2019-04-25,22307.580078125,22334.689453125,22155.23046875,22183.3203125,63300000
2019-04-26,22258.73046875,22270.2890625,22073.099609375,22167.48046875,71900000
2019-05-07,21923.720703125,22190.490234375,21875.109375,22184.400390625,90700000
2019-05-08,21602.58984375,21639.119140625,21514.849609375,21628.0390625,85700000
2019-05-09,21402.130859375,21559.759765625,21315.0703125,21492.91015625,96900000
2019-05-10,21344.919921875,21584.08984375,21175.330078125,21431.810546875,98500000
2019-05-13,21191.279296875,21277.66015625,21127.9296875,21180.740234375,74500000
2019-05-14,21067.23046875,21077.48046875,20751.44921875,20870.76953125,90200000
2019-05-15,21188.560546875,21191.529296875,20968.080078125,21112.849609375,84100000
2019-05-16,21062.98046875,21153.19921875,20951.669921875,21153.19921875,82500000
2019-05-17,21250.08984375,21398.849609375,21199.98046875,21246.859375,75800000
2019-05-20,21301.73046875,21430.060546875,21282.650390625,21305.970703125,65100000
2019-05-21,21272.44921875,21318.80078125,21160.4296875,21211.259765625,70100000
2019-05-22,21283.369140625,21404.5390625,21266.98046875,21373.51953125,64500000
2019-05-23,21151.140625,21209.560546875,21072.720703125,21180.240234375,63900000
2019-05-24,21117.220703125,21117.220703125,20922.0,20980.7890625,67700000
2019-05-27,21182.580078125,21232.380859375,21113.759765625,21148.4609375,41600000
2019-05-28,21260.140625,21297.69921875,21177.26953125,21187.169921875,98500000
2019-05-29,21003.369140625,21071.73046875,20884.609375,21055.419921875,70000000
2019-05-30,20942.529296875,20942.529296875,20809.2890625,20881.5,58700000
2019-05-31,20601.189453125,20823.099609375,20581.580078125,20785.2109375,79100000
2019-06-03,20410.880859375,20438.029296875,20305.740234375,20327.869140625,67400000
2019-06-04,20408.5390625,20464.5703125,20289.640625,20435.859375,69200000
2019-06-05,20776.099609375,20800.640625,20646.150390625,20667.890625,72300000
2019-06-06,20774.0390625,20842.279296875,20745.83984375,20745.83984375,59600000
2019-06-07,20884.7109375,20907.76953125,20816.580078125,20859.779296875,50700000
2019-06-10,21134.419921875,21166.119140625,21077.94921875,21095.400390625,58200000
2019-06-11,21204.279296875,21227.1796875,21066.619140625,21099.5390625,52100000
2019-06-12,21129.720703125,21259.69921875,21118.75,21130.390625,56500000
2019-06-13,21032.0,21111.23046875,20932.130859375,21040.91015625,65700000
2019-06-14,21116.890625,21119.73046875,20971.1796875,21049.41015625,60400000
2019-06-17,21124.0,21185.25,21044.619140625,21094.9609375,49100000
2019-06-18,20972.7109375,21153.650390625,20924.189453125,21111.76953125,54600000
2019-06-19,21333.869140625,21358.720703125,21213.4296875,21223.169921875,64100000
2019-06-20,21462.859375,21491.390625,21377.26953125,21417.740234375,55700000
2019-06-21,21258.640625,21497.8203125,21221.69921875,21487.669921875,89000000
2019-06-24,21285.990234375,21317.859375,21185.669921875,21223.560546875,43200000
2019-06-25,21193.810546875,21313.76953125,21114.470703125,21238.0703125,53900000
2019-06-26,21086.58984375,21129.640625,21035.83984375,21067.6796875,50300000
2019-06-27,21338.169921875,21338.169921875,21123.970703125,21156.880859375,61300000
2019-06-28,21275.919921875,21324.9296875,21199.849609375,21282.220703125,62100000
2019-07-01,21729.970703125,21758.33984375,21559.169921875,21566.26953125,66900000
2019-07-02,21754.26953125,21784.220703125,21697.310546875,21699.4296875,54700000
2019-07-03,21638.16015625,21708.720703125,21566.650390625,21684.0703125,55000000
2019-07-04,21702.44921875,21755.630859375,21672.5,21740.9296875,37800000
2019-07-05,21746.380859375,21746.380859375,21647.73046875,21703.609375,44800000
2019-07-08,21534.349609375,21672.650390625,21499.5703125,21665.7890625,51900000
2019-07-09,21565.150390625,21687.2890625,21508.220703125,21598.150390625,53900000
2019-07-10,21533.48046875,21601.859375,21488.220703125,21499.4609375,58900000
2019-07-11,21643.529296875,21649.9296875,21532.5703125,21547.189453125,49600000
2019-07-12,21685.900390625,21720.140625,21589.830078125,21720.140625,45400000
2019-07-16,21535.25,21655.51953125,21514.890625,21644.380859375,49800000
2019-07-17,21469.1796875,21488.26953125,21380.55078125,21474.630859375,53300000
2019-07-18,21046.240234375,21347.83984375,20993.439453125,21336.80078125,70200000
2019-07-19,21466.990234375,21474.30078125,21121.900390625,21146.5,57900000
2019-07-22,21416.7890625,21445.029296875,21317.849609375,21394.75,46900000
2019-07-23,21620.880859375,21686.529296875,21411.9296875,21425.439453125,48100000
2019-07-24,21709.5703125,21744.880859375,21677.7109375,21726.98046875,51100000
2019-07-25,21756.55078125,21823.0703125,21715.689453125,21715.94921875,46900000
2019-07-26,21658.150390625,21709.740234375,21590.66015625,21700.19921875,47600000
2019-07-29,21616.80078125,21652.94921875,21518.69921875,21627.55078125,47000000
2019-07-30,21709.310546875,21792.98046875,21665.859375,21681.8203125,54500000
2019-07-31,21521.529296875,21589.109375,21476.0703125,21526.380859375,76500000
2019-08-01,21540.990234375,21556.689453125,21288.900390625,21361.580078125,75700000
2019-08-02,21087.16015625,21211.060546875,20960.08984375,21211.060546875,91500000
2019-08-05,20720.2890625,20941.830078125,20514.189453125,20909.98046875,85800000
2019-08-06,20585.310546875,20607.830078125,20110.759765625,20325.51953125,89700000
2019-08-07,20516.560546875,20570.189453125,20406.51953125,20548.0703125,73600000
2019-08-08,20593.349609375,20682.240234375,20462.98046875,20529.2890625,64800000
2019-08-09,20684.8203125,20782.060546875,20676.919921875,20758.150390625,63700000
2019-08-13,20455.439453125,20503.380859375,20369.26953125,20432.6796875,72900000
2019-08-14,20655.130859375,20697.419921875,20581.169921875,20669.990234375,60900000
2019-08-15,20405.650390625,20419.880859375,20184.849609375,20324.25,68200000
2019-08-16,20418.810546875,20465.7109375,20300.349609375,20323.970703125,58400000
2019-08-19,20563.16015625,20633.900390625,20502.66015625,20590.470703125,50600000
2019-08-20,20677.220703125,20684.060546875,20582.009765625,20605.349609375,50100000
2019-08-21,20618.5703125,20626.05078125,20482.619140625,20489.970703125,53000000
2019-08-22,20628.009765625,20731.189453125,20584.2890625,20706.0703125,54600000
2019-08-23,20710.91015625,20719.310546875,20579.98046875,20579.98046875,50700000
2019-08-26,20261.0390625,20329.009765625,20173.759765625,20325.439453125,69900000
2019-08-27,20456.080078125,20529.939453125,20439.919921875,20467.220703125,60800000
2019-08-28,20479.419921875,20511.2109375,20433.310546875,20474.310546875,51500000
2019-08-29,20460.9296875,20520.6796875,20361.119140625,20500.5,55100000
2019-08-30,20704.369140625,20748.349609375,20633.30078125,20641.490234375,72000000
2019-09-02,20620.189453125,20667.560546875,20614.2890625,20625.75,42400000
2019-09-03,20625.16015625,20662.23046875,20578.01953125,20581.580078125,0
2019-09-04,20649.140625,20694.349609375,20554.16015625,20578.669921875,51500000
2019-09-05,21085.939453125,21164.609375,20787.9296875,20800.2890625,83000000
2019-09-06,21199.5703125,21241.2890625,21145.810546875,21201.830078125,71100000
2019-09-09,21318.419921875,21333.509765625,21182.259765625,21214.560546875,57800000
2019-09-10,21392.099609375,21438.349609375,21350.349609375,21363.5703125,92400000
2019-09-11,21597.759765625,21619.2109375,21437.8203125,21466.66015625,110100000
2019-09-12,21759.609375,21825.919921875,21743.9609375,21761.08984375,96000000
2019-09-13,21988.2890625,22019.66015625,21820.939453125,21907.830078125,116300000
2019-09-17,22001.3203125,22041.080078125,21878.630859375,21947.58984375,81500000
2019-09-18,21960.7109375,22027.859375,21942.029296875,22014.650390625,69400000
2019-09-19,22044.44921875,22255.560546875,22003.30078125,22064.4609375,78200000
2019-09-20,22079.08984375,22204.75,22047.900390625,22130.740234375,85000000
2019-09-24,22098.83984375,22168.740234375,22077.939453125,22095.349609375,68400000
2019-09-25,22020.150390625,22036.48046875,21906.0,21961.8203125,61600000
2019-09-26,22048.240234375,22184.91015625,21986.240234375,22160.51953125,81600000
2019-09-27,21878.900390625,21955.7890625,21733.689453125,21934.9296875,76400000
2019-09-30,21755.83984375,21811.98046875,21666.599609375,21793.830078125,69900000
2019-10-01,21885.240234375,21938.76953125,21811.98046875,21831.439453125,62300000
2019-10-02,21778.609375,21795.009765625,21725.23046875,21744.619140625,63300000
2019-10-03,21341.740234375,21437.740234375,21277.359375,21422.220703125,67700000
2019-10-04,21410.19921875,21410.19921875,21276.009765625,21316.1796875,57700000
2019-10-07,21375.25,21475.279296875,21328.259765625,21445.73046875,47400000
2019-10-08,21587.779296875,21629.240234375,21483.1796875,21494.48046875,60800000
2019-10-09,21456.380859375,21467.76953125,21359.83984375,21359.83984375,55400000
2019-10-10,21551.98046875,21601.4609375,21308.880859375,21456.26953125,59900000
2019-10-11,21798.869140625,21820.76953125,21658.26953125,21749.9296875,67400000
2019-10-15,22207.2109375,22219.630859375,22049.7109375,22063.7109375,74500000
2019-10-16,22472.919921875,22615.470703125,22434.349609375,22479.5703125,78700000
2019-10-17,22451.859375,22522.390625,22424.919921875,22451.150390625,57800000
2019-10-18,22492.6796875,22649.849609375,22466.259765625,22528.560546875,59200000
2019-10-21,22548.900390625,22581.279296875,22515.73046875,22541.220703125,48400000
2019-10-23,22625.380859375,22648.810546875,22457.890625,22619.76953125,68000000
2019-10-24,22750.599609375,22780.990234375,22704.330078125,22725.439453125,61300000
2019-10-25,22799.810546875,22819.919921875,22715.130859375,22753.240234375,57200000
2019-10-28,22867.26953125,22896.220703125,22830.5703125,22854.439453125,48100000
2019-10-29,22974.130859375,23008.4296875,22935.349609375,22950.7890625,72900000
2019-10-30,22843.119140625,22961.23046875,22827.9296875,22953.169921875,101600000
2019-10-31,22927.0390625,22988.80078125,22875.5,22910.099609375,78300000
2019-11-01,22850.76953125,22852.720703125,22705.599609375,22730.490234375,65400000
2019-11-05,23251.990234375,23328.51953125,23090.939453125,23118.7890625,102100000
2019-11-06,23303.8203125,23352.560546875,23246.5703125,23343.509765625,77400000
2019-11-07,23330.3203125,23336.0,23253.3203125,23283.140625,70900000
2019-11-08,23391.869140625,23591.08984375,23313.41015625,23550.0390625,94600000
2019-11-11,23331.83984375,23471.8203125,23323.01953125,23422.130859375,61500000
2019-11-12,23520.009765625,23545.69921875,23312.25,23336.369140625,63000000
2019-11-13,23319.869140625,23452.630859375,23270.9296875,23439.25,63400000
2019-11-14,23141.55078125,23360.060546875,23062.16015625,23325.5,79900000
2019-11-15,23303.3203125,23340.76953125,23121.58984375,23160.529296875,72200000
2019-11-18,23416.759765625,23420.619140625,23271.2890625,23304.25,57300000
2019-11-19,23292.650390625,23389.529296875,23244.9296875,23366.359375,64200000
2019-11-20,23148.5703125,23303.169921875,23086.119140625,23176.490234375,65700000
2019-11-21,23038.580078125,23108.080078125,22726.7109375,23071.490234375,69800000
2019-11-22,23112.880859375,23219.509765625,23030.330078125,23030.330078125,55600000
2019-11-25,23292.810546875,23347.1796875,23255.390625,23292.849609375,50300000
2019-11-26,23373.3203125,23608.060546875,23350.099609375,23451.400390625,94300000
2019-11-27,23437.76953125,23507.8203125,23418.23046875,23452.849609375,52200000
2019-11-28,23409.140625,23482.3203125,23367.330078125,23458.880859375,44800000
2019-11-29,23293.91015625,23498.76953125,23273.369140625,23497.439453125,52100000
2019-12-02,23529.5,23562.05078125,23378.400390625,23388.630859375,47700000
2019-12-03,23379.810546875,23388.1796875,23186.83984375,23231.140625,58800000
2019-12-04,23135.23046875,23203.76953125,23044.779296875,23186.740234375,58100000
2019-12-05,23300.08984375,23363.439453125,23259.8203125,23292.69921875,61400000
2019-12-06,23354.400390625,23412.48046875,23338.400390625,23347.669921875,54400000
2019-12-09,23430.69921875,23544.310546875,23360.009765625,23544.310546875,55800000
2019-12-10,23410.189453125,23449.470703125,23336.9296875,23372.390625,52800000
2019-12-11,23391.859375,23438.4296875,23333.630859375,23421.140625,61300000
2019-12-12,23424.810546875,23468.150390625,23360.4296875,23449.279296875,56300000
2019-12-13,24023.099609375,24050.0390625,23775.73046875,23810.560546875,115500000
2019-12-16,23952.349609375,24036.30078125,23950.05078125,23955.19921875,53300000
2019-12-17,24066.119140625,24091.119140625,23996.509765625,24091.119140625,64000000
2019-12-18,23934.4296875,24046.08984375,23919.359375,24023.26953125,66300000
2019-12-19,23864.849609375,23945.529296875,23835.2890625,23911.4609375,55600000
2019-12-20,23816.630859375,23908.76953125,23746.630859375,23893.44921875,70300000
2019-12-23,23821.109375,23923.08984375,23810.8203125,23921.2890625,45200000
2019-12-24,23830.580078125,23853.560546875,23796.349609375,23839.1796875,37900000
2019-12-25,23782.869140625,23824.849609375,23782.869140625,23813.58984375,31600000
2019-12-26,23924.919921875,23931.509765625,23775.400390625,23787.69921875,40300000
2019-12-27,23837.720703125,23967.1796875,23837.720703125,23953.75,44800000
2019-12-30,23656.619140625,23782.490234375,23656.619140625,23770.9296875,41600000
2020-01-06,23204.859375,23365.359375,23148.529296875,23319.759765625,72800000
2020-01-07,23575.720703125,23577.439453125,23299.919921875,23320.119140625,64300000
2020-01-08,23204.759765625,23303.2109375,22951.1796875,23217.490234375,79400000
2020-01-09,23739.869140625,23767.08984375,23506.150390625,23530.2890625,62200000
2020-01-10,23850.5703125,23903.2890625,23761.080078125,23813.279296875,55900000
2020-01-14,24025.169921875,24059.859375,23951.66015625,23969.0390625,64200000
2020-01-15,23916.580078125,23997.390625,23875.8203125,23923.48046875,57200000
2020-01-16,23933.130859375,23975.380859375,23905.380859375,23960.19921875,55400000
2020-01-17,24041.259765625,24115.94921875,24013.75,24103.44921875,59400000
2020-01-20,24083.509765625,24108.109375,24061.669921875,24080.6796875,38300000
2020-01-21,23864.560546875,24081.75,23843.48046875,24072.810546875,44600000
2020-01-22,24031.349609375,24040.869140625,23831.099609375,23835.490234375,49000000
2020-01-23,23795.439453125,23910.009765625,23779.23046875,23843.509765625,55500000
2020-01-24,23827.1796875,23869.380859375,23755.3203125,23850.119140625,48700000
2020-01-27,23343.509765625,23463.890625,23317.3203125,23427.900390625,62400000
2020-01-28,23215.7109375,23243.359375,23115.150390625,23126.9296875,64400000
2020-01-29,23379.400390625,23392.609375,23214.279296875,23309.3203125,54900000
2020-01-30,22977.75,23318.5703125,22892.94921875,23284.580078125,69600000
2020-01-31,23205.1796875,23421.58984375,23139.98046875,23148.919921875,75400000
2020-02-03,22971.939453125,23023.73046875,22775.919921875,22874.26953125,72500000
2020-02-04,23084.58984375,23118.130859375,22854.44921875,22881.130859375,67900000
2020-02-05,23319.560546875,23414.689453125,23241.640625,23351.470703125,70300000
2020-02-06,23873.58984375,23995.369140625,23625.130859375,23641.099609375,95100000
2020-02-07,23827.98046875,23943.44921875,23759.419921875,23899.009765625,65400000
2020-02-10,23685.98046875,23788.25,23621.720703125,23631.7890625,56500000
2020-02-12,23861.2109375,23869.73046875,23693.720703125,23741.2109375,74600000
2020-02-13,23827.73046875,23908.849609375,23784.310546875,23849.759765625,64500000
2020-02-14,23687.58984375,23738.419921875,23603.48046875,23714.51953125,69100000
2020-02-17,23523.240234375,23561.98046875,23335.990234375,23489.779296875,54000000
2020-02-18,23193.80078125,23402.009765625,23133.599609375,23398.5703125,59500000
2020-02-19,23400.69921875,23468.560546875,23234.9609375,23329.330078125,61600000
2020-02-20,23479.150390625,23806.560546875,23426.419921875,23666.580078125,63300000
2020-02-21,23386.740234375,23588.55078125,23378.330078125,23427.76953125,62100000
2020-02-25,22605.41015625,22950.23046875,22335.2109375,22949.369140625,105800000
2020-02-26,22426.189453125,22456.55078125,22127.419921875,22374.140625,99300000
2020-02-27,21948.23046875,22272.259765625,21844.2890625,22255.830078125,106200000
2020-02-28,21142.9609375,21528.130859375,20916.400390625,21518.009765625,148500000
2020-03-02,21344.080078125,21593.109375,20834.2890625,20849.7890625,123700000
2020-03-03,21082.73046875,21719.779296875,21082.73046875,21651.990234375,105300000
2020-03-04,21100.060546875,21245.9296875,20862.05078125,20897.19921875,94600000
2020-03-05,21329.119140625,21399.869140625,21220.759765625,21399.869140625,85700000
2020-03-06,20749.75,21061.19921875,20613.91015625,21009.80078125,111700000
2020-03-09,19698.759765625,20347.189453125,19472.259765625,20343.310546875,170300000
2020-03-10,19867.119140625,19970.349609375,18891.76953125,19474.890625,164700000
2020-03-11,19416.060546875,19974.830078125,19392.25,19758.259765625,129200000
2020-03-12,18559.630859375,19142.1796875,18339.26953125,19064.509765625,164600000
2020-03-13,17431.05078125,18184.4609375,16690.599609375,18183.470703125,233400000
2020-03-16,17002.0390625,17785.759765625,16914.44921875,17586.080078125,158100000
2020-03-17,17011.529296875,17557.0390625,16378.9404296875,16726.94921875,198800000
2020-03-18,16726.55078125,17396.83984375,16698.4609375,17154.080078125,177200000
2020-03-19,16552.830078125,17160.970703125,16358.1904296875,16995.76953125,198900000
2020-03-23,16887.779296875,17049.029296875,16480.94921875,16570.5703125,170300000
2020-03-24,18092.349609375,18100.390625,17197.140625,17206.880859375,147300000
2020-03-25,19546.630859375,19564.380859375,18446.80078125,18446.80078125,147700000
2020-03-26,18664.599609375,19240.2890625,18512.810546875,19234.76953125,128100000
2020-03-27,19389.4296875,19389.4296875,18832.2109375,19021.970703125,148900000
2020-03-30,19084.970703125,19084.970703125,18578.19921875,18884.0703125,121000000
2020-03-31,18917.009765625,19336.189453125,18834.16015625,19181.900390625,122200000
2020-04-01,18065.41015625,18784.25,17871.619140625,18686.119140625,105800000
2020-04-02,17818.720703125,18132.0390625,17707.66015625,17934.419921875,107300000
2020-04-03,17820.189453125,18059.150390625,17646.5,17951.439453125,96000000
2020-04-06,18576.30078125,18672.259765625,17802.619140625,17857.990234375,105700000
2020-04-07,18950.1796875,19162.51953125,18553.140625,18878.859375,108200000
2020-04-08,19353.240234375,19454.33984375,18730.80078125,19047.759765625,105900000
2020-04-09,19345.76953125,19406.9609375,19158.55078125,19376.0,82300000
2020-04-10,19498.5,19500.0703125,19235.9609375,19500.0703125,87500000
2020-04-13,19043.400390625,19355.0390625,19014.3203125,19312.0390625,65600000
2020-04-14,19638.810546875,19705.990234375,19093.119140625,19150.30078125,81900000
2020-04-15,19550.08984375,19660.6796875,19465.94921875,19589.25,94100000
2020-04-16,19290.19921875,19362.169921875,19154.41015625,19311.30078125,81400000
2020-04-17,19897.259765625,19922.0703125,19554.69921875,19575.849609375,87800000
2020-04-20,19669.119140625,19784.380859375,19611.7890625,19689.849609375,65000000
2020-04-21,19280.779296875,19529.060546875,19193.220703125,19479.830078125,79400000
2020-04-22,19137.94921875,19137.94921875,18858.25,19109.1796875,76400000
2020-04-23,19429.439453125,19429.439453125,19221.5390625,19313.0390625,72600000
2020-04-24,19262.0,19352.240234375,19175.380859375,19331.859375,84700000
2020-04-27,19783.220703125,19819.060546875,19410.1796875,19410.83984375,77600000
2020-04-28,19771.189453125,19841.779296875,19638.48046875,19776.1796875,68600000
2020-04-30,20193.689453125,20365.890625,20084.830078125,20105.6796875,103400000
2020-05-01,19619.349609375,20000.25,19551.73046875,19991.970703125,86600000
2020-05-07,19674.76953125,19720.869140625,19448.9296875,19468.51953125,82900000
2020-05-08,20179.08984375,20179.08984375,19894.580078125,19972.08984375,82200000
2020-05-11,20390.66015625,20534.880859375,20285.0390625,20333.73046875,76200000
2020-05-12,20366.48046875,20457.369140625,20293.970703125,20413.23046875,67700000
2020-05-13,20267.05078125,20329.890625,20056.4609375,20140.919921875,79500000
2020-05-14,19914.779296875,20185.0,19902.9296875,20140.490234375,76900000
2020-05-15,20037.470703125,20198.25,19832.880859375,20149.7890625,75200000
2020-05-18,20133.73046875,20197.58984375,19999.099609375,20097.619140625,71900000
2020-05-19,20433.44921875,20659.4609375,20433.44921875,20469.51953125,93000000
2020-05-20,20595.150390625,20684.4609375,20454.029296875,20454.490234375,71800000
2020-05-21,20552.310546875,20734.91015625,20503.869140625,20692.58984375,62900000
2020-05-22,20388.16015625,20615.119140625,20334.990234375,20583.94921875,71100000
2020-05-25,20741.650390625,20741.650390625,20584.060546875,20653.41015625,55100000
2020-05-26,21271.169921875,21328.33984375,20918.109375,20927.9609375,87200000
2020-05-27,21419.23046875,21475.6796875,21142.720703125,21249.310546875,112000000
2020-05-28,21916.310546875,21926.2890625,21580.5,21612.900390625,134000000
2020-05-29,21877.890625,21955.439453125,21710.80078125,21807.630859375,153200000
2020-06-01,22062.390625,22161.390625,21898.990234375,21910.890625,72200000
2020-06-02,22325.609375,22401.7890625,22118.400390625,22175.51953125,77900000
2020-06-03,22613.759765625,22818.869140625,22462.6796875,22649.009765625,94100000
2020-06-04,22695.740234375,22907.919921875,22501.810546875,22885.140625,92000000
2020-06-05,22863.73046875,22865.880859375,22563.560546875,22613.080078125,85600000
2020-06-08,23178.099609375,23178.099609375,23028.619140625,23121.98046875,108500000
2020-06-09,23091.029296875,23185.849609375,22933.140625,23135.7890625,91500000
2020-06-10,23124.94921875,23175.8203125,22900.30078125,22939.0,75600000
2020-06-11,22472.91015625,22939.390625,22466.5390625,22848.01953125,105900000
2020-06-12,22305.48046875,22350.30078125,21786.9296875,22082.119140625,120500000
2020-06-15,21530.94921875,22251.830078125,21529.830078125,22135.26953125,78500000
2020-06-16,22582.2109375,22624.140625,21899.48046875,21912.2890625,100100000
2020-06-17,22455.759765625,22536.380859375,22318.0703125,22517.140625,72500000
2020-06-18,22355.4609375,22432.25,22125.349609375,22363.880859375,65200000
2020-06-19,22478.7890625,22523.66015625,22352.16015625,22515.75,97000000
2020-06-22,22437.26953125,22575.740234375,22311.939453125,22353.689453125,54600000
2020-06-23,22549.05078125,22693.890625,22257.140625,22636.060546875,0
2020-06-24,22534.3203125,22663.2890625,22479.859375,22541.009765625,67000000
2020-06-25,22259.7890625,22423.41015625,22165.140625,22287.869140625,80800000
2020-06-26,22512.080078125,22589.140625,22408.26953125,22424.369140625,66600000
2020-06-29,21995.0390625,22281.380859375,21969.58984375,22255.05078125,73700000
2020-06-30,22288.140625,22448.30078125,22273.380859375,22335.099609375,74200000
2020-07-01,22121.73046875,22360.310546875,22039.560546875,22338.30078125,67400000
2020-07-02,22145.9609375,22267.509765625,22072.109375,22182.6796875,73600000
2020-07-03,22306.48046875,22312.439453125,22154.970703125,22266.91015625,51700000
2020-07-06,22714.439453125,22734.109375,22325.75,22341.26953125,58000000
2020-07-07,22614.689453125,22742.279296875,22540.439453125,22649.900390625,62700000
2020-07-08,22438.650390625,22667.94921875,22438.650390625,22481.609375,64900000
2020-07-09,22529.2890625,22679.080078125,22434.380859375,22442.30078125,65200000
2020-07-10,22290.810546875,22563.6796875,22285.0703125,22534.970703125,78800000
2020-07-13,22784.740234375,22784.740234375,22561.470703125,22591.810546875,71200000
2020-07-14,22587.009765625,22677.01953125,22538.779296875,22631.869140625,61000000
2020-07-15,22945.5,22965.560546875,22800.109375,22817.91015625,72600000
2020-07-16,22770.359375,22925.900390625,22739.419921875,22907.9609375,89400000
2020-07-17,22696.419921875,22857.8203125,22643.51953125,22807.5703125,55900000
2020-07-20,22717.48046875,22788.529296875,22580.189453125,22772.0703125,50000000
2020-07-21,22884.220703125,22925.580078125,22780.220703125,22789.380859375,68600000
2020-07-22,22751.609375,22855.310546875,22732.919921875,22791.75,65400000
2020-07-27,22715.849609375,22741.130859375,22429.5703125,22495.94921875,71800000
2020-07-28,22657.380859375,22842.189453125,22646.220703125,22735.01953125,67800000
2020-07-29,22397.109375,22584.869140625,22366.33984375,22543.890625,74300000
2020-07-30,22339.23046875,22506.599609375,22334.7109375,22489.240234375,77800000
2020-07-31,21710.0,22295.05078125,21710.0,22267.58984375,106600000
2020-08-03,22195.380859375,22214.58984375,21919.830078125,21947.580078125,84000000
2020-08-04,22573.66015625,22603.8203125,22379.740234375,22379.740234375,89100000
2020-08-05,22514.849609375,22554.19921875,22356.25,22479.720703125,74000000
2020-08-06,22418.150390625,22587.75,22362.890625,22471.7109375,62600000
2020-08-07,22329.939453125,22436.16015625,22204.609375,22433.779296875,66700000
2020-08-11,22750.240234375,22760.869140625,22497.0703125,22505.509765625,99300000
2020-08-12,22843.9609375,22874.369140625,22670.740234375,22747.439453125,90800000
2020-08-13,23249.609375,23316.689453125,23111.5,23123.359375,84800000
2020-08-14,23289.359375,23338.7890625,23222.849609375,23323.919921875,59800000
2020-08-17,23096.75,23248.75,23068.529296875,23189.48046875,43600000
2020-08-18,23051.080078125,23128.1796875,22948.890625,23097.80078125,55600000
2020-08-19,23110.609375,23149.849609375,22953.599609375,22997.9296875,50100000
2020-08-20,22880.619140625,23078.359375,22851.830078125,23003.580078125,50200000
2020-08-21,22920.30078125,23135.4296875,22920.30078125,23022.759765625,51200000
2020-08-24,22985.509765625,23012.7109375,22862.5390625,22913.19921875,40600000
2020-08-25,23296.76953125,23431.0390625,23225.390625,23242.740234375,75300000
2020-08-26,23290.859375,23348.80078125,23203.0,23257.05078125,47800000
2020-08-27,23208.859375,23323.0703125,23177.849609375,23311.0390625,52700000
2020-08-28,22882.650390625,23376.130859375,22594.7890625,23232.30078125,98100000
2020-08-31,23139.759765625,23342.3203125,23102.609375,23147.140625,81000000
2020-09-01,23138.0703125,23206.66015625,23047.76953125,23089.630859375,59600000
2020-09-02,23247.150390625,23287.400390625,23170.8203125,23261.08984375,52600000
2020-09-03,23465.529296875,23580.509765625,23426.109375,23524.490234375,57500000
2020-09-04,23205.4296875,23257.689453125,23098.76953125,23130.3203125,59300000
2020-09-07,23089.94921875,23218.220703125,23086.890625,23145.470703125,57300000
2020-09-08,23274.130859375,23277.66015625,23129.66015625,23188.7890625,62100000
2020-09-09,23032.5390625,23059.01953125,22878.7109375,22966.890625,84400000
2020-09-10,23235.470703125,23250.310546875,23134.01953125,23193.470703125,67600000
2020-09-11,23406.490234375,23412.9296875,23114.630859375,23114.630859375,76900000
2020-09-14,23559.30078125,23582.2109375,23429.419921875,23431.16015625,65400000
2020-09-15,23454.890625,23477.859375,23351.349609375,23438.830078125,61800000
2020-09-16,23475.529296875,23506.44921875,23397.4296875,23425.23046875,63000000
2020-09-17,23319.369140625,23446.390625,23272.23046875,23416.619140625,61100000
2020-09-18,23360.30078125,23398.4609375,23290.189453125,23321.189453125,82600000
2020-09-23,23346.490234375,23370.130859375,23154.44921875,23245.890625,77000000
2020-09-24,23087.8203125,23234.720703125,23039.48046875,23215.0,70500000
2020-09-25,23204.619140625,23272.669921875,23154.66015625,23217.330078125,72200000
2020-09-28,23511.619140625,23516.0390625,23303.029296875,23391.9609375,82000000
2020-09-29,23539.099609375,23622.740234375,23347.640625,23410.5,61300000
2020-09-30,23185.119140625,23522.380859375,23170.890625,23478.849609375,88200000
2020-10-02,23029.900390625,23365.580078125,22951.41015625,23294.80078125,86300000
2020-10-05,23312.140625,23377.4296875,23252.689453125,23254.279296875,59500000
2020-10-06,23433.73046875,23441.16015625,23331.400390625,23420.0703125,57700000
2020-10-07,23422.8203125,23432.73046875,23272.44921875,23272.44921875,52100000
2020-10-08,23647.0703125,23701.76953125,23477.73046875,23506.33984375,56300000
2020-10-09,23619.689453125,23725.580078125,23552.73046875,23713.859375,56100000
2020-10-12,23558.689453125,23597.91015625,23501.259765625,23588.740234375,44900000
2020-10-13,23601.779296875,23667.900390625,23490.94921875,23667.900390625,47200000
2020-10-14,23626.73046875,23656.69921875,23518.810546875,23545.66015625,54000000
2020-10-15,23507.23046875,23581.16015625,23458.4296875,23548.44921875,48300000
2020-10-16,23410.630859375,23538.740234375,23382.669921875,23478.400390625,48100000
2020-10-19,23671.130859375,23707.16015625,23543.689453125,23543.689453125,46300000
2020-10-20,23567.0390625,23674.869140625,23518.2890625,23587.869140625,48700000
2020-10-21,23639.4609375,23702.30078125,23611.330078125,23615.51953125,53300000
2020-10-22,23474.26953125,23555.779296875,23436.169921875,23525.58984375,44900000
2020-10-23,23516.58984375,23587.900390625,23469.130859375,23558.7109375,49200000
2020-10-26,23494.33984375,23572.599609375,23475.51953125,23520.779296875,41700000
2020-10-27,23485.80078125,23485.80078125,23232.310546875,23376.9609375,52700000
2020-10-28,23418.509765625,23451.029296875,23334.23046875,23372.609375,67100000
2020-10-29,23331.939453125,23374.099609375,23170.759765625,23170.759765625,57500000
2020-10-30,22977.130859375,23320.7109375,22948.470703125,23320.7109375,76700000
2020-11-02,23295.48046875,23370.91015625,23096.7890625,23110.740234375,69700000
2020-11-04,23695.23046875,23801.880859375,23505.779296875,23619.580078125,81600000
2020-11-05,24105.279296875,24112.419921875,23756.779296875,23776.19921875,78600000
2020-11-06,24325.23046875,24389.0,24039.16015625,24076.220703125,73200000
2020-11-09,24839.83984375,24962.80078125,24541.279296875,24568.83984375,67000000
2020-11-10,24905.58984375,25279.939453125,24833.1796875,25087.30078125,128200000
2020-11-11,25349.599609375,25401.30078125,25145.66015625,25145.66015625,102500000
2020-11-12,25520.880859375,25587.9609375,25316.599609375,25439.349609375,80500000
2020-11-13,25385.869140625,25456.1796875,25215.310546875,25405.640625,77600000
2020-11-16,25906.9296875,25928.1796875,25640.2890625,25652.689453125,84900000
2020-11-17,26014.619140625,26057.30078125,25851.5390625,26043.44921875,84800000
2020-11-18,25728.140625,25882.140625,25656.69921875,25860.55078125,69200000
2020-11-19,25634.33984375,25650.859375,25474.939453125,25628.73046875,82000000
2020-11-20,25527.369140625,25555.369140625,25425.58984375,25486.830078125,63400000
2020-11-24,26165.58984375,26261.779296875,25901.44921875,25901.44921875,81700000
2020-11-25,26296.859375,26706.419921875,26258.349609375,26468.51953125,92500000
2020-11-26,26537.310546875,26560.029296875,26255.470703125,26255.470703125,63500000
2020-11-27,26644.7109375,26672.400390625,26419.05078125,26530.279296875,86200000
2020-11-30,26433.619140625,26834.19921875,26405.830078125,26830.099609375,147700000
2020-12-01,26787.5390625,26852.16015625,26618.390625,26624.19921875,73200000
2020-12-02,26800.98046875,26889.900390625,26695.279296875,26884.990234375,80200000
2020-12-03,26809.369140625,26868.08984375,26719.23046875,26740.30078125,69500000
2020-12-04,26751.240234375,26799.830078125,26646.080078125,26697.259765625,61600000
2020-12-07,26547.439453125,26894.25,26500.3203125,26894.25,61600000
2020-12-08,26467.080078125,26523.30078125,26327.080078125,26380.3203125,55100000
2020-12-09,26817.939453125,26826.779296875,26520.599609375,26526.33984375,61800000
2020-12-10,26756.240234375,26852.76953125,26639.98046875,26688.5,69200000
2020-12-11,26652.51953125,26819.41015625,26553.009765625,26732.849609375,74900000
2020-12-14,26732.439453125,26870.470703125,26648.689453125,26659.529296875,60000000
2020-12-15,26687.83984375,26736.83984375,26605.5390625,26683.109375,59300000
2020-12-16,26757.400390625,26874.98046875,26717.029296875,26835.58984375,61300000
2020-12-17,26806.669921875,26843.05078125,26676.279296875,26744.5,61500000
2020-12-18,26763.390625,26824.2890625,26707.30078125,26775.529296875,73800000
2020-12-21,26714.419921875,26905.669921875,26533.630859375,26834.099609375,60700000
2020-12-22,26436.390625,26639.990234375,26361.66015625,26559.330078125,58600000
2020-12-23,26524.7890625,26585.2109375,26414.740234375,26580.4296875,56000000
2020-12-24,26668.349609375,26764.529296875,26605.259765625,26635.109375,47900000
2020-12-25,26656.609375,26716.609375,26638.279296875,26708.099609375,33400000
2020-12-28,26854.029296875,26854.029296875,26664.599609375,26691.2890625,50700000
2020-12-29,27568.150390625,27602.51953125,26921.140625,26936.380859375,59400000
2020-12-30,27444.169921875,27572.5703125,27338.560546875,27559.099609375,50600000
2021-01-04,27258.380859375,27602.109375,27042.3203125,27575.5703125,51500000
2021-01-05,27158.630859375,27279.779296875,27073.4609375,27151.380859375,55000000
2021-01-06,27055.939453125,27196.400390625,27002.1796875,27102.849609375,72700000
2021-01-07,27490.130859375,27624.73046875,27340.4609375,27340.4609375,98900000
2021-01-08,28139.029296875,28139.029296875,27667.75,27720.140625,84900000
2021-01-12,28164.33984375,28287.369140625,27899.44921875,28004.369140625,78800000
2021-01-13,28456.58984375,28503.4296875,28133.58984375,28140.099609375,70900000
2021-01-14,28698.259765625,28979.529296875,28411.580078125,28442.73046875,81900000
2021-01-15,28519.1796875,28820.5,28477.029296875,28777.470703125,74100000
2021-01-18,28242.2109375,28349.970703125,28111.5390625,28238.6796875,51900000
2021-01-19,28633.4609375,28720.91015625,28373.33984375,28405.490234375,58200000
2021-01-20,28523.259765625,28801.189453125,28402.109375,28798.740234375,69800000
2021-01-21,28756.859375,28846.150390625,28677.609375,28710.41015625,67700000
2021-01-22,28631.44921875,28698.1796875,28527.16015625,28580.19921875,66900000
2021-01-25,28822.2890625,28822.2890625,28566.849609375,28698.890625,57300000
2021-01-26,28546.1796875,28740.7109375,28527.810546875,28696.30078125,63500000
2021-01-27,28635.2109375,28754.990234375,28542.0,28665.33984375,69000000
2021-01-28,28197.419921875,28360.48046875,27975.849609375,28169.26953125,123900000
2021-01-29,27663.390625,28320.720703125,27629.80078125,28320.720703125,91700000
2021-02-01,28091.05078125,28107.099609375,27649.0703125,27649.0703125,65700000
2021-02-02,28362.169921875,28379.310546875,28089.119140625,28207.48046875,67500000
2021-02-03,28646.5,28669.94921875,28402.30078125,28482.7109375,84000000
2021-02-04,28341.94921875,28600.220703125,28325.890625,28557.4609375,81100000
2021-02-05,28779.189453125,28785.7109375,28548.26953125,28631.4609375,93200000
2021-02-08,29388.5,29400.560546875,28817.599609375,28831.580078125,93600000
2021-02-09,29505.9296875,29585.75,29350.48046875,29435.609375,86900000
2021-02-10,29562.9296875,29562.9296875,29368.1796875,29412.55078125,81100000
2021-02-12,29520.0703125,29650.509765625,29417.3203125,29635.880859375,79800000
2021-02-15,30084.150390625,30092.33984375,29662.41015625,29662.41015625,70300000
2021-02-16,30467.75,30714.51953125,30191.650390625,30229.4609375,81300000
2021-02-17,30292.189453125,30398.19921875,30191.009765625,30366.8203125,74800000
2021-02-18,30236.08984375,30560.490234375,30140.009765625,30311.98046875,77900000
2021-02-19,30017.919921875,30169.58984375,29847.330078125,29970.58984375,63700000
2021-02-22,30156.029296875,30458.130859375,30089.1796875,30281.779296875,62800000
2021-02-24,29671.69921875,30089.58984375,29671.69921875,30020.109375,79300000
2021-02-25,30168.26953125,30213.279296875,30044.4296875,30077.26953125,70100000
2021-02-26,28966.009765625,29760.310546875,28966.009765625,29753.73046875,92900000
2021-03-01,29663.5,29686.390625,29396.0390625,29419.44921875,62700000
2021-03-02,29408.169921875,29996.390625,29314.8203125,29939.75,70100000
2021-03-03,29559.099609375,29604.369140625,29336.599609375,29482.119140625,68800000
2021-03-04,28930.109375,29277.189453125,28711.0390625,29198.419921875,75200000
2021-03-05,28864.3203125,28867.830078125,28308.5703125,28725.48046875,85800000
2021-03-08,28743.25,29255.900390625,28644.259765625,29208.189453125,92400000
2021-03-09,29027.939453125,29053.560546875,28609.2109375,28748.869140625,96700000
2021-03-10,29036.560546875,29233.470703125,28960.08984375,29118.279296875,83000000
2021-03-11,29211.640625,29255.419921875,28995.330078125,29033.919921875,78500000
2021-03-12,29717.830078125,29744.3203125,29210.400390625,29287.740234375,96600000
2021-03-15,29766.970703125,29884.73046875,29670.310546875,29804.5,94100000
2021-03-16,29921.08984375,30026.400390625,29755.470703125,29770.390625,83800000
2021-03-17,29914.330078125,29984.970703125,29825.16015625,29836.830078125,74600000
2021-03-18,30216.75,30485.0,30041.5,30148.48046875,95400000
2021-03-19,29792.05078125,30049.76953125,29621.220703125,29904.5703125,128500000
2021-03-22,29174.150390625,29472.98046875,29107.630859375,29444.099609375,78800000
2021-03-23,28995.919921875,29496.830078125,28995.919921875,29381.490234375,79200000
2021-03-24,28405.51953125,28867.669921875,28379.060546875,28765.55078125,96000000
2021-03-25,28729.880859375,28821.830078125,28414.919921875,28457.330078125,72800000
2021-03-26,29176.69921875,29240.740234375,28953.220703125,29068.51953125,73700000
2021-03-29,29384.51953125,29578.369140625,29200.880859375,29478.119140625,107900000
2021-03-30,29432.69921875,29478.19921875,29283.890625,29365.0390625,79900000
2021-03-31,29178.80078125,29348.990234375,29165.51953125,29278.330078125,82000000
2021-04-01,29388.869140625,29585.4609375,29318.8203125,29441.91015625,75600000
2021-04-02,29854.0,29869.669921875,29694.08984375,29704.66015625,57200000
2021-04-05,30089.25,30195.0,30024.25,30084.609375,55400000
2021-04-06,29696.630859375,30208.890625,29665.859375,30208.890625,65500000
2021-04-07,29730.7890625,29867.939453125,29523.55078125,29743.48046875,61500000
2021-04-08,29708.98046875,29744.7890625,29516.419921875,29675.880859375,62600000
2021-04-09,29768.060546875,30064.349609375,29768.060546875,29865.529296875,64900000
2021-04-12,29538.73046875,29876.0390625,29538.73046875,29874.4296875,50200000
2021-04-13,29751.609375,29897.109375,29573.7890625,29605.689453125,54900000
2021-04-14,29620.990234375,29722.400390625,29567.1796875,29718.060546875,57200000
2021-04-15,29642.689453125,29787.66015625,29558.55078125,29573.900390625,50600000
2021-04-16,29683.369140625,29789.080078125,29621.830078125,29789.080078125,49100000
2021-04-19,29685.369140625,29808.009765625,29530.83984375,29688.3203125,44700000
2021-04-20,29100.380859375,29361.279296875,29014.359375,29355.869140625,59900000
2021-04-21,28508.55078125,28778.9296875,28419.83984375,28660.359375,71000000
2021-04-22,29188.169921875,29192.390625,28800.859375,28880.779296875,55100000
2021-04-23,29020.630859375,29035.33984375,28770.619140625,28939.119140625,47500000
2021-04-26,29126.23046875,29241.279296875,28896.369140625,29095.490234375,49200000
2021-04-27,28991.890625,29187.109375,28990.189453125,29174.529296875,59400000
2021-04-28,29053.970703125,29139.69921875,28875.91015625,28935.509765625,61400000
2021-04-30,28812.630859375,29046.490234375,28760.26953125,28996.66015625,78400000
2021-05-06,29331.369140625,29430.220703125,28966.470703125,29024.009765625,94300000
2021-05-07,29357.8203125,29449.859375,29237.359375,29330.44921875,67500000
2021-05-10,29518.33984375,29685.41015625,29346.140625,29376.890625,66300000
2021-05-11,28608.58984375,29289.119140625,28535.359375,29238.560546875,73200000
2021-05-12,28147.509765625,28831.029296875,27888.58984375,28712.099609375,90000000
2021-05-13,27448.009765625,27961.9609375,27385.029296875,27929.009765625,80500000
2021-05-14,28084.470703125,28139.9609375,27723.69921875,27723.69921875,73500000
2021-05-17,27824.830078125,28312.779296875,27632.529296875,28310.4609375,63900000
2021-05-18,28406.83984375,28481.169921875,27931.5703125,27931.5703125,74700000
2021-05-19,28044.44921875,28216.650390625,27842.98046875,28031.220703125,68700000
2021-05-20,28098.25,28176.869140625,27821.9609375,27875.5,56800000
2021-05-21,28317.830078125,28411.560546875,28193.029296875,28269.609375,58700000
2021-05-24,28364.609375,28584.1796875,28212.3203125,28212.3203125,54700000
2021-05-25,28553.98046875,28576.970703125,28443.740234375,28516.990234375,54000000
2021-05-26,28642.189453125,28710.830078125,28396.619140625,28396.619140625,64200000
2021-05-27,28549.009765625,28587.2109375,28360.560546875,28543.3203125,138200000
2021-05-28,29149.41015625,29194.109375,28899.66015625,28912.5390625,80600000
2021-05-31,28860.080078125,29147.7109375,28791.599609375,29019.44921875,53800000
2021-06-01,28814.33984375,29075.470703125,28611.25,28998.650390625,47400000
2021-06-02,28946.140625,29003.55078125,28565.830078125,28730.810546875,71000000
2021-06-03,29058.109375,29157.16015625,28879.150390625,28890.390625,58500000
2021-06-04,28941.51953125,28991.240234375,28764.6796875,28901.419921875,55800000
2021-06-07,29019.240234375,29241.19921875,28973.05078125,29214.0,51000000
2021-06-08,28963.560546875,29140.6796875,28897.640625,29046.029296875,50400000
2021-06-09,28860.80078125,28932.029296875,28801.830078125,28901.560546875,50400000
2021-06-10,28958.560546875,29007.529296875,28799.740234375,28799.740234375,53300000
2021-06-11,28948.73046875,29080.890625,28839.5390625,29030.0390625,71100000
2021-06-14,29161.80078125,29208.349609375,29026.26953125,29153.109375,45000000
2021-06-15,29441.30078125,29480.849609375,29235.7109375,29256.029296875,53000000
2021-06-16,29291.009765625,29434.099609375,29263.720703125,29306.140625,52400000
2021-06-17,29018.330078125,29197.6796875,28875.390625,29149.33984375,56900000
2021-06-18,28964.080078125,29136.740234375,28957.98046875,29136.740234375,90200000
2021-06-21,28010.9296875,28506.83984375,27795.859375,28506.83984375,75800000
2021-06-22,28884.130859375,28895.259765625,28494.4609375,28513.0703125,67800000
2021-06-23,28874.890625,29007.830078125,28860.060546875,28886.919921875,51100000
2021-06-24,28875.23046875,28935.33984375,28758.369140625,28811.8203125,44600000
2021-06-25,29066.1796875,29174.169921875,28992.740234375,29137.30078125,51600000
2021-06-28,29048.01953125,29121.279296875,28984.9296875,29112.66015625,47700000
2021-06-29,28812.609375,28951.6796875,28735.55078125,28927.439453125,59700000
2021-06-30,28791.529296875,28998.990234375,28779.759765625,28896.310546875,54000000
2021-07-01,28707.0390625,28833.169921875,28624.80078125,28832.41015625,45900000
2021-07-02,28783.279296875,28849.3203125,28688.630859375,28719.240234375,47500000
2021-07-05,28598.189453125,28731.0703125,28581.080078125,28709.5703125,38500000
2021-07-06,28643.2109375,28748.23046875,28587.609375,28677.94921875,41700000
2021-07-07,28366.94921875,28434.990234375,28161.75,28262.400390625,60300000
2021-07-08,28118.029296875,28366.759765625,28118.029296875,28332.630859375,62200000
2021-07-09,27940.419921875,28000.01953125,27419.400390625,27739.419921875,82300000
2021-07-12,28569.01953125,28595.119140625,28405.599609375,28412.69921875,55500000
2021-07-13,28718.240234375,28852.310546875,28699.0390625,28713.8203125,49800000
2021-07-14,28608.490234375,28696.80078125,28482.8203125,28517.310546875,54800000
2021-07-15,28279.08984375,28571.720703125,28240.2109375,28539.3203125,53200000
2021-07-16,28003.080078125,28201.30078125,27847.349609375,28039.259765625,50400000
2021-07-19,27652.740234375,27792.51953125,27493.630859375,27663.400390625,49900000
2021-07-20,27388.16015625,27564.51953125,27330.150390625,27351.80078125,63000000
2021-07-21,27548.0,27882.4296875,27438.0703125,27747.060546875,51400000
2021-07-26,27833.2890625,28036.470703125,27786.439453125,27990.470703125,54500000
2021-07-27,27970.220703125,28036.23046875,27862.689453125,27911.9296875,51700000
2021-07-28,27581.66015625,27809.859375,27466.990234375,27674.990234375,57100000
2021-07-29,27782.419921875,27798.05078125,27663.41015625,27722.609375,67800000
2021-07-30,27283.58984375,27699.349609375,27272.490234375,27677.890625,70600000
2021-08-02,27781.01953125,27834.599609375,27493.3203125,27493.3203125,60100000
2021-08-03,27641.830078125,27724.44921875,27492.400390625,27580.029296875,57900000
2021-08-04,27584.080078125,27636.33984375,27488.740234375,27612.900390625,67500000
2021-08-05,27728.119140625,27741.55078125,27526.669921875,27526.669921875,55900000
2021-08-06,27820.0390625,27888.869140625,27709.220703125,27709.220703125,56400000
2021-08-10,27888.150390625,28128.609375,27808.5390625,27887.029296875,61400000
2021-08-11,28070.509765625,28146.6796875,27974.990234375,28045.83984375,67100000
2021-08-12,28015.01953125,28279.80078125,28006.310546875,28177.19921875,57900000
2021-08-13,27977.150390625,28070.0,27949.330078125,28038.9609375,55800000
2021-08-16,27523.189453125,27833.2109375,27427.380859375,27806.109375,57200000
2021-08-17,27424.470703125,27750.390625,27424.470703125,27666.939453125,49600000
2021-08-18,27585.91015625,27671.5703125,27347.76953125,27418.080078125,50100000
2021-08-19,27281.169921875,27504.80078125,27255.580078125,27398.580078125,65100000
2021-08-20,27013.25,27316.7890625,26954.810546875,27238.44921875,75800000
2021-08-23,27494.240234375,27541.630859375,27193.099609375,27193.099609375,56800000
2021-08-24,27732.099609375,27817.890625,27653.23046875,27653.23046875,57100000
2021-08-25,27724.80078125,27897.720703125,27684.05078125,27768.130859375,51500000
2021-08-26,27742.2890625,27828.279296875,27684.5,27793.630859375,48500000
2021-08-27,27641.140625,27670.66015625,27481.23046875,27581.240234375,49200000
2021-08-30,27789.2890625,27921.55078125,27656.630859375,27867.599609375,58600000
2021-08-31,28089.5390625,28158.94921875,27602.2109375,27690.76953125,75900000
2021-09-01,28451.01953125,28457.669921875,28179.0390625,28179.0390625,64800000
2021-09-02,28543.509765625,28626.19921875,28412.91015625,28522.4609375,60100000
2021-09-03,29128.109375,29149.650390625,28607.869140625,28626.48046875,74900000
2021-09-06,29659.890625,29705.0390625,29469.349609375,29501.220703125,68300000
2021-09-07,29916.140625,30048.23046875,29838.4296875,29883.919921875,75200000
2021-09-08,30181.2109375,30241.869140625,29787.130859375,29819.55078125,82500000
2021-09-09,30008.189453125,30097.560546875,29909.919921875,29959.2109375,78800000
2021-09-10,30381.83984375,30381.83984375,30064.01953125,30089.44921875,88800000
2021-09-13,30447.369140625,30447.369140625,30229.009765625,30372.01953125,64600000
2021-09-14,30670.099609375,30795.779296875,30504.810546875,30584.76953125,79100000
2021-09-15,30511.7109375,30573.41015625,30347.30078125,30464.169921875,68600000
2021-09-16,30323.33984375,30622.390625,30202.509765625,30606.150390625,69900000
2021-09-17,30500.05078125,30541.990234375,30358.9296875,30387.5390625,97900000
2021-09-21,29839.7109375,30051.0,29832.51953125,30021.25,76300000
2021-09-22,29639.400390625,29868.099609375,29573.880859375,29744.73046875,69000000
2021-09-24,30248.810546875,30276.380859375,30110.30078125,30141.609375,84600000
2021-09-27,30240.060546875,30414.609375,30197.400390625,30277.8203125,74600000
2021-09-28,30183.9609375,30207.630859375,30001.990234375,30142.380859375,89800000
2021-09-29,29544.2890625,29679.259765625,29329.16015625,29611.919921875,94700000
2021-09-30,29452.66015625,29622.26953125,29311.33984375,29569.189453125,99000000
2021-10-01,28771.0703125,29393.669921875,28680.73046875,29235.109375,82200000
2021-10-04,28444.890625,29046.060546875,28343.580078125,29044.470703125,76400000
2021-10-05,27822.119140625,28058.669921875,27460.2890625,28050.390625,88200000
2021-10-06,27528.869140625,28209.8203125,27293.619140625,28033.91015625,100200000
2021-10-07,27678.2109375,28015.109375,27607.970703125,27665.970703125,79600000
2021-10-08,28048.939453125,28321.349609375,28018.890625,28031.369140625,82700000
2021-10-11,28498.19921875,28581.359375,27893.3203125,27977.5703125,72300000
2021-10-12,28230.609375,28468.880859375,28166.380859375,28458.880859375,66300000
2021-10-13,28140.279296875,28364.990234375,27993.4609375,28085.439453125,63900000
2021-10-14,28550.9296875,28576.6796875,28234.009765625,28264.41015625,64800000
2021-10-15,29068.630859375,29082.349609375,28726.220703125,28787.259765625,66300000
2021-10-18,29025.4609375,29144.330078125,28924.400390625,29093.8203125,62600000
2021-10-19,29215.51953125,29272.490234375,29075.369140625,29117.279296875,57600000
2021-10-20,29255.55078125,29489.109375,29222.3203125,29385.94921875,66100000
2021-10-21,28708.580078125,29220.8203125,28688.779296875,29152.740234375,59100000
2021-10-22,28804.849609375,28989.5,28546.5703125,28578.529296875,60200000
2021-10-25,28600.41015625,28668.69921875,28472.55078125,28527.130859375,62700000
2021-10-26,29106.009765625,29160.759765625,28893.94921875,28927.609375,72800000
2021-10-27,29098.240234375,29139.220703125,28870.25,29056.009765625,70600000
2021-10-28,28820.08984375,28895.109375,28693.060546875,28871.609375,142800000
2021-10-29,28892.689453125,29000.650390625,28475.060546875,28819.16015625,104500000
2021-11-01,29647.080078125,29666.830078125,29267.630859375,29330.6796875,76700000
2021-11-02,29520.900390625,29599.5703125,29457.1796875,29462.400390625,71100000
2021-11-04,29794.369140625,29880.810546875,29718.779296875,29859.740234375,90400000
2021-11-05,29611.5703125,29840.73046875,29504.0703125,29840.73046875,73500000
2021-11-08,29507.05078125,29735.44921875,29507.05078125,29735.44921875,68300000
2021-11-09,29285.4609375,29750.4609375,29240.310546875,29557.55078125,65000000
2021-11-10,29106.779296875,29296.880859375,29079.76953125,29209.060546875,63900000
2021-11-11,29277.859375,29336.029296875,29040.080078125,29046.189453125,60600000
2021-11-12,29609.970703125,29661.220703125,29381.44921875,29381.44921875,68400000
2021-11-15,29776.80078125,29861.880859375,29718.2109375,29807.369140625,60400000
2021-11-16,29808.119140625,29960.9296875,29681.25,29749.7109375,62000000
2021-11-17,29688.330078125,29909.970703125,29623.7890625,29906.6796875,63900000
2021-11-18,29598.66015625,29715.94921875,29402.5703125,29597.9296875,65400000
2021-11-19,29745.869140625,29768.5390625,29589.189453125,29641.05078125,65600000
2021-11-22,29774.109375,29806.490234375,29542.2890625,29618.55078125,58800000
2021-11-24,29302.66015625,29758.05078125,29212.9296875,29663.44921875,69500000
2021-11-25,29499.279296875,29570.419921875,29444.44921875,29469.650390625,50700000
2021-11-26,28751.619140625,29332.990234375,28605.609375,29324.470703125,72900000
2021-11-29,28283.919921875,28776.33984375,28187.119140625,28337.9609375,85900000
2021-11-30,27821.759765625,28718.69921875,27819.140625,28611.73046875,140700000
2021-12-01,27935.619140625,28106.30078125,27594.009765625,27866.73046875,80900000
2021-12-02,27753.369140625,27938.55078125,27644.9609375,27716.19921875,77400000
2021-12-03,28029.5703125,28029.5703125,27588.609375,27841.05078125,71900000
2021-12-06,27927.369140625,28081.0390625,27693.91015625,28069.9609375,61700000
2021-12-07,28455.599609375,28618.4609375,27961.66015625,28138.8203125,78300000
2021-12-08,28860.619140625,28897.439453125,28621.470703125,28792.890625,72000000
2021-12-09,28725.470703125,28908.2890625,28725.470703125,28827.3203125,54400000
2021-12-10,28437.76953125,28699.009765625,28392.869140625,28542.5,63400000
2021-12-13,28640.490234375,28793.3203125,28593.44921875,28705.259765625,53500000
2021-12-14,28432.640625,28672.9609375,28309.669921875,28554.859375,55200000
2021-12-15,28459.720703125,28525.830078125,28358.470703125,28358.470703125,55900000
2021-12-16,29066.3203125,29070.080078125,28782.189453125,28868.369140625,60300000
2021-12-17,28545.6796875,28904.939453125,28503.080078125,28854.599609375,84400000
2021-12-20,27937.810546875,28441.509765625,27893.1796875,28325.4609375,65200000
2021-12-21,28517.58984375,28533.740234375,28226.4296875,28309.599609375,55800000
2021-12-22,28562.2109375,28673.76953125,28473.849609375,28614.060546875,44700000
2021-12-23,28798.369140625,28798.369140625,28640.150390625,28703.009765625,43600000
2021-12-24,28782.58984375,28870.130859375,28773.5,28836.05078125,35900000
2021-12-27,28676.4609375,28805.279296875,28658.8203125,28786.330078125,37500000
2021-12-28,29069.16015625,29121.009765625,28879.6796875,28953.3203125,47000000
2021-12-29,28906.880859375,29106.279296875,28729.609375,28995.73046875,44700000
2021-12-30,28791.7109375,28904.419921875,28579.490234375,28794.240234375,40400000
2022-01-04,29301.7890625,29323.7890625,28954.560546875,29098.41015625,66000000
2022-01-05,29332.16015625,29388.16015625,29204.44921875,29288.80078125,78600000
2022-01-06,28487.869140625,29158.94921875,28487.869140625,29136.75,71600000
2022-01-07,28478.560546875,28813.08984375,28293.69921875,28711.529296875,75200000
2022-01-11,28222.48046875,28473.470703125,28089.490234375,28380.900390625,73700000
2022-01-12,28765.66015625,28814.310546875,28427.599609375,28449.529296875,72500000
2022-01-13,28489.130859375,28660.44921875,28444.9609375,28658.220703125,69900000
2022-01-14,28124.279296875,28252.9609375,27889.2109375,28246.990234375,82100000
2022-01-17,28333.51953125,28449.990234375,28274.1796875,28332.720703125,54500000
2022-01-18,28257.25,28690.33984375,28129.66015625,28451.33984375,71300000
2022-01-19,27467.23046875,27958.169921875,27314.41015625,27928.890625,84300000
2022-01-20,27772.9296875,27882.529296875,27217.58984375,27401.4296875,74000000
2022-01-21,27522.259765625,27586.419921875,27129.609375,27404.359375,72700000
2022-01-24,27588.369140625,27627.599609375,27203.330078125,27258.44921875,61000000
2022-01-25,27131.33984375,27493.75,26890.939453125,27466.8203125,77000000
2022-01-26,27011.330078125,27184.5390625,26858.6796875,27105.98046875,60500000
2022-01-27,26170.30078125,27193.58984375,26044.51953125,27139.880859375,88700000
2022-01-28,26717.33984375,26764.849609375,26289.689453125,26429.849609375,76000000
2022-01-31,27001.98046875,27134.5703125,26541.650390625,26690.599609375,78300000
2022-02-01,27078.48046875,27410.7890625,27016.7109375,27167.140625,81100000
2022-02-02,27533.599609375,27564.619140625,27289.16015625,27302.990234375,85200000
2022-02-03,27241.310546875,27357.330078125,27165.9296875,27330.9609375,81100000
2022-02-04,27439.990234375,27455.98046875,27075.990234375,27095.900390625,79600000
2022-02-07,27248.869140625,27369.6796875,27085.3203125,27327.630859375,77100000
2022-02-08,27284.51953125,27461.330078125,27280.25,27318.30078125,76600000
2022-02-09,27579.869140625,27633.099609375,27405.880859375,27488.650390625,93500000
2022-02-10,27696.080078125,27880.69921875,27575.0703125,27818.099609375,82900000
2022-02-14,27079.58984375,27325.5,26947.650390625,27305.919921875,79800000
2022-02-15,26865.189453125,27205.19921875,26724.91015625,27183.560546875,76200000
2022-02-16,27460.400390625,27486.08984375,27227.240234375,27269.05078125,64100000
2022-02-17,27232.869140625,27438.740234375,27080.919921875,27431.419921875,67800000
2022-02-18,27122.0703125,27216.16015625,26792.5390625,26895.16015625,63500000
2022-02-21,26910.869140625,26998.470703125,26549.0,26771.580078125,52900000
2022-02-22,26449.609375,26550.140625,26243.73046875,26515.44921875,67300000
2022-02-24,25970.8203125,26357.580078125,25775.640625,26281.349609375,93500000
2022-02-25,26476.5,26481.599609375,26160.189453125,26213.19921875,77600000
2022-02-28,26526.8203125,26644.560546875,26262.630859375,26457.51953125,91100000
2022-03-01,26844.720703125,27013.259765625,26821.75,26836.740234375,74000000
2022-03-02,26393.029296875,26585.30078125,26313.720703125,26532.19921875,87700000
2022-03-03,26577.26953125,26704.849609375,26496.720703125,26628.869140625,74800000
2022-03-04,25985.470703125,26421.849609375,25774.279296875,26421.849609375,93500000
2022-03-07,25221.41015625,25640.41015625,25006.259765625,25634.08984375,105400000
2022-03-08,24790.94921875,25291.330078125,24767.330078125,24974.349609375,114700000
2022-03-09,24717.529296875,25084.080078125,24681.740234375,24876.490234375,91500000
2022-03-10,25690.400390625,25720.310546875,25099.849609375,25108.470703125,95200000
2022-03-11,25162.779296875,25503.650390625,24966.5,25495.029296875,89600000
2022-03-14,25307.849609375,25631.009765625,25299.640625,25338.640625,72600000
2022-03-15,25346.48046875,25441.669921875,25219.130859375,25228.529296875,73200000
2022-03-16,25762.009765625,25824.939453125,25470.4609375,25574.900390625,82300000
2022-03-17,26652.890625,26702.939453125,26152.890625,26170.380859375,89600000
2022-03-18,26827.4296875,26862.4296875,26592.98046875,26649.5,108200000
2022-03-22,27224.109375,27284.470703125,27076.330078125,27091.3203125,98000000
2022-03-23,28040.16015625,28056.19921875,27604.369140625,27606.7890625,88200000
2022-03-24,28110.390625,28110.390625,27624.619140625,27693.76953125,71600000
2022-03-25,28149.83984375,28338.810546875,27946.7890625,28338.810546875,67400000
2022-03-28,27943.890625,28084.080078125,27812.669921875,28084.080078125,65300000
2022-03-29,28252.419921875,28252.419921875,28063.919921875,28173.4296875,77700000
2022-03-30,28027.25,28281.44921875,27736.26953125,28250.80078125,83400000
2022-03-31,27821.4296875,28101.6796875,27763.9609375,27809.970703125,78600000
2022-04-01,27665.98046875,27738.310546875,27399.48046875,27624.109375,66800000
2022-04-04,27736.470703125,27754.240234375,27578.810546875,27685.650390625,50300000
2022-04-05,27787.98046875,27965.939453125,27662.279296875,27965.939453125,64300000
2022-04-06,27350.30078125,27549.669921875,27214.609375,27533.880859375,68700000
2022-04-07,26888.5703125,27042.490234375,26801.7890625,27032.419921875,71100000
2022-04-08,26985.80078125,27185.23046875,26764.359375,27097.05078125,78100000
2022-04-11,26821.51953125,27004.5,26720.4609375,26877.599609375,73500000
2022-04-12,26334.98046875,26674.859375,26304.080078125,26606.869140625,75300000
2022-04-13,26843.490234375,26885.869140625,26429.470703125,26436.060546875,71600000
2022-04-14,27172.0,27200.890625,26890.6796875,26925.640625,61800000
2022-04-15,27093.189453125,27203.76953125,26784.919921875,26932.48046875,51500000
2022-04-18,26799.7109375,26851.80078125,26571.380859375,26831.44921875,48300000
2022-04-19,26985.08984375,27100.58984375,26777.7109375,27096.490234375,60500000
2022-04-20,27217.849609375,27389.83984375,27066.1796875,27210.7890625,72300000
2022-04-21,27553.060546875,27580.640625,27252.830078125,27259.140625,62300000
2022-04-22,27105.259765625,27205.830078125,26904.380859375,27197.80078125,58500000
2022-04-25,26590.779296875,26764.48046875,26487.83984375,26692.48046875,62700000
2022-04-26,26700.109375,26808.990234375,26592.990234375,26743.2109375,64300000
2022-04-27,26386.630859375,26406.619140625,26051.0390625,26313.140625,97300000
2022-04-28,26847.900390625,26876.94921875,26348.359375,26430.279296875,86700000
2022-05-02,26818.529296875,26964.58984375,26610.859375,26851.099609375,74500000
2022-05-06,27003.560546875,27072.58984375,26543.2890625,26784.2890625,98500000
2022-05-09,26319.33984375,26732.609375,26309.220703125,26705.3203125,79500000
2022-05-10,26167.099609375,26246.630859375,25773.830078125,26149.060546875,80800000
2022-05-11,26213.640625,26290.619140625,26003.259765625,26045.380859375,85900000
2022-05-12,25748.720703125,26028.359375,25688.109375,25945.0390625,91200000
2022-05-13,26427.650390625,26479.9296875,25904.400390625,25918.80078125,103800000
2022-05-16,26547.05078125,26836.9609375,26438.609375,26753.369140625,87000000
2022-05-17,26659.75,26709.259765625,26440.619140625,26555.23046875,78900000
2022-05-18,26911.19921875,27053.1796875,26741.33984375,26826.8203125,74700000
2022-05-19,26402.83984375,26458.849609375,26150.08984375,26435.3203125,74500000
2022-05-20,26739.029296875,26769.19921875,26426.990234375,26448.23046875,76300000
2022-05-23,27001.51953125,27047.470703125,26832.650390625,26991.419921875,65000000
2022-05-24,26748.140625,27005.4296875,26736.009765625,27005.4296875,67400000
2022-05-25,26677.80078125,26795.890625,26578.029296875,26711.529296875,72300000
2022-05-26,26604.83984375,26898.75,26597.970703125,26685.01953125,64500000
2022-05-27,26781.6796875,26996.69921875,26731.599609375,26947.80078125,69300000
2022-05-30,27369.4296875,27401.240234375,27057.19921875,27092.8203125,97000000
2022-05-31,27279.80078125,27463.330078125,27250.69921875,27318.08984375,141800000
2022-06-01,27457.890625,27482.310546875,27295.419921875,27295.630859375,75800000
2022-06-02,27413.880859375,27450.470703125,27251.240234375,27340.51953125,63600000
2022-06-03,27761.5703125,27776.330078125,27614.859375,27660.619140625,63700000
2022-06-06,27915.890625,27979.5390625,27523.94921875,27549.640625,56800000
2022-06-07,27943.94921875,28094.73046875,27863.380859375,27984.7890625,68300000
2022-06-08,28234.2890625,28234.2890625,28089.779296875,28100.259765625,78700000
2022-06-09,28246.529296875,28389.75,28189.349609375,28189.349609375,80300000
2022-06-10,27824.2890625,28044.44921875,27795.169921875,27996.349609375,79700000
2022-06-13,26987.439453125,27389.30078125,26948.220703125,27369.66015625,71400000
2022-06-14,26629.859375,26657.919921875,26357.900390625,26555.75,75000000
2022-06-15,26326.16015625,26638.759765625,26321.6796875,26625.6796875,72700000
2022-06-16,26431.19921875,26947.69921875,26431.19921875,26715.51953125,67800000
2022-06-17,25963.0,26072.349609375,25720.80078125,25988.19921875,115200000
2022-06-20,25771.220703125,26156.619140625,25520.23046875,26156.619140625,72200000
2022-06-21,26246.310546875,26418.83984375,25972.279296875,26070.919921875,65400000
2022-06-22,26149.55078125,26462.830078125,26149.169921875,26441.720703125,66400000
2022-06-23,26171.25,26401.970703125,26039.5703125,26134.890625,65700000
2022-06-24,26491.970703125,26519.16015625,26148.560546875,26228.419921875,72600000
2022-06-27,26871.26953125,26938.4296875,26665.439453125,26741.80078125,65800000
2022-06-28,27049.470703125,27062.310546875,26789.5,26795.6796875,73400000
2022-06-29,26804.599609375,26858.6796875,26687.470703125,26814.23046875,101100000
2022-06-30,26393.0390625,26753.279296875,26324.310546875,26753.279296875,86100000
2022-07-01,25935.619140625,26531.240234375,25841.75,26460.7109375,81700000
2022-07-04,26153.810546875,26258.859375,25945.830078125,26086.779296875,68700000
2022-07-05,26423.470703125,26532.509765625,26294.83984375,26386.23046875,62800000
2022-07-06,26107.650390625,26298.9609375,26051.189453125,26190.400390625,89700000
2022-07-07,26490.529296875,26533.650390625,26136.990234375,26280.939453125,80700000
2022-07-08,26517.189453125,26881.75,26510.529296875,26623.849609375,89300000
2022-07-11,26812.30078125,27062.169921875,26710.58984375,26892.73046875,68500000
2022-07-12,26336.66015625,26718.669921875,26278.279296875,26701.0,64400000
2022-07-13,26478.76953125,26543.0703125,26389.099609375,26403.7890625,54100000
2022-07-14,26643.390625,26713.0703125,26312.7890625,26357.3203125,60600000
2022-07-15,26788.470703125,26857.76953125,26571.380859375,26736.080078125,65500000
2022-07-19,26961.6796875,27043.580078125,26791.7109375,27003.830078125,59400000
2022-07-20,27680.259765625,27692.849609375,27295.94921875,27295.94921875,66700000
2022-07-21,27803.0,27803.0,27549.560546875,27627.880859375,56700000
2022-07-22,27914.66015625,27952.25,27701.25,27773.140625,60100000
2022-07-25,27699.25,27848.58984375,27663.16015625,27697.76953125,46500000
2022-07-26,27655.2109375,27715.779296875,27538.390625,27682.19921875,50000000
2022-07-27,27715.75,27772.970703125,27525.08984375,27575.16015625,51100000
2022-07-28,27815.48046875,28015.6796875,27651.990234375,27909.150390625,83500000
2022-07-29,27801.640625,28001.80078125,27725.240234375,27915.220703125,79300000
2022-08-01,27993.349609375,27993.349609375,27751.58984375,27813.8203125,71900000
2022-08-02,27594.73046875,27830.580078125,27530.599609375,27812.48046875,71800000
2022-08-03,27741.900390625,27837.630859375,27634.650390625,27673.0,72300000
2022-08-04,27932.19921875,28005.58984375,27870.05078125,27930.939453125,83100000
2022-08-05,28175.869140625,28190.0390625,27910.220703125,27915.060546875,71300000
2022-08-08,28249.240234375,28279.119140625,28047.080078125,28050.08984375,66100000
2022-08-09,27999.9609375,28257.33984375,27966.91015625,28236.83984375,64900000
2022-08-10,27819.330078125,27964.9609375,27729.4609375,27955.109375,59900000
2022-08-12,28546.98046875,28546.98046875,28207.859375,28251.740234375,89600000
2022-08-15,28871.779296875,28897.0703125,28623.779296875,28623.779296875,53700000
2022-08-16,28868.91015625,28928.16015625,28752.880859375,28829.529296875,50100000
2022-08-17,29222.76953125,29222.76953125,28944.7109375,28952.650390625,66600000
2022-08-18,28942.140625,28999.640625,28846.51953125,28957.400390625,47400000
2022-08-19,28930.330078125,29150.80078125,28913.05078125,29095.7109375,48400000
2022-08-22,28794.5,28828.2109375,28586.359375,28654.0703125,49200000
2022-08-23,28452.75,28580.19921875,28395.30078125,28580.19921875,55700000
2022-08-24,28313.470703125,28515.609375,28282.2109375,28481.33984375,62000000
2022-08-25,28479.009765625,28534.7109375,28357.029296875,28415.109375,53700000
2022-08-26,28641.380859375,28792.9296875,28608.69921875,28639.470703125,49100000
2022-08-29,27878.9609375,28179.08984375,27788.119140625,28161.060546875,64100000
2022-08-30,28195.580078125,28233.80078125,27944.25,28086.720703125,60700000
2022-08-31,28091.529296875,28104.80078125,27906.169921875,27928.08984375,86200000
2022-09-01,27661.470703125,27832.779296875,27589.69921875,27797.0,68900000
2022-09-02,27650.83984375,27772.369140625,27570.740234375,27755.599609375,58800000
2022-09-05,27619.609375,27673.439453125,27511.6796875,27567.2890625,47100000
2022-09-06,27626.509765625,27813.779296875,27557.990234375,27650.150390625,46300000
2022-09-07,27430.30078125,27546.009765625,27268.69921875,27546.009765625,69400000
2022-09-08,28065.279296875,28083.7890625,27718.30078125,27732.6796875,75200000
2022-09-09,28214.75,28286.01953125,28091.380859375,28204.7109375,74000000
2022-09-12,28542.109375,28612.890625,28438.369140625,28483.58984375,50500000
2022-09-13,28614.630859375,28659.759765625,28530.359375,28556.2109375,51700000
2022-09-14,27818.619140625,28141.919921875,27795.640625,28132.69921875,70900000
2022-09-15,27875.91015625,27946.19921875,27801.439453125,27873.9609375,48700000
2022-09-16,27567.650390625,27654.990234375,27525.6796875,27631.390625,81600000
2022-09-20,27688.419921875,27907.44921875,27627.859375,27788.6796875,60000000
2022-09-21,27313.130859375,27467.33984375,27297.5,27440.83984375,65500000
2022-09-22,27153.830078125,27197.0703125,26955.1796875,27053.580078125,62200000
2022-09-26,26431.55078125,26779.439453125,26424.599609375,26779.439453125,96500000
2022-09-27,26571.869140625,26680.19921875,26523.76953125,26585.380859375,66800000
2022-09-28,26173.98046875,26516.3203125,25938.359375,26422.859375,92900000
2022-09-29,26422.05078125,26458.669921875,26221.779296875,26280.5,88900000
2022-09-30,25937.2109375,26273.650390625,25805.58984375,26240.0,101300000
2022-10-03,26215.7890625,26223.83984375,25621.9609375,25778.94921875,80700000
2022-10-04,26992.2109375,26994.439453125,26633.51953125,26653.490234375,87100000
2022-10-05,27120.529296875,27216.80078125,27030.55078125,27211.3203125,73300000
2022-10-06,27311.30078125,27399.189453125,27137.98046875,27137.98046875,69400000
2022-10-07,27116.109375,27198.91015625,26921.900390625,26975.919921875,66700000
2022-10-11,26401.25,26759.619140625,26369.560546875,26757.119140625,78900000
2022-10-12,26396.830078125,26495.75,26313.41015625,26353.220703125,68800000
2022-10-13,26237.419921875,26408.310546875,26237.419921875,26398.2890625,59200000
2022-10-14,27090.759765625,27180.16015625,26595.349609375,26599.3203125,82400000
2022-10-17,26775.7890625,26814.919921875,26649.130859375,26785.01953125,65300000
2022-10-18,27156.140625,27229.880859375,26910.099609375,27167.73046875,66100000
2022-10-19,27257.380859375,27371.380859375,27192.7890625,27225.169921875,57600000
2022-10-20,27006.9609375,27092.55078125,26872.44921875,26981.75,60300000
2022-10-21,26890.580078125,26985.380859375,26869.380859375,26903.5,56300000
2022-10-24,26974.900390625,27308.970703125,26974.900390625,27233.0,59100000
2022-10-25,27250.279296875,27337.80078125,27073.1796875,27113.19921875,62200000
2022-10-26,27431.83984375,27578.05078125,27404.900390625,27410.640625,61000000
2022-10-27,27345.240234375,27450.259765625,27330.7890625,27407.23046875,65400000
2022-10-28,27105.19921875,27265.4609375,26981.080078125,27097.380859375,144600000
2022-10-31,27587.4609375,27602.990234375,27392.990234375,27404.30078125,71100000
2022-11-01,27678.919921875,27682.970703125,27526.1796875,27614.640625,72600000
2022-11-02,27663.390625,27692.55078125,27546.880859375,27562.30078125,86600000
2022-11-04,27199.740234375,27389.30078125,27032.01953125,27371.890625,111100000
2022-11-07,27527.640625,27578.009765625,27357.529296875,27406.779296875,78900000
2022-11-08,27872.109375,27943.26953125,27704.640625,27718.83984375,84400000
2022-11-09,27716.4296875,27926.51953125,27688.859375,27884.55078125,79100000
2022-11-10,27446.099609375,27485.380859375,27370.619140625,27459.080078125,77100000
2022-11-11,28263.5703125,28329.5390625,27837.08984375,27868.689453125,103700000
2022-11-14,27963.470703125,28305.0390625,27963.470703125,28277.640625,85100000
2022-11-15,27990.169921875,28038.630859375,27903.26953125,27940.259765625,71200000
2022-11-16,28028.30078125,28069.25,27743.150390625,28020.490234375,73200000
2022-11-17,27930.5703125,28029.619140625,27910.009765625,27952.2109375,58900000
2022-11-18,27899.76953125,28045.439453125,27877.779296875,28009.8203125,64800000
2022-11-21,27944.7890625,28007.060546875,27846.30078125,27982.0,56500000
2022-11-22,28115.740234375,28203.349609375,28038.16015625,28059.509765625,75900000
2022-11-24,28383.08984375,28502.2890625,28363.66015625,28373.720703125,83900000
2022-11-25,28283.029296875,28399.880859375,28263.599609375,28398.76953125,56800000
2022-11-28,28162.830078125,28238.5,28046.3203125,28220.560546875,64600000
2022-11-29,28027.83984375,28055.91015625,27899.98046875,27991.5,64800000
2022-11-30,27968.990234375,27972.890625,27802.7109375,27886.669921875,106600000
2022-12-01,28226.080078125,28423.4609375,28226.080078125,28273.130859375,71400000
2022-12-02,27777.900390625,27983.1796875,27662.119140625,27983.1796875,79400000
2022-12-05,27820.400390625,27854.109375,27700.859375,27752.990234375,63900000
2022-12-06,27885.869140625,27934.0703125,27698.310546875,27704.060546875,60400000
2022-12-07,27686.400390625,27786.25,27646.779296875,27670.2890625,63000000
2022-12-08,27574.4296875,27643.640625,27415.66015625,27622.30078125,64900000
2022-12-09,27901.009765625,27952.80078125,27633.9609375,27633.9609375,70200000
2022-12-12,27842.330078125,27865.720703125,27734.66015625,27741.099609375,49600000
2022-12-13,27954.849609375,28116.560546875,27907.490234375,28067.369140625,51900000
2022-12-14,28156.2109375,28195.689453125,27993.779296875,28005.029296875,54800000
2022-12-15,28051.69921875,28163.169921875,27987.5390625,27991.140625,51100000
2022-12-16,27527.119140625,27713.0390625,27488.830078125,27706.69921875,83800000
2022-12-19,27237.640625,27349.580078125,27165.779296875,27279.919921875,58200000
2022-12-20,26568.029296875,27339.490234375,26416.91015625,27257.349609375,118500000
2022-12-21,26387.720703125,26616.279296875,26269.80078125,26547.169921875,119200000
2022-12-22,26507.869140625,26585.279296875,26399.310546875,26552.4296875,73400000
2022-12-23,26235.25,26291.98046875,26106.380859375,26207.76953125,75700000
2022-12-26,26405.869140625,26438.650390625,26294.849609375,26299.5390625,47300000
2022-12-27,26447.869140625,26620.490234375,26447.869140625,26570.779296875,50200000
2022-12-28,26340.5,26354.26953125,26199.669921875,26309.33984375,61500000
2022-12-29,26093.669921875,26126.69921875,25953.919921875,26074.900390625,63100000
2022-12-30,26094.5,26321.369140625,26067.919921875,26288.0,52700000
2023-01-04,25716.859375,25840.6796875,25661.890625,25834.9296875,83300000
2023-01-05,25820.80078125,25947.099609375,25750.4609375,25825.5,72300000
2023-01-06,25973.849609375,26034.060546875,25719.609375,25740.080078125,68200000
2023-01-10,26175.560546875,26316.66015625,26132.80078125,26176.609375,71200000
2023-01-11,26446.0,26479.990234375,26332.05078125,26362.2109375,62400000
2023-01-12,26449.8203125,26547.609375,26381.9296875,26524.939453125,77000000
2023-01-13,26119.51953125,26409.2109375,26090.83984375,26391.779296875,98300000
2023-01-16,25822.3203125,25938.0390625,25748.099609375,25836.669921875,71700000
2023-01-17,26138.6796875,26198.689453125,25895.30078125,25915.509765625,68100000
2023-01-18,26791.119140625,26816.6796875,26211.83984375,26251.33984375,93400000
2023-01-19,26405.23046875,26592.869140625,26368.970703125,26541.080078125,68700000
2023-01-20,26553.529296875,26553.529296875,26320.9609375,26346.689453125,60400000
2023-01-23,26906.0390625,26938.279296875,26788.759765625,26880.2109375,60200000
2023-01-24,27299.189453125,27381.0,27150.4296875,27150.4296875,70800000
2023-01-25,27395.009765625,27473.900390625,27175.880859375,27175.880859375,63400000
2023-01-26,27362.75,27502.150390625,27284.080078125,27444.640625,63300000
2023-01-27,27382.560546875,27452.669921875,27326.91015625,27428.41015625,71500000
2023-01-30,27433.400390625,27486.419921875,27337.25,27384.76953125,65800000
2023-01-31,27327.109375,27494.169921875,27302.220703125,27458.560546875,74600000
2023-02-01,27346.880859375,27547.669921875,27322.7890625,27483.41015625,65800000
2023-02-02,27402.05078125,27472.439453125,27338.4296875,27453.669921875,73200000
2023-02-03,27509.4609375,27612.5703125,27445.689453125,27455.029296875,92800000
2023-02-06,27693.650390625,27821.220703125,27656.470703125,27764.66015625,88400000
2023-02-07,27685.470703125,27814.9609375,27662.109375,27744.900390625,74300000
2023-02-08,27606.4609375,27719.44921875,27458.529296875,27690.740234375,69000000
2023-02-09,27584.349609375,27635.380859375,27424.689453125,27453.400390625,61700000
2023-02-10,27670.98046875,27814.01953125,27609.330078125,27711.25,88800000
2023-02-13,27427.3203125,27570.3203125,27266.939453125,27550.349609375,70400000
2023-02-14,27602.76953125,27721.8203125,27553.1796875,27705.369140625,55800000
2023-02-15,27501.859375,27720.26953125,27444.130859375,27686.009765625,72100000
2023-02-16,27696.439453125,27727.66015625,27597.119140625,27654.720703125,68100000
2023-02-17,27513.130859375,27608.58984375,27466.609375,27484.599609375,68800000
2023-02-20,27531.939453125,27531.939453125,27426.48046875,27497.130859375,62500000
2023-02-21,27473.099609375,27538.2890625,27359.119140625,27486.08984375,61600000
2023-02-22,27104.3203125,27300.529296875,27046.080078125,27265.990234375,74700000
2023-02-24,27453.48046875,27465.900390625,27128.3203125,27144.720703125,76000000
2023-02-27,27423.9609375,27456.220703125,27292.740234375,27322.73046875,59400000
2023-02-28,27445.560546875,27585.169921875,27400.359375,27515.33984375,86300000
2023-03-01,27516.529296875,27530.759765625,27305.369140625,27363.5703125,69800000
2023-03-02,27498.869140625,27617.80078125,27408.5390625,27564.8203125,69300000
2023-03-03,27927.470703125,27961.2109375,27655.33984375,27683.259765625,78200000
2023-03-06,28237.779296875,28288.619140625,28153.8203125,28182.310546875,65700000
2023-03-07,28309.16015625,28398.26953125,28202.58984375,28202.58984375,69800000
2023-03-08,28444.189453125,28469.41015625,28232.6796875,28237.2109375,67200000
2023-03-09,28623.150390625,28734.7890625,28558.880859375,28648.109375,72300000
2023-03-10,28143.970703125,28424.240234375,28118.740234375,28385.2890625,111300000
2023-03-13,27832.9609375,27906.970703125,27631.529296875,27886.2109375,96100000
2023-03-14,27222.0390625,27455.94921875,27104.75,27455.94921875,125700000
2023-03-15,27229.48046875,27424.939453125,27105.990234375,27421.66015625,86600000
2023-03-16,27010.609375,27057.5390625,26632.919921875,26796.669921875,107100000
2023-03-17,27333.7890625,27356.150390625,27071.7109375,27232.23046875,101500000
2023-03-20,26945.669921875,27367.1796875,26945.669921875,27253.73046875,79200000
2023-03-22,27466.609375,27520.970703125,27267.259765625,27298.150390625,78100000
2023-03-23,27419.609375,27461.970703125,27175.630859375,27232.970703125,64100000
2023-03-24,27385.25,27397.2890625,27257.439453125,27368.619140625,59500000
2023-03-27,27476.869140625,27543.48046875,27359.720703125,27482.390625,57400000
2023-03-28,27518.25,27603.44921875,27432.759765625,27573.8203125,66400000
2023-03-29,27883.779296875,27897.720703125,27505.48046875,27549.369140625,83800000
2023-03-30,27782.9296875,27876.380859375,27630.55078125,27827.890625,82000000
2023-03-31,28041.48046875,28124.619140625,27986.619140625,28009.220703125,91100000
2023-04-03,28188.150390625,28258.91015625,28120.7109375,28203.349609375,75000000
2023-04-04,28287.419921875,28287.419921875,28139.119140625,28213.9296875,73300000
2023-04-05,27813.259765625,28133.5703125,27788.76953125,28111.0390625,74300000
2023-04-06,27472.630859375,27609.859375,27427.66015625,27589.140625,73200000
2023-04-07,27518.310546875,27591.150390625,27456.25,27554.369140625,49100000
2023-04-10,27633.66015625,27737.490234375,27597.1796875,27658.51953125,48000000
2023-04-11,27923.369140625,28068.390625,27854.8203125,27895.900390625,64800000
2023-04-12,28082.69921875,28121.4609375,27983.970703125,27985.9296875,62700000
2023-04-13,28156.970703125,28163.869140625,27952.009765625,27952.580078125,59900000
2023-04-14,28493.470703125,28515.509765625,28282.8203125,28321.5390625,72900000
2023-04-17,28514.779296875,28599.75,28414.98046875,28537.990234375,58000000
2023-04-18,28658.830078125,28698.220703125,28520.759765625,28567.5390625,62300000
2023-04-19,28606.759765625,28677.220703125,28531.5390625,28619.83984375,58000000
2023-04-20,28657.5703125,28694.25,28442.44921875,28472.0,56700000
2023-04-21,28564.369140625,28778.369140625,28527.80078125,28590.55078125,61400000
2023-04-24,28593.51953125,28680.650390625,28567.240234375,28631.779296875,50000000
2023-04-25,28620.0703125,28806.689453125,28609.76953125,28697.73046875,59300000
2023-04-26,28416.470703125,28551.609375,28319.76953125,28478.51953125,68700000
2023-04-27,28457.6796875,28459.73046875,28241.669921875,28340.58984375,73600000
2023-04-28,28856.439453125,28879.240234375,28499.509765625,28705.91015625,104000000
2023-05-01,29123.1796875,29145.890625,29016.830078125,29058.05078125,73400000
2023-05-02,29157.94921875,29278.80078125,29083.130859375,29278.80078125,63900000
2023-05-08,28949.880859375,29144.119140625,28931.810546875,29095.4609375,74100000
2023-05-09,29242.8203125,29262.359375,29020.630859375,29020.630859375,86400000
2023-05-10,29122.1796875,29195.16015625,29070.109375,29189.41015625,87300000
2023-05-11,29126.720703125,29165.58984375,29028.7109375,29110.7890625,82200000
2023-05-12,29388.30078125,29426.060546875,29141.51953125,29199.30078125,106100000
2023-05-15,29626.33984375,29629.470703125,29475.970703125,29547.0390625,88600000
2023-05-16,29842.990234375,29916.560546875,29779.0703125,29838.009765625,107400000
2023-05-17,30093.58984375,30115.3203125,29912.439453125,29912.439453125,93100000
2023-05-18,30573.9296875,30667.130859375,30381.900390625,30432.5390625,90500000
2023-05-19,30808.349609375,30924.5703125,30679.16015625,30847.359375,80500000
2023-05-22,31086.8203125,31086.8203125,30689.26953125,30735.7109375,75400000
2023-05-23,30957.76953125,31352.529296875,30828.73046875,31245.720703125,92200000
2023-05-24,30682.6796875,30856.919921875,30566.830078125,30728.689453125,81700000
2023-05-25,30801.130859375,30889.98046875,30558.140625,30599.26953125,84000000
2023-05-26,30916.310546875,31101.599609375,30864.490234375,30909.609375,78300000
2023-05-29,31233.5390625,31560.4296875,31164.0,31388.009765625,78300000
2023-05-30,31328.16015625,31374.830078125,31064.189453125,31196.240234375,71800000
2023-05-31,30887.880859375,31142.779296875,30785.98046875,31057.08984375,184600000
2023-06-01,31148.009765625,31185.05078125,30853.439453125,30886.009765625,95100000
2023-06-02,31524.220703125,31555.5390625,31257.009765625,31300.720703125,90700000
2023-06-05,32217.4296875,32217.4296875,31798.720703125,31864.119140625,98800000
2023-06-06,32506.779296875,32534.470703125,31933.869140625,31988.369140625,82500000
2023-06-07,31913.740234375,32708.529296875,31913.740234375,32618.779296875,111900000
2023-06-08,31641.26953125,32035.94921875,31420.44921875,31877.7890625,86000000
2023-06-09,32265.169921875,32304.0390625,31898.75,31927.380859375,101500000
2023-06-12,32434.0,32517.6796875,32280.5390625,32412.119140625,68700000
2023-06-13,33018.6484375,33127.359375,32638.2109375,32668.94921875,89500000
2023-06-14,33502.421875,33665.51953125,33203.94921875,33331.46875,111600000
2023-06-15,33485.48828125,33767.12890625,33386.01171875,33493.69140625,105800000
2023-06-16,33706.078125,33772.76171875,33186.9296875,33399.1484375,132000000
2023-06-19,33370.421875,33772.890625,33231.55859375,33768.69140625,82900000
2023-06-20,33388.91015625,33474.73828125,33089.01953125,33269.5703125,82400000
2023-06-21,33575.140625,33657.87109375,33154.6796875,33200.62890625,82000000
2023-06-22,33264.87890625,33641.4609375,33232.19140625,33438.01171875,94700000
2023-06-23,32781.5390625,33533.46875,32575.560546875,33458.3515625,103600000
2023-06-26,32698.810546875,32884.73046875,32392.720703125,32647.080078125,74100000
2023-06-27,32538.330078125,32689.099609375,32306.990234375,32629.9609375,79600000
2023-06-28,33193.98828125,33193.98828125,32642.869140625,32807.83984375,91100000
2023-06-29,33234.140625,33527.98046875,33185.19921875,33306.83984375,117900000
2023-06-30,33189.0390625,33232.890625,32918.76953125,33068.359375,111300000
2023-07-03,33753.328125,33762.80859375,33510.55078125,33517.6015625,95400000
2023-07-04,33422.51953125,33576.44921875,33338.78125,33512.26171875,99400000
2023-07-05,33338.69921875,33389.21875,33041.140625,33165.05859375,95100000
2023-07-06,32773.01953125,33079.44921875,32637.720703125,33058.3984375,100600000
2023-07-07,32388.419921875,32730.25,32327.900390625,32450.640625,105100000
2023-07-10,32189.73046875,32558.98046875,32065.630859375,32393.4609375,101200000
2023-07-11,32203.5703125,32468.69921875,32084.419921875,32434.669921875,87200000
2023-07-12,31943.9296875,32312.029296875,31791.7109375,32280.05078125,88400000
2023-07-13,32419.330078125,32484.400390625,31952.98046875,32106.05078125,77800000
2023-07-14,32391.259765625,32780.62890625,32225.369140625,32587.900390625,90300000
2023-07-18,32493.890625,32714.58984375,32338.30078125,32457.1796875,81100000
2023-07-19,32896.03125,32896.03125,32671.029296875,32812.359375,81900000
2023-07-20,32490.51953125,32861.01953125,32462.859375,32803.3515625,75600000
2023-07-21,32304.25,32462.439453125,32080.94921875,32336.859375,79400000
2023-07-24,32700.939453125,32793.76953125,32554.4609375,32648.140625,83500000
2023-07-25,32682.509765625,32715.560546875,32509.939453125,32705.390625,101000000
2023-07-26,32668.33984375,32724.25,32488.51953125,32704.9609375,85200000
2023-07-27,32891.16015625,32938.58984375,32503.689453125,32523.689453125,90900000
2023-07-28,32759.23046875,32846.96875,32037.55078125,32444.419921875,170500000
2023-07-31,33172.21875,33402.078125,33025.9296875,33128.828125,134300000
2023-08-01,33476.578125,33488.76953125,33203.87890625,33292.30859375,110800000
2023-08-02,32707.689453125,33158.578125,32628.2890625,33123.12109375,124200000
2023-08-03,32159.279296875,32467.060546875,32142.25,32375.849609375,120300000
2023-08-04,32192.75,32294.69921875,31934.349609375,32019.060546875,106600000
2023-08-07,32254.560546875,32306.869140625,31830.23046875,31921.279296875,94100000
2023-08-08,32377.2890625,32539.880859375,32238.58984375,32430.609375,91800000
2023-08-09,32204.330078125,32407.849609375,32175.640625,32346.3203125,104500000
2023-08-10,32473.650390625,32504.849609375,32015.9609375,32015.9609375,108000000
2023-08-14,32059.91015625,32613.990234375,32031.5390625,32456.720703125,95600000
2023-08-15,32238.890625,32403.9296875,32217.51953125,32372.529296875,75100000
2023-08-16,31766.8203125,31997.279296875,31766.8203125,31965.580078125,84800000
2023-08-17,31626.0,31704.080078125,31309.6796875,31621.98046875,87700000
2023-08-18,31450.759765625,31644.890625,31275.25,31321.259765625,74800000
2023-08-21,31565.640625,31758.69921875,31409.859375,31552.849609375,69500000
2023-08-22,31856.7109375,31906.099609375,31693.759765625,31792.599609375,70200000
2023-08-23,32010.259765625,32039.599609375,31717.91015625,31717.91015625,65100000
2023-08-24,32287.2109375,32297.91015625,32063.140625,32130.51953125,73400000
2023-08-25,31624.279296875,31885.529296875,31572.060546875,31840.91015625,65700000
2023-08-28,32169.990234375,32205.48046875,31881.9296875,31915.6796875,69900000
2023-08-29,32226.970703125,32389.119140625,32186.5703125,32280.5703125,77500000
2023-08-30,32333.4609375,32557.44921875,32300.560546875,32432.94921875,89100000
2023-08-31,32619.33984375,32692.759765625,32359.150390625,32361.01953125,114600000
2023-09-01,32710.619140625,32845.4609375,32499.439453125,32521.150390625,88400000
2023-09-04,32939.1796875,32939.1796875,32714.939453125,32797.3203125,89600000
2023-09-05,33036.76171875,33036.76171875,32784.3203125,32941.41015625,91300000
2023-09-06,33241.01953125,33282.1484375,33088.21875,33115.05859375,94200000
2023-09-07,32991.078125,33322.44921875,32986.3515625,33118.55078125,100200000
2023-09-08,32606.83984375,32920.4296875,32512.80078125,32916.25,114100000
2023-09-11,32467.759765625,32746.140625,32391.689453125,32690.5390625,84200000
2023-09-12,32776.37109375,32799.69140625,32486.48046875,32629.16015625,94000000
2023-09-13,32706.51953125,32872.44140625,32616.650390625,32742.2890625,98100000
2023-09-14,33168.1015625,33244.44921875,32851.23828125,32925.5390625,112100000
2023-09-15,33533.08984375,33634.30859375,33391.4609375,33428.44140625,166600000
2023-09-19,33242.58984375,33337.23046875,33128.859375,33296.23046875,117200000
2023-09-20,33023.78125,33267.140625,32988.6484375,33261.3515625,113500000
2023-09-21,32571.029296875,32939.890625,32550.650390625,32865.55859375,107900000
2023-09-22,32402.41015625,32535.669921875,32154.529296875,32189.3203125,109800000
2023-09-25,32678.619140625,32722.220703125,32388.279296875,32517.259765625,82100000
2023-09-26,32315.05078125,32643.41015625,32315.05078125,32640.05078125,86500000
2023-09-27,32371.900390625,32371.900390625,31960.3203125,32023.369140625,105600000
2023-09-28,31872.51953125,32164.44921875,31674.419921875,32119.369140625,115900000
2023-09-29,31857.619140625,32027.4609375,31717.740234375,32018.640625,132000000
2023-10-02,31759.880859375,32401.580078125,31759.880859375,32101.970703125,103100000
2023-10-03,31237.939453125,31607.970703125,31157.400390625,31607.970703125,109600000
2023-10-04,30526.880859375,30830.849609375,30487.669921875,30765.029296875,137200000
2023-10-05,31075.359375,31083.900390625,30565.3203125,30733.650390625,114200000
2023-10-06,30994.669921875,31160.44921875,30928.16015625,31003.94921875,94600000
2023-10-10,31746.529296875,31818.259765625,31314.669921875,31314.669921875,101000000
2023-10-11,31936.509765625,32037.0703125,31804.08984375,31847.099609375,89500000
2023-10-12,32494.66015625,32494.66015625,32120.939453125,32120.939453125,100600000
2023-10-13,32315.990234375,32533.080078125,32249.029296875,32328.390625,91500000
2023-10-16,31659.029296875,31999.7890625,31564.310546875,31983.0390625,84500000
2023-10-17,32040.2890625,32260.76953125,31901.390625,32063.7890625,75600000
2023-10-18,32042.25,32101.470703125,31866.94921875,32033.810546875,83200000
2023-10-19,31430.619140625,31669.419921875,31399.169921875,31579.5390625,80700000
2023-10-20,31259.359375,31428.970703125,31093.900390625,31164.890625,84500000
2023-10-23,30999.55078125,31177.41015625,30974.259765625,31151.98046875,73500000
2023-10-24,31062.349609375,31210.259765625,30551.669921875,31157.009765625,97900000
2023-10-25,31269.919921875,31466.919921875,31195.580078125,31302.509765625,78700000
2023-10-26,30601.779296875,30943.330078125,30567.609375,30902.919921875,85600000
2023-10-27,30991.689453125,31081.48046875,30687.330078125,30713.7890625,89100000
2023-10-30,30696.9609375,30762.5,30538.2890625,30663.48046875,187000000
2023-10-31,30858.849609375,30973.66015625,30552.650390625,30694.9609375,134300000
2023-11-01,31601.650390625,31601.650390625,31301.509765625,31311.220703125,130100000
2023-11-02,31949.890625,32087.130859375,31878.359375,31987.01953125,121100000
2023-11-06,32708.48046875,32766.5390625,32395.5,32450.8203125,139400000
2023-11-07,32271.8203125,32591.109375,32250.9296875,32551.76953125,106700000
2023-11-08,32166.48046875,32512.169921875,32049.33984375,32457.23046875,156200000
2023-11-09,32646.4609375,32723.7109375,32193.19921875,32316.390625,115500000
2023-11-10,32568.109375,32598.9296875,32248.240234375,32491.240234375,111300000
2023-11-13,32585.109375,32913.30859375,32499.279296875,32818.1484375,90600000
2023-11-14,32695.9296875,32836.26953125,32667.400390625,32760.509765625,88100000
2023-11-15,33519.69921875,33556.51953125,33096.9296875,33112.30859375,123800000
2023-11-16,33424.41015625,33614.12890625,33233.83984375,33399.58984375,94200000
2023-11-17,33585.19921875,33599.62890625,33263.671875,33344.8515625,93200000
2023-11-20,33388.03125,33853.4609375,33352.69140625,33559.62109375,94900000
2023-11-21,33354.140625,33460.3203125,33254.73046875,33453.1484375,91900000
2023-11-22,33451.828125,33593.5,33182.98828125,33182.98828125,75600000
2023-11-24,33625.53125,33817.859375,33622.5703125,33752.05078125,80700000
2023-11-27,33447.671875,33811.41015625,33397.0390625,33710.03125,82700000
2023-11-28,33408.390625,33545.8515625,33298.0390625,33520.390625,84100000
2023-11-29,33321.21875,33516.23046875,33179.0703125,33244.4296875,89200000
2023-11-30,33486.890625,33486.890625,33161.0703125,33260.140625,152200000
2023-12-01,33431.51171875,33551.5703125,33397.421875,33537.44140625,87600000
2023-12-04,33231.26953125,33324.37890625,33023.0390625,33318.0703125,87300000
2023-12-05,32775.8203125,33089.8203125,32726.6796875,33022.37890625,86100000
2023-12-06,33445.8984375,33452.12890625,32914.08984375,32928.921875,91200000
2023-12-07,32858.30859375,33195.87109375,32814.69140625,33165.71875,105100000
2023-12-08,32307.859375,32604.349609375,32205.380859375,32600.470703125,144200000
2023-12-11,32791.80078125,32933.078125,32650.099609375,32665.08984375,105800000
2023-12-12,32843.69921875,33172.12890625,32800.23828125,33107.6484375,98100000
2023-12-13,32926.3515625,33104.46875,32864.37890625,32973.46875,100000000
2023-12-14,32686.25,33120.55078125,32515.0390625,33032.30078125,133400000
2023-12-15,32970.55078125,33122.328125,32732.66015625,32760.560546875,141100000
2023-12-18,32758.98046875,32790.578125,32541.23046875,32769.23046875,106900000
2023-12-19,33219.390625,33219.390625,32654.4296875,32774.2109375,106300000
2023-12-20,33675.94140625,33824.05859375,33467.3203125,33467.3203125,118000000
2023-12-21,33140.46875,33337.83984375,33097.7890625,33276.80859375,95600000
2023-12-22,33169.05078125,33375.19140625,33151.69921875,33257.94921875,89400000
2023-12-25,33254.03125,33414.51171875,33221.5703125,33414.51171875,58900000
2023-12-26,33305.8515625,33312.26171875,33181.359375,33295.6796875,68300000
2023-12-27,33681.23828125,33755.75,33521.51953125,33532.96875,93700000
2023-12-28,33539.62109375,33571.73046875,33411.23828125,33477.46875,73300000
2023-12-29,33464.171875,33652.7109375,33305.171875,33458.640625,89000000
2024-01-04,33288.2890625,33299.390625,32693.1796875,33193.05078125,117300000
2024-01-05,33377.421875,33568.0390625,33257.4296875,33397.51953125,115300000
2024-01-09,33763.1796875,33990.28125,33600.3203125,33704.828125,112100000
2024-01-10,34441.71875,34539.01953125,33885.73828125,33896.328125,106000000
2024-01-11,35049.859375,35157.55859375,34849.5703125,34871.328125,130100000
2024-01-12,35577.109375,35839.6484375,35362.23828125,35601.6484375,129200000
2024-01-15,35901.7890625,36008.23046875,35544.3203125,35634.12109375,105700000
2024-01-16,35619.1796875,35955.6796875,35587.53125,35909.19921875,103400000
2024-01-17,35477.75,36239.21875,35476.51953125,35850.1796875,139500000
2024-01-18,35466.171875,35728.08984375,35371.25,35371.25,100300000
2024-01-19,35963.26953125,36076.23046875,35790.0703125,35913.71875,104100000
2024-01-22,36546.94921875,36571.80078125,36225.91015625,36294.1015625,100000000
2024-01-23,36517.5703125,36984.51171875,36436.0703125,36605.30078125,111500000
2024-01-24,36226.48046875,36471.390625,36104.890625,36415.66015625,108600000
2024-01-25,36236.46875,36312.359375,35912.5390625,36213.140625,94600000
2024-01-26,35751.0703125,36060.3984375,35687.578125,36003.0,109600000
2024-01-29,36026.94140625,36186.87109375,35813.76953125,35814.2890625,95500000
2024-01-30,36065.859375,36249.03125,36039.30859375,36196.640625,87900000
2024-01-31,36286.7109375,36292.53125,35704.578125,35747.890625,111100000
2024-02-01,36011.4609375,36146.359375,35924.6015625,36008.55859375,118100000
2024-02-02,36158.01953125,36441.08984375,36083.609375,36249.98828125,114800000
2024-02-05,36354.16015625,36452.62109375,36213.0,36419.33984375,130500000
2024-02-06,36160.66015625,36294.48046875,36065.98046875,36249.078125,134700000
2024-02-07,36119.921875,36195.5,35854.62890625,36002.98828125,126500000
2024-02-08,36863.28125,36956.96875,36206.19921875,36258.83984375,151000000
2024-02-09,36897.421875,37287.26171875,36807.03125,36915.44140625,146800000
2024-02-13,37963.96875,38010.69140625,37184.1015625,37248.359375,140500000
2024-02-14,37703.3203125,37825.8515625,37594.46875,37712.87109375,120300000
2024-02-15,38157.94140625,38188.73828125,37935.359375,38017.828125,130000000
2024-02-16,38487.23828125,38865.05859375,38361.55078125,38517.37109375,151700000
2024-02-19,38470.37890625,38555.83984375,38281.69921875,38473.41015625,102000000
2024-02-20,38363.609375,38742.328125,38288.0390625,38510.37109375,108500000
2024-02-21,38262.16015625,38339.69921875,38095.1484375,38191.96875,104700000
2024-02-22,39098.6796875,39156.96875,38508.0703125,38508.0703125,122900000
2024-02-26,39233.7109375,39388.078125,39181.03125,39320.640625,125700000
2024-02-27,39239.51953125,39426.2890625,39113.03125,39260.78125,119100000
2024-02-28,39208.03125,39283.94921875,39075.46875,39189.21875,119900000
2024-02-29,39166.19140625,39250.12109375,38876.80859375,38935.53125,166000000
2024-03-01,39910.8203125,39990.23046875,39224.640625,39254.69140625,122800000
2024-03-04,40109.23046875,40314.640625,40001.55078125,40201.76171875,119400000
2024-03-05,40097.62890625,40226.98828125,39840.33984375,39881.73046875,115200000
2024-03-06,40090.78125,40147.76953125,39769.0390625,39792.37109375,112900000
2024-03-07,39598.7109375,40472.109375,39518.3984375,40331.05859375,137200000
2024-03-08,39688.94140625,39989.328125,39551.6015625,39809.55859375,143300000
2024-03-11,38820.48828125,39241.28125,38496.66015625,39232.140625,132900000
2024-03-12,38797.51171875,38841.80078125,38271.37890625,38470.390625,112900000
2024-03-13,38695.96875,39147.80078125,38452.5703125,39059.94921875,105400000
2024-03-14,38807.37890625,38840.328125,38400.171875,38591.73046875,111100000
2024-03-15,38707.640625,38808.6796875,38519.94140625,38548.16015625,167100000
2024-03-18,39740.44140625,39769.109375,38935.46875,38960.98828125,128700000
2024-03-19,40003.6015625,40003.6015625,39407.5,39622.578125,134700000
2024-03-21,40815.66015625,40823.3203125,40452.19140625,40511.55078125,157200000
2024-03-22,40888.4296875,41087.75,40714.140625,40942.87890625,136100000
2024-03-25,40414.12109375,40837.1796875,40414.12109375,40798.9609375,101500000
2024-03-26,40398.03125,40529.53125,40280.8515625,40345.0390625,101400000
2024-03-27,40762.73046875,40979.359375,40452.2109375,40517.171875,121300000
2024-03-28,40168.0703125,40482.01953125,40054.05859375,40324.421875,135600000
2024-03-29,40369.44140625,40521.7109375,40268.109375,40277.44921875,122000000
2024-04-01,39803.08984375,40697.21875,39706.44921875,40646.69921875,134500000
2024-04-02,39838.91015625,40151.05078125,39707.87109375,39892.58984375,115800000
2024-04-03,39451.8515625,39625.8984375,39217.0390625,39503.71875,123200000
2024-04-04,39773.140625,40243.01953125,39773.140625,39928.328125,145100000
2024-04-05,38992.078125,39274.76171875,38774.23828125,39237.390625,129600000
2024-04-08,39347.0390625,39617.359375,39197.0,39391.98046875,108300000
2024-04-09,39773.12890625,39773.12890625,39476.12890625,39496.94921875,105900000
2024-04-10,39581.80859375,39708.69921875,39510.48046875,39582.328125,97400000
2024-04-11,39442.62890625,39473.48046875,39065.30859375,39090.6796875,107000000
2024-04-12,39523.55078125,39774.8203125,39457.73046875,39722.01953125,107100000
2024-04-15,39232.80078125,39232.80078125,38820.94921875,39056.9296875,107000000
2024-04-16,38471.19921875,38764.8203125,38322.3203125,38750.671875,133000000
2024-04-17,37961.80078125,38587.609375,37961.80078125,38587.46875,120600000
2024-04-18,38079.69921875,38216.75,37644.91015625,37745.0390625,105800000
2024-04-19,37068.3515625,37749.48046875,36733.05859375,37724.46875,155400000
2024-04-22,37438.609375,37511.80078125,37052.62890625,37240.9296875,119400000
2024-04-23,37552.16015625,37817.78125,37397.26953125,37797.05859375,95900000
2024-04-24,38460.078125,38460.078125,37857.46875,37871.921875,121100000
2024-04-25,37628.48046875,38129.53125,37604.23046875,38065.91015625,113900000
2024-04-26,37934.76171875,38097.5390625,37550.69921875,37725.609375,124900000
2024-04-30,38405.66015625,38608.171875,38182.109375,38312.66015625,151400000
2024-05-01,38274.05078125,38433.33984375,38036.23828125,38107.37890625,108500000
2024-05-02,38236.0703125,38355.6015625,37958.19140625,38004.01171875,101900000
2024-05-07,38835.1015625,38863.140625,38541.96875,38636.23046875,115200000
2024-05-08,38202.37109375,38749.3515625,38159.8515625,38677.5703125,120100000
2024-05-09,38073.98046875,38429.80859375,38072.23828125,38242.921875,118600000
2024-05-10,38229.109375,38741.87890625,38126.91015625,38361.7890625,167300000
2024-05-13,38179.4609375,38273.3984375,37969.578125,38211.609375,128700000
2024-05-14,38356.05859375,38477.6796875,38084.7109375,38287.98828125,143300000
2024-05-15,38385.73046875,38816.6015625,38335.609375,38533.08984375,146300000
2024-05-16,38920.26171875,38949.37890625,38513.328125,38645.9609375,157900000
2024-05-17,38787.37890625,38842.48828125,38539.55859375,38561.0390625,133300000
2024-05-20,39069.6796875,39437.16015625,38703.69921875,38761.7109375,127400000
2024-05-21,38946.9296875,39346.1484375,38942.28125,39232.16015625,106700000
2024-05-22,38617.1015625,38854.98828125,38592.94140625,38823.91015625,105500000
2024-05-23,39103.21875,39129.46875,38617.4296875,38803.12890625,107800000
2024-05-24,38646.109375,38740.8203125,38367.69921875,38506.03125,96300000
2024-05-27,38900.01953125,38900.01953125,38667.9296875,38766.2109375,94200000
2024-05-28,38855.37109375,38981.96875,38756.12890625,38879.1484375,101200000
2024-05-29,38556.87109375,39141.98828125,38524.23828125,38880.5,123900000
2024-05-30,38054.12890625,38138.03125,37617.0,38112.76953125,117300000
2024-05-31,38487.8984375,38526.9296875,38087.609375,38173.21875,211000000
2024-06-03,38923.03125,39032.5,38734.94921875,38734.94921875,115900000
2024-06-04,38837.4609375,38895.05859375,38591.7890625,38702.5390625,117900000
2024-06-05,38490.171875,38656.41015625,38343.98046875,38654.08984375,119400000
2024-06-06,38703.51171875,39011.9296875,38693.5,38841.66015625,118900000
2024-06-07,38683.9296875,38747.26953125,38560.8515625,38597.55078125,96200000
2024-06-10,39038.16015625,39081.5390625,38689.78125,38689.78125,89200000
2024-06-11,39134.7890625,39336.66015625,39074.87890625,39175.58984375,93300000
2024-06-12,38876.7109375,38945.98828125,38809.359375,38865.1484375,108200000
2024-06-13,38720.46875,39252.44140625,38689.7890625,39182.05859375,115900000
2024-06-14,38814.55859375,39025.69921875,38554.75,38587.5703125,157100000
2024-06-17,38102.44140625,38442.69921875,37950.19921875,38440.98046875,107500000
2024-06-18,38482.109375,38519.01953125,38332.890625,38433.48046875,97100000
2024-06-19,38570.76171875,38797.96875,38453.41015625,38653.91015625,93600000
2024-06-20,38633.01953125,38637.62109375,38263.078125,38410.3203125,88000000
2024-06-21,38596.46875,38795.6796875,38532.12890625,38608.66015625,140800000
2024-06-24,38804.6484375,38905.46875,38416.0703125,38497.421875,93500000
2024-06-25,39173.1484375,39215.0703125,38758.0703125,38833.8984375,108300000
2024-06-26,39667.0703125,39788.62890625,39233.55859375,39364.73046875,108900000
2024-06-27,39341.5390625,39439.23828125,39193.51171875,39434.46875,115000000
2024-06-28,39583.078125,39783.69921875,39485.73046875,39593.01171875,124300000
2024-07-01,39631.05859375,39942.69140625,39537.1015625,39839.8203125,118800000
2024-07-02,40074.69140625,40113.48046875,39457.62109375,39543.609375,135100000
2024-07-03,40580.76171875,40694.2109375,40172.8515625,40225.828125,125600000
2024-07-04,40913.6484375,40971.23046875,40604.1484375,40747.58984375,118000000
2024-07-05,40912.37109375,41100.12890625,40746.890625,41009.359375,114200000
2024-07-08,40780.69921875,41112.23828125,40780.69921875,40863.140625,113000000
2024-07-09,41580.171875,41769.3515625,40942.44140625,40953.41015625,118200000
2024-07-10,41831.98828125,41889.16015625,41430.37890625,41444.328125,134400000
2024-07-11,42224.01953125,42426.76953125,42102.4609375,42343.71875,123000000
2024-07-12,41190.6796875,41754.76171875,41188.2890625,41668.859375,130400000
2024-07-16,41275.078125,41520.0703125,41220.6484375,41366.7890625,100800000
2024-07-17,41097.69140625,41466.44921875,41054.71875,41416.1796875,109900000
2024-07-18,40126.3515625,40587.62890625,40104.21875,40521.7109375,117600000
2024-07-19,40063.7890625,40212.8984375,39824.578125,39965.91015625,99800000
2024-07-22,39599.0,39973.19921875,39519.390625,39947.94921875,82700000
2024-07-23,39594.390625,39927.890625,39519.91015625,39864.08984375,88300000
2024-07-24,39154.8515625,39643.26953125,39096.5,39336.73828125,110300000
2024-07-25,37869.51171875,38557.7890625,37825.578125,38524.19921875,143000000
2024-07-26,37667.41015625,38105.9609375,37611.19140625,37792.87109375,124000000
2024-07-29,38468.62890625,38719.69921875,38010.01171875,38139.12109375,107300000
2024-07-30,38525.94921875,38531.16015625,38076.69921875,38241.3515625,109700000
2024-07-31,39101.8203125,39188.37109375,37954.37890625,38140.76953125,146400000
2024-08-01,38126.328125,38781.55859375,37737.87890625,38781.55859375,178800000
2024-08-02,35909.69921875,37471.51953125,35880.1484375,37444.171875,204300000
2024-08-05,31458.419921875,35301.1796875,31156.119140625,35249.359375,285600000
2024-08-06,34675.4609375,34911.80078125,32077.330078125,32077.330078125,251200000
2024-08-07,35089.62109375,35849.76953125,33739.4609375,34122.3515625,242800000
2024-08-08,34831.1484375,35379.6484375,34207.16015625,34645.7890625,165300000
2024-08-09,35025.0,35671.30859375,34445.5703125,35272.33984375,176900000
2024-08-13,36232.51171875,36232.51171875,35476.7890625,35490.578125,140700000
2024-08-14,36442.4296875,36683.890625,36074.7109375,36535.6015625,135600000
2024-08-15,36726.640625,36885.16015625,36381.3984375,36381.3984375,119700000
2024-08-16,38062.671875,38143.55078125,37304.9296875,37304.9296875,129500000
2024-08-19,37388.62109375,38125.26953125,37318.0390625,37863.76171875,107800000
2024-08-20,38062.921875,38236.390625,37738.30078125,37847.8515625,110600000
2024-08-21,37951.80078125,38026.01953125,37605.828125,37653.33984375,94800000
2024-08-22,38211.01171875,38408.19140625,37883.859375,38033.78125,92800000
2024-08-23,38364.26953125,38424.26953125,38053.46875,38278.1796875,89800000
2024-08-26,38110.21875,38204.80859375,37825.30859375,38156.41015625,91700000
2024-08-27,38288.62109375,38365.640625,37911.3203125,38066.30859375,84300000
2024-08-28,38371.76171875,38399.91015625,38141.48828125,38221.37890625,88700000
2024-08-29,38362.53125,38401.1484375,37970.19921875,38119.94921875,106500000
2024-08-30,38647.75,38669.7890625,38316.87109375,38388.0390625,136600000
2024-09-02,38700.87109375,39080.640625,38476.51171875,39025.30859375,87100000
2024-09-03,38686.30859375,38967.55859375,38581.55078125,38745.76171875,91200000
2024-09-04,37047.609375,38080.01953125,36879.328125,38039.91015625,144400000
2024-09-05,36657.08984375,37099.9609375,36359.23046875,36536.25,111300000
2024-09-06,36391.46875,36898.28125,36235.609375,36815.0,111700000
2024-09-09,36215.75,36248.12109375,35247.87109375,35805.8203125,118200000
2024-09-10,36159.16015625,36537.03125,36001.578125,36386.12109375,112300000
2024-09-11,35619.76953125,36056.87109375,35253.4296875,36029.8984375,127600000
2024-09-12,36833.26953125,36902.2109375,36172.26171875,36185.62109375,126300000
2024-09-13,36581.76171875,36887.3984375,36441.33984375,36882.41015625,115900000
2024-09-17,36203.21875,36663.1796875,35828.5390625,36601.9296875,127300000
2024-09-18,36380.171875,36675.0703125,36127.44921875,36546.0390625,99900000
2024-09-19,37155.328125,37394.51953125,36958.9296875,36958.9296875,114100000
2024-09-20,37723.91015625,37974.71875,37654.109375,37714.0703125,162600000
2024-09-24,37940.58984375,38427.1484375,37902.98828125,38171.359375,113500000
2024-09-25,37870.26171875,38109.23828125,37868.83984375,37947.3515625,108200000
2024-09-26,38925.62890625,38925.62890625,38240.6484375,38266.7890625,141000000
2024-09-27,39829.55859375,39829.55859375,38917.98046875,39108.26953125,161900000
2024-09-30,37919.55078125,39126.359375,37797.91015625,39117.828125,190500000
2024-10-01,38651.96875,38718.12890625,38232.46875,38232.46875,132100000
2024-10-02,37808.76171875,38213.5390625,37651.0703125,38136.19921875,139600000
2024-10-03,38552.05859375,38856.75,38457.62109375,38459.12890625,126800000
2024-10-04,38635.62109375,38735.2890625,38501.8203125,38594.73046875,121200000
2024-10-07,39332.73828125,39560.78125,39195.9296875,39239.921875,128000000
2024-10-08,38937.5390625,39117.08984375,38817.5390625,39021.12890625,120400000
2024-10-09,39277.9609375,39456.28125,39115.62890625,39385.48828125,106800000
2024-10-10,39380.890625,39616.58984375,39282.19140625,39575.80078125,103500000
2024-10-11,39605.80078125,39668.9296875,39415.26171875,39636.87109375,110900000
2024-10-15,39910.55078125,40257.33984375,39910.55078125,40047.1484375,129000000
2024-10-16,39180.30078125,39362.62890625,39062.8515625,39362.62890625,108100000
2024-10-17,38911.19140625,39299.73828125,38911.19140625,39263.8203125,107200000
2024-10-18,38981.75,39186.640625,38893.51953125,39092.46875,95700000
2024-10-21,38954.6015625,39119.671875,38775.58984375,38960.19921875,99000000
2024-10-22,38411.9609375,38995.03125,38200.8203125,38933.6015625,110400000
2024-10-23,38104.859375,38514.328125,37987.62109375,38397.28125,95400000
2024-10-24,38143.2890625,38320.390625,37712.19140625,37804.51953125,108700000
2024-10-25,37913.921875,38028.140625,37713.0,37954.78125,90700000
2024-10-28,38605.53125,38740.171875,37757.94921875,37757.94921875,116600000
2024-10-29,38903.6796875,38903.6796875,38416.8515625,38524.30078125,97400000
2024-10-30,39277.390625,39417.87890625,39094.30078125,39102.890625,221800000
2024-10-31,39081.25,39249.2109375,38832.2109375,39179.71875,144300000
2024-11-01,38053.671875,38512.828125,37946.66015625,38504.3515625,130300000
2024-11-05,38474.8984375,38620.19140625,38159.73046875,38274.21875,120000000
2024-11-06,39480.671875,39664.53125,38662.171875,38677.94921875,170600000
2024-11-07,39381.41015625,39884.01171875,39020.21875,39745.23046875,190000000
2024-11-08,39500.37109375,39818.41015625,39377.87109375,39783.44921875,159300000
2024-11-11,39533.3203125,39598.73828125,39315.609375,39417.2109375,122700000
2024-11-12,39376.08984375,39866.71875,39137.890625,39642.78125,163000000
2024-11-13,38721.66015625,39377.23828125,38600.26171875,39317.1484375,150400000
2024-11-14,38535.69921875,39084.44140625,38535.69921875,38911.0390625,133800000
2024-11-15,38642.91015625,39101.640625,38642.91015625,38749.55859375,143900000
2024-11-18,38220.8515625,38548.30078125,38150.390625,38259.58984375,106000000
2024-11-19,38414.4296875,38560.1015625,38246.359375,38396.71875,109200000
2024-11-20,38352.33984375,38520.44921875,38180.1484375,38475.69921875,103500000
2024-11-21,38026.171875,38374.69140625,37945.2109375,38352.87109375,101900000
2024-11-22,38283.8515625,38420.62890625,38085.12890625,38146.98046875,103300000
2024-11-25,38780.140625,39053.640625,38672.171875,38679.9296875,192400000
2024-11-26,38442.0,38596.76171875,38020.078125,38596.76171875,122800000
2024-11-27,38134.96875,38332.44921875,37988.98828125,38327.859375,120500000
2024-11-28,38349.05859375,38478.3203125,37801.62109375,37935.94140625,103400000
2024-11-29,38208.03125,38270.05859375,37986.96875,38205.078125,102300000
2024-12-02,38513.01953125,38552.41015625,37958.55078125,38216.94921875,110500000
2024-12-03,39248.859375,39427.37109375,38746.05078125,38748.6484375,142200000
2024-12-04,39276.390625,39417.078125,39062.03125,39354.0,119100000
2024-12-05,39395.6015625,39632.30078125,39323.0390625,39610.4296875,116400000
2024-12-06,39091.171875,39468.46875,38940.44140625,39371.55859375,101500000
2024-12-09,39160.5,39332.55078125,38972.78125,39332.55078125,113100000
2024-12-10,39367.578125,39465.140625,39171.69140625,39375.48828125,110300000
2024-12-11,39372.23046875,39401.9296875,39112.80078125,39357.76953125,105800000
2024-12-12,39849.140625,40091.55078125,39827.58984375,39849.96875,121100000
2024-12-13,39470.44140625,39734.98828125,39247.41015625,39624.05078125,123900000
2024-12-16,39457.48828125,39632.171875,39371.421875,39551.21875,87500000
2024-12-17,39364.6796875,39796.21875,39364.6796875,39589.6484375,115700000
2024-12-18,39081.7109375,39382.69140625,39081.7109375,39176.87890625,132200000
2024-12-19,38813.578125,38913.0703125,38355.51953125,38522.26953125,147700000
2024-12-20,38701.8984375,39039.6796875,38701.8984375,38950.28125,184500000
2024-12-23,39161.33984375,39210.171875,38847.12890625,39040.71875,103200000
2024-12-24,39036.8515625,39245.75,38995.76171875,39210.23046875,116200000
2024-12-25,39130.4296875,39180.58984375,38927.16015625,39168.51953125,116100000
2024-12-26,39568.05859375,39592.28125,39110.921875,39129.30859375,131400000
2024-12-27,40281.16015625,40398.23046875,39669.390625,39672.1484375,159500000
2024-12-30,39894.5390625,40325.78125,39864.4609375,40325.78125,110600000
2025-01-06,39307.05078125,39993.5,39232.78125,39945.421875,137900000
2025-01-07,40083.30078125,40288.80078125,39584.359375,39584.359375,127000000
2025-01-08,39981.05859375,40105.71875,39705.80859375,39879.359375,118800000
2025-01-09,39605.08984375,39930.0703125,39385.05078125,39888.91015625,117000000
2025-01-10,39190.3984375,39591.4609375,39166.05078125,39550.25,113200000
2025-01-14,38474.30078125,39054.3515625,38305.91015625,39010.9609375,126900000
2025-01-15,38444.578125,38774.98828125,38316.01171875,38721.609375,100700000
2025-01-16,38572.6015625,38932.5390625,38426.19921875,38732.6484375,114200000
2025-01-17,38451.4609375,38503.94140625,38055.6796875,38454.1015625,115300000
2025-01-20,38902.5,39032.9296875,38671.76953125,38671.76953125,87500000
2025-01-21,39027.98046875,39238.2109375,38643.83984375,39163.53125,93300000
2025-01-22,39646.25,39694.5703125,39332.62890625,39355.21875,108500000
2025-01-23,39958.87109375,40036.0703125,39677.21875,39810.05859375,119100000
2025-01-24,39931.98046875,40279.7890625,39806.69140625,40060.48828125,122600000
2025-01-27,39565.80078125,40255.6796875,39520.7890625,40127.73828125,117200000
2025-01-28,39016.87109375,39448.55078125,38886.05078125,39400.01953125,132000000
2025-01-29,39414.78125,39448.23828125,39129.140625,39273.80078125,108600000
2025-01-30,39513.96875,39600.9296875,39221.359375,39302.8515625,107900000
2025-01-31,39572.48828125,39681.8203125,39458.94921875,39574.37890625,123300000
2025-02-03,38520.08984375,38948.609375,38401.8203125,38932.66015625,169200000
2025-02-04,38798.37109375,39192.51171875,38590.9609375,39078.66015625,144300000
2025-02-05,38831.48046875,39118.94921875,38682.1796875,38979.2109375,151200000
2025-02-06,39066.53125,39190.12890625,38851.51171875,38977.578125,154700000
2025-02-07,38787.01953125,39007.94140625,38753.19921875,38907.76171875,148700000
2025-02-10,38801.171875,38895.73828125,38606.3203125,38736.37109375,134600000
2025-02-12,38963.69921875,39102.6484375,38794.23828125,39049.12109375,175500000
2025-02-13,39461.46875,39581.46875,39112.171875,39225.5,130400000
2025-02-14,39149.4296875,39543.9296875,39133.94140625,39419.25,132900000
2025-02-17,39174.25,39238.75,39021.23046875,39094.08984375,111300000
2025-02-18,39270.3984375,39508.55078125,39151.7109375,39187.98828125,116000000
2025-02-19,39164.609375,39298.05078125,38994.69921875,39230.62109375,124300000
2025-02-20,38678.0390625,38967.01171875,38468.71875,38942.91015625,125200000
2025-02-21,38776.94140625,38808.80859375,38456.53125,38523.0703125,130100000
2025-02-25,38237.7890625,38485.94921875,38131.7890625,38359.671875,132900000
2025-02-26,38142.37109375,38175.23828125,37742.76171875,38143.6796875,120800000
2025-02-27,38256.171875,38369.9609375,38061.94140625,38251.109375,121600000
2025-02-28,37155.5,37925.28125,36840.12109375,37853.48046875,191600000
2025-03-03,37785.46875,37827.62109375,37372.26171875,37617.5,115800000
2025-03-04,37331.1796875,37587.48828125,36816.16015625,37532.01171875,138200000
2025-03-05,37418.23828125,37606.33984375,37178.71875,37345.73828125,130900000
2025-03-06,37704.9296875,37874.37890625,37580.87890625,37654.94921875,137700000
2025-03-07,36887.171875,37221.6484375,36813.62109375,37198.30078125,136800000
2025-03-10,37028.26953125,37113.48046875,36705.01953125,36972.58984375,109800000
2025-03-11,36793.109375,36793.109375,35987.12890625,36584.37109375,153600000
2025-03-12,36819.08984375,36956.328125,36658.859375,36763.1015625,128700000
2025-03-13,36790.03125,37326.26953125,36776.94140625,37081.640625,119300000
2025-03-14,37053.1015625,37154.390625,36594.0390625,36606.78125,134800000
2025-03-17,37396.51953125,37563.26953125,37377.55078125,37453.828125,120300000
2025-03-18,37845.421875,38004.19921875,37822.87109375,37868.5703125,133500000
2025-03-19,37751.87890625,38128.578125,37751.87890625,37839.390625,116800000
2025-03-21,37677.05859375,37968.01953125,37619.37109375,37619.37109375,181800000
2025-03-24,37608.48828125,37841.6796875,37608.48828125,37841.6796875,101600000
2025-03-25,37780.5390625,38115.6484375,37686.26171875,37953.1484375,107300000
2025-03-26,38027.2890625,38220.69140625,37873.28125,38106.66015625,117100000
2025-03-27,37799.96875,37859.05859375,37556.75,37750.66015625,140000000
2025-03-28,37120.328125,37359.94921875,36864.9296875,37357.51953125,133200000
2025-03-31,35617.55859375,36440.1796875,35541.71875,36440.1796875,168400000
2025-04-01,35624.48046875,36052.5390625,35537.859375,35961.19140625,123600000
2025-04-02,35725.87109375,35778.8984375,35426.328125,35751.01953125,128700000
2025-04-03,34735.9296875,35044.73046875,34102.0,35041.671875,195800000
2025-04-04,33780.578125,34320.109375,33259.76171875,34304.66015625,227600000
2025-04-07,31136.580078125,33158.87109375,30792.740234375,33154.96875,266700000
2025-04-08,33012.578125,33257.16015625,31703.689453125,31729.109375,191900000
2025-04-09,31714.029296875,32565.83984375,31258.1796875,32529.23046875,199300000
2025-04-10,34609.0,34639.390625,32320.66015625,32321.2109375,201600000
2025-04-11,33585.578125,33953.2890625,32626.580078125,33951.25,182600000
2025-04-14,33982.359375,34325.58984375,33887.69921875,34006.37109375,118800000
2025-04-15,34267.5390625,34459.0,34266.30859375,34349.01171875,113800000
2025-04-16,33920.3984375,34329.26953125,33658.46875,34249.8203125,115600000
2025-04-17,34377.6015625,34379.12890625,33931.53125,33987.01171875,111200000
2025-04-18,34730.28125,34758.96875,34224.5703125,34353.87890625,102000000
2025-04-21,34279.921875,34610.6015625,34216.98046875,34556.23046875,96400000
2025-04-22,34220.6015625,34340.5703125,34109.8515625,34111.140625,99400000
2025-04-23,34868.62890625,35142.12109375,34682.28125,34787.9296875,133400000
2025-04-24,35039.1484375,35287.94921875,34960.6484375,35194.7109375,137100000
2025-04-25,35705.73828125,35835.28125,35337.98046875,35387.671875,134700000
2025-04-28,35839.98828125,36075.26171875,35773.48828125,35962.80078125,132400000
2025-04-30,36045.37890625,36056.51953125,35793.328125,35946.87890625,167100000
2025-05-01,36452.30078125,36544.1484375,36040.05078125,36197.0390625,131600000
2025-05-02,36830.69140625,36976.51171875,36606.578125,36636.55078125,141000000
2025-05-07,36779.66015625,36942.37890625,36731.390625,36903.66015625,156300000
2025-05-08,36928.62890625,36977.3515625,36606.7109375,36863.37890625,137300000
2025-05-09,37503.328125,37557.41015625,37219.03125,37332.5703125,201400000
2025-05-12,37644.26171875,37726.44140625,37417.390625,37697.28125,142900000
2025-05-13,38183.26171875,38494.05859375,38124.19921875,38149.53125,177400000
2025-05-14,38128.12890625,38325.87890625,37851.80078125,38199.03125,152100000
2025-05-15,37755.51171875,37876.83984375,37633.359375,37832.359375,134800000
2025-05-16,37753.71875,37786.4296875,37479.2109375,37748.578125,128100000
2025-05-19,37498.62890625,37656.23046875,37445.9296875,37572.359375,107600000
2025-05-20,37529.48828125,37921.80859375,37455.69921875,37723.6015625,125800000
2025-05-21,37298.98046875,37659.94140625,37298.98046875,37590.1484375,121300000
2025-05-22,36985.87109375,37100.44921875,36855.828125,36931.890625,110900000
2025-05-23,37160.46875,37373.91015625,37111.62890625,37161.73828125,105300000
2025-05-26,37531.53125,37531.53125,37167.01171875,37209.26171875,89900000
2025-05-27,37724.109375,37769.05078125,37411.6796875,37523.37109375,86200000
2025-05-28,37722.3984375,38178.73046875,37709.7109375,38094.7890625,122600000
2025-05-29,38432.98046875,38454.0703125,38035.3203125,38046.96875,133200000
2025-05-30,37965.1015625,38114.46875,37748.171875,37912.48828125,204300000
2025-06-02,37470.671875,37651.1796875,37320.71875,37651.1796875,109600000
2025-06-03,37446.80859375,37729.44921875,37446.80859375,37598.30859375,109300000
2025-06-04,37747.44921875,37868.421875,37672.46875,37686.66015625,106700000
2025-06-05,37554.48828125,37732.87890625,37527.87890625,37590.390625,113800000
2025-06-06,37741.609375,37756.1484375,37590.421875,37590.44140625,98100000
2025-06-09,38088.5703125,38178.01171875,38018.21875,38028.7109375,85700000
2025-06-10,38211.51171875,38495.69921875,38139.1015625,38278.171875,106000000
2025-06-11,38421.19140625,38529.640625,38288.28125,38431.1015625,109300000
2025-06-12,38173.08984375,38407.5703125,38102.05078125,38324.9296875,104500000
2025-06-13,37834.25,38141.58984375,37540.19921875,38130.25,143500000
2025-06-16,38311.328125,38342.51953125,38055.51953125,38056.859375,104700000
2025-06-17,38536.73828125,38581.25,38333.3515625,38366.6796875,103600000
2025-06-18,38885.1484375,38885.1484375,38364.16015625,38364.16015625,110000000
2025-06-19,38488.33984375,38870.55078125,38488.33984375,38858.51953125,89300000
2025-06-20,38403.23046875,38646.16015625,38362.5390625,38472.25,183900000
2025-06-23,38354.08984375,38368.21875,38026.3203125,38260.69140625,95800000
2025-06-24,38790.55859375,38990.109375,38665.609375,38779.1796875,100800000
2025-06-25,38942.0703125,38944.76953125,38711.109375,38904.1796875,102900000
2025-06-26,39584.578125,39615.58984375,39056.140625,39072.140625,123600000
2025-06-27,40150.7890625,40267.83984375,39847.30859375,39866.359375,156100000
2025-06-30,40487.390625,40852.5390625,40322.5390625,40550.7890625,143900000
2025-07-01,39986.328125,40345.87109375,39885.37890625,40340.640625,124000000
2025-07-02,39762.48046875,39943.62109375,39444.69921875,39631.171875,127600000
2025-07-03,39785.8984375,39865.890625,39667.8203125,39796.75,135400000
2025-07-04,39810.87890625,40012.66015625,39693.3984375,39994.640625,96600000
2025-07-07,39587.6796875,39829.37890625,39524.25,39729.55859375,93400000
2025-07-08,39688.80859375,39816.26953125,39510.48046875,39542.0703125,136600000
2025-07-09,39821.28125,39971.05859375,39573.33984375,39942.80078125,129000000
2025-07-10,39646.359375,39795.75,39530.94921875,39795.75,129300000
2025-07-11,39569.6796875,39957.80078125,39497.69921875,39886.5390625,115900000
2025-07-14,39459.62109375,39608.01953125,39288.8984375,39416.1015625,91500000
2025-07-15,39678.01953125,39678.01953125,39379.3203125,39525.828125,98800000
2025-07-16,39663.3984375,39923.609375,39520.9609375,39734.73828125,96400000
2025-07-17,39901.19140625,39910.9609375,39370.4296875,39492.01953125,101500000
2025-07-18,39819.109375,40087.58984375,39745.421875,40072.390625,92000000
2025-07-22,39774.921875,40275.890625,39586.53125,39864.62890625,112100000
2025-07-23,41171.3203125,41342.58984375,40087.859375,40189.1796875,221100000
2025-07-24,41826.33984375,42065.828125,41554.1796875,41657.98046875,149400000
2025-07-25,41456.23046875,41773.69921875,41389.7890625,41760.578125,117500000
2025-07-28,40998.26953125,41534.2109375,40997.87109375,41515.91015625,106500000
2025-07-29,40674.55078125,40792.8515625,40563.53125,40767.76953125,101000000
2025-07-30,40654.69921875,40744.53125,40556.609375,40744.53125,123700000
2025-07-31,41069.8203125,41151.25,40639.3203125,40693.0,134800000
2025-08-01,40799.6015625,41064.73046875,40588.171875,41029.83984375,148400000
2025-08-04,40290.69921875,40332.25,39850.51953125,40118.80859375,130800000
2025-08-05,40549.5390625,40649.37890625,40421.87890625,40521.0,145300000
2025-08-06,40794.859375,40850.890625,40423.12890625,40430.4609375,145500000
2025-08-07,41059.1484375,41164.109375,40668.19140625,40668.19140625,154000000
2025-08-08,41820.48046875,42033.921875,41248.05078125,41283.69921875,183300000
2025-08-12,42718.171875,42999.7109375,42083.578125,42098.3203125,176100000
2025-08-13,43274.671875,43451.4609375,43008.19921875,43090.91015625,154100000
2025-08-14,42649.26171875,43199.828125,42606.73046875,43129.1796875,127800000
2025-08-15,43378.30859375,43405.4296875,42736.859375,42866.37890625,134500000
2025-08-18,43714.30859375,43835.12109375,43390.21875,43452.8984375,124200000
2025-08-19,43546.2890625,43876.421875,43411.96875,43846.55078125,117100000
2025-08-20,42888.55078125,43425.78125,42724.1484375,43400.66015625,116700000
2025-08-21,42610.171875,42926.109375,42564.30078125,42783.26171875,103100000
2025-08-22,42633.2890625,42720.5703125,42331.390625,42629.80859375,97800000
2025-08-25,42807.8203125,43201.421875,42681.37109375,42977.26953125,102200000
2025-08-26,42394.3984375,42703.26953125,42137.62109375,42619.66015625,162600000
2025-08-27,42520.26953125,42628.0390625,42270.1796875,42476.08984375,108400000
2025-08-28,42828.7890625,42828.7890625,42299.7890625,42308.140625,112700000
2025-08-29,42718.46875,42807.03125,42611.30859375,42774.2890625,114900000
2025-09-01,42188.7890625,42454.98828125,41835.171875,42362.7109375,96600000
2025-09-02,42310.48828125,42473.671875,42084.78125,42299.62890625,99800000
2025-09-03,41938.890625,42293.5390625,41863.19921875,42085.66015625,130200000
2025-09-04,42580.26953125,42608.80078125,42066.58984375,42093.69921875,110300000
2025-09-05,43018.75,43220.94140625,42783.5390625,42983.46875,118300000
2025-09-08,43643.80859375,43838.6015625,43343.578125,43451.0703125,115500000
2025-09-09,43459.2890625,44185.73046875,43452.73828125,43907.55078125,117500000
2025-09-10,43837.671875,43848.76953125,43509.01953125,43513.16015625,115700000
2025-09-11,44372.5,44396.94921875,43870.5390625,43876.21875,107300000
2025-09-12,44768.12109375,44888.01953125,44548.5703125,44803.30078125,124900000
2025-09-16,44902.26953125,45055.37890625,44616.3203125,44948.8515625,111700000
2025-09-17,44790.37890625,45033.33984375,44612.0703125,44751.83984375,104600000
2025-09-18,45303.4296875,45508.671875,44815.3984375,44910.5,113700000
2025-09-19,45045.80859375,45852.75,44495.4609375,45634.2890625,208600000
2025-09-22,45493.66015625,45757.73828125,45193.76953125,45193.76953125,116600000
2025-09-24,45630.30859375,45693.28125,45205.46875,45484.41015625,131700000
2025-09-25,45754.9296875,45824.69140625,45503.30859375,45600.0703125,127200000
2025-09-26,45354.98828125,45766.76953125,45354.98828125,45634.19921875,147500000
2025-09-29,45043.75,45152.69921875,44890.19921875,45113.2890625,130500000
2025-09-30,44932.62890625,45126.23046875,44733.6015625,45054.9609375,160600000
2025-10-01,44550.8515625,44874.421875,44357.6484375,44831.94921875,136700000
2025-10-02,44936.73046875,45125.9609375,44659.21875,44736.03125,131100000
2025-10-03,45769.5,45778.66015625,45042.5390625,45042.5390625,117600000
2025-10-06,47944.76171875,48150.0390625,46592.98828125,46636.0703125,178300000
2025-10-07,47950.87890625,48527.328125,47904.37890625,48281.12109375,154200000
2025-10-08,47734.98828125,48181.12109375,47728.26953125,47925.21875,142200000
2025-10-09,48580.44140625,48597.078125,47995.21875,48035.421875,138500000
2025-10-10,48088.80078125,48510.71875,47962.609375,48510.71875,150700000
2025-10-14,46847.3203125,47865.6484375,46544.05078125,47446.73046875,170300000
2025-10-15,47672.671875,47774.828125,46910.828125,47002.30078125,118400000
2025-10-16,48277.73828125,48317.33984375,47937.71875,48107.44140625,121100000
2025-10-17,47582.1484375,48140.8984375,47494.30859375,47820.96875,124800000
2025-10-20,49185.5,49185.5,48254.828125,48332.7109375,121000000
2025-10-21,49316.05859375,49945.94921875,49127.19921875,49675.4296875,124500000
2025-10-22,49307.7890625,49458.28125,48613.69921875,49252.03125,141100000
2025-10-23,48641.609375,48866.578125,48399.05078125,48866.578125,107600000
2025-10-24,49299.6484375,49435.30859375,48965.78125,49095.26953125,109100000
2025-10-27,50512.3203125,50549.6015625,49838.98046875,49905.80078125,122100000
2025-10-28,50219.1796875,50485.80078125,50107.76953125,50357.1484375,119500000
2025-10-29,51307.6484375,51412.96875,50365.62109375,50453.640625,129700000
2025-10-30,51325.609375,51657.28125,50972.55859375,51146.26953125,230900000
2025-10-31,52411.33984375,52411.33984375,51613.03125,51629.80078125,180300000
2025-11-04,51497.19921875,52636.87109375,51497.19921875,52294.30859375,190100000
2025-11-05,50212.26953125,51422.421875,49073.578125,51291.390625,219700000
2025-11-06,50883.6796875,51248.28125,50594.19140625,50792.55078125,171300000
2025-11-07,50276.37109375,50642.7890625,49640.55859375,50524.30859375,146700000
2025-11-10,50911.76171875,50969.5,50392.44140625,50645.26953125,129700000
2025-11-11,50842.9296875,51513.16015625,50581.171875,51314.0390625,125900000
2025-11-12,51063.30859375,51072.26171875,50537.5,50988.53125,150400000
2025-11-13,51281.828125,51338.890625,50954.26953125,51013.1484375,135700000
2025-11-14,50376.53125,50767.73828125,50246.6015625,50767.73828125,149300000
2025-11-17,50323.91015625,50398.16015625,49845.859375,50282.390625,126000000
2025-11-18,48702.98046875,49971.55078125,48661.51953125,49812.94921875,137400000
2025-11-19,48537.69921875,49087.109375,48235.30078125,48822.87890625,136500000
2025-11-20,49823.94140625,50574.8203125,49113.390625,49129.2890625,139400000
2025-11-21,48625.87890625,49459.58984375,48490.03125,49251.26171875,212200000
2025-11-25,48659.51953125,49182.3203125,48511.94921875,49113.8203125,144500000
2025-11-26,49559.0703125,49749.58984375,48964.19140625,49012.25,134100000
2025-11-27,50167.1015625,50322.140625,49865.171875,49868.7890625,99300000
2025-11-28,50253.91015625,50258.25,49989.5390625,50218.9609375,98200000
2025-12-01,49303.28125,50366.73828125,49215.9609375,50318.58984375,118200000
2025-12-02,49303.44921875,49636.7890625,49243.55078125,49494.578125,127100000
2025-12-03,49864.6796875,50138.6015625,49521.23046875,49540.640625,119500000
2025-12-04,51028.421875,51028.421875,49910.05859375,49942.94140625,127300000
2025-12-05,50491.87109375,50634.8515625,50215.41015625,50530.33984375,119300000
2025-12-08,50581.94140625,50678.05078125,50224.6484375,50643.08984375,104400000
2025-12-09,50655.1015625,50793.69140625,50417.109375,50677.359375,107100000
2025-12-10,50602.80078125,51107.76953125,50329.26953125,50878.66015625,125100000
2025-12-11,50148.8203125,50875.98046875,49926.26953125,50818.390625,109900000
2025-12-12,50836.55078125,51127.69140625,50457.421875,50480.23046875,152200000
2025-12-15,50168.109375,50432.1015625,49965.6796875,50352.08984375,121900000
2025-12-16,49383.2890625,50051.23828125,49355.87109375,50051.23828125,124600000
2025-12-17,49512.28125,49571.5,49077.80859375,49413.19140625,113200000
2025-12-18,49001.5,49169.7890625,48643.78125,49058.30859375,116200000
2025-12-19,49507.2109375,49766.9609375,49257.1484375,49387.7109375,163300000
2025-12-22,50402.390625,50590.87890625,49982.19921875,50084.55078125,112900000
2025-12-23,50412.87109375,50544.55859375,50264.421875,50374.48046875,92700000
2025-12-24,50344.1015625,50636.94921875,50323.921875,50475.48046875,83200000
2025-12-25,50407.7890625,50510.109375,50283.76171875,50450.1796875,58300000
2025-12-26,50750.390625,50941.890625,50527.12890625,50527.12890625,81100000
2025-12-29,50526.921875,50707.23046875,50347.6484375,50691.21875,98000000
2025-12-30,50339.48046875,50534.640625,50198.96875,50312.8515625,93700000
2026-01-05,51832.80078125,52033.23828125,50995.671875,51010.28125,139400000
2026-01-06,52518.078125,52523.76953125,52024.62109375,52157.21875,151900000
2026-01-07,51961.98046875,52404.109375,51830.3984375,52144.640625,138600000
2026-01-08,51117.26171875,51866.19140625,51052.828125,51769.828125,135400000
2026-01-09,51939.890625,51986.91015625,51189.140625,51367.98046875,133100000
2026-01-13,53549.16015625,53814.7890625,52741.640625,52808.2890625,168500000
2026-01-14,54341.23046875,54487.3203125,53792.6796875,53827.23828125,144500000
2026-01-15,54110.5,54153.609375,53709.87109375,54039.3984375,150900000
2026-01-16,53936.171875,54130.6015625,53706.7890625,54071.28125,144300000
2026-01-19,53583.5703125,53583.5703125,53091.44921875,53390.05078125,122900000
2026-01-20,52991.1015625,53408.3515625,52852.8984375,53348.58984375,126800000
2026-01-21,52774.640625,52848.78125,52194.80859375,52228.078125,139000000
2026-01-22,53688.890625,53922.53125,53242.37890625,53327.390625,150900000
2026-01-23,53846.87109375,54050.83984375,53603.6796875,53898.44921875,129500000
2026-01-26,52885.25,53138.671875,52656.0,53023.28125,138300000
2026-01-27,53333.5390625,53334.03125,52637.66015625,52847.5390625,136700000
2026-01-28,53358.7109375,53507.1796875,52788.1015625,53023.87890625,149800000
2026-01-29,53375.6015625,53742.69140625,52990.421875,53301.26171875,154500000
2026-01-30,53322.8515625,53590.23828125,52923.12109375,53434.73046875,156800000
2026-02-02,52655.1796875,54247.1484375,52655.1796875,53575.37109375,153800000
2026-02-03,54720.66015625,54782.828125,53307.73828125,53332.1796875,156900000
2026-02-04,54293.359375,54459.41015625,53965.51171875,54250.41015625,186300000
2026-02-05,53818.0390625,54459.078125,53653.05859375,54289.05078125,213200000
2026-02-06,54253.6796875,54253.6796875,52950.1484375,53435.37109375,188900000
2026-02-09,56363.94140625,57337.0703125,55018.5703125,55130.62890625,205000000
2026-02-10,57650.5390625,57960.19140625,56812.01171875,56812.01171875,191500000
2026-02-12,57639.83984375,58015.078125,57554.48828125,57864.73828125,190000000
2026-02-13,56941.96875,57407.25,56652.48046875,57197.328125,210000000
2026-02-16,56806.41015625,57219.19921875,56748.1796875,57212.96875,137400000
2026-02-17,56566.48828125,56926.23828125,56135.12109375,56819.37109375,132600000
2026-02-18,57143.83984375,57392.890625,56734.26953125,56734.26953125,130100000
2026-02-19,57467.828125,57709.8203125,57362.01171875,57472.078125,135500000
2026-02-20,56825.69921875,56979.73828125,56680.87890625,56979.73828125,152400000
2026-02-24,57321.08984375,57421.671875,56732.9296875,56764.140625,157800000
2026-02-25,58583.12109375,58875.171875,57656.5,57695.3984375,167100000
2026-02-26,58753.390625,59332.4296875,58577.83984375,58995.390625,155300000
2026-02-27,58850.26953125,58924.171875,58130.5703125,58606.03125,192400000
2026-03-02,58057.23828125,58365.2109375,57285.76953125,57976.19921875,162400000
2026-03-03,56279.05078125,57890.76171875,56091.5390625,57729.80078125,179000000
2026-03-04,54245.5390625,55701.26953125,53618.19921875,55470.87890625,214000000
2026-03-05,55278.05859375,56619.98046875,54910.328125,55204.16015625,184900000
2026-03-06,55620.83984375,55686.55859375,54513.4296875,54674.6015625,142800000
2026-03-09,52728.71875,54608.62890625,51407.66015625,54608.62890625,219400000
2026-03-10,54248.390625,54694.890625,53487.19140625,53524.08984375,162500000
2026-03-11,55025.37109375,55745.37890625,54882.578125,54917.9296875,146900000
2026-03-12,54452.9609375,54733.078125,53796.01171875,54387.8984375,154100000
2026-03-13,53819.609375,54065.30859375,53286.69140625,53587.30078125,169000000
2026-03-16,53751.1484375,53983.51171875,53113.94921875,53627.859375,128800000
2026-03-17,53700.390625,54388.4296875,53482.58984375,54286.26171875,117800000
2026-03-18,55239.3984375,55239.3984375,54148.83984375,54148.83984375,136700000
2026-03-19,53372.53125,54333.01953125,53190.1796875,54287.80078125,200600000
2026-03-23,51515.48828125,52479.80859375,50688.76171875,52468.71875,177100000
2026-03-24,52252.28125,52701.98828125,51645.1484375,52380.6015625,131800000
2026-03-25,53749.62109375,54022.87890625,53015.80078125,53015.80078125,133700000
2026-03-26,53603.6484375,54175.80078125,53176.76953125,53855.12890625,124500000
2026-03-27,53373.0703125,53714.8984375,52516.921875,53239.58984375,170500000
2026-03-30,51885.8515625,52054.6796875,50566.98828125,52054.6796875,183100000
2026-03-31,51063.71875,52169.01171875,50558.91015625,51382.53125,174500000
2026-04-01,53739.6796875,53739.6796875,51902.83984375,51959.46875,165900000
2026-04-02,52463.26953125,54258.48046875,52273.0703125,54066.828125,163200000
2026-04-03,53123.48828125,53426.30859375,52925.1015625,53039.3984375,104100000
2026-04-06,53413.6796875,54039.33984375,53205.9296875,53205.9296875,102500000
2026-04-07,53429.55859375,53916.3515625,53156.94140625,53571.28125,118800000
2026-04-08,56308.421875,56424.62890625,54380.01953125,54386.6484375,186700000
2026-04-09,55895.3203125,56406.48828125,55763.05078125,56199.859375,154700000
2026-04-10,56924.109375,57012.76953125,56251.1796875,56265.76953125,165000000
2026-04-13,56502.76953125,56765.71875,56232.78125,56421.4609375,135300000
2026-04-14,57877.390625,57979.8203125,57010.1796875,57085.6484375,143700000
2026-04-15,58134.23828125,58585.94921875,58028.75,58265.1796875,161000000
2026-04-16,59518.33984375,59688.1015625,58428.19140625,58479.828125,150300000
2026-04-17,58475.8984375,59381.25,58475.8984375,59255.08984375,140000000
2026-04-20,58824.890625,59169.12890625,58687.9609375,58821.16015625,121500000
2026-04-21,59349.171875,59611.91015625,59004.76171875,59031.51171875,129500000
2026-04-22,59585.859375,59708.2109375,59005.48046875,59104.109375,145700000
2026-04-23,59140.23046875,60013.98046875,58621.48046875,59758.640625,165300000
2026-04-24,59716.1796875,59763.6796875,59225.37109375,59407.44140625,141400000
2026-04-27,60537.359375,60903.94921875,59608.62890625,59880.7109375,148900000
2026-04-28,59917.4609375,60634.66015625,59701.83984375,60531.78125,174500000
2026-04-30,59284.921875,59560.5703125,58928.19921875,59484.7109375,201600000
2026-05-01,59513.12109375,59706.69921875,59263.5,59379.12109375,150700000
2026-05-07,62833.83984375,63091.140625,60213.01953125,60241.30859375,230800000
2026-05-08,62713.6484375,62724.359375,62137.94921875,62654.01171875,213500000
2026-05-11,62417.87890625,63385.0390625,62380.62109375,63203.44140625,202300000
2026-05-12,62742.5703125,63218.51171875,62158.4296875,62618.71875,189200000
2026-05-13,63272.109375,63347.91015625,62318.87109375,62398.01953125,181000000
2026-05-14,62654.05078125,63799.3203125,62654.05078125,63263.4609375,207700000
2026-05-15,61409.2890625,63235.76953125,60937.30078125,62878.7109375,213900000
2026-05-18,60815.94921875,61478.55078125,60376.98046875,61299.87109375,168100000
2026-05-19,60550.58984375,61456.30859375,60256.328125,61202.83984375,175800000
2026-05-20,59804.41015625,60567.26953125,59292.25,60567.26953125,182500000
2026-05-21,61684.140625,62043.53125,60282.3515625,60374.83984375,166600000
2026-05-22,63339.0703125,63432.41015625,61842.55859375,61913.359375,158800000
2026-05-25,65158.19140625,65408.87109375,63562.51171875,63658.94921875,161100000
2026-05-26,64996.08984375,65317.69140625,64605.69140625,65247.23828125,157200000
2026-05-27,64999.41015625,66428.8125,64999.41015625,65777.8671875,163500000
2026-05-28,64693.12109375,65165.75,63875.0390625,64770.76171875,176600000
2026-05-29,66329.5,66505.0234375,65133.96875,65133.96875,295100000
2026-06-01,66934.328125,67231.28125,66244.84375,66363.4296875,189500000
2026-06-02,66734.2421875,66748.0625,65551.1328125,66629.6015625,187700000
2026-06-03,68402.1328125,68786.4921875,67238.53125,67238.53125,170700000
2026-06-04,67470.6875,68051.9375,66920.796875,67860.84375,152700000
2026-06-05,66588.1171875,67115.0,65862.2109375,67115.0,148100000
2026-06-08,64024.6015625,66115.1796875,63406.66015625,65947.5625,0
