Date,Close,High,Low,Open,Volume
2000-01-03,712.8551025390625,713.6246886765966,684.4688126213871,704.2192662761166,0
2000-01-04,686.9876098632812,712.8550988178209,685.9481347836941,712.8550988178209,0
2000-01-05,678.2117919921875,689.7862082331221,662.5693979527424,685.6182421977297,0
2000-01-06,669.0062866210938,683.2893531082898,662.2995100408494,678.2117930370642,0
2000-01-07,690.4159545898438,690.4859280586512,662.1196476932058,669.0063303434251,0
2000-01-10,741.331298828125,747.9580972409842,690.4159325054154,690.4159325054154,0
2000-01-11,716.7432250976562,755.5144433709083,712.885045520992,741.3313035514961,0
2000-01-12,741.2313842773438,749.6772489429774,709.5266927587916,716.7432327958592,0
2000-01-13,748.6177368164062,751.7961914909173,732.4156158153631,741.3312845819207,0
2000-01-14,809.4783325195312,816.9247418135627,748.6177649940299,748.6177649940299,0
2000-01-18,802.9814453125,812.7766933425127,792.9063034217493,809.3683694310961,0
2000-01-19,805.0404663085938,809.858142555053,796.0048602438444,802.9814650170532,0
2000-01-20,812.177001953125,833.1168815349699,805.0404406245015,805.0404406245015,0
2000-01-21,803.7611083984375,817.1946107689107,801.7720195896252,812.256997491228,0
2000-01-24,788.6884155273438,828.169313450422,788.6684056774767,803.7611399679107,0
2000-01-25,815.1455688476562,815.3754990995292,776.3643453970492,788.6883994782643,0
2000-01-26,782.7811889648438,815.1455328920298,782.7811889648438,815.1455328920298,0
2000-01-27,778.2734375,804.2408529904345,764.9498673501715,782.7812050352954,0
2000-01-28,748.6477661132812,789.9577947701978,742.3607691018804,778.2734459637564,0
2000-01-31,777.6837158203125,777.6837158203125,738.4627026465522,748.8476925246829,0
2000-02-01,802.0419311523438,802.0519360771665,761.1417374712195,777.6837215585261,0
2000-02-02,825.550537109375,834.0164112663123,801.7720042252603,802.0418931601339,0
2000-02-03,870.0390625,870.0390625,825.5505780310755,825.5505780310755,0
2000-02-04,867.6002197265625,880.0041910460379,863.9319507215703,870.0390421116045,0
2000-02-07,902.5432739257812,902.5432739257812,866.3707739885257,867.6002206097274,0
2000-02-08,919.6250610351562,922.6136053088451,894.437235565902,902.5432989247273,0
2000-02-09,903.0830688476562,928.9105382202031,900.2344105307759,919.7050313054591,0
2000-02-10,942.6339111328125,943.0936496149695,898.6651351959146,903.2429372079341,0
2000-02-11,911.7488403320312,942.9337632888395,906.2414953703664,942.6339205788547,0
2000-02-14,925.2623291015625,933.3884021427166,901.3439094744379,911.7488481366211,0
2000-02-15,953.7684936523438,968.691265852003,904.0925784809207,925.2623280417386,0
2000-02-16,953.4586181640625,974.2585509379659,949.0407729848791,953.7684657918995,0
2000-02-17,978.3265991210938,980.5855158513339,945.6824217075629,960.6951159226056,0
2000-02-18,935.4873657226562,978.3266232464898,935.4873657226562,978.3266232464898,0
2000-02-22,989.4512329101562,998.157042455561,918.8054231937542,935.4873538505734,0
2000-02-23,1007.0027465820312,1024.5543127568317,982.6545422390631,989.4512414128692,0
2000-02-24,1063.185546875,1063.5354752243525,1003.1146355807825,1007.0027690217913,0
2000-02-25,1031.5208740234375,1074.669916388187,1029.8816525824273,1063.1854833880727,0
2000-02-28,1065.914306640625,1069.2226424120404,991.9000699087615,1031.5209138470798,0
2000-02-29,1169.8939208984375,1173.612214617205,1065.9143230329087,1065.9143230329087,0
2000-03-01,1171.6131591796875,1190.0942072090543,1153.531820091657,1169.893898284581,0
2000-03-02,1135.4105224609375,1176.740619997955,1126.854726187724,1171.613096383994,0
2000-03-03,1210.754150390625,1210.754150390625,1135.4105999889625,1135.4105999889625,0
2000-03-06,1243.1884765625,1256.0022224490046,1210.754097888183,1210.754097888183,0
2000-03-07,1263.1287841796875,1289.6159674922562,1240.3298796497122,1243.188481773414,0
2000-03-08,1241.5693359375,1269.3358089222622,1195.791435812947,1263.1288510947484,0
2000-03-09,1289.5859375,1291.2251589383325,1221.4289768665913,1241.5692555122275,0
2000-03-10,1332.08544921875,1347.288054356291,1288.8463607414412,1289.585993103751,0
2000-03-13,1315.4635009765625,1338.832199135151,1276.472356708383,1332.0854634795726,0
2000-03-14,1229.2451171875,1361.4411554705164,1228.4255674898175,1315.4634047369818,0
2000-03-15,1200.7589111328125,1254.5129285271403,1185.696253757114,1229.245126476458,0
2000-03-16,1226.5264892578125,1240.3997809713678,1137.3296606191293,1200.7589286669347,0
2000-03-17,1254.2230224609375,1263.628505214486,1207.8055430308264,1226.5264642208256,0
2000-03-20,1202.867919921875,1277.5917730846504,1201.408665073472,1254.2230756047372,0
2000-03-21,1193.912353515625,1202.8679815558396,1130.812877318003,1202.8679815558396,0
2000-03-22,1303.958984375,1306.0879590539978,1193.9122600354651,1193.9122600354651,0
2000-03-23,1284.4984130859375,1314.2240187931013,1278.2814508349716,1303.9589666264753,0
2000-03-24,1286.8773193359375,1330.3062565703763,1261.3496323421627,1284.4984655078986,0
2000-03-27,1304.82861328125,1320.0512282138968,1286.8773381553287,1286.8773381553287,0
2000-03-28,1260.56005859375,1307.3973793531934,1259.1707162484472,1304.8285540490742,0
2000-03-29,1193.22265625,1260.560067237871,1175.4412215065645,1260.560067237871,0
2000-03-30,1150.7532958984375,1213.6728050671156,1114.4307817318766,1193.2227383739266,0
2000-03-31,1181.318359375,1209.544690521694,1125.4353676996748,1150.7531942001096,0
2000-04-03,1094.280517578125,1181.3183545382647,1089.4028730707234,1181.3183545382647,0
2000-04-04,1068.373046875,1125.1655122439329,964.9930780298164,1094.28055461245,0
2000-04-05,1134.211181640625,1179.3892717985075,1048.0728090225032,1068.3730446305287,0
2000-04-06,1156.0106201171875,1187.115565364029,1133.2317245051331,1134.2112310477485,0
2000-04-07,1222.678466796875,1222.7184864971603,1156.0106485843044,1156.0106485843044,0
2000-04-10,1167.1951904296875,1240.3198387410657,1167.1951904296875,1222.6783512481047,0
2000-04-11,1131.362548828125,1185.566299191102,1092.7212138398618,1167.1951843994902,0
2000-04-12,1037.1981201171875,1150.8931106875289,1035.7788849155281,1131.3626431871157,0
2000-04-13,1009.211669921875,1107.4240951430615,1008.3720493461223,1037.1980666919944,0
2000-04-14,891.728515625,1009.2117111446084,873.4673926642496,1009.2117111446084,0
2000-04-17,1009.3916015625,1009.7914325147144,875.6663277269188,891.5986211830193,0
2000-04-18,1052.0809326171875,1053.0105365535358,988.1318929092764,1009.2117206138195,0
2000-04-19,1012.380126953125,1065.364498762955,1006.3330651984702,1052.0808873437531,0
2000-04-20,1023.78466796875,1030.7212530871745,988.5916742332445,1012.3801518988796,0
2000-04-24,993.1594848632812,1023.7846818318355,961.1249966209762,1023.7846818318355,0
2000-04-25,1081.9263916015625,1082.3162176076507,993.839074459633,993.839074459633,0
2000-04-26,1060.326904296875,1113.2113492231256,1059.8771707380624,1081.9264382586302,0
2000-04-27,1134.571044921875,1141.3678052094506,1031.3010647200447,1060.3269378506375,0
2000-04-28,1171.0733642578125,1189.934233116106,1134.571007219371,1134.571007219371,0
2000-05-01,1163.4970703125,1206.0464279895598,1153.331945027113,1171.0733603824303,0
2000-05-02,1108.2137451171875,1178.299826196256,1107.7039820214404,1163.4970526047462,0
2000-05-03,1069.812255859375,1108.2137166900677,1027.4827642284163,1108.2137166900677,0
2000-05-04,1087.134033203125,1105.4251099719306,1060.0570462928044,1069.8123360406787,0
2000-05-05,1104.5955810546875,1120.967664819735,1087.1340585599896,1087.1340585599896,0
2000-05-08,1046.513671875,1104.5955547506417,1045.3842134720192,1104.5955547506417,0
2000-05-09,993.5592041015625,1061.6962161543804,983.3042176622878,1046.5136214624715,0
2000-05-10,908.5004272460938,993.5592473781082,904.2824363699932,993.5592473781082,0
2000-05-11,965.3129272460938,966.2824288203376,905.4518785607276,908.50039121908,0
2000-05-12,981.675048828125,1019.2468358411301,965.3129703711517,965.3129703711517,0
2000-05-15,1008.69189453125,1009.1516940105226,944.7728122698455,981.6749995344107,0
2000-05-16,1046.173828125,1055.369329751232,1008.6919039505806,1008.6919039505806,0
2000-05-17,1027.23291015625,1053.3902967380825,1017.5276455236252,1046.1738180349594,0
2000-05-18,1001.9251708984375,1037.1581837105887,998.6467889497275,1027.2329325380056,0
2000-05-19,949.7803955078125,1001.9251457932879,941.644317873019,1001.9251457932879,0
2000-05-22,942.2041015625,950.170278983126,882.9327913203128,949.7804529462768,0
2000-05-23,869.3193359375,953.4986342167804,867.1604074752814,942.4939494999844,0
2000-05-24,914.7573852539062,919.4151046509647,821.1826684722056,869.3193495473627,0
2000-05-25,901.27392578125,960.8850355800093,890.7090304551514,914.7573918191317,0
2000-05-26,909.2200317382812,918.1357616577017,883.1027251887155,901.2739254236072,0
2000-05-30,1009.8114013671875,1009.9513483037994,909.2200567629367,909.2200567629367,0
2000-05-31,997.9471435546875,1043.415195453772,995.6682779047486,1009.8113982426494,0
2000-06-01,1066.763916015625,1071.9813624550764,997.947173766523,997.947173766523,0
2000-06-02,1157.1900634765625,1158.3695464639652,1066.7638478508472,1066.7638478508472,0
2000-06-05,1152.40234375,1180.2189621448986,1130.7128875355834,1157.1900661595366,0
2000-06-06,1111.6422119140625,1173.2123982213252,1110.0929126777362,1152.402398288317,0
2000-06-07,1129.0537109375,1129.1636431011104,1092.091613663214,1111.6422131840513,0
2000-06-08,1142.08740234375,1159.8488278022198,1128.9437376450878,1129.0536698046933,0
2000-06-09,1168.2646484375,1171.133255474161,1142.0873738638325,1142.0873738638325,0
2000-06-12,1113.7010498046875,1177.0704086200465,1112.991432264172,1168.2646113136364,0
2000-06-13,1169.9638671875,1170.183731495168,1087.3738287956712,1113.7010544980574,0
2000-06-14,1119.5882568359375,1179.6991849182327,1119.3683925210873,1169.9639054055267,0
2000-06-15,1131.9522705078125,1143.676577814315,1107.5340323032,1119.5882580936218,0
2000-06-16,1157.7398681640625,1176.5206979182851,1131.9522968356148,1131.9522968356148,0
2000-06-19,1234.2728271484375,1237.1014146711211,1154.2814993911766,1158.329589665412,0
2000-06-20,1264.1282958984375,1278.1115198426246,1234.272747471454,1234.272747471454,0
2000-06-21,1268.6861572265625,1272.4642363169778,1240.3897906729464,1264.1283040858698,0
2000-06-22,1209.7247314453125,1280.2205291730872,1209.7247314453125,1268.6861930869316,0
2000-06-23,1216.6912841796875,1249.035618421473,1209.7246845465872,1209.7246845465872,0
2000-06-26,1215.9815673828125,1232.5436218349498,1202.788000202961,1216.69130696782,0
2000-06-27,1172.3826904296875,1227.0763195331208,1167.814954252933,1215.981590093672,0
2000-06-28,1169.484130859375,1199.519523372666,1167.235219116609,1172.3826306077012,0
2000-06-29,1127.644287109375,1169.484148696179,1117.209395029199,1169.484148696179,0
2000-06-30,1139.9783935546875,1164.346606654958,1127.6442741465814,1127.6442741465814,0
2000-07-03,1180.3388671875,1180.9685673578588,1139.9783927729416,1139.9783927729416,0
2000-07-05,1070.292236328125,1180.338969774296,1065.0347701977155,1180.338969774296,0
2000-07-06,1118.5587158203125,1120.4578212755764,1065.1246111302958,1070.292154551227,0
2000-07-07,1159.85888671875,1173.082469418704,1118.5587999643833,1118.5587999643833,0
2000-07-10,1152.2525634765625,1176.1010102184205,1150.3134382082565,1159.858868664473,0
2000-07-11,1121.5074462890625,1174.3817672237142,1110.7126201637236,1152.2525810859481,0
2000-07-12,1158.2095947265625,1171.6930606938138,1121.5073831836355,1121.5073831836355,0
2000-07-13,1188.4249267578125,1201.7584405534026,1158.2095673596086,1158.2095673596086,0
2000-07-14,1238.520751953125,1238.5807815023097,1188.4249950570745,1188.4249950570745,0
2000-07-17,1265.777587890625,1269.026016189222,1233.7830581795422,1238.5207561525935,0
2000-07-18,1207.1458740234375,1265.7775378681986,1201.2887227947904,1265.7775378681986,0
2000-07-19,1159.85888671875,1207.145945050013,1155.4910048487034,1207.145945050013,0
2000-07-20,1145.585693359375,1198.020282463766,1131.7723089635733,1159.858816236313,0
2000-07-21,1081.9864501953125,1145.5856802144149,1081.2168030865723,1145.5856802144149,0
2000-07-24,1074.77001953125,1119.4583583462675,1069.7024031006345,1081.9864985943111,0
2000-07-25,1103.7459716796875,1110.6326541436176,1074.4801029419666,1074.4801029419666,0
2000-07-26,1033.6998291015625,1103.7460176545123,1015.4687204318199,1103.7460176545123,0
2000-07-27,949.4406127929688,1033.6997685590827,946.6319742674316,1033.6997685590827,0
2000-07-28,956.8170776367188,987.0524483879188,934.2779342722221,949.4406418093632,0
2000-07-31,993.3693237304688,1002.944707673356,953.8984318887535,956.8170636244017,0
2000-08-01,955.3677368164062,997.8071623009477,953.7085055002414,993.369307234604,0
2000-08-02,953.7885131835938,996.2379448963361,948.1212723456013,955.3677661581044,0
2000-08-03,950.1303100585938,953.7885131959893,880.0242159668168,953.7885131959893,0
2000-08-04,920.5745849609375,972.7293417329125,906.9012083646444,950.1302912892742,0
2000-08-07,953.5386352539062,960.8450976184041,912.3185891260548,920.5746042613777,0
2000-08-08,950.3201904296875,968.4114120746365,939.9251959229621,953.5386038139428,0
2000-08-09,963.3038940429688,989.7010940555515,950.320186392009,950.320186392009,0
2000-08-10,942.1941528320312,968.7912694244511,937.7162779048556,963.3039341844734,0
2000-08-11,953.228759765625,955.4576617265205,907.2410022831976,942.1941211137522,0
2000-08-14,1026.693115234375,1026.693115234375,953.2287263580173,953.2287263580173,0
2000-08-15,1060.007080078125,1073.4205111681697,1026.693122640836,1026.693122640836,0
2000-08-16,1072.850830078125,1096.2195265759412,1060.0070697377296,1060.0070697377296,0
2000-08-17,1110.522705078125,1111.911925448067,1065.7643332119048,1072.8508700384114,0
2000-08-18,1134.2711181640625,1148.5043435840407,1110.5227213617825,1110.5227213617825,0
2000-08-21,1110.992431640625,1145.4257209027721,1094.0805711682992,1134.2710843354394,0
2000-08-22,1123.646240234375,1136.0802872213378,1104.6255365974184,1110.992450941791,0
2000-08-23,1156.4404296875,1157.2699843430787,1106.3546794786882,1123.6462393173804,0
2000-08-24,1162.8773193359375,1168.6146558085827,1149.3838477330457,1156.4404921885657,0
2000-08-25,1143.1568603515625,1167.5550897864557,1136.8299654771763,1162.8772993595135,0
2000-08-28,1133.8912353515625,1156.840213023515,1129.5333588382678,1143.1567711585903,0
2000-08-29,1131.6224365234375,1139.7284992414754,1123.806150570686,1133.8912360815439,0
2000-08-30,1117.7691650390625,1131.622446724958,1110.4026125596265,1131.622446724958,0
2000-08-31,1152.42236328125,1153.7417932142705,1117.7692088650563,1117.7692088650563,0
2000-09-01,1142.017333984375,1174.581654516487,1134.0212032428408,1152.4223332749525,0
2000-09-05,1121.20751953125,1142.617204701898,1120.467887157583,1142.0173972540347,0
2000-09-06,1057.1685791015625,1121.2075423436856,1056.4588394768248,1121.2075423436856,0
2000-09-07,1093.970703125,1099.1082320779685,1057.168562850107,1057.168562850107,0
2000-09-08,1039.45703125,1093.9706944847449,1038.4375050051488,1093.9706944847449,0
2000-09-11,1029.771728515625,1069.192594758969,1019.7265404025967,1039.4569833730548,0
2000-09-12,988.4717407226562,1043.3851733312147,987.8320355951776,1029.7717650538082,0
2000-09-13,1006.4929809570312,1011.4305942955522,980.2257223141328,988.4717324175613,0
2000-09-14,1004.384033203125,1039.3771118916559,999.1165622889012,1006.4929981515259,0
2000-09-15,974.1187133789062,1004.384038193926,966.8221948674246,1004.384038193926,0
2000-09-18,950.7899169921875,1004.7537943465637,945.7923352997187,974.1186551751116,0
2000-09-19,1027.9725341796875,1028.0824663350145,950.7899121934533,950.7899121934533,0
2000-09-20,1030.3314208984375,1039.9667733946153,994.5488078808545,1027.9725768948335,0
2000-09-21,984.0338745117188,1030.331419241459,980.0757677111266,1030.331419241459,0
2000-09-22,926.0819091796875,984.0338473888014,892.5281381296752,984.0338473888014,0
2000-09-25,879.9342041015625,947.9013162767161,877.5354014517039,926.0819181598393,0
2000-09-26,870.2489013671875,906.3114691024368,870.2489013671875,879.9342174391777,0
2000-09-27,864.3017578125,902.2134670443675,853.5769667880791,870.2488923575265,0
2000-09-28,901.1039428710938,906.291435137044,863.3322421907069,864.3017437617497,0
2000-09-29,851.1581420898438,901.1039446171073,850.1186670520256,901.1039446171073,0
2000-10-02,832.9669799804688,873.1375466617402,827.639540470306,851.1581907182236,0
2000-10-03,812.5568237304688,857.1652430257724,811.5872611542463,832.9669303851956,0
2000-10-04,862.642578125,865.1014103067016,812.5568284948961,812.5568284948961,0
2000-10-05,831.9974365234375,862.642581059664,827.8794340301026,862.642581059664,0
2000-10-06,799.00341796875,846.3904629582306,787.6588703910413,831.997463611809,0
2000-10-09,785.5798950195312,800.3327051498393,746.8885950203806,799.0033923239786,0
2000-10-10,706.1683349609375,785.57992440392,688.7167568171228,785.57992440392,0
2000-10-11,706.1683349609375,740.8215511452503,675.4131960970075,706.1683349609375,0
2000-10-12,688.7767333984375,744.2699035800341,683.9590570183192,706.1683432019971,0
2000-10-13,757.9532470703125,758.3730268564086,687.9871024579134,688.7766984136526,0
2000-10-16,714.1544189453125,758.1031227641125,711.0559427195324,757.9532319177503,0
2000-10-17,647.776611328125,722.4904623215084,633.433514366814,714.5842534244683,0
2000-10-18,646.9869384765625,687.4173881176911,601.6788440363871,647.7765954578125,0
2000-10-19,758.373046875,759.232616318718,646.9869392716028,646.9869392716028,0
2000-10-20,752.505859375,770.757037440263,737.7729983359956,758.3730153897628,0
2000-10-23,776.8840942382812,800.6625664348562,752.5058756234789,752.5058756234789,0
2000-10-24,716.0235595703125,776.884127891199,711.2158881199395,776.884127891199,0
2000-10-25,664.7683715820312,716.0235394835776,657.7517471194346,716.0235394835776,0
2000-10-26,705.6285400390625,707.6675924705148,653.6536889763659,664.7683670980368,0
2000-10-27,685.2683715820312,725.3189982537727,677.0423717062986,705.6285143477296,0
2000-10-30,702.6900024414062,717.1329647632267,680.7105868597876,685.2683789341685,0
2000-10-31,741.4712524414062,752.2959709008401,701.3206355769098,702.690029141191,0
2000-11-01,713.6546630859375,741.4712197665093,703.4196255779316,741.4712197665093,0
2000-11-02,732.3656005859375,748.5477729513368,713.6546835437977,713.6546835437977,0
2000-11-03,740.2518310546875,744.8896018214372,721.2510144093496,732.3656319673478,0
2000-11-06,745.4093627929688,760.3921038206939,740.2518240221177,740.2518240221177,0
2000-11-07,715.2339477539062,745.4093496840527,705.6985224521379,745.4093496840527,0
2000-11-08,664.4784545898438,721.0411114499246,663.618885173675,715.2339239201508,0
2000-11-09,668.32666015625,672.9344160836933,634.7229239254333,664.4784854422662,0
2000-11-10,623.8981323242188,668.3266473120676,623.758185390624,668.3266473120676,0
2000-11-13,650.905029296875,674.8734736318784,604.7973946996091,623.8981381268898,0
2000-11-14,688.0670776367188,693.9442386371851,650.9050061724772,650.9050061724772,0
2000-11-15,714.6541748046875,727.0281918307076,688.0670648715504,688.0670648715504,0
2000-11-16,674.7235107421875,714.6542017694545,674.7235107421875,714.6542017694545,0
2000-11-17,671.2152099609375,692.5449164192806,648.0564324455374,674.7235222266042,0
2000-11-20,661.6798095703125,687.597260651688,645.587621081204,671.2151733836627,0
2000-11-21,630.35498046875,667.0372442290732,629.2954955342412,661.6798510132799,0
2000-11-22,619.8900756835938,656.6622619071576,619.0305062249306,630.3549830603913,0
2000-11-24,674.3536987304688,675.2432829431527,619.8900613657306,619.8900613657306,0
2000-11-27,627.7762451171875,686.6077627363366,624.7576862235402,674.3536825453675,0
2000-11-28,576.8408813476562,633.323561057183,574.6319282126226,627.7762574166035,0
2000-11-29,576.1012573242188,597.3809391418616,561.098506664637,576.8408896862362,0
2000-11-30,536.7302856445312,576.1712235578791,516.3901519218668,576.1712235578791,0
2000-12-01,538.089599609375,570.2940479491066,533.8416551456443,536.7302720223339,0
2000-12-04,551.2132568359375,567.105591193382,530.8831284526436,538.0896022880877,0
2000-12-05,607.1162109375,607.1961893286099,551.2132677321162,551.2132677321162,0
2000-12-06,579.8094482421875,614.7725095536375,575.4215569610986,607.1161803881173,0
2000-12-07,569.20458984375,579.8095053963641,553.1023950012253,579.8095053963641,0
2000-12-08,638.0313110351562,643.8784574392536,569.2045669400261,569.2045669400261,0
2000-12-11,682.4398193359375,687.8771908916615,627.8062197585987,638.0313138254382,0
2000-12-12,639.900390625,682.4398044548984,638.2212104613294,682.4398044548984,0
2000-12-13,598.430419921875,644.5381155789952,595.2719749920977,639.9004059232558,0
2000-12-14,592.2933959960938,617.22133537332,592.0435169169338,603.1281187053157,0
2000-12-15,578.5001220703125,596.9311456276463,570.6938405451025,592.293435969722,0
2000-12-18,581.8684692382812,599.2600171752184,577.4505630344405,578.5001040094864,0
2000-12-19,576.6409912109375,628.5458711547521,573.4625363421077,581.8685035284585,0
2000-12-20,539.30908203125,576.6409959139982,536.3105327714103,576.6409959139982,0
2000-12-21,535.14111328125,578.6999947463306,530.1534751229777,539.3090796524637,0
2000-12-22,586.8560791015625,588.0555109936539,535.1411098537596,535.1411098537596,0
2000-12-26,578.6000366210938,595.4318579971028,567.6253664861256,586.8560515336294,0
2000-12-27,603.3580932617188,612.7535107248954,572.9627656768492,578.6000527581385,0
2000-12-28,602.938232421875,615.002402169752,590.8140941328124,603.3580732158114,0
2000-12-29,576.3311157226562,607.2461495253713,574.9218244925863,602.9382364388649,0
2001-01-02,570.064208984375,595.2919930960073,558.4697821701592,576.3311353127744,0
2001-01-03,669.9058227539062,670.2256753061125,556.2208430329299,570.0641810634615,0
2001-01-04,653.4837646484375,684.4587659682455,643.1287901063065,669.9058106370888,0
2001-01-05,617.1913452148438,659.9506842286584,611.6840003296219,653.4837816791662,0
2001-01-08,633.9033203125,634.3030902705708,590.1444628785755,617.1913743207606,0
2001-01-09,630.6748046875,647.2468027912822,626.3568867506643,633.9032839699889,0
2001-01-10,650.5652465820312,660.9901954298455,608.0557843323128,630.6748455975151,0
2001-01-11,688.516845703125,696.0332285307182,634.0432020640988,650.5652373899819,0
2001-01-12,670.4055786132812,698.382031351151,659.5408408227195,688.4968610625996,0
2001-01-16,637.0917358398438,670.4055713356399,624.8876194368784,670.4055713356399,0
2001-01-17,677.0723876953125,704.2092195055812,637.0917344155334,637.0917344155334,0
2001-01-18,725.7388916015625,726.9682772549477,664.1086760544919,677.0724355190616,0
2001-01-19,719.092041015625,736.6835042689457,712.4052742335929,725.7388491059236,0
2001-01-22,707.0479125976562,719.7417829308541,697.5824606770308,719.0920728761697,0
2001-01-23,711.3658447265625,714.9740843182251,687.957126526258,707.0479265231627,0
2001-01-24,722.0106201171875,731.9558200582886,707.287763718407,711.3658075315525,0
2001-01-25,692.5049438476562,722.0106254023206,690.3559592647518,722.0106254023206,0
2001-01-26,692.1350708007812,694.6039079552929,669.985814904876,692.5049479825204,0
2001-01-29,715.10400390625,717.2729373620954,672.6345628214597,692.1251321669763,0
2001-01-30,728.2176513671875,740.9714900505452,714.8641272621451,715.104001430819,0
2001-01-31,731.8358764648438,762.89085668319,728.2176321695765,728.2176321695765,0
2001-02-01,727.0581665039062,745.959054980559,716.8631484655994,731.8358839737358,0
2001-02-02,687.4673461914062,736.9134526739753,687.127544789205,727.058174914299,0
2001-02-05,658.7412719726562,687.4673633658617,642.1093045406155,687.4673633658617,0
2001-02-06,662.7693481445312,685.4383724894361,656.3724188630993,658.7412678207181,0
2001-02-07,636.1522216796875,662.7693479479418,624.8276839325506,662.7693479479418,0
2001-02-08,628.1460571289062,661.1200914799742,627.8161996545742,636.1521927866519,0
2001-02-09,623.67822265625,646.4672453407893,619.1803988641393,628.1460926793459,0
2001-02-12,640.9898071289062,654.993040605407,623.2583972813331,623.6781770563258,0
2001-02-13,628.5858764648438,665.7778422526872,628.4259196794599,640.9898480087728,0
2001-02-14,677.7420654296875,681.7101160955013,628.585858173991,628.585858173991,0
2001-02-15,711.2258911132812,724.0096838900785,677.7420917582604,677.7420917582604,0
2001-02-16,661.0701293945312,711.225852215397,649.9655174541276,711.225852215397,0
2001-02-20,611.81396484375,666.2776033521837,611.044378704766,661.0701619868511,0
2001-02-21,612.8834228515625,650.974975978017,604.8972970452961,611.813933045671,0
2001-02-22,605.4071044921875,633.153689920912,588.2254148859006,612.8834677511934,0
2001-02-23,608.0458374023438,609.0552977278883,564.9766486158433,605.4070994485694,0
2001-02-26,599.5598754882812,612.29376540036,579.5495990662913,608.0458207899828,0
2001-02-27,568.9447021484375,602.4385068396966,568.5748859568436,599.5598946957591,0
2001-02-28,540.9682006835938,570.0341524760578,528.0245130883089,568.9446528400823,0
2001-03-01,570.4839477539062,570.6338385993635,515.060755298886,524.3562449257338,0
2001-03-02,581.91845703125,620.749644552131,550.8834851857009,570.4839870388832,0
2001-03-05,612.0438842773438,619.5602059380213,581.9184460754086,581.9184460754086,0
2001-03-06,645.9474487304688,665.4879812510557,612.0438710826074,612.0438710826074,0
2001-03-07,642.2891845703125,649.8055670729344,630.1750512423173,645.947448588495,0
2001-03-08,638.7908935546875,648.9460141306795,627.8761917752275,642.2892008819434,0
2001-03-09,593.1530151367188,638.7909071398188,590.8641445416666,638.7909071398188,0
2001-03-12,576.1012573242188,611.3841734191197,573.1426668705105,593.1530043664366,0
2001-03-13,612.2138061523438,612.2138061523438,576.1012733725557,576.1012733725557,0
2001-03-14,608.8653564453125,623.9880437887359,584.2572686464256,612.2137728405623,0
2001-03-15,571.1336059570312,627.0366086321674,570.204063079945,608.7954353965027,0
2001-03-16,540.9982299804688,571.1336113640431,537.9096976129573,571.1336113640431,0
2001-03-19,577.4805908203125,579.6695341226955,537.0701510829858,540.9982431176877,0
2001-03-20,541.787841796875,589.2049013234675,541.5479676264802,577.4805937031326,0
2001-03-21,557.7501220703125,578.4001026086655,541.3080662382708,541.787814554938,0
2001-03-22,626.0870971679688,626.566845521789,557.7501652640768,557.7501652640768,0
2001-03-23,641.7794799804688,654.6332455994448,614.0528451881818,626.0870610851608,0
2001-03-26,618.1708374023438,645.0978098629342,610.1347480442636,641.779469321182,0
2001-03-27,621.989013671875,643.6185623425674,604.2276494393791,618.1708538561858,0
2001-03-28,578.72998046875,623.8881225350972,578.3301495203505,621.9890170386557,0
2001-03-29,569.7243041992188,600.409467521251,553.4121904846281,578.7299560317607,0
2001-03-30,544.7763671875,569.724317142286,534.6313128803656,569.724317142286,0
2001-04-02,502.9266662597656,553.5022007774238,490.99243833930086,544.7763813670834,0
2001-04-03,490.4226989746094,512.6919221697781,486.05481737863397,502.92665835109347,0
2001-04-04,463.2658386230469,494.57069906112685,453.6305165518255,490.42271217199647,0
2001-04-05,522.4371948242188,529.0439831476411,463.2658156768474,463.2658156768474,0
2001-04-06,487.2942199707031,522.4372195842527,478.808335657579,522.4372195842527,0
2001-04-09,474.99017333984375,496.57973315823546,455.32967280611837,487.29421748602846,0
2001-04-10,519.8684692382812,529.3239164198056,474.99018862052816,474.99018862052816,0
2001-04-11,564.01708984375,596.9511675679255,519.8684673455717,519.8684673455717,0
2001-04-12,597.6307983398438,602.918278869903,544.9463306252508,564.0170586409849,0
2001-04-16,576.4510498046875,597.6308038774418,560.8086554005627,597.6308038774418,0
2001-04-17,573.54248046875,593.872608906813,556.6606346408388,576.4510462108101,0
2001-04-18,640.6300048828125,673.3341502185137,573.5424730766056,573.5424730766056,0
2001-04-19,684.82861328125,685.8481395064903,633.3835346954754,640.6300284208783,0
2001-04-20,669.1762084960938,695.12367537606,658.5813593956474,684.8286079793022,0
2001-04-23,630.514892578125,669.1761765319139,623.3883363329654,669.1761765319139,0
2001-04-24,614.9724731445312,664.5684718864892,611.3941873614563,630.5149409177778,0
2001-04-25,634.5130004882812,639.8404399156957,605.3471196191865,614.9724673120948,0
2001-04-26,611.3641357421875,644.5881100231088,610.2646921739301,634.5129682662971,0
2001-04-27,642.2891845703125,644.538096366435,611.364146142519,611.364146142519,0
2001-04-30,662.3394775390625,678.9414904741027,642.2891820016015,642.2891820016015,0
2001-05-01,666.11767578125,666.11767578125,638.0912594135234,653.8535906993144,0
2001-05-02,670.32568359375,687.5673411216011,666.1176976785462,666.1176976785462,0
2001-05-03,646.757080078125,663.7188439935171,637.1716910217505,663.7089000743189,0
2001-05-04,639.220703125,646.7570342359639,619.5002045947302,646.7570342359639,0
2001-05-07,630.7448120117188,649.9555489424334,628.1860524679734,639.2207525674576,0
2001-05-08,640.4201049804688,645.7375393957906,630.2450356425946,630.7447938281816,0
2001-05-09,618.5407104492188,640.4200764761058,611.943866089706,640.4200764761058,0
2001-05-10,618.7406005859375,648.0464282948061,618.6306684250159,618.6306684250159,0
2001-05-11,616.4817504882812,631.8742663453631,612.2837694342992,618.7406062929373,0
2001-05-14,601.94873046875,616.4817375698423,591.1140071530127,616.4817375698423,0
2001-05-15,603.2581176757812,623.7882238019388,595.7817544430848,601.948753617558,0
2001-05-16,642.2792358398438,644.9279175542742,594.0125524312717,603.2580786349562,0
2001-05-17,654.8531494140625,660.6503323923149,640.2202755324646,642.2792768973293,0
2001-05-18,657.112060546875,661.2900317846552,644.6880789963508,654.8531437184815,0
2001-05-21,705.8085327148438,705.9084599529351,654.8431400570087,657.1120618146975,0
2001-05-22,694.4039916992188,710.4362732845265,692.8947122227328,705.80850762053,0
2001-05-23,659.8207397460938,694.4039811490077,659.6907977397852,694.4039811490077,0
2001-05-24,658.451416015625,661.4899238065308,639.4905588278305,659.820748556727,0
2001-05-25,654.3234252929688,670.2357091669894,653.2039718147345,658.4514328710724,0
2001-05-29,622.9485473632812,654.3233793359346,620.4497565595777,654.3233793359346,0
2001-05-30,585.3267822265625,622.9485940266194,578.120308052471,622.9485940266194,0
2001-05-31,598.4204711914062,610.5845684007556,580.0393504029564,585.3267700677968,0
2001-06-01,617.30126953125,623.1484767458866,596.0815570740893,598.4204521610712,0
2001-06-04,606.6864013671875,621.9889939116575,601.4489455683371,617.3012598921885,0
2001-06-05,647.586669921875,656.15247138756,606.6864168071036,606.6864168071036,0
2001-06-06,647.0169677734375,656.912143522099,633.1636241162882,647.5866994416563,0
2001-06-07,696.6929321289062,696.702876047977,643.9184184229144,646.9969459570796,0
2001-06-08,675.3732299804688,696.6929314415552,670.6355321014803,696.6929314415552,0
2001-06-11,652.6842041015625,675.3732384054553,647.6666122909527,675.3732384054553,0
2001-06-12,653.6737060546875,661.3000208965644,619.0004804739815,652.6841946017217,0
2001-06-13,638.211181640625,668.836315391798,637.8913290968109,653.673669863994,0
2001-06-14,603.278076171875,638.211183964813,601.8587800706096,638.211183964813,0
2001-06-15,608.62548828125,617.161397087386,583.4776833643389,603.2781001273546,0
2001-06-18,599.8997192382812,624.88762793378,599.7797821569937,608.6454872817059,0
2001-06-19,587.5457153320312,628.4958710642467,580.4591175411549,599.8997228235665,0
2001-06-20,584.6870727539062,587.5457359905523,558.9195719700367,587.5457359905523,0
2001-06-21,583.567626953125,589.6346988344375,568.3350067463027,584.6870804430052,0
2001-06-22,586.0264282226562,603.4680007162351,577.1807329350429,583.5675960417485,0
2001-06-25,601.94873046875,602.088677402266,583.9874505359826,586.02644197404,0
2001-06-26,606.2266845703125,610.1347667107834,586.3262796013853,601.9487252500024,0
2001-06-27,595.6718139648438,606.2267046777656,587.3358203707289,606.2267046777656,0
2001-06-28,617.4512329101562,631.6143626846473,595.6717933341649,595.6717933341649,0
2001-06-29,623.7882080078125,650.8351189652282,617.4512472798531,617.4512472798531,0
2001-07-02,635.5724487304688,645.567612029362,619.9000399984806,623.7881731631024,0
2001-07-03,639.1807250976562,642.6390737616059,627.5763544762098,635.5724855789142,0
2001-07-05,619.4003295898438,639.8204424632148,616.4517439882046,639.8204424632148,0
2001-07-06,566.2360229492188,619.4003005857984,566.1260907909552,619.4003005857984,0
2001-07-09,563.52734375,570.9537434082463,558.0600182312661,566.2360552023242,0
2001-07-10,542.1476440429688,574.0122306011692,539.3490104254734,563.5273137058732,0
2001-07-11,557.7001342773438,558.2599220246018,536.8602418198632,542.1476615934688,0
2001-07-12,605.636962890625,606.986346629462,557.7001345461182,557.7001345461182,0
2001-07-13,593.6427612304688,610.0448593269592,583.2078076955452,605.6369578910411,0
2001-07-16,557.8001098632812,596.1115895399789,555.8210869656141,593.6427523745753,0
2001-07-17,581.9884033203125,582.8779265055173,541.5279400799687,557.8000955038798,0
2001-07-18,562.4978637695312,584.7371036624038,558.9895514457532,581.9884335632847,0
2001-07-19,589.904541015625,599.7597573174493,562.4978205250015,562.4978205250015,0
2001-07-20,574.022216796875,589.9045459407145,565.4463495937529,589.9045459407145,0
2001-07-23,557.480224609375,579.289677920148,555.271271591521,574.0222074190686,0
2001-07-24,548.0748291015625,564.426902152077,541.6379412862988,557.4802512309936,0
2001-07-25,553.0723876953125,553.272242154929,530.6032193239041,548.0748060922039,0
2001-07-26,587.8355712890625,590.144451697493,549.9339270628335,553.0724231521434,0
2001-07-27,601.3789672851562,606.2166531173392,586.9559541055384,587.8355333477534,0
2001-07-30,605.3070678710938,614.642577279348,595.8516823887662,601.3789759965351,0
2001-07-31,605.5869750976562,621.5792368053794,599.6598504229079,605.3070812350653,0
2001-08-01,636.2321166992188,648.6361487898993,619.5102276531358,619.5701961940264,0
2001-08-02,656.3024291992188,657.0520664712478,641.3896621492315,643.5286418067742,0
2001-08-03,640.7499389648438,653.313866610391,636.9817428619136,653.313866610391,0
2001-08-06,631.2445678710938,634.9127759638716,625.2874891928592,632.8737844774854,0
2001-08-07,614.6126098632812,623.4683716350471,605.716950402719,623.4683716350471,0
2001-08-08,584.4572143554688,623.9980809955928,582.2582660578602,611.8639371672966,0
2001-08-09,585.606689453125,593.2330046116384,574.2521975730128,583.387731279694,0
2001-08-10,592.76318359375,595.3419529645977,572.0132135517557,585.5866632256868,0
2001-08-13,603.1781005859375,603.8877791542714,589.3847871997327,592.763157332733,0
2001-08-14,593.7127075195312,608.5455568865732,592.2734015459251,603.1780980014892,0
2001-08-15,572.6428833007812,600.3395029895349,572.4230189891206,593.7127047879659,0
2001-08-16,582.748046875,582.748046875,556.8605490054445,572.6428902113181,0
2001-08-17,555.2713012695312,582.74805747815,552.142810156379,582.74805747815,0
2001-08-20,560.838623046875,566.7957626518303,554.2518442457913,555.271309472659,0
2001-08-21,536.7703247070312,563.597310876422,536.1805831851084,560.8386358354214,0
2001-08-22,564.4768676757812,565.8961638338656,536.7703032940824,536.7703032940824,0
2001-08-23,560.0989990234375,572.5829490725885,559.7391877615388,564.4768857267896,0
2001-08-24,594.6222534179688,595.1819801417274,560.098980158543,560.098980158543,0
2001-08-27,606.126708984375,613.1732872960354,591.4338059267955,594.6222656345095,0
2001-08-28,588.905029296875,611.8638901292386,588.4052711315492,606.1266761521997,0
2001-08-29,569.54443359375,595.9616443180653,565.066619712544,588.9050610830111,0
2001-08-30,559.0794677734375,570.5439524779648,550.0039028855635,569.5444360889853,0
2001-08-31,562.4478149414062,566.0461104287925,547.3151836657397,559.0794496998867,0
2001-09-04,543.3970336914062,571.963228144979,542.9372952125814,562.4478129415311,0
2001-09-05,534.3014526367188,548.5245506428727,513.1016890887462,543.3970269347042,0
2001-09-06,511.3025817871094,534.3014629929714,506.4249675723886,534.3014629929714,0
2001-09-07,513.6614379882812,529.3038937979843,504.1260736482632,511.30259396371906,0
2001-09-10,508.90374755859375,520.957942898275,501.8071753164607,513.6614246806025,0
2001-09-17,464.2653503417969,508.90375522107746,462.7061072401157,508.90375522107746,0
2001-09-18,434.9595642089844,473.5908668795818,434.9195750122868,464.26536180744813,0
2001-09-19,418.58746337890625,444.4549515593655,386.18312968771755,434.9595461748957,0
2001-09-20,392.7899475097656,422.13573300196697,389.32162454362316,418.5874621487988,0
2001-09-21,380.82574462890625,392.7899568838213,363.3441824501729,392.7899568838213,0
2001-09-24,401.7856140136719,407.3029335683557,380.82575385631145,380.82575385631145,0
2001-09-25,402.20538330078125,415.08916401913075,387.54249515741526,401.78560350475414,0
2001-09-26,370.45074462890625,403.79459496882464,369.26131774840167,402.20536765433604,0
2001-09-27,361.8249206542969,370.45075168183786,343.76365279156755,370.45075168183786,0
2001-09-28,373.519287109375,379.726275349908,361.82493314633524,361.82493314633524,0
2001-10-01,362.3146667480469,377.2874324370644,358.1467007099738,375.0285157575988,0
2001-10-02,354.45849609375,367.13235637757566,350.37047779017547,359.9058420227003,0
2001-10-03,388.6219482421875,394.8089568672439,345.29290852087695,351.54989061086474,0
2001-10-04,405.3438720703125,422.0057926645174,387.5224783385112,388.621952432078,0
2001-10-05,405.9035949707031,412.8801995570343,382.34498733072314,405.3438682561212,0
2001-10-08,426.34368896484375,429.00240612911233,394.8889080572545,405.90359780962683,0
2001-10-09,401.3258056640625,426.34369941960796,401.3258056640625,426.34369941960796,0
2001-10-10,428.3827209472656,428.50265803221953,396.7979972900619,401.3258052639864,0
2001-10-11,474.3704833984375,474.89022093869283,428.38272466898246,428.38272466898246,0
2001-10-12,473.5508728027344,474.3704835610799,445.54443460877326,474.3704835610799,0
2001-10-15,451.51153564453125,473.5508591501989,441.7262619531968,473.5508591501989,0
2001-10-16,462.5062255859375,462.61615774640507,443.0456404435421,451.51154540385687,0
2001-10-17,428.4126892089844,472.75124995824626,427.94291530859067,462.5062074627568,0
2001-10-18,417.5479736328125,428.8724809566581,410.1115692205268,428.4127119561643,0
2001-10-19,423.6150207519531,427.59307624656344,405.3038741597441,417.54794927307796,0
2001-10-22,446.6938781738281,446.6938781738281,414.81928552295324,423.61504814837633,0
2001-10-23,442.8757019042969,458.058357908193,439.39737397781977,446.6938617340729,0
2001-10-24,460.62713623046875,462.3762899197979,441.2265193644855,442.87571531386044,0
2001-10-25,484.8653869628906,484.8653869628906,441.4463943254698,460.6271155015189,0
2001-10-26,480.5074768066406,490.4926658116716,476.27954219901727,484.865383922078,0
2001-10-29,446.99371337890625,480.5074965016467,446.9437497608529,480.5074965016467,0
2001-10-30,429.4721984863281,446.9937197196616,426.6435805017928,446.9937197196616,0
2001-10-31,447.8033142089844,462.2463379921741,429.472187598387,429.472187598387,0
2001-11-01,477.8587646484375,478.1686122744668,447.00370002797456,447.8033009010531,0
2001-11-02,489.20330810546875,490.7625512455753,471.83170823388093,477.85879089159056,0
2001-11-05,502.82672119140625,507.914255992121,489.20330781897974,489.20330781897974,0
2001-11-06,519.7785034179688,520.0783461141373,496.559697720222,502.8266845955012,0
2001-11-07,519.1088256835938,532.8022126391345,509.82334023916474,519.7785455992937,0
2001-11-08,507.20458984375,544.9263275658169,503.64631403703936,519.1088028667216,0
2001-11-09,506.56488037109375,514.5110475777459,501.167498166018,507.20458547830015,0
2001-11-12,519.06884765625,522.6171185622458,488.713540434353,506.564888129119,0
2001-11-13,541.0281982421875,543.8968053663663,519.0688527019955,519.0688527019955,0
2001-11-14,538.2495727539062,553.3322406864658,527.0849919289802,541.0281965529157,0
2001-11-15,532.0825805664062,542.9072991190155,524.0064710737944,538.2495795957276,0
2001-11-16,529.6636962890625,537.0301270357658,523.9464919506936,532.082569822038,0
2001-11-19,524.5062255859375,532.9521512021912,512.7619081152001,529.6637032667761,0
2001-11-20,493.8810119628906,524.5062074430679,493.1513845521766,524.5062074430679,0
2001-11-21,503.22650146484375,504.1260600855549,485.8349229540934,493.88101742659114,0
2001-11-23,511.0527038574219,512.9418044235757,495.04046271393446,503.22650416163015,0
2001-11-26,532.2025146484375,533.771762688638,511.05271384507336,511.05271384507336,0
2001-11-27,536.4104614257812,549.9339479060304,514.7709674802543,532.202536330319,0
2001-11-28,511.1926574707031,536.4104361000387,511.1226840037491,536.4104361000387,0
2001-11-29,532.912109375,532.9720779151137,509.49344887326015,511.1926388506617,0
2001-11-30,518.6990356445312,532.9121292317839,511.5025055345636,532.9121292317839,0
2001-12-03,510.75286865234375,524.5862021526493,509.49346825640845,518.6990360507045,0
2001-12-04,543.8468627929688,544.3766357764724,510.7528888808123,510.7528888808123,0
2001-12-05,585.5166625976562,590.0545058467712,543.8468237416553,543.8468237416553,0
2001-12-06,584.0374145507812,590.1044862572169,571.7133605867629,585.5166792614191,0
2001-12-07,571.4635009765625,588.8750597109952,562.4678533104254,584.0374344625866,0
2001-12-10,559.0994873046875,579.6795569526324,558.2199079867031,571.4635003700149,0
2001-12-11,565.4963989257812,579.2397490800926,559.0994697244284,559.0994697244284,0
2001-12-12,575.3416137695312,577.0107890425362,558.0399876721258,565.4964018288828,0
2001-12-13,536.3305053710938,575.3415968091829,536.2005633650745,575.3415968091829,0
2001-12-14,548.7545166015625,553.8220720993446,534.7112622963937,536.3305349988824,0
2001-12-17,563.5972900390625,568.434976106915,547.5650694442811,548.754496363472,0
2001-12-18,566.8157348632812,574.2421337754686,561.3783636603671,563.5972606006716,0
2001-12-19,537.3499755859375,566.8157593586058,536.7402852477725,566.8157593586058,0
2001-12-20,507.3545227050781,537.3499886520922,506.1650957676907,537.3499886520922,0
2001-12-21,520.3282470703125,522.9469750696695,507.35451365421807,507.35451365421807,0
2001-12-24,514.870849609375,521.7675367231913,514.7109538382533,520.3282307605529,0
2001-12-26,520.4281616210938,534.3314681011817,515.0507588207944,515.0507588207944,0
2001-12-27,530.3533935546875,533.0721099429932,520.4282028139131,520.4282028139131,0
2001-12-28,538.5294189453125,544.1867159298586,530.3533821177643,530.3533821177643,0
2001-12-31,521.9074096679688,539.0691486373838,521.1677773593557,538.5293707862944,0
2002-01-02,545.1762084960938,545.1762084960938,521.907438239164,521.907438239164,0
2002-01-03,590.3343505859375,592.1634826153734,545.1762085382021,545.1762085382021,0
2002-01-04,589.604736328125,600.8892543783747,576.5510547506028,590.3343637690277,0
2002-01-07,579.9593505859375,597.9306348333264,574.0721847098495,589.6047076563068,0
2002-01-08,583.5376586914062,592.8831124165126,573.942264866347,579.9593729792441,0
2002-01-09,583.9874267578125,606.5864763805951,579.8494145024167,583.5376322073329,0
2002-01-10,574.2921142578125,583.9874350154086,570.39397610605,583.9874350154086,0
2002-01-11,568.6148681640625,586.7760630716346,565.3264203453148,574.2921136831425,0
2002-01-14,564.1370239257812,575.1916728586656,558.1699403063666,568.6148988772051,0
2002-01-15,560.2688598632812,570.5738707523792,552.77248741227,564.1369831675522,0
2002-01-16,531.5327758789062,560.268870837305,531.3428653328688,560.268870837305,0
2002-01-17,539.2890625,541.5579842543532,524.7461110519732,531.5328054595484,0
2002-01-18,522.7870483398438,539.2890742576061,519.9484558594243,539.2890742576061,0
2002-01-22,498.88861083984375,526.6651488113215,498.8486216442383,522.7870204137057,0
2002-01-23,520.2882080078125,523.0169290701931,498.8885902434332,498.8885902434332,0
2002-01-24,523.4567260742188,536.2005594503819,518.7189673625813,520.2882153421264,0
2002-01-25,535.6807861328125,537.5998404112557,519.2986987879456,523.4567208978141,0
2002-01-28,545.5560302734375,547.6250364719716,534.8312391868301,535.6808036957726,0
2002-01-29,532.4623413085938,555.0614532215152,529.0440123407992,545.5560426040219,0
2002-01-30,554.6116333007812,554.6116333007812,526.8650498573745,532.4623169760864,0
2002-01-31,558.6097412109375,563.0576014772508,548.0948089597509,554.6116755343666,0
2002-02-01,552.6026000976562,563.117531631994,546.0557801997248,558.6097031280761,0
2002-02-04,544.9463500976562,563.2874513557679,542.2576485824231,552.502691526225,0
2002-02-05,540.6583862304688,551.9029455687453,534.7112515348747,544.946350568407,0
2002-02-06,542.617431640625,546.1257437297174,531.7426890591155,540.6583576662731,0
2002-02-07,515.6704711914062,544.6564460710708,515.4705557152465,542.6174546277724,0
2002-02-08,531.27294921875,531.27294921875,512.1921554551574,523.0869079579948,0
2002-02-11,551.483154296875,551.483154296875,531.272962682648,531.272962682648,0
2002-02-12,547.7449951171875,557.4902800704252,538.4894634417229,551.4831767127065,0
2002-02-13,569.0546875,569.1046511187321,547.7449905909989,547.7449905909989,0
2002-02-14,564.6767578125,579.5895242418908,562.4477949325919,569.0546441794147,0
2002-02-15,554.3417358398438,569.9441710731987,552.0428604873624,564.6767615102845,0
2002-02-19,534.63134765625,554.3417819960702,532.9821211760441,554.3417819960702,0
2002-02-20,543.30712890625,543.4070561425297,519.0288978680894,534.6313340020747,0
2002-02-21,507.0146789550781,543.3071155765577,506.77477428656243,543.3071155765577,0
2002-02-22,508.703857421875,519.0788419926519,500.3279055467294,507.0146723538412,0
2002-02-25,538.4794311523438,543.3271220758603,508.7038609088461,508.7038609088461,0
2002-02-26,534.4013671875,544.5065235163263,524.9059621763064,538.4794108423062,0
2002-02-27,526.925048828125,547.4351448933749,522.7770923683852,534.4014119839504,0
2002-02-28,510.58294677734375,532.7222288321321,510.08318857970596,526.9250459406621,0
2002-03-01,566.9956665039062,566.9956665039062,510.58293005870286,510.58293005870286,0
2002-03-04,600.6193237304688,603.3180299898522,566.3159773860325,566.9956411615099,0
2002-03-05,613.6031494140625,616.4217320094921,595.9116967296163,600.6193799841099,0
2002-03-06,607.6759643554688,613.6031503697815,591.7337263719342,613.6031503697815,0
2002-03-07,610.7144775390625,620.0599307455642,600.199546312007,607.6759088772084,0
2002-03-08,637.6314697265625,641.5895764778415,610.7145014476198,610.7145014476198,0
2002-03-11,622.2089233398438,637.6314530651957,613.8529814222335,637.6314530651957,0
2002-03-12,605.2071533203125,622.2089362900972,594.9521057508781,622.2089362900972,0
2002-03-13,581.21875,605.2071420894239,576.1812096232499,605.2071420894239,0
2002-03-14,578.56005859375,591.9235870290936,578.56005859375,581.2187451858264,0
2002-03-15,593.9026489257812,594.7422695396957,578.5600966714907,578.5600966714907,0
2002-03-18,599.8297729492188,614.3127557243957,593.9026480587878,593.9026480587878,0
2002-03-19,603.98779296875,610.1147723095637,596.0016057740373,599.8297706263807,0
2002-03-20,581.2787475585938,593.5128183740475,581.1488055478382,593.4928695301427,0
2002-03-21,597.0111083984375,598.8801991073406,578.4001186939832,581.2787306853111,0
2002-03-22,590.1344604492188,602.3585876012253,588.8051475508211,597.0111382157712,0
2002-03-25,573.4725341796875,600.4994356585613,573.4425194049973,590.1344554768019,0
2002-03-26,585.6365966796875,592.2334411251369,569.0746036100622,573.4724999070285,0
2002-03-27,581.2687377929688,587.4557466169334,574.761876407165,585.6366194871445,0
2002-03-28,594.9520874023438,599.9996326413659,581.2687064758526,581.2687064758526,0
2002-04-01,609.6749877929688,613.8330101703584,581.4486544841839,594.9521307773622,0
2002-04-02,587.0059204101562,601.1691106561564,587.0059204101562,598.4603994540103,0
2002-04-03,573.9323120117188,593.1329822762988,567.3854310380975,587.0059420986488,0
2002-04-04,580.6190795898438,587.1358847918824,569.4344890491722,573.9323126820593,0
2002-04-05,572.3430786132812,590.3643886675158,570.4739878174842,580.6191037245102,0
2002-04-08,575.5914916992188,579.2197410316888,550.0538604432978,572.343063470827,0
2002-04-09,557.3803100585938,585.7265787512567,555.1013835261863,575.5914684467547,0
2002-04-10,563.357421875,564.9666286046903,545.1162479485757,557.3803334472143,0
2002-04-11,552.8025512695312,568.1751186211586,551.6031193697418,563.3574421775254,0
2002-04-12,560.3988037109375,560.6287339506906,548.7244602961426,558.6696599816821,0
2002-04-15,571.3435668945312,573.6824621425158,556.0309681326999,560.3988499753456,0
2002-04-16,603.2481079101562,604.3476125568503,571.343561407681,571.343561407681,0
2002-04-17,610.8743896484375,618.1308880996545,601.339025645507,603.2480750287159,0
2002-04-18,592.2734375,606.9763457545927,582.0183894412262,606.9763457545927,0
2002-04-19,582.4581298828125,597.3909061265816,578.9998424632151,595.8316631094089,0
2002-04-22,572.722900390625,582.4581804199577,564.1170787800357,582.4581804199577,0
2002-04-23,554.9315185546875,574.5420254801745,552.41271770001,572.7228983079784,0
2002-04-24,534.0415649414062,561.5982375845973,531.2529363321686,554.9314807198142,0
2002-04-25,538.3394775390625,541.7978260453116,524.5961278329854,534.041569468471,0
2002-04-26,514.4810180664062,545.2261499616566,511.6624052141242,538.339467846128,0
2002-04-29,516.4201049804688,529.473786311568,505.63534532744524,514.4810407855441,0
2002-04-30,525.4857177734375,538.2395562012435,514.2112050322089,516.4200971291858,0
2002-05-01,526.9849853515625,533.8116990354813,508.61387014153286,525.4857108415316,0
2002-05-02,503.80621337890625,536.6703164580906,501.9671069210672,526.985000406377,0
2002-05-03,479.9777526855469,503.80621954359816,476.9092605786184,503.80621954359816,0
2002-05-06,472.91119384765625,493.85104367035086,471.9916253584237,481.0672206517143,0
2002-05-07,469.9126281738281,477.8787441454169,455.04979452996116,472.911177203048,0
2002-05-08,522.0973510742188,527.2848434708392,469.9126404794107,469.9126404794107,0
2002-05-09,503.23651123046875,524.5062182913372,503.23651123046875,522.0973496847043,0
2002-05-10,480.7273864746094,509.4634822137409,478.33855820332656,503.236514728422,0
2002-05-13,508.91375732421875,509.2835734997337,480.72738356027907,480.72738356027907,0
2002-05-14,540.8382568359375,544.8263782010558,508.91373360903066,508.91373360903066,0
2002-05-15,537.5698852539062,558.6396455822569,524.0464000160265,540.8382621716573,0
2002-05-16,542.4774780273438,542.6573836443575,527.524752916268,537.5698797361673,0
2002-05-17,541.7078857421875,549.5041626353292,533.3719529490432,542.4775329086393,0
2002-05-20,534.3614501953125,541.7078712960437,530.1734740601869,541.7078712960437,0
2002-05-21,519.4586791992188,542.6974350068127,515.950366948654,534.3614415649627,0
2002-05-22,519.228759765625,529.1639552183188,504.6158348832706,519.4586900213782,0
2002-05-23,516.380126953125,521.1677882164763,499.8381133737642,519.2287240941554,0
2002-05-24,499.38836669921875,516.380144916938,494.9105223996521,516.380144916938,0
2002-05-28,496.4097900390625,505.5653634822236,487.5940484951877,499.38835974855004,0
2002-05-29,479.8678283691406,496.40981254073705,479.2081438866876,496.40981254073705,0
2002-05-30,480.28759765625,481.00725066654593,464.24537203454383,479.8678178602218,0
2002-05-31,476.0296630859375,488.7435121838784,473.6508093101068,480.2875819634825,0
2002-06-03,451.1517028808594,471.3919095453841,450.3620764010589,471.3919095453841,0
2002-06-04,466.6642150878906,471.79170847062176,448.9327738488082,451.15170142200486,0
2002-06-05,467.9935607910156,474.55038580537365,456.5391116138892,466.6642174264945,0
2002-06-06,453.34063720703125,467.9935506857591,447.50346533262217,467.9935506857591,0
2002-06-07,440.7967224121094,453.3406406066025,420.966321367339,453.3406406066025,0
2002-06-10,437.21844482421875,449.32260410400244,436.10899627859163,440.7967305629055,0
2002-06-11,419.2371520996094,443.5853564304634,419.1072100899963,437.2184419819752,0
2002-06-12,434.11993408203125,437.90810968712054,416.38852333615733,419.23715110776465,0
2002-06-13,426.60357666015625,441.63631130780743,421.51604203033975,434.1199287325725,0
2002-06-14,425.7939758300781,427.97291420731136,403.8146205005966,426.6035816537549,0
2002-06-17,448.74285888671875,450.2821226302841,425.7939716770278,425.7939716770278,0
2002-06-18,441.7562561035156,462.6061531685402,441.7562561035156,448.7428658453738,0
2002-06-19,411.99066162109375,441.7562583786278,410.7312612137229,441.7562583786278,0
2002-06-20,392.0303039550781,419.13718248233783,388.542001655032,411.9906466815324,0
2002-06-21,379.82623291015625,395.22878413169036,377.23748912185755,392.03031948437007,0
2002-06-24,395.0788269042969,403.08496283581997,376.8176736983898,379.82622775062384,0
2002-06-25,376.2879333496094,404.85409811059066,373.479294757923,395.0788291199921,0
2002-06-26,382.534912109375,384.3740185975427,358.4665709784274,376.2879347027647,0
2002-06-27,394.3392028808594,399.27681632217184,380.64581604108974,382.5349166727376,0
2002-06-28,387.3925476074219,404.4643045681729,386.3730518743411,394.33919869381,0
2002-07-01,367.2522888183594,390.7009645849823,364.9334035425825,387.39253737093117,0
2002-07-02,348.3414611816406,367.2522938916903,346.76220822951376,367.2522938916903,0
2002-07-03,363.0343322753906,363.0343322753906,343.55376798131806,348.3414599353104,0
2002-07-05,395.9883728027344,395.9883728027344,363.034318140578,363.034318140578,0
2002-07-08,375.67822265625,395.35870317977736,373.6991996892312,392.27020113786074,0
2002-07-09,362.3146667480469,375.6781952752063,360.10574418705437,375.6781952752063,0
2002-07-10,348.39141845703125,367.4321928295002,348.2414971042595,362.314673969436,0
2002-07-11,372.28985595703125,372.28985595703125,343.39383462964787,348.39141637766676,0
2002-07-12,376.98760986328125,383.50444573859653,366.10286174563385,372.28987063381715,0
2002-07-15,394.9588928222656,395.1588083000847,364.9734013185711,376.9876077695224,0
2002-07-16,386.2231140136719,407.4228471218934,380.9856581337997,394.9588770963511,0
2002-07-17,381.2855224609375,407.57279158896705,371.29035845745557,386.22313591888314,0
2002-07-18,368.5216979980469,383.3644916974577,368.3317874474297,381.28551106809437,0
2002-07-19,363.9039001464844,376.1579803873365,362.4046256179423,368.5216913167613,0
2002-07-22,356.83734130859375,371.54021825299145,348.4613894284239,363.90389870974695,0
2002-07-23,339.245849609375,361.3751258409876,338.0364433609761,356.8373435526747,0
2002-07-24,353.5289611816406,353.76883535558517,327.2916558077688,339.2458633535129,0
2002-07-25,317.89617919921875,353.52896330410744,305.6021396656375,353.52896330410744,0
2002-07-26,314.857666015625,324.992746292132,304.30277543642296,317.8961738622181,0
2002-07-29,336.6670837402344,337.7865676911977,314.85765984205904,314.85765984205904,0
2002-07-30,346.29241943359375,349.6707895122014,331.77945329116517,336.6670722873884,0
2002-07-31,330.7799377441406,346.29242025414203,325.8123403481034,346.29242025414203,0
2002-08-01,311.7291564941406,334.2782423584068,310.6696716292791,330.77993521896883,0
2002-08-02,301.26422119140625,311.72915840418773,295.0572333124748,311.72915840418773,0
2002-08-05,283.772705078125,302.87344886054626,282.61326239258625,301.26424209623383,0
2002-08-06,301.3941650390625,310.7496233194577,283.77268712331096,283.77268712331096,0
2002-08-07,307.5011901855469,319.6253280448714,291.29903915605183,301.3941601029982,0
2002-08-08,320.91473388671875,323.4035199309352,297.5360309394517,307.501210543915,0
2002-08-09,315.73724365234375,323.05368036560924,307.5112128708905,320.9147311756854,0
2002-08-12,311.9390563964844,315.7372368572191,305.89199463387126,315.7372368572191,0
2002-08-13,298.7354431152344,324.41301986037007,298.28564856933474,311.93904518432737,0
2002-08-14,322.024169921875,322.024169921875,294.8073592670238,298.7354511969627,0
2002-08-15,327.3016357421875,331.5995746156038,316.1970230459003,322.02419030678783,0
2002-08-16,348.31146240234375,351.43992289954974,321.92420683180706,327.30160957912756,0
2002-08-19,362.8843994140625,366.3827065987978,343.79363124822896,348.3114646200335,0
2002-08-20,345.5128173828125,362.8844170716027,343.073994957987,362.8844170716027,0
2002-08-21,361.625,362.61454191958103,345.5128014623133,345.5128014623133,0
2002-08-22,357.08721923828125,367.7220572894825,352.35949594458685,361.6250014833487,0
2002-08-23,336.10736083984375,357.0872303179543,335.217807126502,357.0872303179543,0
2002-08-26,336.62713623046875,338.3862643490692,326.871846424876,336.1073681816929,0
2002-08-27,316.71673583984375,337.0669042593461,315.7672136243372,336.62711463220825,0
2002-08-28,303.6530456542969,316.7167312704648,302.64355491354655,316.7167312704648,0
2002-08-29,304.18280029296875,309.23037621059245,293.02822456241796,303.65305784249847,0
2002-08-30,300.0448303222656,308.3508091595634,297.3661336930311,304.18281235357273,0
2002-09-03,284.80218505859375,300.0448090669117,284.60226959178385,300.0448090669117,0
2002-09-04,290.1296081542969,291.52895548620194,276.22633167150985,284.802199279085,0
2002-09-05,275.226806640625,290.1295990332202,274.4072264183101,290.1295990332202,0
2002-09-06,288.3304748535156,292.48846641663374,275.2268000003568,275.2268000003568,0
2002-09-09,287.8407287597656,290.8492522240929,278.365302803605,288.3304820091825,0
2002-09-10,298.1957092285156,303.94292833795754,287.84073430920455,287.84073430920455,0
2002-09-11,301.61407470703125,310.60972219018066,298.19571524219396,298.19571524219396,0
2002-09-12,283.3628845214844,301.61406278807334,282.9730585045994,301.61406278807334,0
2002-09-13,280.3843078613281,288.30049055831057,277.7655799763186,283.3628774839729,0
2002-09-16,269.08978271484375,281.6037159590507,268.1902241346804,280.3843048383973,0
2002-09-17,263.4325256347656,278.9150240688919,262.9227625375524,269.0897918118152,0
2002-09-18,262.66290283203125,267.41060536212524,256.85571544071007,263.4325194190533,0
2002-09-19,252.33790588378906,263.7323709873898,252.31791128627944,262.6629116688771,0
2002-09-20,248.7496337890625,256.1360743948456,247.84008548464905,252.33790914363894,0
2002-09-23,236.07577514648438,248.7496354659084,234.68644799473162,248.7496354659084,0
2002-09-24,239.46412658691406,247.49024157765643,231.477985539155,236.07576680409386,0
2002-09-25,256.32598876953125,260.9437495812074,239.4641370076233,239.4641370076233,0
2002-09-26,248.22988891601562,259.7343012371389,242.44268077183835,256.32597736328813,0
2002-09-27,246.46075439453125,256.7357664588252,245.22134857480071,248.2299026832524,0
2002-09-30,238.12478637695312,246.46074927383847,234.65646333986604,246.46074927383847,0
2002-10-01,249.7791290283203,250.15895012065187,236.04578418069525,238.12478001273743,0
2002-10-02,249.82911682128906,263.2626346972568,248.07996315145408,249.779137951869,0
2002-10-03,233.62696838378906,250.09899435418012,233.18717872839687,249.82912065629674,0
2002-10-04,226.84024047851562,237.8149261131493,223.46188546887348,233.62696527205028,0
2002-10-07,219.85362243652344,228.36949073348987,218.05448996131605,226.84023194241587,0
2002-10-08,215.81556701660156,224.45138761271463,209.24875257180963,219.8536215843495,0
2002-10-09,213.9564666748047,223.7717245173422,211.71755981972188,215.8155676892054,0
2002-10-10,227.13011169433594,230.4385085303587,211.35774415940378,213.95647764246894,0
2002-10-11,246.10092163085938,250.28889765780013,227.13010521489232,227.13010521489232,0
2002-10-14,245.76109313964844,246.93052547762332,237.93487803036135,246.10092504954,0
2002-10-15,268.9698486328125,268.9698486328125,245.76107839152246,245.76107839152246,0
2002-10-16,245.25132751464844,268.9698620223198,244.35176887968797,268.9698620223198,0
2002-10-17,266.4810485839844,266.4810485839844,245.25133034178776,245.25133034178776,0
2002-10-18,268.1502380371094,268.33014365465556,252.22795032510498,266.4810323556954,0
2002-10-21,282.1534729003906,283.4228476565143,259.97420313174564,268.15023937783246,0
2002-10-22,264.9418029785156,282.153475535362,262.5429698683846,282.153475535362,0
2002-10-23,285.72174072265625,285.8117240402748,261.28358327870313,264.9418169279601,0
2002-10-24,278.36529541015625,299.0352856086256,277.79556378648624,285.72172089167196,0
2002-10-25,292.33856201171875,292.56843125747827,277.7756010240654,278.36531202834726,0
2002-10-28,291.65887451171875,302.11383806050844,289.9197257295082,292.33856884864167,0
2002-10-29,282.5832824707031,293.2781203275377,271.68855963227657,291.6588781105663,0
2002-10-30,301.144287109375,303.78299438980304,282.5832613246984,282.5832613246984,0
2002-10-31,295.00726318359375,304.88249022405677,292.45850853168236,301.14430860050135,0
2002-11-01,312.88861083984375,312.98856857671564,291.4889618459291,291.8088144027917,0
2002-11-04,325.8623046875,337.486684548703,312.88860217575547,312.88860217575547,0
2002-11-05,317.39642333984375,325.8623285405329,306.4117477705768,325.8623285405329,0
2002-11-06,329.68048095703125,329.68048095703125,313.98809200522817,317.39641603755075,0
2002-11-07,302.463623046875,329.6804637897956,301.98387472858604,329.6804637897956,0
2002-11-08,299.76495361328125,308.78058015210775,292.29856522318926,302.463629469414,0
2002-11-11,282.9830627441406,299.76495071915156,281.83362504783975,299.76495071915156,0
2002-11-12,294.28759765625,302.76350745941045,282.9830699457129,282.9830699457129,0
2002-11-13,295.50701904296875,302.1638019607261,287.6408298159293,294.28760780873415,0
2002-11-14,318.9756774902344,319.0156666875101,295.5070211519111,295.5070211519111,0
2002-11-15,319.525390625,321.03467012719966,308.9405157685568,318.97566881439684,0
2002-11-18,319.55535888671875,331.4696070198409,319.52537461678475,319.52537461678475,0
2002-11-19,312.1589660644531,321.8243031238747,309.9800276218172,319.5553813622902,0
2002-11-20,337.9164733886719,337.96646750774477,312.15894809102036,312.15894809102036,0
2002-11-21,365.1233215332031,366.18280645612674,337.916484440524,337.916484440524,0
2002-11-22,362.4646301269531,367.97194456958755,355.3480479684683,365.1233168218421,0
2002-11-25,374.12896728515625,376.7177110042328,361.74497541266487,362.4646284139277,0
2002-11-26,357.5669860839844,374.12898010212234,356.87731732986333,374.12898010212234,0
2002-11-27,381.5054016113281,383.18458177423116,357.56697260560037,357.56697260560037,0
2002-11-29,373.3493347167969,386.1531365047507,372.7596237405522,381.5053916559752,0
2002-12-02,375.0585021972656,393.60952305397973,370.78057347605824,373.34933779420953,0
2002-12-03,355.447998046875,375.05850387289206,355.447998046875,375.05850387289206,0
2002-12-04,335.2178039550781,355.4480054568347,329.9503331805957,355.4480054568347,0
2002-12-05,331.4796142578125,342.2144100085522,327.21165995624085,335.21779561548976,0
2002-12-06,331.18975830078125,336.80703547062507,322.65387988285335,331.47962659149687,0
2002-12-09,307.4712219238281,327.3715965797883,307.441237652737,327.3715965797883,0
2002-12-10,322.8537902832031,325.752381636324,307.47121881005484,307.47121881005484,0
2002-12-11,323.4534912109375,330.44013166765853,314.2779378761215,322.8538057664294,0
2002-12-12,321.07464599609375,330.62001487517074,317.91617069036863,323.4534692712015,0
2002-12-13,309.12042236328125,321.07466032685613,307.9210209992661,321.07466032685613,0
2002-12-16,325.49249267578125,325.49249267578125,307.53118267934144,309.1204100125681,0
2002-12-17,320.4749450683594,330.8998936974063,318.3359653519908,325.49250636611833,0
2002-12-18,297.6559753417969,320.4749521131175,296.36662113213373,320.4749521131175,0
2002-12-19,296.8663635253906,304.3227470221863,291.0991346125861,297.6559594869125,0
2002-12-20,297.8258972167969,305.1623437917697,295.00725370217236,296.86637003198695,0
2002-12-23,305.8719787597656,308.3507902589068,296.18666300476286,297.82588444036054,0
2002-12-24,301.4241638183594,307.4212621337956,301.34418542590805,305.8719934339496,0
2002-12-26,300.144775390625,310.68966075606915,299.0153170267403,301.42415510749913,0
2002-12-27,296.3465881347656,302.1438011742042,295.09719271714755,300.1447685060153,0
2002-12-30,289.7698059082031,300.1247812681874,287.99066791959183,296.346610460785,0
2002-12-31,289.10009765625,294.3875476582365,285.5218425649972,289.76978702815205,0
2003-01-02,308.4107666015625,308.5906722262695,287.9806496966814,289.10010314306084,0
2003-01-03,313.98809814453125,315.48737275220543,304.82251928837564,308.41077952240414,0
2003-01-06,331.5295715332031,335.20778428024727,313.988072270066,313.988072270066,0
2003-01-07,333.2587585449219,343.05400668274257,331.1097739662651,331.5295842591745,0
2003-01-08,322.2840576171875,333.2587582329964,319.93518807019694,333.2587582329964,0
2003-01-09,330.83990478515625,337.9564561647366,322.2840474520858,322.2840474520858,0
2003-01-10,338.9060363769531,342.184448980843,324.3430749661181,330.839931629538,0
2003-01-13,332.7590026855469,348.2814906618617,331.1797497423871,338.9060222487326,0
2003-01-14,336.5671691894531,342.2844042317744,331.13977194182183,332.75901413621466,0
2003-01-15,324.7828369140625,335.5576216717548,322.06415129138674,335.5576216717548,0
2003-01-16,315.4973449707031,327.4215682797752,313.29842719649827,324.78286085016543,0
2003-01-17,297.3861083984375,315.4973403891864,295.8268652802154,315.4973403891864,0
2003-01-21,294.1076965332031,301.4741274163874,293.01822733297666,297.3861090586431,0
2003-01-22,292.3585510253906,299.5950401001252,291.08917616092816,294.1077047494742,0
2003-01-23,298.3556213378906,300.99435906243235,291.8887495313252,292.3585234215511,0
2003-01-24,283.5328063964844,298.3556199214248,282.3433795418319,298.3556199214248,0
2003-01-27,279.5147399902344,286.1115539727907,278.6651449957777,283.53281522197904,0
2003-01-28,282.0135498046875,284.4623772174685,275.36677175933653,279.51475877238863,0
2003-01-29,290.49945068359375,291.9287517634829,276.69610163371954,282.0135360110459,0
2003-01-30,273.5476379394531,290.4994578538794,273.04787974510185,290.4994578538794,0
2003-01-31,271.5986022949219,275.5666836221859,261.25360145657066,273.5476409728131,0
2003-02-03,270.42913818359375,277.02595212019077,269.6895058537887,271.5985857212214,0
2003-02-04,269.59954833984375,271.4386547107971,265.55148893666933,270.42913346532794,0
2003-02-05,269.6495361328125,281.27391687290685,269.04982018566324,269.59957251339176,0
2003-02-06,265.7314147949219,273.03790772315654,263.7823761215113,269.6495324943172,0
2003-02-07,260.7938232421875,269.66950293643026,259.30452311719085,265.7314060201411,0
2003-02-10,265.34161376953125,267.8303997868642,258.43495194549655,260.79382645621337,0
2003-02-11,266.4410705566406,271.50862557813207,263.42251177320804,265.34159651309955,0
2003-02-12,264.3020935058594,270.9688807897961,264.06221934966237,266.44107307467374,0
2003-02-13,264.6619567871094,266.11123726919766,259.4144956734224,264.3021150207045,0
2003-02-14,280.0245056152344,280.0245056152344,264.6619441227315,264.6619441227315,0
2003-02-18,291.48895263671875,292.17862134568134,280.02449909426474,280.02449909426474,0
2003-02-19,288.8502197265625,293.9377542789348,284.9421071444762,291.48895752735643,0
2003-02-20,292.298583984375,295.0472541363597,288.8502401380296,288.8502401380296,0
2003-02-21,292.92828369140625,295.29713271957286,286.5413591445386,292.29858346815786,0
2003-02-24,292.0586853027344,297.1062305936097,289.81974797030625,292.9482389794636,0
2003-02-25,289.8497314453125,292.05868450174364,281.2638898111185,292.05868450174364,0
2003-02-26,281.30389404296875,292.44849564340893,280.73416238242015,289.84974693992035,0
2003-02-27,289.43994140625,290.53941553053875,281.30389389215225,281.30389389215225,0
2003-02-28,297.4860534667969,297.5260426612279,288.3105007766455,289.4399286196635,0
2003-03-03,285.76171875,301.9139066481315,284.55231250565737,297.48605653233363,0
2003-03-04,283.7626953125,288.36047677939035,282.9630944064405,285.76172808046806,0
2003-03-05,288.24053955078125,290.40947302137187,283.46285245782036,283.7626951717391,0
2003-03-06,287.22100830078125,289.0801246030612,282.6532416901703,288.240534515935,0
2003-03-07,285.7517395019531,287.22099923091366,278.3053306090513,287.22099923091366,0
2003-03-10,278.94500732421875,285.7517416763218,278.8150958221166,285.7517416763218,0
2003-03-11,278.9150390625,282.09352439486105,277.81559542537224,278.9450233343704,0
2003-03-12,287.3110046386719,287.6008424359278,278.12544637830007,278.9150423812223,0
2003-03-13,310.2398986816406,310.3498308402633,287.31099086468197,287.31099086468197,0
2003-03-14,305.0024108886719,313.40834712931314,302.4536563740118,310.23989735244203,0
2003-03-17,322.1341247558594,325.6024476219006,301.7040086433635,305.0024003130042,0
2003-03-18,327.88134765625,327.941316196231,316.92662664317413,322.13412871979745,0
2003-03-19,326.1821594238281,328.7409188194042,317.62630197559224,327.8813494065423,0
2003-03-20,328.8708801269531,334.69804732223184,320.32502710145303,326.18217856864226,0
2003-03-21,335.9374694824219,337.7066025364733,328.87088118551856,328.87088118551856,0
2003-03-24,319.6153259277344,335.9374446815138,318.8457093344931,335.9374446815138,0
2003-03-25,322.5439453125,325.35258387643614,315.9271213102211,319.61533916160545,0
2003-03-26,321.0546569824219,325.7923854998759,319.52539809777295,322.5439571727676,0
2003-03-27,316.5968017578125,321.05463610838837,312.3288779526996,321.05463610838837,0
2003-03-28,309.87005615234375,318.09608691436483,308.7805869619777,316.59681234917537,0
2003-03-31,296.126708984375,309.87005930510986,295.8468456161383,309.87005930510986,0
2003-04-01,299.02532958984375,302.54361627541795,296.12670767818247,296.12670767818247,0
2003-04-02,317.9461669921875,319.2855152827916,299.02532921484953,299.02532921484953,0
2003-04-03,319.1055908203125,324.56294139931435,315.2674518029956,317.94614822609947,0
2003-04-04,311.28936767578125,319.8852141983387,308.6506299281423,319.10559268250313,0
2003-04-07,315.1974792480469,327.16169088063896,311.28936675623055,311.28936675623055,0
2003-04-08,303.4031677246094,315.1974786407742,302.4736248646533,315.1974786407742,0
2003-04-09,298.4056091308594,308.32082524382116,298.4056091308594,303.4031911327349,0
2003-04-10,302.6735534667969,304.03288108407514,296.6464709960665,298.4055990594373,0
2003-04-11,298.0457763671875,308.06091899544293,296.3266070624496,302.67354184753043,0
2003-04-14,305.662109375,306.00194129236405,296.15669860247993,298.045799249297,0
2003-04-15,307.7210998535156,311.61920759471127,299.8549109045701,305.6620985721964,0
2003-04-16,318.22601318359375,325.0127375871201,307.72108682219573,307.72108682219573,0
2003-04-17,332.7989501953125,335.1178354120356,317.7462366379235,318.22601545949937,0
2003-04-21,334.2482604980469,337.4566993854121,328.74091574364684,332.7989496144202,0
2003-04-22,345.04302978515625,345.26292460172243,329.5505263986606,334.24826543311235,0
2003-04-23,347.15203857421875,348.8712079785884,341.48476724324775,345.0430431378794,0
2003-04-24,341.8446044921875,347.1520339926161,339.35578798148924,347.1520339926161,0
2003-04-25,324.7928466796875,341.8445929891289,322.74381988228646,341.8445929891289,0
2003-04-28,332.7590026855469,335.80751540709184,324.36304079134123,324.792856011762,0
2003-04-29,339.72564697265625,344.46334499147775,332.75901638024897,332.75901638024897,0
2003-04-30,332.3392028808594,339.72564371556496,332.1093031279267,339.72564371556496,0
2003-05-01,332.8789367675781,335.51764409407406,326.2521384264509,332.3391893928877,0
2003-05-02,342.8641052246094,343.4038526147127,331.57955666760876,332.8789462732043,0
2003-05-05,346.9920959472656,355.81781180040514,342.8640885862726,342.8640885862726,0
2003-05-06,352.82928466796875,356.2776284048033,345.27294322125425,346.9921126272846,0
2003-05-07,344.30340576171875,352.82927919176393,341.68467774845186,352.82927919176393,0
2003-05-08,337.60662841796875,344.30340020098083,336.6171169869205,344.30340020098083,0
2003-05-09,350.5303955078125,350.5303955078125,337.6066259437047,337.6066259437047,0
2003-05-12,358.3666076660156,359.3861033819042,347.012085846881,350.5304029893712,0
2003-05-13,355.5579833984375,358.6964490633835,350.77029125525434,358.36662206942816,0
2003-05-14,352.3594970703125,357.49702574228047,346.2724461690852,355.55796158621973,0
2003-05-15,359.1062316894531,360.35562712236606,352.2795484652569,352.3594963517233,0
2003-05-16,354.1986083984375,359.1262167434915,349.9206795882609,359.1062373972619,0
2003-05-19,336.5971374511719,354.1986058203477,336.4072269035074,354.1986058203477,0
2003-05-20,337.4667053222656,341.6146920150958,333.59858198333484,336.5971309906074,0
2003-05-21,337.40673828125,338.3862447728403,332.79895209147276,337.46670682143645,0
2003-05-22,342.6142272949219,344.8631391747247,334.9179388829131,337.4067554384789,0
2003-05-23,344.1834716796875,347.3519215238698,341.9145499744518,342.61422364183585,0
2003-05-27,365.1632995605469,365.70304693020574,341.4947597189345,344.1834611400112,0
2003-05-28,363.81396484375,369.1613836867929,360.22570462642494,365.1633180849395,0
2003-05-29,375.1584777832031,380.4958916400719,363.71403343095824,363.8139606676017,0
2003-05-30,382.1250915527344,384.19409770829714,375.158461405492,375.158461405492,0
2003-06-02,371.88006591796875,387.61244414813774,370.57070188625636,382.1251089235901,0
2003-06-03,381.35546875,381.50539009880316,369.2213258732336,371.88004296900834,0
2003-06-04,393.84942626953125,394.9388954173454,378.746718544597,381.3554720476013,0
2003-06-05,394.8289489746094,395.1987956571354,382.60488318362627,393.8494424451846,0
2003-06-06,388.00225830078125,412.4604248546424,386.80282646743075,394.8289416196106,0
2003-06-09,378.6567687988281,384.97371942523233,373.5192706426605,383.94421880912677,0
2003-06-10,382.90472412109375,382.9247034675623,372.9095603793769,378.65677953086407,0
2003-06-11,380.6258239746094,382.9047200634586,367.8919952635043,382.9047200634586,0
2003-06-12,375.2384338378906,381.2754905059737,371.3702800204025,380.62581099236957,0
2003-06-13,360.8953857421875,376.09802130307145,359.55603745668475,375.23845185978035,0
2003-06-16,371.7401428222656,373.0095176348066,357.96680842411064,360.89538407596854,0
2003-06-17,371.8100891113281,374.89859107080537,365.2832483581737,371.74014614674354,0
2003-06-18,379.30645751953125,382.73482185103694,364.86346427361326,371.8100847439555,0
2003-06-19,373.9390563964844,385.1336518497814,373.799139967298,379.306454378904,0
2003-06-20,370.8505554199219,379.5963236074008,368.91149123298675,373.93905732521904,0
2003-06-23,362.9143981933594,372.3198509749714,360.40560232253193,370.8505606785279,0
2003-06-24,355.5479736328125,362.91440459145275,353.3190410885445,362.91440459145275,0
2003-06-25,354.0486755371094,363.983870294852,353.7688121848977,355.54795003170454,0
2003-06-26,363.7939758300781,364.7235187371326,354.04869118451074,354.04869118451074,0
2003-06-27,359.2861328125,366.5826203510432,357.48701561275936,363.7939612389092,0
2003-06-30,359.51605224609375,366.2827672157188,358.0067727384461,359.2861524957069,0
2003-07-01,365.9229431152344,366.5226590278953,351.0001712782243,359.5160396289906,0
2003-07-02,375.1085205078125,375.1085205078125,365.922962297444,365.922962297444,0
2003-07-03,368.79156494140625,376.3778907079715,368.7615806697131,375.10851586920165,0
2003-07-07,395.3786926269531,395.3786926269531,368.79155143235556,368.79155143235556,0
2003-07-08,398.7170715332031,399.5266773378876,389.37158754386434,395.3786905787275,0
2003-07-09,401.6756286621094,407.1429842890646,394.04931406973736,398.71706882186487,0
2003-07-10,390.1112365722656,401.6756485773086,387.65243478258486,401.6756485773086,0
2003-07-11,390.5410461425781,393.7295058350376,386.6229285116959,390.1112309170309,0
2003-07-14,401.8855285644531,407.09303081335463,390.5410421690122,390.5410421690122,0
2003-07-15,401.6756286621094,408.60226961189346,397.21779430444917,401.8855185537585,0
2003-07-16,399.3867492675781,407.2129797528647,392.52007648730506,401.6756503619424,0
2003-07-17,382.7148132324219,399.3867390182332,379.696284766099,399.3867390182332,0
2003-07-18,383.5244140625,385.61339959514834,375.0884935415058,382.71480825089816,0
2003-07-21,375.7881774902344,383.5244245698533,373.2694071743355,383.5244245698533,0
2003-07-22,388.00225830078125,389.3416065630921,375.7881671591971,375.7881671591971,0
2003-07-23,393.5895690917969,393.8994167373976,383.83427920939454,388.0022760432024,0
2003-07-24,384.5838928222656,397.4077046014452,383.3145180459962,393.58954484547365,0
2003-07-25,390.2711486816406,390.3311172229071,375.84813495350375,384.5838981632621,0
2003-07-28,394.229248046875,395.8884183279654,386.8727919266888,390.2711413804256,0
2003-07-29,386.9327697753906,394.669016668333,382.94470924574495,394.22925753096604,0
2003-07-30,380.98565673828125,387.1226712044037,380.98565673828125,386.9327606595786,0
2003-07-31,389.4415588378906,397.74753723432127,380.9856590900984,380.9856590900984,0
2003-08-01,393.5295715332031,394.10927758463833,385.2036139072316,389.4415533948505,0
2003-08-04,395.058837890625,397.44769661182244,386.05318580361427,393.52957909309663,0
2003-08-05,383.15460205078125,395.0588456913445,382.7148124072561,395.0588456913445,0
2003-08-06,382.07513427734375,388.94180680344317,378.1970059125528,383.1545985270023,0
2003-08-07,380.345947265625,384.94372847730824,378.11701487204607,382.07512149495176,0
2003-08-08,368.5116882324219,383.3545122396663,366.19280296268823,380.34595824313413,0
2003-08-11,376.837646484375,377.87715203795926,368.51168863966984,368.51168863966984,0
2003-08-12,384.2240905761719,384.6638802181949,374.42881187080957,376.83764997735676,0
2003-08-13,391.3806457519531,397.8175338358629,383.85428844769604,384.22410463683536,0
2003-08-14,395.03887939453125,395.7285481536226,387.81236481148756,391.3806456949917,0
2003-08-15,394.3092041015625,396.6080795289106,391.490560645103,395.03886202552815,0
2003-08-18,414.6493835449219,414.88925771938574,394.30921875810344,394.30921875810344,0
2003-08-19,424.85443115234375,425.36419426837745,414.6493774266763,414.6493774266763,0
2003-08-20,422.0357666015625,427.733021899663,418.5574692852137,424.8544099807414,0
2003-08-21,435.4293212890625,435.4792849058866,422.03577767580936,422.03577767580936,0
2003-08-22,439.4473571777344,457.42864635186874,435.4293124767675,435.4293124767675,0
2003-08-25,436.7087097167969,441.0765914124045,433.52025002768636,439.44737483424734,0
2003-08-26,436.7686767578125,436.78865610430813,425.02435934539693,436.7087082155066,0
2003-08-27,449.6924133300781,449.83232976030126,436.1589531502315,436.7686739969134,0
2003-08-28,453.5705261230469,453.79042093682204,445.11459596836085,449.69239786345776,0
2003-08-29,455.8394470214844,457.24876880606297,449.46252750794605,453.5705557741127,0
2003-09-02,456.3791809082031,458.3382244537541,447.78333402063606,455.83943352729966,0
2003-09-03,444.14508056640625,457.24875606909484,441.99612646646443,456.37918170562034,0
2003-09-04,455.3296813964844,457.0588557403002,443.1555790299283,444.14509049976164,0
2003-09-05,459.5976257324219,467.7736623389518,453.3306385549228,455.32967129996103,0
2003-09-08,472.6712951660156,472.6813000908271,459.5976341940085,459.5976341940085,0
2003-09-09,466.5042724609375,472.67127119863636,464.67514047672137,472.67127119863636,0
2003-09-10,441.6763000488281,466.5042828319977,441.59632165825286,466.5042828319977,0
2003-09-11,448.65289306640625,453.23069496897165,433.69013228948546,441.67628855971805,0
2003-09-12,451.7914123535156,451.9113494396385,441.4264322891969,448.65291625347595,0
2003-09-15,443.2855224609375,455.3996563228236,442.8857220023484,451.79141676782086,0
2003-09-16,460.01739501953125,460.67707947066356,443.28550108665496,443.28550108665496,0
2003-09-17,458.3082275390625,464.2453570567518,456.8589166405746,460.01739194481604,0
2003-09-18,461.7665710449219,462.7760923680093,449.7024313007542,458.3082528479289,0
2003-09-19,460.5671691894531,465.9845309804967,457.72854628184905,461.7665705643567,0
2003-09-22,448.92279052734375,460.5671499677513,446.3340163242528,460.5671499677513,0
2003-09-23,455.6595153808594,455.78945738591557,445.63436767950355,448.9227849891492,0
2003-09-24,434.12994384765625,456.5990832073141,434.08995465138884,455.65953536335525,0
2003-09-25,431.70111083984375,445.49442428312653,431.58117375816937,434.12992825220476,0
2003-09-26,424.49462890625,435.72918352435767,424.45463970930734,431.7011336370496,0
2003-09-29,432.71063232421875,435.00950773160304,424.4946066945558,424.4946066945558,0
2003-09-30,419.57696533203125,432.7106245979375,418.56744407411287,432.7106245979375,0
2003-10-01,426.94342041015625,428.57263700830015,419.57698948729706,419.57698948729706,0
2003-10-02,429.5821533203125,436.5687630526719,425.2742401645499,426.9434154368691,0
2003-10-03,448.9028015136719,455.31971023472175,429.5821628873565,429.5821628873565,0
2003-10-06,448.75286865234375,451.57151215396533,446.33402560064695,448.9027900082132,0
2003-10-07,459.23779296875,459.36773498017277,445.4644583058665,448.7528757766312,0
2003-10-08,456.6490478515625,461.87652954807305,452.1712339497685,459.237791639242,0
2003-10-09,461.5866394042969,469.70270721992773,456.6490262351744,456.6490262351744,0
2003-10-10,466.9940490722656,467.28391736622734,461.58666174068003,461.58666174068003,0
2003-10-13,467.45379638671875,475.0501267007963,464.3153309283902,466.9940274093214,0
2003-10-14,473.7107849121094,473.85070134069326,462.2563359959889,467.4538027532795,0
2003-10-15,475.1800842285156,486.0947859786916,472.1115616318787,473.7107939348974,0
2003-10-16,480.2176513671875,480.3076041799993,472.04158429207325,475.180080329995,0
2003-10-17,464.96502685546875,480.27762510467244,464.2953374602,480.21765656214916,0
2003-10-20,473.24102783203125,473.24102783203125,463.18589535828994,464.96503331778564,0
2003-10-21,482.2266540527344,482.82636996873583,473.24101174566016,473.24101174566016,0
2003-10-22,468.5732727050781,482.2266702899446,467.1039823876699,482.2266702899446,0
2003-10-23,456.5790710449219,468.5732676275677,452.0612679798069,468.5732676275677,0
2003-10-24,457.7384948730469,458.608069209056,448.5029736453386,456.57905225742866,0
2003-10-27,461.86651611328125,464.78511733719847,457.7385086215098,457.7385086215098,0
2003-10-28,490.8724670410156,490.8924768901061,461.86651312939466,461.86651312939466,0
2003-10-29,495.9900207519531,497.59922747112074,487.58408439473317,490.87247129985457,0
2003-10-30,498.11895751953125,505.54538724143447,495.99001329941007,495.99001329941007,0
2003-10-31,496.27984619140625,499.9380796858922,492.50167561559584,498.11895261162323,0
2003-11-03,515.5205688476562,516.4200969618678,496.279848551863,496.279848551863,0
2003-11-04,514.1412353515625,519.5186382518445,510.71287105268783,515.5205728095909,0
2003-11-05,519.1188354492188,521.1878417484319,508.59392882199455,514.1412632255594,0
2003-11-06,525.4757080078125,527.2248616098075,515.900385356378,519.1187987013434,0
2003-11-07,526.1654052734375,531.9126245632467,524.4762201202071,525.4757365184348,0
2003-11-10,510.383056640625,526.1653984004546,508.5039609560513,526.1653984004546,0
2003-11-11,513.4714965820312,514.0912528279741,506.96466605598124,510.3830253046316,0
2003-11-12,530.76318359375,530.76318359375,513.4715021982945,513.4715021982945,0
2003-11-13,525.4457397460938,531.1429949508469,518.4191107589168,530.7631738701543,0
2003-11-14,509.7133483886719,527.8346151648565,507.85426262236757,525.4457564512992,0
2003-11-17,506.6148376464844,510.423022965946,498.53875903740874,509.71334440224325,0
2003-11-18,497.179443359375,515.9703083045722,497.179443359375,506.61484977592613,0
2003-11-19,505.9552001953125,507.1146123454696,497.17944766080467,497.17944766080467,0
2003-11-20,495.3103332519531,510.3330633246661,494.9405170693074,505.9552071730772,0
2003-11-21,502.4169006347656,504.4359127148425,494.49074316610694,495.31032340480385,0
2003-11-24,520.588134765625,520.588134765625,502.4169039150186,502.4169039150186,0
2003-11-25,520.4581909179688,527.1149430988343,518.1493105437904,520.5881329265031,0
2003-11-26,522.8870239257812,527.6147169740636,513.8113979358743,520.4582063954407,0
2003-11-28,529.0240478515625,529.2838708602053,521.7775542477532,522.8870027650524,0
2003-12-01,532.2724609375,536.060605869302,524.1963519028476,529.0240328623154,0
2003-12-02,526.755126953125,533.0121091312928,525.9555260657839,532.2724767853615,0
2003-12-03,519.1687622070312,534.5912920709517,518.5690768030149,526.7551180988364,0
2003-12-04,515.05078125,523.5067118334089,503.82623176257454,519.1687838778328,0
2003-12-05,498.61871337890625,515.0507646678128,496.7796069491244,515.0507646678128,0
2003-12-08,499.0585021972656,503.436388698115,492.54166656526695,498.61871256229693,0
2003-12-09,478.5084533691406,503.7162572381644,477.60889474393036,499.05850733104086,0
2003-12-10,484.3256530761719,486.4146386432343,476.11963216387056,478.5084604428293,0
2003-12-11,496.6496887207031,498.94856410109804,481.81683939570695,484.32563516948716,0
2003-12-12,495.9100341796875,500.82766807493516,489.95292523570333,496.6496970254182,0
2003-12-15,482.0567626953125,508.2640833579424,481.75688948009105,495.9100450590427,0
2003-12-16,479.7278747558594,485.4051509947671,467.97358283095303,482.05676501037175,0
2003-12-17,474.5603942871094,482.32662563901823,470.822182254956,479.72787693026874,0
2003-12-18,493.4812316894531,495.4102909952162,474.56039380883226,474.56039380883226,0
2003-12-19,489.60308837890625,496.0099918840337,486.5345658439548,493.48121672234976,0
2003-12-22,490.8424987792969,493.4912416333964,485.41513206468625,489.60310820801567,0
2003-12-23,499.6882019042969,500.5577762489889,490.262770037504,490.8424760996926,0
2003-12-24,497.7791442871094,502.35694645990566,497.09948045887177,499.6882242627807,0
2003-12-26,498.4488220214844,501.81718731486643,497.7791326309656,497.7791326309656,0
2003-12-29,510.2331237792969,510.2331237792969,498.44881732303253,498.44881732303253,0
2003-12-30,509.5634460449219,512.5820050508971,506.09512296716906,510.23313544443874,0
2003-12-31,507.8742370605469,511.7123761402178,501.8571596835262,509.5634221129118,0
2004-01-02,504.6058349609375,512.0622183846891,503.7362606176417,507.87424244159155,0
2004-01-05,522.7969970703125,523.3967434635084,504.60581841427376,504.60581841427376,0
2004-01-06,524.8760375976562,527.025022200894,517.2697326439035,522.7970264611735,0
2004-01-07,526.8650512695312,527.7646403829236,520.5980642601339,524.8760235024727,0
2004-01-08,544.7463989257812,544.7463989257812,526.8650373327038,526.8650373327038,0
2004-01-09,543.0472412109375,551.5031717358298,535.4209263618527,544.7464312556664,0
2004-01-12,560.37890625,560.4088600197189,542.3276421136266,543.0472646545708,0
2004-01-13,544.8363647460938,558.6797034769855,539.7888191317766,558.5197466899717,0
2004-01-14,541.6578979492188,546.4456204387187,537.9996948518326,544.836352707443,0
2004-01-15,550.3837280273438,554.5717041680853,538.4494998152421,541.6579084037704,0
2004-01-16,556.8805541992188,557.2603752895285,547.1652236346358,550.3836979779493,0
2004-01-20,554.9814453125,557.4502213785961,549.3941221543123,556.8805507522936,0
2004-01-21,540.4485473632812,554.9814942003002,536.0306408469363,554.9814942003002,0
2004-01-22,532.59228515625,551.4031909772383,532.5823412370654,540.4485303628551,0
2004-01-23,526.775146484375,537.2700684634227,522.5171969491164,532.5922781249426,0
2004-01-26,539.5489501953125,539.6488774339366,526.3953410979567,526.7751622137528,0
2004-01-27,517.1697387695312,539.5489247484945,516.9598793771901,539.5489247484945,0
2004-01-28,515.0208129882812,531.013074706339,512.4520486291418,517.1697365532631,0
2004-01-29,511.042724609375,519.5585929549742,502.35692506254463,515.0208106748876,0
2004-01-30,514.1712036132812,516.5201037302,509.65340051719824,511.0427429388981,0
2004-02-02,505.7652893066406,517.2996862809123,504.3059734410581,514.1711951551732,0
2004-02-03,508.2840576171875,511.1726745633009,502.92666452376,505.7652873497607,0
2004-02-04,493.1114196777344,508.2840712363552,492.8015720354446,508.2840712363552,0
2004-02-05,495.4902648925781,500.97760004518636,493.11141103322825,493.11141103322825,0
2004-02-06,519.1587524414062,519.9183946165004,495.4902434647956,495.4902434647956,0
2004-02-09,513.9113159179688,521.1378608407286,513.8513473752987,519.158776921338,0
2004-02-10,516.6900024414062,519.1288248607452,511.4825306169576,513.9113176087262,0
2004-02-11,526.5552368164062,527.5247994557586,516.6900147431874,516.6900147431874,0
2004-02-12,518.5291137695312,530.2234060893835,518.2792346856775,526.5551982199868,0
2004-02-13,510.3230895996094,524.5862079797886,504.7657809219258,518.5291411080484,0
2004-02-17,518.72900390625,520.318261831337,510.323097789793,510.323097789793,0
2004-02-18,522.2073364257812,526.8650557943049,518.7289780290097,518.7289780290097,0
2004-02-19,514.4810180664062,535.2909552582508,514.4011006845224,522.2073207367959,0
2004-02-20,509.5534362792969,514.481044692258,505.5753806246553,514.481044692258,0
2004-02-23,495.5702209472656,509.9132873039972,491.02243355497444,509.55344554063413,0
2004-02-24,496.9795227050781,501.75720965659593,491.652113960044,495.5702009857443,0
2004-02-25,506.0451354980469,507.0946154522163,496.9795149882846,496.9795149882846,0
2004-02-26,509.5934143066406,513.3216212883943,501.30741519048223,506.0451434507643,0
2004-02-27,502.01708984375,510.8228264142558,498.50877770740357,509.59341032731623,0
2004-03-01,512.86181640625,512.9317898709761,498.4388028892563,502.01708848080386,0
2004-03-02,509.99322509765625,520.8979829051905,509.7233666575912,512.8618322116472,0
2004-03-03,500.3078918457031,509.9932076216868,498.1889220851006,509.9932076216868,0
2004-03-04,508.4539794921875,508.5339273789547,500.3078968366949,500.3078968366949,0
2004-03-05,504.0061340332031,511.7723958186425,499.29842042962684,508.45399412019646,0
2004-03-08,485.0353088378906,509.58342899900515,484.5655349132734,504.0061409497459,0
2004-03-09,486.134765625,487.80397136226316,479.4180144865193,485.0352915318463,0
2004-03-10,476.0596618652344,489.1733117993222,474.0906133901947,486.13477348443246,0
2004-03-11,473.61083984375,486.9543896737997,473.39094501910637,476.05966718624404,0
2004-03-12,484.8653869628906,484.92535550360054,473.61082311312094,473.61082311312094,0
2004-03-15,471.5118408203125,484.86539533392784,471.5118408203125,484.86539533392784,0
2004-03-16,476.8092956542969,480.217650121815,469.78269682324424,471.51184061417365,0
2004-03-17,486.85443115234375,488.5236369325675,476.80930370809284,476.80930370809284,0
2004-03-18,480.42755126953125,489.25326756449164,477.20910727635305,486.8544343310938,0
2004-03-19,463.12591552734375,480.427541428928,462.98596859437583,480.427541428928,0
2004-03-22,458.6780700683594,463.1259302515133,453.0108291593571,463.1259302515133,0
2004-03-23,457.2387390136719,465.6446751422762,453.1507208196452,458.6780449918644,0
2004-03-24,467.9136047363281,472.30146570768363,457.2387467991675,457.2387467991675,0
2004-03-25,485.0652770996094,486.10478265435444,467.9136032118185,467.9136032118185,0
2004-03-26,479.0182189941406,487.3841661073901,478.9682553769067,485.065280814744,0
2004-03-29,487.3341979980469,491.56213267064646,479.0182145786857,479.0182145786857,0
2004-03-30,486.7944641113281,487.3342115004,477.98872719346485,487.3342115004,0
2004-03-31,486.8843994140625,491.07237535977737,482.1167174067275,486.7944466029224,0
2004-04-01,495.0804443359375,498.53876235590263,486.884398089092,486.884398089092,0
2004-04-02,513.6114501953125,513.6214551195824,495.0804392727585,495.0804392727585,0
2004-04-05,518.4491577148438,518.4491577148438,510.24310628555423,513.6114716005557,0
2004-04-06,507.82427978515625,518.4491434769864,502.1170194587832,518.4491434769864,0
2004-04-07,506.9747009277344,511.4425403791729,500.08801840856574,507.8242959537181,0
2004-04-08,511.532470703125,514.5610039898852,506.97467863795754,506.97467863795754,0
2004-04-12,514.9907836914062,515.5105517043888,507.6143483015268,511.5324657331948,0
2004-04-13,506.0051574707031,517.369653608409,504.7657669446645,514.9907997901204,0
2004-04-14,502.8766784667969,509.7333767256276,499.03853921082606,506.0051696305936,0
2004-04-15,488.52362060546875,503.90616135849274,483.16619711218624,502.8766607389093,0
2004-04-16,479.9078063964844,488.5236326588859,472.3314552008892,488.5236326588859,0
2004-04-19,486.7944641113281,486.94438546862045,477.91875372578863,479.90781207526504,0
2004-04-20,469.47283935546875,490.082861504872,469.4628344311189,486.7944441896785,0
2004-04-21,478.5284729003906,480.6274329007439,469.4728569179331,469.4728569179331,0
2004-04-22,480.2476501464844,485.5750591294061,467.86362732735,478.5284807209008,0
2004-04-23,487.7440185546875,489.3932144962085,480.24764563612007,480.24764563612007,0
2004-04-26,474.5203857421875,487.7439979941218,471.6617836310965,487.7439979941218,0
2004-04-27,468.1034851074219,479.3880333923842,466.5342675988332,475.3599836674999,0
2004-04-28,462.0863952636719,472.73123815090116,460.4871630240972,467.8136348550199,0
2004-04-29,450.26214599609375,464.2353653472935,443.52538491053974,464.0754390675217,0
2004-04-30,443.2655334472656,454.0502931831948,441.0466058722438,451.38160154062615,0
2004-05-03,440.6567687988281,454.2102080785905,432.76059572624257,445.4944242774826,0
2004-05-04,448.0931701660156,454.54006279209494,440.65676611933384,440.65676611933384,0
2004-05-05,452.0312805175781,454.9098925575441,445.2745400628146,448.0931835605162,0
2004-05-06,452.26116943359375,453.9503545068303,444.0951074255486,452.0312696918735,0
2004-05-07,456.7889709472656,464.1953906650007,451.79138926211255,452.2611631606297,0
2004-05-10,458.6780700683594,461.84655047904334,452.18121346540016,456.7889999329652,0
2004-05-11,469.922607421875,470.02256515777265,458.6780484468087,458.6780484468087,0
2004-05-12,461.6766052246094,469.9226152775054,447.9232807146657,469.9226152775054,0
2004-05-13,459.3477478027344,464.5252353048205,454.8598985368397,461.67660753536217,0
2004-05-14,450.7718811035156,462.52620345796873,449.47252201453983,459.3477486997769,0
2004-05-17,444.7248229980469,450.77188492910506,440.2569835348149,450.77188492910506,0
2004-05-18,453.1407165527344,455.7494700805501,444.72480599037794,444.72480599037794,0
2004-05-19,457.51861572265625,470.67225487773743,453.14072911979076,453.14072911979076,0
2004-05-20,453.6604919433594,460.8270071880368,451.2716331932544,457.5186104650954,0
2004-05-21,457.9584045410156,460.90699004301183,453.66049633748725,453.66049633748725,0
2004-05-24,460.3172912597656,463.7955888089256,457.56862116058386,457.9584166950015,0
2004-05-25,474.9201965332031,476.0896441059356,454.56005298126473,460.31727702643593,0
2004-05-26,477.958740234375,479.7478830955214,471.1520361262031,474.92020189811893,0
2004-05-27,482.2266540527344,485.57503995615906,477.9587301805501,477.9587301805501,0
2004-05-28,488.6235656738281,490.26278718773574,482.2266669058874,482.2266669058874,0
2004-06-01,485.8149108886719,489.8329861471714,481.2471443402915,488.6235493987238,0
2004-06-02,474.8502197265625,485.81491543524857,472.05158611474513,485.81491543524857,0
2004-06-03,463.21588134765625,474.8502363443,462.9760071733398,474.8502363443,0
2004-06-04,470.6822509765625,476.02966958300163,463.2158625753489,463.2158625753489,0
2004-06-07,487.98388671875,488.52363410303053,470.6822606759527,470.6822606759527,0
2004-06-08,489.1733093261719,489.1733093261719,481.3770633540335,487.9838824080192,0
2004-06-09,473.3009948730469,489.17332002456715,473.0710951223627,489.17332002456715,0
2004-06-10,476.0496520996094,479.8977961973196,471.1820122927608,473.3009821016476,0
2004-06-14,465.244873046875,476.04964226636406,461.38672410432747,476.04964226636406,0
2004-06-15,471.0720520019531,474.79025411074707,465.2448849981903,465.2448849981903,0
2004-06-16,469.06304931640625,471.0720564931728,466.4542957097841,471.0720564931728,0
2004-06-17,453.220703125,469.06304361567857,452.16121821800016,469.06304361567857,0
2004-06-18,452.8608703613281,460.6271321957276,448.88281467024603,453.22071212144726,0
2004-06-21,450.5519714355469,460.2173079039465,450.0322339176449,452.8608517501238,0
2004-06-22,466.1944274902344,466.4742908469822,450.5519722741645,450.5519722741645,0
2004-06-23,476.109619140625,477.02918761283064,464.89504436417263,466.19443393353237,0
2004-06-24,470.5023498535156,479.18814951253324,469.0130497265585,476.10962202429425,0
2004-06-25,478.6783752441406,479.93777559658486,470.502338883216,470.502338883216,0
2004-06-28,470.2424621582031,479.8278203708776,468.4533193366326,478.67838265976616,0
2004-06-29,480.2176513671875,480.5674576938493,469.41288186572274,470.24246703019963,0
2004-06-30,484.8553771972656,487.6740205937597,479.3980265274287,480.2176372460379,0
2004-07-01,466.80413818359375,484.8554017383384,462.3662829738406,484.8554017383384,0
2004-07-02,457.0888366699219,466.804137175313,456.2692259115983,466.804137175313,0
2004-07-06,438.9276428222656,457.08883857497,435.01953007100553,457.08883857497,0
2004-07-07,443.8452453613281,448.0732106687868,438.9276418078946,438.9276418078946,0
2004-07-08,442.73577880859375,450.1221887632004,441.51636764320256,443.8452273141747,0
2004-07-09,450.92181396484375,454.27016928448,442.7357727418471,442.7357727418471,0
2004-07-12,440.96661376953125,450.9218185278305,434.1199207056694,450.9218185278305,0
2004-07-13,440.2070007324219,445.1346089774422,436.39881540709007,440.9666124103696,0
2004-07-14,420.4765319824219,440.207005528948,416.9382660554786,440.207005528948,0
2004-07-15,418.32757568359375,425.28420092114743,416.54843780522225,420.47652973007564,0
2004-07-16,410.261474609375,421.94582324173956,409.1620005181053,418.3275789164126,0
2004-07-19,413.0601501464844,417.45801613055625,407.7626950155725,410.26148597275187,0
2004-07-20,423.26519775390625,423.27520267849246,412.9302021648067,413.060144173152,0
2004-07-21,407.6127624511719,430.52169073793965,407.5927831050787,423.26519223690985,0
2004-07-22,420.2366638183594,422.37561298246015,407.6127672215973,407.6127672215973,0
2004-07-23,405.38385009765625,420.2366797366531,404.3443749985405,420.2366797366531,0
2004-07-26,400.1563720703125,407.84265515074617,396.43817007236174,405.38382299692114,0
2004-07-27,402.71514892578125,405.51378259282075,393.01982782421726,400.1563894293968,0
2004-07-28,399.2967834472656,402.71514284155137,389.9113406283522,402.71514284155137,0
2004-07-29,410.99114990234375,413.83977773560315,399.296795851203,399.296795851203,0
2004-07-30,416.2286071777344,419.6569411094399,409.0820710175015,410.99115100205273,0
2004-08-02,418.5374755859375,418.9572858831526,411.3809347066009,416.22859520830184,0
2004-08-03,402.7651062011719,418.5374732325683,402.4552585680154,418.5374732325683,0
2004-08-04,406.54327392578125,410.15154384170165,397.9274477953181,402.76510331048155,0
2004-08-05,402.1954040527344,412.0206364823201,401.66563109750166,406.5432758306516,0
2004-08-06,386.6929016113281,402.19541041145663,385.4234962881172,402.19541041145663,0
2004-08-09,387.4325256347656,390.87086434497803,384.9437396653572,386.6928932910773,0
2004-08-10,392.76995849609375,392.8898955844038,387.2526389140908,387.4325445465559,0
2004-08-11,372.4897766113281,392.769941664961,366.5926056643512,392.769941664961,0
2004-08-12,365.09332275390625,372.48976807668083,363.214257655925,372.48976807668083,0
2004-08-13,366.47265625,366.74254518087093,360.43556907673485,365.0933188343145,0
2004-08-16,370.12091064453125,373.3693389438788,366.472681885828,366.472681885828,0
2004-08-17,375.4583435058594,379.77623103795054,370.12089925272903,370.12089925272903,0
2004-08-18,388.22216796875,388.4120785246744,372.34984268146695,375.4583545420042,0
2004-08-19,384.9437561035156,390.2012221296617,381.88523835901765,388.2221686761784,0
2004-08-20,385.8133239746094,388.5420146821805,381.0056526109026,384.94374960154255,0
2004-08-23,389.9013366699219,394.3891554052204,385.8133183816053,385.8133183816053,0
2004-08-24,380.0860900878906,391.7304805391452,377.9371359304849,389.9013484472942,0
2004-08-25,384.0941467285156,386.4330113574451,374.4888091220641,380.0860763522446,0
2004-08-26,380.2160339355469,384.0941624630541,377.9771269517571,384.0941624630541,0
2004-08-27,382.15509033203125,385.2236129494505,380.2160261081964,380.2160261081964,0
2004-08-30,373.4593200683594,382.1550943938353,373.4593200683594,382.1550943938353,0
2004-08-31,370.8405456542969,373.47928346291076,363.43412583130527,373.4593041169007,0
2004-09-01,373.9790344238281,379.4363850555019,368.8914999545261,370.84053850014357,0
2004-09-02,377.4173889160156,377.89713725372263,369.9409954576184,373.9790501492934,0
2004-09-03,357.66693115234375,377.4173842172324,357.1471936253588,377.4173842172324,0
2004-09-07,353.58892822265625,361.82493352316527,351.1001116672785,357.66694167648336,0
2004-09-08,351.8897399902344,358.1866810848853,350.74030223521964,353.5889300648264,0
2004-09-09,370.80059814453125,373.9190843739787,351.8897347876238,351.8897347876238,0
2004-09-10,383.4244689941406,384.83379076903816,369.10141249932946,370.8006025690747,0
2004-09-13,392.9098815917969,398.5371634984895,383.42445072927046,383.42445072927046,0
2004-09-14,393.3096923828125,393.7794662977662,387.56247324380064,392.90989193457546,0
2004-09-15,380.5958557128906,393.3097056125239,379.62632357932387,393.3097056125239,0
2004-09-16,381.2655334472656,386.2830946687822,379.96614385806606,380.595844054771,0
2004-09-17,388.3121032714844,388.56198235981867,381.0556047853548,381.2655251815848,0
2004-09-20,399.70660400390625,404.3543491836268,384.61390019747205,388.3121230947404,0
2004-09-21,403.55474853515625,406.4633449341629,399.7066042751858,399.7066042751858,0
2004-09-22,391.550537109375,403.5547385992607,390.8908526379518,403.5547385992607,0
2004-09-23,393.59954833984375,397.0178771434145,387.61242471721357,391.550521539745,0
2004-09-24,382.3649597167969,396.21827190758484,380.22601063275334,393.599544004282,0
2004-09-27,376.7776794433594,383.2845407237245,375.48832529784545,382.36497224904247,0
2004-09-28,373.50927734375,377.6972534034081,369.9909906778907,376.777684915371,0
2004-09-29,380.4359130859375,383.07465092478736,373.5092720131846,373.5092720131846,0
2004-09-30,384.0141906738281,389.50152562873876,380.43590508904265,380.43590508904265,0
2004-10-01,401.71563720703125,402.1854111318962,384.01421042620166,384.01421042620166,0
2004-10-04,404.81414794921875,412.930216257304,401.7156410008145,401.7156410008145,0
2004-10-05,404.3843078613281,408.33240960980356,399.2867989239684,404.8141230701432,0
2004-10-06,406.0035705566406,406.0235499034619,398.64711405141134,404.3843283795308,0
2004-10-07,403.1649169921875,410.33146293973834,402.58521090641835,406.0035703862337,0
2004-10-08,389.33160400390625,403.1649068525825,387.02272363807515,403.1649068525825,0
2004-10-11,391.34063720703125,392.699995311137,384.4439804589057,389.3315995728155,0
2004-10-12,386.1731262207031,391.34063922331,379.9861480146967,391.34063922331,0
2004-10-13,393.059814453125,399.4767230016103,386.1731319882956,386.1731319882956,0
2004-10-14,380.4159240722656,393.05979963839155,378.7967124863104,393.05979963839155,0
2004-10-15,381.185546875,385.83329181846926,378.8966458845688,380.4159302637769,0
2004-10-18,384.16412353515625,384.18410288157395,374.48881237848957,381.18555376669485,0
2004-10-19,388.10223388671875,395.4386806475581,384.1641368062424,384.1641368062424,0
2004-10-20,393.16973876953125,396.50815023778017,382.7248111612576,388.1022140317191,0
2004-10-21,408.7822265625,411.0111286034777,393.16975483669654,393.16975483669654,0
2004-10-22,394.9689025878906,410.2415118941798,394.56910213017176,408.78222649723716,0
2004-10-25,397.6775817871094,402.16540062383285,394.0993265269468,394.9689009070602,0
2004-10-26,396.5780944824219,400.07640173630205,393.189749889415,398.1873316806724,0
2004-10-27,410.7012634277344,411.29097441578193,396.81799714330543,396.9079499547549,0
2004-10-28,412.1605529785156,415.7088543703478,408.66224570654566,410.0016244760089,0
2004-10-29,412.0506286621094,414.9592249953567,407.92262112216883,412.16056082282483,0
2004-11-01,413.5099182128906,414.7993029000441,409.1920305793029,412.050632820586,0
2004-11-02,414.0296630859375,417.71788080817333,407.682728248039,413.5098950691082,0
2004-11-03,409.88165283203125,424.0448129827116,408.31243533914,414.0296701014121,0
2004-11-04,412.5203857421875,413.9496867900578,403.8245813687835,409.8816479589026,0
2004-11-05,417.6278991699219,422.095738432498,412.52038531082974,412.52038531082974,0
2004-11-08,418.40753173828125,421.14622732571104,415.9787142872072,417.6279101921531,0
2004-11-09,415.5989074707031,419.3171097037529,413.58990024595306,418.4075461182068,0
2004-11-10,405.56378173828125,415.59890437072295,404.7041817780854,415.59890437072295,0
2004-11-11,414.0596618652344,414.8792421078145,405.5637727065253,405.5637727065253,0
2004-11-12,423.60504150390625,423.60504150390625,411.0011543870768,414.059672119733,0
2004-11-15,429.36224365234375,432.4207612278896,420.3266073525438,423.6050197441076,0
2004-11-16,427.4031677246094,430.79154276029476,422.3656273304623,422.4455752164632,0
2004-11-17,439.63726806640625,445.42447621338425,427.40316732798686,427.40316732798686,0
2004-11-18,445.42449951171875,445.7243422281502,433.1504089369195,439.6372910620355,0
2004-11-19,431.671142578125,443.4854336062818,431.2613371986609,443.4854336062818,0
2004-11-22,432.670654296875,434.3798187613113,425.88392955404925,434.3798187613113,0
2004-11-23,429.5021667480469,436.1689542941074,426.68355379345843,431.5611680105395,0
2004-11-24,433.4402770996094,435.37934133946214,430.54168566464807,433.0004874470972,0
2004-11-26,430.7715759277344,435.18942119954687,430.74159165676076,433.5302203657631,0
2004-11-29,429.6820983886719,438.0680247046006,427.9529241219729,433.07044295406763,0
2004-11-30,423.6650085449219,431.0814336009002,423.65500362009135,429.5921334336784,0
2004-12-01,439.8771667480469,440.02708810677825,426.1537956595376,426.1537956595376,0
2004-12-02,438.497802734375,446.74381249713423,437.04852235048986,439.5073239935054,0
2004-12-03,445.06463623046875,453.7304563501828,444.9047099551645,446.0641525740067,0
2004-12-06,446.66387939453125,448.83281283142645,440.1470131536263,445.0646471052311,0
2004-12-07,437.29840087890625,451.09171408160637,437.2783910304306,447.4634649101488,0
2004-12-08,431.70111083984375,437.00854022366303,429.6321046725058,437.00854022366303,0
2004-12-09,425.25421142578125,428.27277027983456,413.81974211107274,426.0138536014213,0
2004-12-10,422.5455322265625,426.69351893200775,420.87632651953106,424.6045334442595,0
2004-12-13,424.8944091796875,427.38319514606627,422.8953764670122,422.8953764670122,0
2004-12-14,432.8105773925781,434.10996700479984,425.0143617305264,425.0143617305264,0
2004-12-15,433.830078125,436.24889057156184,429.57212878150517,432.54069351342577,0
2004-12-16,426.8834533691406,435.3493584527007,423.6350250862358,433.83010451371103,0
2004-12-17,423.5450744628906,427.73305061874925,421.65597382570263,426.40367672528663,0
2004-12-20,419.1971435546875,427.98290065405934,418.32756922626834,425.9038896018497,0
2004-12-21,424.1947326660156,424.70449576520906,418.21764441726293,419.8468304447295,0
2004-12-22,423.84490966796875,426.9234372067031,422.1857393160087,424.0248457989062,0
2004-12-23,426.2237548828125,427.06334496646724,422.60551053319847,423.6649954365831,0
2004-12-27,422.8853759765625,428.5926058903023,421.2061958009853,426.5136252685618,0
2004-12-28,426.5436096191406,427.27326754806865,421.3061536169394,423.00531313915565,0
2004-12-29,430.32177734375,432.0809358986324,425.4141483547504,426.08383773733544,0
2004-12-30,431.05145263671875,433.4402809724263,430.15186347402084,430.3117897584378,0
2004-12-31,433.1004333496094,434.3298494586422,430.79155298843517,431.05143700404017,0
2005-01-03,424.0548095703125,437.32838526404737,423.39512512961744,433.10042019074564,0
2005-01-04,410.1615295410156,425.8939381994707,405.88360062880423,424.3646793489162,0
2005-01-05,404.05450439453125,412.6603259506717,402.39530351144725,408.5623331160256,0
2005-01-06,401.9455261230469,408.482341195608,401.88552707848487,404.15444875143885,0
2005-01-07,407.3628845214844,412.0705980279757,401.33580210144817,402.54520835412166,0
2005-01-10,406.05352783203125,411.3509524247738,404.60421688541084,407.30292330228366,0
2005-01-11,395.9983825683594,405.8935882683675,393.5395809041579,405.8935882683675,0
2005-01-12,401.6356506347656,404.4542941265542,394.86893577236617,397.51764805954946,0
2005-01-13,395.9784240722656,401.59570133801117,395.6585715048303,401.59570133801117,0
2005-01-14,402.9450378417969,404.6741816134811,396.0283712466046,396.0283712466046,0
2005-01-18,406.3533630371094,406.7931526747394,399.7065853587178,402.81509709274746,0
2005-01-19,397.69757080078125,407.552787262829,397.56762879624904,406.39334464914964,0
2005-01-20,394.6190490722656,401.9155062514508,393.9493901970207,397.53765024563074,0
2005-01-21,389.4715576171875,398.7070792389299,389.4615526924513,394.838955715611,0
2005-01-24,382.8547668457031,390.9308458615545,382.3849929219476,389.541533939907,0
2005-01-25,389.6814270019531,391.5105589688641,383.17456592765353,383.17456592765353,0
2005-01-26,399.86651611328125,401.2858427783999,390.091247245274,390.091247245274,0
2005-01-27,403.47479248046875,403.9845250948084,397.39771577920027,399.8265332736298,0
2005-01-28,399.26678466796875,406.0135198959243,395.88841459188984,403.4747703795816,2226700
2005-01-31,403.7646179199219,406.4933085480247,399.26679432582046,399.26679432582046,1926100
2005-02-01,408.262451171875,409.4318987552459,403.76462747137316,403.76462747137316,2073600
2005-02-02,405.63372802734375,408.83219271506823,403.49477878839866,408.26246104521647,1917800
2005-02-03,400.5062255859375,405.6337189919299,396.87797624682196,405.6337189919299,1702400
2005-02-04,417.957763671875,417.96776859635094,400.50621661241206,400.50621661241206,2373900
2005-02-07,418.1376647949219,421.79589828397894,415.82878447439856,417.95775917320225,1636100
2005-02-08,427.2832336425781,428.49267038511255,418.08770154703865,418.13766516328764,2232800
2005-02-09,417.7178955078125,427.2832440034278,416.90825918409223,427.2832440034278,1986700
2005-02-10,420.25665283203125,424.8544343269608,416.90826682470106,417.71790316325945,1959900
2005-02-11,435.3093566894531,438.5577848785811,418.4275411311122,420.2566426594425,2707600
2005-02-14,436.009033203125,438.3878870499681,432.8405528812699,435.3093595412938,1665100
2005-02-15,439.0275573730469,444.834744999865,434.33982319195485,436.0090289388341,2591800
2005-02-16,435.3193664550781,439.88716361864874,432.8305804372481,439.02756367296206,2294100
2005-02-17,429.5721435546875,438.1380061518311,427.9129427229449,435.3193626725038,2167300
2005-02-18,427.52313232421875,430.3817343967782,425.7239846221639,429.5721286068397,1579900
2005-02-22,425.5840759277344,437.6782298837715,423.6549861868268,427.52314009024235,2249600
2005-02-23,423.8149108886719,429.7520404358874,419.61696052885463,425.5840743463968,2139300
2005-02-24,433.9400329589844,434.00000150192955,422.99534683201756,423.8149270865415,2165500
2005-02-25,443.48541259765625,443.70530741273683,433.02047528975527,433.9400132416791,2102900
2005-02-28,437.0185546875,448.8728042282911,433.4002797953713,443.4854268400304,2278900
2005-03-01,446.8337707519531,447.31354957955637,437.01854340596776,437.01854340596776,2186900
2005-03-02,439.7972106933594,447.403515679051,438.24794200771,446.83378402362865,2332100
2005-03-03,434.20989990234375,441.5963097604479,430.51167725975426,439.7971925576204,2540200
2005-03-04,433.17041015625,439.6072980318351,431.8710205710233,434.20991572386754,2171800
2005-03-07,441.32647705078125,444.74480603593275,433.17041961719127,433.17041961719127,2354000
2005-03-08,435.2294006347656,444.8947066299401,434.59970045562244,440.73674546835696,0
2005-03-09,434.11993408203125,440.4468898224539,433.7201336322732,435.2294131206404,2140500
2005-03-10,440.2469787597656,440.2869679559881,430.9215043012573,434.11993843420623,2251500
2005-03-11,427.6730651855469,442.92569460676424,427.053369922525,440.24696757864274,2660500
2005-03-14,430.04193115234375,430.49172573352644,426.5736080238088,427.6730821645066,1378500
2005-03-15,420.91632080078125,431.35127394416037,420.52652528540483,430.0419099647372,1596200
2005-03-16,416.7183837890625,425.244257315274,416.15862655203244,420.91633429564314,1742800
2005-03-17,417.5979309082031,421.286148786613,416.6883978458743,416.70837719243764,0
2005-03-18,413.9297180175781,418.8573263870618,412.0206380959405,417.5979260035225,1773100
2005-03-21,413.2100524902344,417.4579969219778,409.1920077969879,414.11961601713404,0
2005-03-22,409.89166259765625,419.63694715961935,409.75174616797585,413.29001213921293,0
2005-03-23,414.6593322753906,417.99774367820856,410.1515343445147,410.2414871543653,0
2005-03-24,415.6788635253906,420.1067136246361,414.65933732902255,414.65933732902255,1341000
2005-03-28,415.2990417480469,422.19569843463495,415.27906240214213,415.9387468508166,0
2005-03-29,409.9616394042969,417.8978018499033,408.4623648440864,415.349016795854,0
2005-03-30,419.45703125,419.6969054108957,410.29145298341575,410.29145298341575,0
2005-03-31,416.788330078125,420.0467632733428,415.25907122016946,419.7769048288163,0
2005-04-01,411.0211181640625,420.5664871866468,409.98161261042935,417.63791157690696,0
2005-04-04,409.2220153808594,411.5808594289317,406.0835192628971,410.9811434920731,0
2005-04-05,409.7117614746094,413.7597905975475,407.892634349044,409.76172509229735,0
2005-04-06,410.6712951660156,416.89829327018276,409.8616893285922,409.8616893285922,0
2005-04-07,418.7673645019531,418.8473123883546,410.3914126460581,410.67127600269055,0
2005-04-08,416.74835205078125,421.37608710356426,416.64839431576513,418.767364085707,1462900
2005-04-11,413.4099426269531,418.2276187516556,412.52038893746777,416.7483540763725,1160500
2005-04-12,412.9402160644531,413.46995853111537,403.16491648616153,413.40995948511295,2215300
2005-04-13,401.735595703125,412.6003334516611,401.0559319117764,412.6003334516611,0
2005-04-14,395.51861572265625,402.93504063724976,395.29872090031466,401.96550853458274,0
2005-04-15,382.4549560546875,395.51861174634905,381.7152932036189,395.51861174634905,2946800
2005-04-18,385.66339111328125,389.06174061474746,382.28502095787115,382.6348577821732,0
2005-04-19,392.3701477050781,393.9793849383954,386.5929442486068,386.5929442486068,0
2005-04-20,383.7843017578125,396.71804602411254,383.46444919877865,393.4396335510627,0
2005-04-21,394.52911376953125,395.1288297087901,385.213613621127,385.213613621127,0
2005-04-22,389.1617126464844,394.5291107817045,386.2931054869027,394.3991687705202,0
2005-04-25,391.2507019042969,393.70950370655254,388.58197969609245,389.5915010206028,0
2005-04-26,388.4320373535156,398.97695310147367,387.6424108996885,391.17070237960644,0
2005-04-27,387.54248046875,391.04078764953834,383.36447899640973,388.17215013892485,0
2005-04-28,384.15411376953125,391.00080692945545,383.814281867799,386.87279948620755,0
2005-04-29,385.4634704589844,387.05269777940515,376.4578489766,383.12460588348864,0
2005-05-02,385.0836486816406,388.4420394398446,383.69433683284797,385.86327020541364,0
2005-05-03,384.89373779296875,388.6319496368408,383.1645940510333,384.96371125726455,0
2005-05-04,394.18927001953125,394.818970211706,385.2735705973766,385.2735705973766,0
2005-05-05,394.1293029785156,398.24730554914566,392.50008641232137,394.03935016540794,0
2005-05-06,396.6280822753906,397.36771460779687,393.1897436176252,394.5590761261364,0
2005-05-09,398.3472595214844,398.3472595214844,393.01982022952023,396.3782110678895,0
2005-05-10,394.2392272949219,397.9674342679152,392.6600048804176,397.9674342679152,0
2005-05-11,395.67852783203125,396.1682810767352,388.9417974750101,394.3291746752071,0
2005-05-12,396.8279724121094,401.1458903878115,394.609044883164,395.7285288235011,0
2005-05-13,408.0325927734375,411.5108903391511,396.82799191741833,396.82799191741833,2272700
2005-05-16,410.9111633300781,411.3409785545639,406.2634182750701,408.03258178512425,1309200
2005-05-17,414.3594970703125,414.37947641636805,408.48233603123083,410.91115344958035,1653100
2005-05-18,418.68743896484375,420.36661919427195,411.4409450730218,414.4294893447467,0
2005-05-19,419.8868408203125,423.8149329516792,416.7583496078267,418.5674718516211,0
2005-05-20,425.02435302734375,425.1442901101728,417.4380275102212,419.8868242921636,0
2005-05-23,423.6549987792969,426.39369440625285,420.59648109243517,425.12428908006916,0
2005-05-24,430.2218322753906,430.38175855807265,421.39611597604187,421.39611597604187,0
2005-05-25,425.484130859375,430.1218710078337,422.3256554336569,430.1218710078337,0
2005-05-26,433.3902893066406,434.06995309431335,427.60308118152693,427.75300253133446,0
2005-05-27,430.2218322753906,433.1604129011805,426.33372938112717,433.1004443580272,0
2005-05-31,428.7425537109375,433.59018364210755,428.46269035097623,430.33178105887674,0
2005-06-01,431.9010009765625,435.0095127269725,427.6530564337929,428.702566916639,0
2005-06-02,439.857177734375,439.92715120118504,430.3217829919662,431.8010782055174,0
2005-06-03,434.04998779296875,440.0171017309267,433.9800143265219,439.4673494267538,0
2005-06-06,432.0709228515625,434.2498611551951,428.7825055474816,434.07996045873074,0
2005-06-07,427.313232421875,438.69773864808724,426.94341624118493,432.12090377648457,0
2005-06-08,430.0618896484375,432.99049574094806,427.63307223457616,427.63307223457616,0
2005-06-09,438.2779235839844,438.38788624621634,425.65402694284114,430.14187618875707,0
2005-06-10,430.54168701171875,438.0480648967255,429.2223180500543,438.0480648967255,0
2005-06-13,430.11187744140625,434.1099427892472,428.17281330747795,430.4517093356346,0
2005-06-14,425.4441223144531,432.1808831609557,424.6845106410153,430.0318986363185,0
2005-06-15,427.02337646484375,427.4531611699101,418.707393204216,425.8939181213947,0
2005-06-16,429.1223449707031,431.621135868101,426.1937693596292,427.1633014479323,0
2005-06-17,430.3017883300781,432.6106686300789,427.2732550467772,430.2018305957385,0
2005-06-20,428.09283447265625,430.1318563387185,424.5245843355697,429.7320559049148,0
2005-06-21,431.1513671875,432.76060440640384,427.53312280464326,427.97291244814375,0
2005-06-22,433.4702453613281,435.04949828324396,430.59163337950247,431.41124411098696,0
2005-06-23,435.03948974609375,446.16411156135,433.6601523076885,433.6601523076885,0
2005-06-24,426.7934875488281,435.93905618145357,426.60357699938885,434.97952901253115,0
2005-06-27,421.16619873046875,426.8034855752664,419.92680821969117,426.7035278398899,0
2005-06-28,424.984375,425.7440172149708,421.50604699246037,421.5460361887271,0
2005-06-29,421.16619873046875,425.7939643027548,420.12669318762596,425.0743113119895,0
2005-06-30,418.8673400878906,423.99486403937,418.2676241544579,421.16621557942653,0
2005-07-01,419.15716552734375,421.81588270172415,417.73786937962143,419.2171645714566,0
2005-07-05,425.6640319824219,426.6235591576688,417.75785382849324,419.107207029733,1404100
2005-07-06,430.1218566894531,434.04997911992774,425.09429067823925,425.5740695063784,1623200
2005-07-07,431.68115234375,431.82106877818853,425.56408635754184,429.6221204985562,0
2005-07-08,442.5358581542969,442.6758050828129,431.681125377116,431.7610732628267,0
2005-07-11,451.381591796875,451.6114610366083,442.70579716041243,442.70579716041243,0
2005-07-12,455.8794250488281,457.0788263979543,450.05222749702716,451.3016229666288,0
2005-07-13,457.92840576171875,457.97839988048503,452.1911917223597,456.17925216407826,0
2005-07-14,463.70562744140625,465.7746336713095,458.0283817164755,458.84799246979264,0
2005-07-15,463.415771484375,464.57518359871057,458.3082271148692,464.11541462214177,0
2005-07-18,460.61712646484375,463.255864358368,458.46817234110165,463.255864358368,0
2005-07-19,468.5232849121094,468.8631168077608,461.11686516388056,461.11686516388056,0
2005-07-20,476.49945068359375,476.84925701130294,459.52765171745153,465.27487085258,0
2005-07-21,468.71319580078125,476.4994366448047,466.3243371023387,476.4994366448047,1937300
2005-07-22,474.9601745605469,480.0676884436472,471.80169924907926,473.5108636587431,0
2005-07-25,471.941650390625,477.14912205529254,470.4923394758868,474.6903203647144,0
2005-07-26,476.8092956542969,477.5889171994628,471.2419821764381,472.49137763361546,0
2005-07-27,473.66082763671875,476.66935117114457,465.7046553625004,476.6593767493527,1786600
2005-07-28,474.0506286621094,474.7302924815186,470.5323419767976,473.55087047086977,0
2005-07-29,474.2105407714844,477.5889109237498,471.1520231727299,473.67079340028704,0
2005-08-01,474.14056396484375,476.7892761800253,471.30194120377956,474.64032213762584,0
2005-08-02,485.9648742675781,486.1047906987681,477.8487756711674,478.0187068763471,1587600
2005-08-03,484.0557861328125,485.96486603920323,480.1476735080422,484.7554292825542,0
2005-08-04,472.31146240234375,483.81587479613336,472.27147320773815,483.81587479613336,0
2005-08-05,470.9621276855469,473.7707662859617,467.8636207928174,472.251512362431,0
2005-08-08,465.6346740722656,473.270993658821,464.9750201210503,471.1620287930564,1025200
2005-08-09,471.281982421875,474.2905060113813,466.3943326374448,466.3943326374448,0
2005-08-10,465.5247497558594,476.5594190316024,464.76510755305833,471.24198461763297,0
2005-08-11,468.8231506347656,469.67274566702235,462.55619384905845,465.2549003037987,0
2005-08-12,462.60614013671875,467.73366390693985,459.01788009057066,467.73366390693985,0
2005-08-15,467.5337829589844,469.6327429156229,461.14685876842725,462.08640658834787,0
2005-08-16,457.9784240722656,467.1339674016299,457.06886049310856,467.1339674016299,0
2005-08-17,463.9255065917969,465.9245392867979,457.9484183555475,457.9484183555475,0
2005-08-18,461.0569152832031,463.61567477986733,458.9379454346674,463.61567477986733,0
2005-08-19,462.0464172363281,465.904566251403,461.05690579980177,461.05690579980177,1369800
2005-08-22,467.4938049316406,468.93311096663354,462.6761286340342,463.5657128582646,0
2005-08-23,467.29388427734375,471.0720549516453,465.1249508269438,467.9235844735305,0
2005-08-24,463.74560546875,472.9911317728212,463.13588462939424,467.0540021708462,0
2005-08-25,466.8240966796875,468.90310775863657,463.9854739205384,463.9854739205384,0
2005-08-26,463.7955627441406,467.0140065904225,461.636603781776,466.9640429743732,0
2005-08-29,470.0225830078125,471.05208367073647,462.46624152982633,463.79558490901184,1103400
2005-08-30,468.4033508300781,469.77268334576274,463.82554887674763,469.5827727995039,0
2005-08-31,473.5208740234375,473.5208740234375,465.78462718288,467.7036815063148,0
2005-09-01,468.1434631347656,473.79072435338554,467.9335732442222,473.2709868377672,0
2005-09-02,467.1939392089844,470.8121834649668,465.25487507685824,468.9830514884515,0
2005-09-06,474.48040771484375,474.60034479885667,467.78366633396524,467.78366633396524,0
2005-09-07,473.1710510253906,474.4904199755693,468.49332165965103,472.7912299182647,0
2005-09-08,478.57843017578125,480.48751010081025,471.7717261434707,473.01111668006416,0
2005-09-09,481.92681884765625,482.8063981377739,476.0696370309106,478.72835424774104,0
2005-09-12,480.8573303222656,483.4860632751652,479.6679033929854,481.95680443792196,0
2005-09-13,481.966796875,485.3651463693994,478.5784218021988,481.07721268084805,1703300
2005-09-14,477.8787536621094,483.3961035075525,475.99968852207826,482.276650061468,0
2005-09-15,473.0311279296875,480.28759604781663,472.26148080151484,477.8787579311821,1685400
2005-09-16,474.5403747558594,474.990169322304,468.99307111807616,473.25102060397995,0
2005-09-19,467.9136047363281,474.4604247117335,465.7246614615061,474.20054069649586,0
2005-09-20,466.0345153808594,473.950667999684,465.70465789509717,467.94359531995656,0
2005-09-21,457.93841552734375,466.19443035639097,457.3487045399573,466.17442050754573,0
2005-09-22,456.888916015625,460.7670444351565,452.59100779973045,457.84847369866435,0
2005-09-23,460.4971923828125,462.16639817521497,452.9908145336313,457.15881130082704,0
2005-09-26,462.60614013671875,466.854084636041,460.00742202174104,462.8860034953849,0
2005-09-27,456.908935546875,463.52572921609624,454.53008164101294,462.5761764375984,0
2005-09-28,459.03790283203125,463.53572654587543,455.9494008755299,457.2587648942234,0
2005-09-29,466.1344299316406,467.27389321098383,455.9293765479717,459.03788825518296,0
2005-09-30,475.0901184082031,476.0596504870108,466.13442995760994,466.13442995760994,1896300
2005-10-03,477.8787536621094,482.9663187921484,475.8897258606849,475.8897258606849,0
2005-10-04,472.6912841796875,482.1067110855587,472.681279255317,478.13862996839987,0
2005-10-05,466.1944274902344,474.1105798684273,466.06448548481245,473.0910841765925,0
2005-10-06,458.1283264160156,466.52425767914735,453.8204133755831,466.1444365846245,0
2005-10-07,460.886962890625,463.70560627783675,458.1583028161015,458.1583028161015,0
2005-10-10,445.9342346191406,456.79897297890733,445.8842710003963,456.79897297890733,0
2005-10-11,438.497802734375,448.30305553932146,435.7091741220889,446.38400125793004,0
2005-10-12,436.7586669921875,439.4673477990476,432.90051796395926,437.53828853634286,0
2005-10-13,446.1141357421875,446.75384087144124,435.3993188497427,436.8686091592518,0
2005-10-14,442.47589111328125,447.58340497069594,438.5078100223062,446.1141147303899,0
2005-10-17,444.5049133300781,444.7048288016273,440.6967584687679,442.2560015378326,0
2005-10-18,439.0875244140625,443.62533722581225,437.138485815231,443.62533722581225,1857100
2005-10-19,439.1875,439.1875,424.92441195494536,436.4688141722551,0
2005-10-20,439.5972900390625,444.6248561347698,437.3183939470341,440.4868742452425,0
2005-10-21,441.6363220214844,446.25408285237114,440.9466532737213,442.20605368317024,0
2005-10-24,446.57391357421875,446.6838457301393,439.1674938430247,442.06608512511724,0
2005-10-25,441.9261779785156,445.29454323070644,439.6472513953874,445.29454323070644,0
2005-10-26,439.3674011230469,445.8442783087277,438.5078316693366,441.61631299966695,0
2005-10-27,427.4331970214844,439.4073836658807,427.42319209683757,439.4073836658807,0
2005-10-28,424.6645202636719,424.7045094597341,412.8002656919123,421.5860232289049,0
2005-10-31,432.4307861328125,434.81961444632924,425.5441035560483,426.18380868777365,0
2005-11-01,428.332763671875,431.9210238630338,426.9934153653592,431.9210238630338,0
2005-11-02,441.0066223144531,443.06562363528633,429.8920049507425,429.94196856905785,0
2005-11-03,449.3125915527344,453.74044174097537,446.7038684743865,448.94277537713583,0
2005-11-04,451.6114807128906,453.45061772779707,446.8337935502906,452.08125464009026,0
2005-11-07,453.060791015625,455.2397294394636,448.41304587215393,454.84993390626886,0
2005-11-08,452.08123779296875,455.54956078509014,448.56295118393433,451.2716319809386,0
2005-11-09,458.43817138671875,459.0978558360933,448.8827975493874,451.51153042251343,1783500
2005-11-10,464.3053283691406,465.27486044775884,454.62001250734954,458.2382568101873,0
2005-11-11,460.9269714355469,468.0935172842706,460.1473498811217,466.2743901563388,1282200
2005-11-14,463.5057373046875,465.9745439590389,460.1073572439663,460.9569522591466,0
2005-11-15,462.0464172363281,468.19346725897077,460.89697952169735,465.1449240561117,0
2005-11-16,461.6566162109375,464.01546015350254,459.5676307016197,462.04641172562793,1425000
2005-11-17,466.5642395019531,466.5642395019531,458.6480566914538,461.26678461401553,0
2005-11-18,478.2286071777344,480.7773922939609,472.6013249773499,473.12109302604006,0
2005-11-21,478.3485412597656,479.8678256967675,475.6198810325645,477.06916149865964,0
2005-11-22,482.636474609375,485.8549186069584,476.97920817870005,477.1891285827391,0
2005-11-23,480.2476501464844,486.4046748217647,479.478002997812,482.726431293033,0
2005-11-25,484.3756103515625,484.9853311948604,481.51700819285,481.51700819285,0
2005-11-28,478.5284729003906,483.1961973236606,477.8587835030798,482.89635461012995,0
2005-11-29,475.5498962402344,483.90586893630547,475.28003780194973,481.5469944468889,0
2005-11-30,481.4070739746094,484.265676121092,477.46897707841464,477.7388355144334,0
2005-12-01,501.6672668457031,502.28696211702214,489.1233180525365,489.46318046211695,0
2005-12-02,505.3454895019531,508.0941595828414,501.3174396580733,501.5073502129784,0
2005-12-05,497.4293212890625,505.3454737943853,495.89005755082025,505.3454737943853,1567300
2005-12-06,502.6167907714844,510.1331734494445,492.8515267477595,492.8515267477595,0
2005-12-07,496.65966796875,504.87569358179843,495.1004249037468,504.0660877789244,0
2005-12-08,488.1737976074219,500.3179154937892,483.9658421988301,500.02804720351753,0
2005-12-09,496.9695129394531,497.5492495006446,486.61453825529884,488.3436820088936,0
2005-12-12,499.9580993652344,501.4973326095877,496.55971931252355,496.969524683652,1617600
2005-12-13,502.5968017578125,506.19506674690007,496.3398195963107,496.7896141585036,0
2005-12-14,500.5278015136719,504.51589257101057,498.0290105892221,502.5968077197928,2075100
2005-12-15,498.13897705078125,502.78672210514344,496.2598813808117,502.18700617813755,0
2005-12-16,495.05047607421875,501.12752223948974,495.05047607421875,498.13897802610416,1821700
2005-12-19,483.66595458984375,496.5996985703335,483.3860912325783,495.0504604324028,1448000
2005-12-20,486.144775390625,490.93246732864225,481.47702053617917,484.18573185238154,0
2005-12-21,484.52557373046875,490.0229138613224,482.53651537756997,484.9853427278962,0
2005-12-22,490.4327087402344,491.17234109019313,484.97532741969155,484.97532741969155,0
2005-12-23,491.5821533203125,495.46028175506916,489.88296327322615,491.08239513032464,0
2005-12-27,485.35516357421875,494.97050643321126,484.2057258181964,491.91198869852025,0
2005-12-28,486.4446105957031,487.98387431770215,481.04722839851786,485.3751207789913,0
2005-12-29,481.7668762207031,488.34368032131425,481.1271711212981,486.2546948295751,0
2005-12-30,479.2580871582031,481.17717198048325,474.8802006441296,481.03722504947126,0
2006-01-03,492.8915100097656,495.2803382609254,475.70982125320785,480.33758690414277,0
2006-01-04,496.4497985839844,498.6487468448603,492.89152267298124,492.89152267298124,1547000
2006-01-05,508.2940673828125,509.2935837607612,497.63921913354125,497.63921913354125,0
2006-01-06,519.3187255859375,520.1782950193158,508.62388826896745,509.85330438012113,0
2006-01-09,524.076416015625,525.5756905152742,518.5990250264077,520.5781088497769,0
2006-01-10,527.4947509765625,527.6346979061894,520.2482574766476,524.616139023042,0
2006-01-11,536.1805419921875,537.2200170123638,527.8346050469305,529.8535865477658,0
2006-01-12,529.0240478515625,538.7593274287437,526.0254987741241,536.0406112089349,0
2006-01-13,526.3853149414062,528.3343840610837,520.508153814251,528.3343840610837,0
2006-01-17,518.1892700195312,524.0963849319185,515.6105006997869,524.0963849319185,0
2006-01-18,518.6390380859375,519.8584187140085,508.4739436871661,512.0222449259497,0
2006-01-19,534.4813842773438,538.1696021942516,523.3467570586891,523.3467570586891,0
2006-01-20,512.3220825195312,531.782635799446,512.2421041331253,531.712662337045,0
2006-01-23,515.2906494140625,519.4186569185258,511.0327304033664,513.8613483201295,0
2006-01-24,520.4581909179688,525.8655476364945,515.5705412279426,515.9703111725087,0
2006-01-25,521.2777709960938,523.3067573846402,514.7009365876622,521.2277463760328,0
2006-01-26,536.280517578125,537.170101832538,524.1763883833598,524.3662989432273,0
2006-01-27,550.6435546875,559.3293546690583,546.0458036363462,551.1733276637522,0
2006-01-30,546.7354736328125,552.6726035198003,545.7959257717188,548.9044071504713,0
2006-01-31,538.8492431640625,547.2751586481934,536.9601426269701,547.2751586481934,0
2006-02-01,544.4165649414062,545.036260205632,533.6318053533367,537.3799917122683,0
2006-02-02,536.2305297851562,548.6745208439484,534.4314125128866,543.9567718352193,0
2006-02-03,528.5142822265625,536.3305074384793,528.2543982135221,534.8912014479488,0
2006-02-06,539.8787841796875,540.3285787451877,529.0140461696255,529.21390063817,0
2006-02-07,540.4684448242188,542.9872454940108,534.66125739547,539.578921656077,0
2006-02-08,548.2147216796875,548.9444101170604,540.6084167094899,544.9463446182165,0
2006-02-09,546.5655517578125,555.621167597796,545.8159144829608,548.5046159489879,0
2006-02-10,540.128662109375,546.3556295298272,532.5823257689241,546.3556295298272,0
2006-02-13,532.5422973632812,539.5389117907416,529.933574339538,539.4889481745299,0
2006-02-14,536.2005615234375,537.0401210918391,525.795562187045,532.1425275944662,0
2006-02-15,537.9696655273438,539.229065889219,532.1125143578201,536.0406062925608,0
2006-02-16,545.6859741210938,545.7059229646497,539.0791855601555,539.2190714875985,0
2006-02-17,535.1510620117188,545.6559893943647,534.7312821949984,545.396105363086,0
2006-02-21,523.5167236328125,536.0806520842821,522.3972701467968,535.4709007168311,0
2006-02-22,530.5233154296875,533.1519872945668,517.4995881581822,522.8869959046486,0
2006-02-23,524.226318359375,531.0430272212916,523.9764392706198,531.0430272212916,0
2006-02-24,524.2963256835938,527.5248052026361,522.5971355691989,524.4562824738836,0
2006-02-27,527.1349487304688,529.0339932146484,524.3762738107926,524.8560221426884,0
2006-02-28,522.9369506835938,530.8531029288139,522.0074078181688,526.455267683974,0
2006-03-01,545.6060180664062,546.4156239186074,524.4962363591395,524.5862196785575,0
2006-03-02,546.0257568359375,550.6135636573343,540.9282479282838,544.8763496537514,0
2006-03-03,537.5199584960938,547.6850231953547,537.3999604029898,542.6774362739795,0
2006-03-06,528.3143920898438,540.9582379756854,525.8356109339189,538.6493575265741,0
2006-03-07,513.1917114257812,527.4148105134817,511.60248398358186,527.4148105134817,0
2006-03-08,510.373046875,514.3911222270829,504.57586409711854,512.5519852533303,0
2006-03-09,503.2864685058594,516.3301752271559,503.2365048892871,511.3725521493226,0
2006-03-10,502.0970458984375,510.41302935545394,499.9480918195384,504.0660943527558,0
2006-03-13,499.6882019042969,507.57440055298076,498.7586590187859,503.34643540833997,0
2006-03-14,510.83282470703125,511.41256129654323,499.10851693908734,499.84814930899614,0
2006-03-15,512.382080078125,515.9803145969468,507.3945031678677,511.83235827742135,0
2006-03-16,495.8200988769531,513.7514253861021,495.73014606202935,513.5615148314342,0
2006-03-17,496.12994384765625,499.53829838569237,489.07336059974506,495.38030655784,0
2006-03-20,497.96905517578125,501.57732522728145,495.25036935819134,496.62970686530366,0
2006-03-21,496.9795227050781,510.4230298661282,495.88004861522705,498.3188709589627,2587600
2006-03-22,497.3493347167969,498.81862496485303,492.1218532486093,494.7805703880833,0
2006-03-23,499.67822265625,504.36592623334417,496.8695536752097,497.1794318035385,0
2006-03-24,504.5958251953125,504.6758035840541,497.82911055761065,499.61822284336637,0
2006-03-27,503.57635498046875,507.43447360489836,502.68677075192704,504.4459293594039,0
2006-03-28,493.2713317871094,504.1860334275956,491.32226267132745,503.5763430853901,1970300
2006-03-29,505.3854675292969,507.2545582625423,492.55168098650006,494.01096634731334,0
2006-03-30,505.2655334472656,512.1121962267705,502.1770315029851,505.99516088059784,0
2006-03-31,499.4083557128906,508.02418207197115,497.1794536959299,505.6253488483035,0
2006-04-03,504.9356689453125,513.1517251721958,499.75818150559104,499.76818643012314,2211100
2006-04-04,503.7962341308594,510.56294890027084,503.1265447490896,504.93566691865306,1952400
2006-04-05,517.6895141601562,518.8189725453444,503.79624263607815,503.79624263607815,2051700
2006-04-06,524.3562622070312,525.7355996622535,517.689505177215,517.689505177215,1789000
2006-04-07,514.6909790039062,527.4847767612493,512.2121978462573,524.3562855393908,1799100
2006-04-10,510.6129150390625,515.1607022938445,508.0341762413475,514.6909588855004,0
2006-04-11,503.0965576171875,514.5210527177189,500.84764582222897,510.612909613101,0
2006-04-12,506.195068359375,510.6429283674297,503.09656153937885,503.09656153937885,0
2006-04-13,507.7143249511719,513.2816689356843,505.4254544340759,506.1950710552125,2369400
2006-04-17,500.1979675292969,512.6419583599481,497.79913437597645,507.7143195437858,0
2006-04-18,517.2097778320312,518.2092942311152,500.1979891978171,500.1979891978171,0
2006-04-19,526.245361328125,527.0349572871768,516.2901564623386,517.2097554337322,2752600
2006-04-20,529.0440063476562,535.5508677253213,522.4272128098323,526.2453726921117,0
2006-04-21,518.1692504882812,530.983057450649,515.0807791215763,529.0439932861738,0
2006-04-24,514.551025390625,518.1692698421128,508.99371670223724,518.1692698421128,1804600
2006-04-25,515.9703369140625,517.7595103490023,512.022295860613,514.551040679615,0
2006-04-26,513.2316284179688,518.6490508803017,510.3430420699109,515.9702934162689,0
2006-04-27,519.8984375,524.4861832390241,505.6852837271806,513.2316197311637,0
2006-04-28,516.6599731445312,523.4966918674379,515.4205826230167,519.8984573852578,0
2006-05-01,511.76239013671875,518.1592583484863,510.54297893621793,516.6599837824355,1802200
2006-05-02,513.4615478515625,515.5905224817645,510.98273641074405,513.1316903862206,0
2006-05-03,519.8084716796875,520.2982249313587,512.4320361200746,513.4615672455359,0
2006-05-04,526.585205078125,527.9644814750828,520.0283804565748,520.0283804565748,0
2006-05-05,528.6842041015625,531.962586152308,525.1758917962671,528.434325002959,0
2006-05-08,525.1159057617188,530.4033253500197,524.9759588298089,528.6841864915974,0
2006-05-09,519.74853515625,525.1159334177008,516.5600753561235,525.1159334177008,0
2006-05-10,506.80474853515625,519.7484973530567,505.86520073433104,519.7484973530567,0
2006-05-11,495.2603454589844,506.8047469612906,493.621124023378,506.8047469612906,0
2006-05-12,491.3822326660156,499.5183105546496,490.7225482018437,495.26036105991255,0
2006-05-15,486.7344970703125,496.71965603344563,480.1276778789291,491.3822421776329,0
2006-05-16,484.02581787109375,490.2627903978213,479.118188724816,486.7344987532973,0
2006-05-17,478.448486328125,486.6845219185128,474.56038352932956,484.0258047269934,0
2006-05-18,474.1805725097656,482.5265404363718,474.12060396681005,478.44849649847527,0
2006-05-19,489.4331970214844,490.05289229385494,474.18056737016684,474.18056737016684,0
2006-05-22,468.93310546875,489.32323338833197,463.42576048966146,489.32323338833197,2655500
2006-05-23,461.35675048828125,475.5599000016654,461.1568655169063,468.93310161906936,0
2006-05-24,464.8150939941406,470.57228745360743,456.09931016360036,461.35674544586374,0
2006-05-25,462.7660827636719,469.2529648643323,460.2573173714681,464.8151096609604,0
2006-05-26,466.54425048828125,468.7431987290697,461.6566312434104,462.76607978570416,0
2006-05-30,456.44915771484375,466.7341592813601,456.19927862036985,466.5442487293344,0
2006-05-31,464.5152282714844,466.0544920228643,456.4491543435838,456.4491543435838,0
2006-06-01,475.1300964355469,475.1300964355469,463.4957415192128,464.51523725584,0
2006-06-02,474.4204406738281,479.0182220933895,469.4228588053525,475.1300887583623,2048900
2006-06-05,460.19732666015625,474.4204246558146,459.9574219966525,474.4204246558146,0
2006-06-06,458.1383056640625,462.5362020650604,455.559566867858,460.1973374351581,0
2006-06-07,447.3335266113281,460.0074170086233,447.22359445507294,458.1382958269236,0
2006-06-08,446.5439453125,448.56295740833673,434.7696436388939,447.3335412864667,0
2006-06-09,443.9451904296875,456.68902402863654,442.1760574522599,446.54393906807616,0
2006-06-12,435.4792785644531,448.1131492971492,435.20942013245946,443.9451832222675,0
2006-06-13,433.180419921875,442.60585209402313,432.2008828854021,435.47929540192405,0
2006-06-14,439.1175231933594,442.0860880985047,432.7506086550706,433.1804238858882,0
2006-06-15,457.3586730957031,458.66806756272155,439.08751563420884,439.08751563420884,0
2006-06-16,453.3106689453125,457.35869813983646,448.98277638058465,457.35869813983646,0
2006-06-19,448.9627685546875,456.56910420869025,447.33355194469175,453.3106709886987,0
2006-06-20,445.8342590332031,451.0617405636081,443.5253786877514,448.96275011242875,1599500
2006-06-21,455.1497497558594,459.86746808927205,445.83425016909086,445.83425016909086,0
2006-06-22,448.9727478027344,455.14975147148414,446.2040985182618,455.14975147148414,0
2006-06-23,445.194580078125,449.8623043401877,442.9656476417959,448.97275065222266,0
2006-06-26,448.0931701660156,449.4425233322669,445.1146004770388,445.1945788662132,0
2006-06-27,431.311279296875,448.0931671567356,430.17184653274523,448.0931671567356,0
2006-06-28,428.85247802734375,431.3512688751714,423.02531119144965,431.3112796808171,0
2006-06-29,445.9542236328125,446.24406141249915,428.76253019888367,428.85248301011245,0
2006-06-30,441.5063781738281,447.0437074796352,439.9071458595408,445.9542382818744,0
2006-07-03,445.7943115234375,446.4639704181393,441.5063777016874,441.5063777016874,685700
2006-07-05,431.69110107421875,445.7942924907574,431.23133209868365,445.7942924907574,0
2006-07-06,430.5716552734375,435.92907881122386,428.262774927786,431.6911087134118,0
2006-07-07,424.0348205566406,431.1813870972386,421.28615050343194,430.5716662421517,0
2006-07-10,414.6893615722656,429.3122604494018,412.42043988956783,424.0348152336033,0
2006-07-11,428.332763671875,428.9124697586757,411.30099579138863,414.6893710056043,0
2006-07-12,416.788330078125,428.33276269464625,415.48897097109017,428.33276269464625,0
2006-07-13,410.8312072753906,422.9553455744496,409.91163880508867,416.7883162263495,0
2006-07-14,408.81219482421875,414.9092201979749,405.97357203146333,410.8312068837848,0
2006-07-17,406.5732727050781,413.16008208279897,405.2139450502615,408.8122101700991,0
2006-07-18,405.04400634765625,409.8916668706031,394.3691787753326,406.57326518243957,0
2006-07-19,414.3095397949219,418.0976848706693,404.70417162922473,405.0440035342807,0
2006-07-20,403.9345397949219,416.7383415569442,403.62469217248554,414.3095241928849,0
2006-07-21,384.6938781738281,403.93456893691666,384.09416223129773,403.93456893691666,0
2006-07-24,391.7404479980469,394.5690964386744,384.69386971108486,384.69386971108486,0
2006-07-25,395.9784240722656,399.38674814055486,390.5210425874179,391.74045381079765,2088100
2006-07-26,395.6185607910156,400.53619461370505,386.4729923644934,395.9784025355139,0
2006-07-27,399.8465270996094,407.17296848547903,395.58857771001897,395.58857771001897,2213200
2006-07-28,412.0106201171875,412.8202259087201,399.8465233956856,399.8465233956856,2163400
2006-07-31,412.5603942871094,415.5389336030995,409.6417930113855,412.01064197173076,0
2006-08-01,404.3343505859375,412.56038118320754,400.8160639911054,412.56038118320754,0
2006-08-02,408.56231689453125,412.3105032428802,404.33435171257895,404.33435171257895,1405600
2006-08-03,414.82928466796875,418.087717848853,404.9240736174396,408.56232790564405,0
2006-08-04,410.8312072753906,424.4745994571022,406.2034416589005,414.829272706094,0
2006-08-07,408.3324279785156,413.57988900535037,406.46333721702746,410.831218943675,0
2006-08-08,405.5237731933594,411.8707080921832,402.6651405818114,408.3324116859073,0
2006-08-09,408.40240478515625,420.13671749257776,405.5237926893071,405.5237926893071,0
2006-08-10,414.5194396972656,415.44898262201656,406.8731453918925,408.40240425296713,1697400
2006-08-11,405.1939697265625,414.5194443561987,403.58473245438745,414.5194443561987,1472000
2006-08-14,409.7117614746094,415.7488489283264,405.1939584346916,405.1939584346916,1764400
2006-08-15,424.9643859863281,425.5940556734037,409.7117565077997,409.7117565077997,2051600
2006-08-16,443.3854675292969,444.7648049994045,424.9643881634731,424.9643881634731,0
2006-08-17,445.89422607421875,452.1412032871759,440.9366334988051,443.3854607674117,0
2006-08-18,445.65435791015625,446.2740531775738,435.6192050393656,445.8942320774614,0
2006-08-21,436.5387878417969,445.65437253230664,433.8600912096035,445.65437253230664,0
2006-08-22,435.62921142578125,441.84620447279303,433.88005777673413,436.5387749836241,0
2006-08-23,431.5011901855469,442.08606455562705,430.21183607021607,436.3688298762138,0
2006-08-24,434.3997802734375,435.47927499820815,428.67257118830196,433.1204005830996,1808700
2006-08-25,433.4802551269531,439.4573739754922,432.26084394055613,434.29986586759117,0
2006-08-28,438.22796630859375,439.19749842222063,433.4202949366515,433.6801789576709,1662500
2006-08-29,445.49444580078125,446.24408310027235,436.09899774772344,438.9476255863536,0
2006-08-30,453.5205383300781,454.28018051604533,443.17556852256143,446.10414410378166,0
2006-08-31,449.00274658203125,453.91037563689116,447.32356639500995,453.53055453446086,1599200
2006-09-01,444.30499267578125,452.39107620968286,442.63581746880794,449.1326736817324,0
2006-09-05,451.74139404296875,451.8313468527442,440.8066829022692,444.3149949976009,2228600
2006-09-06,436.9085998535156,451.3615983232797,436.8985949287057,451.13172907520675,0
2006-09-07,435.3493347167969,441.846190928388,432.0209587250216,436.29888744115664,0
2006-09-08,438.47784423828125,440.0370873546104,432.8605670496059,435.55924298041276,0
2006-09-11,448.8128356933594,452.1112275227297,435.8790913880907,436.7286864056009,0
2006-09-12,465.72467041015625,467.8236304101735,449.65242990546085,449.8523453829955,0
2006-09-13,462.0964050292969,468.1834559243435,459.6575827015281,465.9345441427974,0
2006-09-14,463.60565185546875,465.3947946498535,458.33821170997516,462.3162977352975,2102400
2006-09-15,464.1654357910156,473.2210519377879,462.1563980654482,465.53476837901775,0
2006-09-18,468.5133056640625,472.36144988893017,461.6166486327575,462.6361443755839,3674700
2006-09-19,458.2082824707031,467.3638560860815,452.7509316278113,467.1539661890369,0
2006-09-20,459.9774475097656,462.5961755291595,457.4186880325854,459.28777877148934,2410000
2006-09-21,451.8613586425781,462.85603899274184,451.2017046640496,460.49719494078744,0
2006-09-22,449.08270263671875,454.20025218512717,447.4335066908049,452.10126166177344,0
2006-09-25,460.3472595214844,461.4667129697671,445.70435087566466,450.801859934608,0
2006-09-26,458.76800537109375,460.43721111737466,453.2106968369322,460.27728483906844,0
2006-09-27,455.549560546875,464.4552549773681,454.4600913745007,459.07785207857444,0
2006-09-28,459.8974609375,460.4072240400675,453.93034707083166,455.6295370775109,0
2006-09-29,454.4801025390625,460.6870906136209,454.3201762606154,460.5871328767392,0
2006-10-02,453.0307922363281,460.1273645252602,452.6609760618923,454.6999979863818,0
2006-10-03,448.0632019042969,450.4920193886357,443.5953624626125,448.01323828639136,0
2006-10-04,456.549072265625,456.93889828352656,445.474444527479,447.26358733499205,0
2006-10-05,455.18975830078125,456.2992068412881,451.91134579431656,456.2992068412881,2182200
2006-10-06,451.10174560546875,453.93036357513915,448.9627658840625,453.36063191071,0
2006-10-09,456.1692810058594,460.2872834818838,450.4420413470284,451.1017257974816,2156000
2006-10-10,454.5000915527344,457.56861417364223,453.15073833317626,456.1692973359899,2449600
2006-10-11,460.3472595214844,464.77510969749585,452.2111816695128,453.3106557715115,0
2006-10-12,466.6242370605469,466.7141898761352,458.0283899269833,461.64663441158547,0
2006-10-13,471.04205322265625,473.300969905493,464.36529141124157,464.915043698359,0
2006-10-16,475.23004150390625,476.7193416269835,471.93164970649025,472.4713970834048,0
2006-10-17,463.5157165527344,471.83170015953993,460.56716153182003,471.8017158882364,0
2006-10-18,450.2321472167969,462.23631770928665,449.2925994176754,461.20681709997075,0
2006-10-19,448.872802734375,452.1912044019095,443.91521008226806,449.29261303082023,3419000
2006-10-20,447.0137023925781,451.3815839049644,445.3844858827624,451.2616468249712,2621800
2006-10-23,449.33258056640625,453.0807670259286,444.7548089250836,446.6339046172419,0
2006-10-24,444.2350769042969,452.3411402801392,444.2350769042969,449.8323443511528,0
2006-10-25,455.76947021484375,456.70901806434847,445.57442130946384,446.44399569079235,0
2006-10-26,461.0469055175781,461.33677380598726,452.23119430659375,456.2192548663919,0
2006-10-27,452.09124755859375,461.2568261066037,449.57247728339706,460.34726254818906,0
2006-10-30,457.17877197265625,459.3677152173862,452.33111157901186,452.6609690557894,0
2006-10-31,457.91845703125,460.47721656884374,454.07031279998125,457.4886417981452,0
2006-11-01,449.0727233886719,459.8375038317075,447.7233701736727,458.75803956139976,0
2006-11-02,447.1336669921875,450.5420215715835,446.4939618557616,448.26312540300086,0
2006-11-03,448.9527893066406,450.4020697671856,445.13462938476124,448.8428266425221,0
2006-11-06,456.8689270019531,458.07833325059573,447.54345283195477,449.8623075931861,0
2006-11-07,465.6047058105469,470.26245584106346,457.41869465173306,457.41869465173306,0
2006-11-08,465.4447937011719,467.64371137692376,460.1473387265501,463.8755457056839,0
2006-11-09,456.4991149902344,469.96260163354634,456.059325349845,467.16396801544903,0
2006-11-10,461.0968933105469,461.13685200281304,453.97033680192504,457.14879149774,0
2006-11-13,468.30340576171875,469.20296439827666,459.0478743722085,460.397227578455,0
2006-11-14,481.5669860839844,482.026785586926,464.5952172477956,468.4833201562112,0
2006-11-15,483.6159973144531,487.5840784872767,479.4480006683252,481.56697047294904,3164800
2006-11-16,485.6949768066406,487.29420908094073,479.3980359486812,483.61599620202355,2541300
2006-11-17,483.01629638671875,484.24571252977347,479.17815710215285,483.8158972991127,0
2006-11-20,491.482177734375,491.8719732469447,479.9177663173226,482.44654144671995,0
2006-11-21,486.0848083496094,491.83202747676097,483.0262906978203,491.1523636658787,0
2006-11-22,492.0918884277344,492.26181963443247,485.8849002173972,486.3846584099195,0
2006-11-24,489.09332275390625,491.6321028269637,486.32467344185653,489.91293348263775,733200
2006-11-27,477.60888671875,491.5721312809769,477.3190184378597,487.6440393651101,2130000
2006-11-28,478.2286071777344,478.7383703015436,473.171056644805,476.30955277542853,2101900
2006-11-29,476.15960693359375,482.81635895856755,473.18103724011485,479.68789841650084,2021000
2006-11-30,478.788330078125,482.2366738241863,472.9811422934046,476.0696442776589,2165500
2006-12-01,473.8607177734375,482.0067701843066,467.4238298346072,478.58844124022886,2575000
2006-12-04,483.18621826171875,487.2642316406711,472.9811341354814,474.70030351645966,2178500
2006-12-05,486.8843994140625,490.4226958329978,484.5555397403645,484.8253981737848,1730300
2006-12-06,488.59356689453125,491.3122526030324,482.26664178213224,485.26519085020766,1972200
2006-12-07,480.32757568359375,493.0114406308761,480.0877015200123,489.1932808455064,2063700
2006-12-08,477.1491394042969,480.93731506529537,472.4614050923615,477.2590715659047,2117600
2006-12-11,475.94970703125,480.9373145567704,474.36047963228395,476.3794917580582,1831100
2006-12-12,472.601318359375,478.1586575162315,469.0930365939428,475.8897358030644,2221900
2006-12-13,466.7841491699219,475.41995473517915,465.8645806893546,474.2505376652223,2172700
2006-12-14,475.47991943359375,477.51894135032154,467.3638514647206,467.4937934720696,2619900
2006-12-15,475.60986328125,479.6678972813886,473.93068310936206,476.95921647405305,0
2006-12-18,476.1995849609375,482.8963569552916,473.78077238585854,476.7892959689579,1963400
2006-12-19,469.47283935546875,473.86070024769197,466.6541959424457,473.8506953233421,2206800
2006-12-20,472.65130615234375,477.13912489489036,470.5423107491682,470.67225275778145,1641400
2006-12-21,466.2743835449219,473.7807611952609,464.1254294640889,473.2310088936774,1983100
2006-12-22,463.4457702636719,468.84315257932894,463.4257604144002,466.74416209467927,1504800
2006-12-26,467.2638854980469,468.92308628801317,463.2458407796005,463.5156992112363,1085600
2006-12-27,469.7427062988281,472.0016230399159,468.6532371235901,469.49282720809964,1114200
2006-12-28,468.7731628417969,471.47186915736506,468.1334577436878,468.9031048462764,1093700
2006-12-29,466.81414794921875,472.04159919888133,466.584248196227,467.893612239868,1158700
2007-01-03,464.8350830078125,477.00918513700714,459.50767414926526,469.6827435280705,2626300
2007-01-04,474.1905822753906,475.52993058643744,462.6761338652596,465.44481380552463,2717300
2007-01-05,468.8631286621094,471.0620768693538,464.895047467322,471.04206702022145,2443700
2007-01-08,471.7117614746094,476.7393276315847,468.58327033366413,469.7527179161755,2088700
2007-01-09,475.15008544921875,477.56889792499766,470.0625509083389,472.931157940952,2351800
2007-01-10,483.5360107421875,484.5954956265721,471.07204071274737,473.42091022164453,2832500
2007-01-11,482.126708984375,488.19378076397896,481.2271503381457,484.1457516045374,3150600
2007-01-12,482.2766418457031,483.30614246191993,477.49895493217025,479.38802496455213,3802700
2007-01-16,476.279541015625,482.01675504730287,474.2705034109802,481.35707060245204,3147300
2007-01-17,472.40142822265625,476.6493728076474,470.6322647207499,472.95115002664517,3701200
2007-01-18,454.1502380371094,469.06303536646396,453.1207374190614,469.06303536646396,3667300
2007-01-19,456.6090393066406,460.767030969842,451.55148903184505,453.1907104820188,2691000
2007-01-22,452.01129150390625,457.82845349887157,449.11266967663244,456.96888407625323,2590600
2007-01-23,452.5610046386719,457.96839166774544,452.0412671258337,452.7009515668309,2880700
2007-01-24,458.4981384277344,459.14781795061197,452.16120846866136,453.93034141609445,3182100
2007-01-25,455.9093933105469,468.3533534491136,455.3196823299411,458.6980524415623,3047800
2007-01-26,462.5561828613281,464.7851153396021,453.4705827503273,456.9489106867062,2561500
2007-01-29,460.0074157714844,464.8650505386485,459.1378109340124,461.0968849208753,2774700
2007-01-30,460.3072814941406,462.87604593503886,457.74852197803654,461.0569187860341,2062400
2007-01-31,458.7080383300781,459.9474593653009,450.68192313466875,456.78898398976344,2453000
2007-02-01,462.3262939453125,464.6651891401505,457.70853310444363,459.82750297057225,2215600
2007-02-02,466.2643737792969,467.5237741450577,462.2163447505205,462.436239568307,2087500
2007-02-05,466.8940734863281,471.31194918360256,465.09495625377633,466.60420520344627,2185200
2007-02-06,464.3852844238281,467.1139750855384,459.17781269486517,467.10397016097085,2273400
2007-02-07,470.89215087890625,474.36047392888185,463.51571513263747,463.51571513263747,2575800
2007-02-08,468.5732727050781,470.89215805686064,466.6042241913109,470.89215805686064,1874600
2007-02-09,462.0964050292969,474.8902020742986,461.06690441163516,468.573251438346,3186300
2007-02-12,457.568603515625,462.2463327651712,456.55908222995276,462.0964114115611,2045200
2007-02-13,459.567626953125,461.026912270145,456.649025816267,457.5685942711948,2109200
2007-02-14,469.38287353515625,470.97213142510356,459.56764584552593,459.56764584552593,2844500
2007-02-15,472.7912292480469,473.90070829638506,469.05304773065916,469.38287471632657,2056500
2007-02-16,472.0216064453125,472.91119065730896,470.5923053547306,472.79122307035993,1853800
2007-02-20,473.3009948730469,473.8707265359471,465.96454823177015,472.0216151141314,2113100
2007-02-21,472.0115966796875,473.3009813264998,469.19298372308145,473.3009813264998,2147600
2007-02-22,485.0353088378906,485.0652931095547,472.01161146291133,472.01161146291133,2837500
2007-02-23,488.26373291015625,491.44218755601895,486.4446058476243,486.4446058476243,2605900
2007-02-26,487.7539978027344,492.03192677047866,485.0353119772545,489.22328812942425,0
2007-02-27,473.0710754394531,486.4346346383143,470.98208993188763,484.4555812877068,0
2007-02-28,473.3209533691406,478.0386717415956,469.73269334793036,473.42091110428777,0
2007-03-01,469.4028625488281,473.950649684181,461.25681049723516,468.38333636258295,0
2007-03-02,461.11688232421875,469.2929189783843,461.0768931282957,468.44335445904846,0
2007-03-05,457.67852783203125,466.46428503686815,456.76896429862325,459.53764409339755,0
2007-03-06,465.29486083984375,466.3143870837167,461.41676285277566,461.7665691884846,0
2007-03-07,463.1958923339844,466.5042890979391,460.8969863677569,464.58520423499897,0
2007-03-08,471.5218505859375,474.65034172464823,468.20344889547755,468.273422362505,0
2007-03-09,474.82025146484375,479.61794846477085,470.66229010218785,475.1300991072125,0
2007-03-12,479.07818603515625,481.36708704972784,474.3604675765052,475.00017269088033,0
2007-03-13,471.10205078125,479.56795589840965,471.04208223755313,477.25907545762243,0
2007-03-14,473.4508972167969,473.6807969582481,465.20488733157026,471.5318429069042,0
2007-03-15,474.0705871582031,474.460413171578,471.5218326961081,473.8307129978605,0
2007-03-16,471.76171875,475.23004175221155,468.95308020818004,473.79073574823326,0
2007-03-19,468.943115234375,475.00018208030923,467.33387799490276,473.0211286592619,0
2007-03-20,473.4309387207031,475.33001376825115,468.05353564191404,469.45285249259047,0
2007-03-21,482.2166748046875,484.1357291133027,472.3814070874659,475.76978215212904,0
2007-03-22,476.0196838378906,483.1762248972406,474.34050361243055,482.8763516765958,0
2007-03-23,479.0382080078125,482.546520288486,476.62936985384204,476.67936397490365,0
2007-03-26,478.5384521484375,480.9872795106388,472.52137444795767,479.0382103445749,0
2007-03-27,475.3100280761719,479.93779379787463,475.2300496841611,477.6988563638617,0
2007-03-28,468.88311767578125,474.4804155436832,468.69323762484044,474.4804155436832,0
2007-03-29,464.4852294921875,472.991123300475,459.9074580794642,470.9820856975938,0
2007-03-30,465.3448486328125,468.3034085785749,462.7061107466968,465.3448486328125,0
2007-04-02,465.22491455078125,467.39384802908796,461.0369384488411,465.8945734485219,0
2007-04-03,468.3733825683594,471.2619690500259,465.03500151379706,465.4348019659159,0
2007-04-04,472.7912292480469,473.5708508078983,468.8531322526175,468.9031263735376,0
2007-04-05,475.3699951171875,476.2495744096121,472.47140372374747,472.6513093509746,0
2007-04-09,472.5413513183594,477.5689175250415,470.97213377285436,475.31003123225565,0
2007-04-10,476.3494873046875,476.54940277524526,471.15202060118554,472.50137377040505,0
2007-04-11,471.05206298828125,476.0596496497179,470.2124729167932,475.98967618472267,0
2007-04-12,475.64984130859375,476.2695365596581,469.2129536313396,470.9221180339231,0
2007-04-13,472.15155029296875,475.300020774922,468.663247903717,474.9402095211304,0
2007-04-16,473.770751953125,473.8506998402314,469.5927809126958,472.2514980755558,0
2007-04-17,471.281982421875,473.77076847002417,469.18299190403883,473.7208048516931,0
2007-04-18,483.2161865234375,487.0543256067081,471.14201206092343,471.14201206092343,0
2007-04-19,486.2047424316406,489.58311262162823,478.288559409356,482.66644596311187,0
2007-04-20,487.0743103027344,492.2517976774439,483.59598242211683,486.67450986311377,0
2007-04-23,483.8258972167969,487.11431465291247,483.34611837263407,487.0243618389106,0
2007-04-24,498.7786560058594,501.39741455978475,484.1557568997239,484.1557568997239,0
2007-04-25,502.5968017578125,503.186512748649,495.84006141734903,498.62872059674424,0
2007-04-26,506.23504638671875,506.62484189748574,500.0180535376701,502.2169711819052,0
2007-04-27,498.4288330078125,505.8752115335223,496.87956435948104,505.8752115335223,0
2007-04-30,492.70159912109375,499.2284397606923,492.6516355039999,498.6587081122921,0
2007-05-01,493.8910217285156,495.06043878312056,488.08383414205326,492.73157909555124,0
2007-05-02,498.1689453125,500.30789442993876,493.4312475967636,493.8210431099583,0
2007-05-03,500.14801025390625,502.3369230382353,497.5692409417068,498.2988988716957,0
2007-05-04,505.3654479980469,506.12509018632545,500.2179448867814,500.8876342637352,0
2007-05-07,503.5963134765625,506.4549460953548,503.3664137353433,504.82572956649733,0
2007-05-08,500.87762451171875,503.5463465665736,496.7796014082259,503.5063573720974,0
2007-05-09,509.37353515625,510.01324028389405,498.6587182907673,500.56779824612954,0
2007-05-10,498.6587219238281,509.3135703240743,496.9795417057576,509.3135703240743,0
2007-05-11,504.6158142089844,505.1755714324462,498.44881535741973,498.538768169364,0
2007-05-14,503.8861999511719,508.4539971503981,501.0575515006006,504.70581070738695,0
2007-05-15,497.839111328125,505.035641554862,496.7596470455242,503.89620872894005,0
2007-05-16,497.28936767578125,498.01902559123994,491.8719756453805,497.92907278020834,0
2007-05-17,492.0618896484375,497.39933382968815,490.35272522119345,497.2294026280003,0
2007-05-18,491.4721984863281,494.83058943801245,486.9244110861191,492.0819193492923,0
2007-05-21,490.6225891113281,497.4892921728454,489.0233873268817,491.2423148810427,0
2007-05-22,492.78155517578125,495.87005713270895,487.50410990425496,490.90249000188396,0
2007-05-23,486.3746337890625,492.89149987745185,486.1947281677165,492.7915421424314,0
2007-05-24,478.6084289550781,487.8139664513531,476.92924872502,486.1647704931596,0
2007-05-25,480.3975524902344,482.5964701782682,477.86877732216334,478.6283890130608,0
2007-05-29,482.93634033203125,484.31564730716906,479.8278285443022,480.1976447226027,0
2007-05-30,481.18719482421875,482.77642222704924,476.6293720144236,482.77642222704924,0
2007-05-31,488.02386474609375,488.6435600050989,481.21716081584213,481.21716081584213,0
2007-06-01,489.7430419921875,494.600676909417,488.14380969949775,488.14380969949775,0
2007-06-04,490.20281982421875,492.78155868429843,487.29422347448434,489.613108815573,0
2007-06-05,487.00433349609375,490.52265054737893,482.2666357883186,489.8829454461205,0
2007-06-06,481.5169982910156,488.1437965262552,481.15718704885035,487.20424872351066,0
2007-06-07,473.4309387207031,483.7359502999691,473.41095937384335,481.5270276105863,0
2007-06-08,488.1238098144531,488.34370464047197,473.67081134887235,473.8407425564949,0
2007-06-11,486.134765625,490.94243686146353,486.00482361815205,488.06382487314056,0
2007-06-12,481.5669860839844,487.9339311315836,479.66791103730526,485.894909148491,0
2007-06-13,488.5036315917969,488.6035893315458,481.5669853921333,481.5669853921333,0
2007-06-14,493.79107666015625,496.0299835934868,488.103826010027,488.4636677687804,0
2007-06-15,502.2469787597656,502.4868834341888,494.03095285132093,494.03095285132093,0
2007-06-18,502.9466552734375,504.36595146720816,500.6577541970491,502.2169973269259,0
2007-06-19,500.5677795410156,502.4168908844165,496.9994988598372,502.4168908844165,0
2007-06-20,497.3493347167969,504.12605431944377,497.2593819060364,500.74768419106846,0
2007-06-21,512.2521362304688,512.7119357196514,497.2893750506094,497.4493013290879,0
2007-06-22,504.48590087890625,511.84235711373674,502.8766636857671,511.84235711373674,0
2007-06-25,496.9395446777344,504.87570714625423,495.46027996252656,504.24600694869673,0
2007-06-26,495.6501770019531,500.5677803580005,492.5716495651134,497.1394466012265,0
2007-06-27,506.52490234375,506.914728371327,493.77109414152267,495.62017503289337,0
2007-06-28,501.9971008300781,506.68483512892044,501.7872109294369,506.235071056118,0
2007-06-29,500.9176330566406,506.17509898049383,498.33886371262577,502.916665818219,0
2007-07-02,505.1655578613281,505.83521672861264,500.8576448693178,501.0475554144446,0
2007-07-03,505.2655334472656,506.96469298630296,503.76625888191666,505.11558158847544,0
2007-07-05,509.1136474609375,509.6234105744236,503.96614421678095,505.34548169834153,0
2007-07-06,514.401123046875,514.9008812307326,509.00371025895794,509.2336100045472,0
2007-07-09,520.2782592773438,521.9274246017886,514.7609096697234,515.1007110553321,0
2007-07-10,516.3001708984375,522.4272111528123,515.110743972899,520.2182580037726,0
2007-07-11,515.7504272460938,518.3191915396818,513.2216216437519,516.3101539517169,0
2007-07-12,530.7032470703125,530.7332008392311,516.1602347180282,516.1602347180282,0
2007-07-13,529.6337280273438,531.2029760017708,527.8346108165274,530.7032178317866,0
2007-07-16,530.6531982421875,532.6722407898732,528.4642549966741,529.5037910437059,0
2007-07-17,546.32568359375,549.1243172494868,530.7931600445437,530.7931600445437,0
2007-07-18,539.0092163085938,545.1462005009332,533.1720138226785,545.1462005009332,0
2007-07-19,543.277099609375,544.4665265163738,537.5199366283839,539.4489958798691,0
2007-07-20,536.6103515625,547.3151939047037,535.8907290549425,546.7754160183974,0
2007-07-23,533.6817626953125,540.0286671195548,533.2719878340346,536.83026360205,0
2007-07-24,523.4866943359375,533.1920202594372,522.2773185707529,533.1920202594372,0
2007-07-25,524.0064697265625,529.2838845160835,520.7380316260229,523.6666073132038,0
2007-07-26,512.35205078125,524.0064454528721,504.96564090021417,524.0064454528721,0
2007-07-27,502.0370788574219,514.9908024138789,501.9271466985668,512.272147182348,0
2007-07-30,510.6329345703125,513.1517353769948,502.52684084362414,502.52684084362414,0
2007-07-31,498.838623046875,514.8808792970183,498.52877540834544,510.6828982869499,0
2007-08-01,500.6777648925781,502.1270453604173,489.94293809220403,498.83862788738173,0
2007-08-02,499.88812255859375,502.55681416115874,494.5306990016192,500.7077332953742,0
2007-08-03,487.3941650390625,501.82718364459845,487.3441709196245,499.7681823936508,0
2007-08-06,494.95050048828125,494.9804847584681,486.2347167544283,487.5840699184723,0
2007-08-07,494.0909118652344,498.1089871790228,485.49509551846813,494.8805383352942,0
2007-08-08,505.3754577636719,510.6629078561944,493.7111189078726,493.7111189078726,0
2007-08-09,501.9171447753906,511.7423772860464,498.76867430571303,504.6857941434452,0
2007-08-10,504.0361022949219,509.70337340421264,496.72964023785437,501.997080406051,0
2007-08-13,501.46734619140625,508.2041072233212,501.1175093636171,504.4459159356546,0
2007-08-14,490.2627868652344,504.0061371596217,490.17283405091854,501.3874091112514,0
2007-08-15,478.8982849121094,490.4426868248249,478.62839596946213,490.2227920025437,0
2007-08-16,477.47894287109375,481.62692958700734,465.15491980386054,477.8487590369312,0
2007-08-17,487.5740661621094,494.3807700361905,478.9082765263545,478.9082765263545,0
2007-08-20,491.9020080566406,494.38078916813146,486.9643946775125,487.53409583447393,0
2007-08-21,491.7920227050781,494.3707614366074,489.6430686783341,491.1823323800784,0
2007-08-22,496.2398986816406,496.90955756839793,491.8020435557263,491.8020435557263,0
2007-08-23,492.5616455078125,497.4293157589188,490.0528802090442,496.3398160939899,0
2007-08-24,495.4802551269531,495.5802128643092,488.84345180259066,492.5616539113774,0
2007-08-27,487.3141784667969,495.44025117645543,487.1242679223218,495.44025117645543,0
2007-08-28,475.8497314453125,487.19424814122857,475.6298366277568,487.19424814122857,0
2007-08-29,489.10333251953125,489.5231428124671,476.2095775608717,476.2095775608717,0
2007-08-30,489.9029541015625,494.92051515321265,486.1447628978681,489.0533591110059,0
2007-08-31,497.1994323730469,498.6487433306128,490.62259748639013,490.62259748639013,0
2007-09-04,508.16412353515625,512.3520690810194,497.06948567949223,497.06948567949223,0
2007-09-05,501.89715576171875,507.82428040990317,497.5992171453395,507.82428040990317,0
2007-09-06,505.3654479980469,507.4044698965314,499.7481709813173,502.01709262173307,0
2007-09-07,492.71160888671875,504.5958427150625,489.4032121281831,504.5958427150625,0
2007-09-10,495.62017822265625,500.01807470292084,490.1728322459046,492.95148656598855,0
2007-09-11,499.6882019042969,503.18650913188355,495.2203625963806,495.8200785073877,0
2007-09-12,489.972900390625,499.2984049986308,489.4631677950839,499.10849445229377,0
2007-09-13,487.9438781738281,491.99193764118064,486.11477669799126,490.07285285251595,0
2007-09-14,486.76446533203125,488.2337555953433,483.71595264760896,487.29420778055504,0
2007-09-17,484.0657653808594,486.69449831218924,482.02677394981185,486.69449831218924,0
2007-09-18,497.8191223144531,498.56875959423064,484.6155195674271,484.6155195674271,0
2007-09-19,498.4888000488281,504.166045594242,495.8600671687615,497.9390477548221,0
2007-09-20,498.9085998535156,501.02756971937856,495.8200978694623,498.35887804026953,0
2007-09-21,500.88763427734375,504.07609387993443,499.05850227190075,499.05850227190075,0
2007-09-24,495.04046630859375,501.99709170012517,493.1913549242953,500.9176274422123,0
2007-09-25,496.9595642089844,497.88910713643173,490.72256115707296,494.79060020878745,0
2007-09-26,495.4202880859375,502.4968505710306,494.46076091061377,497.6192058003385,0
2007-09-27,498.64874267578125,501.3673979533057,495.6301836790145,495.6301836790145,0
2007-09-28,499.84814453125,502.76674579211823,498.58874412722076,498.7386959869914,0
2007-10-01,505.7752685546875,508.05416468515654,499.93809654511455,499.93809654511455,0
2007-10-02,505.7253112792969,507.9142546231918,502.8766834547796,505.83524344132405,0
2007-10-03,494.95050048828125,504.3659273607666,491.1723299306488,504.3659273607666,0
2007-10-04,493.7510681152344,495.1404104722247,489.9029546000753,495.04045273744254,0
2007-10-05,498.6087341308594,501.0575308711134,492.88149450072467,494.0509420440363,0
2007-10-08,500.8676452636719,501.3874133100531,495.41029429640633,498.5287805634152,0
2007-10-09,496.4397888183594,500.75770690516435,491.10237500390014,500.75770690516435,0
2007-10-10,493.5811767578125,495.85006791648897,488.61357922304546,495.85006791648897,0
2007-10-11,481.4770202636719,495.7501127541479,479.2680976349653,493.25132183842857,0
2007-10-12,487.1942443847656,490.2827462283353,482.54649948430284,482.54649948430284,0
2007-10-15,487.13427734375,491.0923535385988,484.74544913496936,487.46413481996467,0
2007-10-16,486.64453125,491.66209240662727,485.4051407219227,486.6045420547276,0
2007-10-17,495.6501770019531,498.4987741946646,488.46365201162035,488.46365201162035,0
2007-10-18,496.0899353027344,496.76962960113417,488.9534044434915,495.42027643152903,0
2007-10-19,474.7802734375,496.07996451730213,473.9706676303664,496.02997039787283,0
2007-10-22,479.58795166015625,481.42705811941414,471.8816584904709,474.41046418762176,0
2007-10-23,478.3885192871094,480.0976837360124,471.5918201841974,479.9177781104055,0
2007-10-24,461.60662841796875,479.36805370700904,451.991285888132,479.36805370700904,0
2007-10-25,452.2911682128906,462.6161590275986,446.893755342666,461.7166003835009,0
2007-10-26,451.71142578125,456.6990332095533,448.8128344087636,452.4810729079675,0
2007-10-29,458.3382263183594,459.3977112352607,451.601495714134,451.601495714134,0
2007-10-30,459.10784912109375,461.85651918834697,456.14928915313067,458.26825901543475,0
2007-10-31,463.1658935546875,464.25536270993774,456.8989065523888,459.2677554085844,0
2007-11-01,454.9598388671875,463.1158958358717,454.7099597829857,463.1158958358717,0
2007-11-02,457.7085266113281,458.9779319302927,451.88135956213944,455.0698192409016,0
2007-11-05,452.00128173828125,457.57856950958336,448.89277005086495,457.57856950958336,0
2007-11-06,455.1297912597656,455.2797126167045,449.4625199449209,452.58100618052714,0
2007-11-07,443.9451904296875,455.07978682644085,443.65532214429476,455.07978682644085,0
2007-11-08,437.2084655761719,445.02466043584633,431.4012473827655,443.83523351099655,0
2007-11-09,436.0889892578125,441.136565334814,432.4107762590555,437.0785312269687,0
2007-11-12,430.11187744140625,439.8971204182181,429.6520779643757,436.7886392516244,0
2007-11-13,439.9071350097656,439.9071350097656,430.1918347808987,430.25180332220873,0
2007-11-14,431.4812316894531,442.525875568392,431.321305407141,440.4169106324656,0
2007-11-15,428.1328430175781,434.4298145201635,425.0143567890151,431.2813135174612,0
2007-11-16,426.0838317871094,430.37173495052707,421.33612914238387,428.1728172904504,0
2007-11-19,417.3480529785156,426.033852775731,416.8183105163264,426.0038685043927,0
2007-11-20,412.82025146484375,421.58602979167034,405.2439305939445,417.40802806847927,0
2007-11-21,407.6227722167969,415.1891184376343,401.6656327058956,412.7203117903885,0
2007-11-23,413.280029296875,414.3494886038451,407.14298429744116,407.67272674015953,0
2007-11-26,402.1554260253906,415.7988186621795,401.8155941127839,413.15010632655407,0
2007-11-27,410.38140869140625,411.3709506177241,402.3053300217744,402.3053300217744,0
2007-11-28,420.0267639160156,423.3151507233656,410.8211964324118,410.8211964324118,0
2007-11-29,419.90679931640625,422.15571110475923,417.3480398996613,419.92680916521755,0
2007-11-30,414.3794860839844,424.13477568272475,412.16055850731414,420.2366679136606,0
2007-12-03,414.7793273925781,417.6779188571824,414.16960652602467,414.4494698984109,0
2007-12-04,411.44091796875,414.58938831722276,410.82119221990604,414.3494836553801,0
2007-12-05,421.52606201171875,424.34467507529354,411.8107613914721,411.8107613914721,0
2007-12-06,428.70257568359375,428.86250196528323,421.3361448180576,421.5860239139188,0
2007-12-07,428.86248779296875,430.6516000981813,425.98387582332447,428.3627296177616,0
2007-12-10,432.04095458984375,433.2503608669924,427.72303651421487,428.6725892748807,0
2007-12-11,423.0652770996094,434.79961986308786,422.61551304101914,432.0409449591271,0
2007-12-12,425.4641418457031,433.02048307754507,420.89634476558905,423.48508847438507,0
2007-12-13,420.6964416503906,427.47316154159046,417.14817067376623,425.4241651471149,0
2007-12-14,413.9297180175781,420.38658520872286,412.810264566796,420.3566009378205,0
2007-12-17,407.4028625488281,413.859729505232,407.2029470815341,413.849724581022,0
2007-12-18,408.5923156738281,410.7212904757386,404.8840878861575,407.6527678222543,0
2007-12-19,408.8421936035156,411.52089021391686,406.43335543799157,408.24247766763574,0
2007-12-20,414.3695068359375,414.85926009397673,409.062077377024,409.1320203404448,0
2007-12-21,415.9387512207031,418.77737401272555,413.62984037467595,414.53940391939733,0
2007-12-24,418.2076416015625,419.14718941514127,415.638877249484,415.9787091497204,0
2007-12-26,418.28759765625,418.9772663946376,415.57891682309855,418.20764976755856,0
2007-12-27,410.6912841796875,419.00723695840867,410.1815210846463,418.3475525127136,0
2007-12-28,409.7917175292969,413.0901399385466,408.0725481076691,410.86120739393937,0
2007-12-31,407.8426818847656,409.8017254951235,405.50381716057086,409.7017677541948,0
2008-01-02,396.53814697265625,408.9321440639265,393.20974032423806,407.71273285235907,0
2008-01-03,391.10076904296875,396.72805108774105,389.09173137793067,396.16829385782614,0
2008-01-04,372.669677734375,389.95132399153425,369.86103922705854,389.78139279054966,0
2008-01-07,371.4302673339844,375.62824833115207,366.1128633744764,372.81960974355087,0
2008-01-08,361.5350646972656,375.4183619884672,361.29519052469317,370.9405175825911,0
2008-01-09,362.76446533203125,365.9129357237506,354.3285449251809,361.6649912500355,0
2008-01-10,362.3746337890625,364.9034088876787,356.2376193750353,362.69448633582306,0
2008-01-11,353.7188720703125,362.07481450066524,352.0796505392942,362.07481450066524,0
2008-01-14,364.4736328125,364.75349617183514,353.8487690765825,353.9087376176673,0
2008-01-15,352.99920654296875,364.38368203030535,351.3899693407154,364.38368203030535,0
2008-01-16,355.3480529785156,362.7145143327181,344.5932774552309,350.20054971422917,0
2008-01-17,349.6808166503906,363.4741306907594,348.96116362637366,355.5379680797017,0
2008-01-18,358.0967102050781,361.45510098820955,349.88068462303255,349.88068462303255,0
2008-01-22,347.81170654296875,356.95727494206574,341.61469304152513,356.9072808234369,0
2008-01-23,352.08966064453125,353.30907188587275,334.12834952156595,346.65228892931856,0
2008-01-24,360.8853759765625,361.9748451530777,351.78977096281875,352.35950261102414,0
2008-01-25,354.32855224609375,369.8010765945825,353.8587783332993,361.2851776224633,0
2008-01-28,359.5660095214844,359.6359829881268,349.3009873729331,354.35853776967,0
2008-01-29,357.0971984863281,362.0348117384569,353.8387958989321,359.4360631053125,0
2008-01-30,358.636474609375,362.7844615406548,355.2181456261575,357.5470054011086,0
2008-01-31,358.8263854980469,361.99486588872713,352.5494237629292,358.0067747341713,0
2008-02-01,379.5463562011719,379.9461566423301,358.79638692490255,358.79638692490255,0
2008-02-04,371.30035400390625,379.6163070626124,370.38078551757206,379.4763906315641,0
2008-02-05,356.9372863769531,371.16041570662975,356.8773178332771,371.16041570662975,0
2008-02-06,346.7422180175781,359.3661143030964,345.92260729609774,356.94727133314206,0
2008-02-07,347.2220153808594,352.2495816316574,336.5571620163546,346.48235250604455,0
2008-02-08,349.5708312988281,352.15957493174983,344.9830550070185,347.32191955757924,0
2008-02-11,355.15814208984375,357.8068849006331,348.95115390723845,349.7607597352818,0
2008-02-12,352.6493835449219,360.2856729789412,351.3100352293505,354.9182747917539,0
2008-02-13,363.314208984375,364.23377749996683,353.7888188466994,353.7888188466994,0
2008-02-14,353.08917236328125,363.27424689465283,352.56940431474493,363.2642419697749,0
2008-02-15,347.39190673828125,354.35853704969963,345.44283761777837,352.9892045047434,0
2008-02-19,342.8441162109375,352.20957961839895,341.7146578443242,347.76171961778266,0
2008-02-20,352.24957275390625,354.32855338354824,342.11446211450186,342.8341151214585,0
2008-02-21,351.3599853515625,360.675485161779,349.97067347048954,352.0796383519831,0
2008-02-22,351.7098388671875,353.29906629710405,344.67323480728163,351.070133724096,0
2008-02-25,356.3975524902344,359.0262853730297,348.4014216846241,351.6098606295861,0
2008-02-26,362.68450927734375,365.9629523793018,355.53797305850446,356.3675887589795,0
2008-02-27,367.0823974609375,369.1513731965617,360.81541020270873,362.66452161625267,0
2008-02-28,357.6469421386719,367.00240038842776,355.88778362901473,367.00240038842776,0
2008-02-29,347.88165283203125,357.51700507119943,347.03208833821293,357.51700507119943,0
2008-03-03,345.3329162597656,348.2914762634881,341.50478186834385,347.8317072601981,0
2008-03-04,348.1215515136719,349.1310422662076,337.8065356556269,345.15298679007225,0
2008-03-05,351.6598205566406,354.7983165062687,347.9616283995355,348.1215546743081,0
2008-03-06,342.3943176269531,351.6398438431529,342.1844277347258,351.60985957283475,0
2008-03-07,344.4533386230469,351.0801372688866,339.32581458476113,342.26439525579246,0
2008-03-10,339.5657043457031,347.6517880468588,339.2958154063957,344.3134070610426,0
2008-03-11,350.3704833984375,350.46043621307257,339.92552493650516,339.92552493650516,0
2008-03-12,344.96307373046875,351.42994556588474,344.74317891910925,350.520382050844,0
2008-03-13,348.7512512207031,352.2995219904235,339.27582543303134,344.58325470412984,0
2008-03-14,338.4162292480469,351.1700675176027,335.7975013155923,349.1210712200825,0
2008-03-17,336.89697265625,340.28534766542145,331.9493546083076,338.1663474177518,0
2008-03-18,349.7907409667969,349.7907409667969,337.38673913126956,337.38673913126956,0
2008-03-19,335.5876159667969,350.02063456356905,335.22780472059037,349.5808449274377,0
2008-03-20,339.72564697265625,340.1854159801099,332.40917953645635,334.77802854586713,0
2008-03-24,352.32952880859375,355.4080258802055,339.55571051615664,339.72564172434045,0
2008-03-25,352.5494079589844,356.3775421557129,350.2605069782088,352.41946595311936,0
2008-03-26,347.5718078613281,352.0796363876187,343.57374243748006,352.0796363876187,0
2008-03-27,342.57421875,349.8607013698124,342.57421875,347.6917375025532,0
2008-03-28,339.11590576171875,347.82168462311,338.6261525114761,342.7541599144305,0
2008-03-31,343.7736511230469,345.11299935325644,339.09592199016845,339.09592199016845,0
2008-04-01,358.28662109375,358.876332077959,344.04351315341586,344.04351315341586,0
2008-04-02,361.0453186035156,365.7030687313992,357.6969325316477,358.1966907363199,0
2008-04-03,370.3108215332031,372.68967544731237,358.1167397463958,360.89539412021975,0
2008-04-04,368.8915100097656,372.53973862027345,363.34417591452734,370.5706901725413,0
2008-04-07,369.3712463378906,375.56825976467564,367.69206622967886,368.94146163807767,0
2008-04-08,359.13623046875,368.8415260429202,357.77690282417694,368.8415260429202,0
2008-04-09,364.6635437011719,365.53311805053266,359.0262873142028,359.16620374259196,0
2008-04-10,371.1803894042969,374.4688068456415,363.0343369822087,364.63356929580857,0
2008-04-11,358.50653076171875,370.25084832185075,357.53699864515255,370.25084832185075,0
2008-04-14,352.3894958496094,358.9763051962202,351.68982217581623,358.9363159998499,0
2008-04-15,351.6698303222656,352.7592994877603,344.7831785048427,352.46946170713676,0
2008-04-16,370.8405456542969,372.3898143004025,351.8997291000794,351.8997291000794,0
2008-04-17,368.1018981933594,373.56925411584996,362.2547211588082,371.62018493672633,0
2008-04-18,377.1575012207031,379.76625479282643,368.2618116795611,368.2618116795611,0
2008-04-21,382.89471435546875,383.24455118256964,375.6582256588596,376.82767322309536,0
2008-04-22,370.4007568359375,382.65483708999335,367.35224415907794,382.65483708999335,0
2008-04-23,385.64337158203125,388.43203067917693,373.39929655860107,373.4492906767138,0
2008-04-24,391.2406921386719,394.69904080056995,381.225548919491,385.6234149228056,0
2008-04-25,390.9808349609375,392.709978772885,383.0046832843509,391.33064129094413,0
2008-04-28,390.1112365722656,391.8603902626408,387.1426716604875,390.45109898887694,0
2008-04-29,390.85089111328125,393.5595719438387,388.1721640509877,390.15121745092017,0
2008-04-30,384.9737243652344,392.54007052103407,382.79478602401275,391.0807546753482,0
2008-05-01,400.0964050292969,401.47574246153306,384.28404918018316,384.8737601615503,0
2008-05-02,399.6566162109375,404.8940720920974,393.4296184073955,400.09640584248115,0
2008-05-05,396.6680603027344,401.4257680849385,393.4296369567001,399.1968660547466,0
2008-05-06,402.8150939941406,403.8146103441896,392.84991476403957,396.4681590707659,0
2008-05-07,397.3177490234375,407.27292320271806,396.1782857574986,402.5352255245505,0
2008-05-08,399.5666809082031,402.74513570041523,394.20925720866035,397.3777375789127,0
2008-05-09,398.3072814941406,401.2558670463543,392.9898469776074,399.29679295953497,0
2008-05-12,402.9250183105469,403.3448285906382,396.03836665418623,398.34724693764406,0
2008-05-13,406.9930725097656,407.41285230293647,402.67515447738106,402.8650650276122,0
2008-05-14,411.0910949707031,417.9477626044096,405.88359273854826,405.88359273854826,0
2008-05-15,419.5169982910156,420.18668765821354,410.01158816285886,411.0610986186629,0
2008-05-16,421.4660949707031,421.5160585897129,412.32049548324414,419.7469255378527,0
2008-05-19,418.1476745605469,429.24231223731664,416.25857400216427,421.466076190503,0
2008-05-20,405.3338623046875,417.9377792808614,403.95452486767056,417.87778023754845,0
2008-05-21,401.37579345703125,408.83217698880026,399.81655037001934,406.5832651706694,0
2008-05-22,404.2843933105469,407.962606240495,401.4657498195546,401.49573409061543,0
2008-05-23,399.95648193359375,403.9245632674029,394.9189107295725,403.9245632674029,0
2008-05-27,406.9930725097656,407.5628041604592,400.03644712613635,400.11639501437213,0
2008-05-28,408.30242919921875,409.88165161184594,404.0245004389823,407.26292365385876,0
2008-05-29,406.9930725097656,409.22200499242604,405.3938402196804,408.3124414367974,0
2008-05-30,414.99920654296875,417.7978401611022,406.9031178938286,406.9130923155521,0
2008-06-02,409.1120300292969,415.35900714428186,404.89406986114625,415.1191329839682,0
2008-06-03,407.6027526855469,413.32999231492005,403.5347443495701,409.22199478441337,0
2008-06-04,412.98016357421875,416.8283076726172,406.0235382280133,407.53281769715693,0
2008-06-05,417.32806396484375,419.76688631992874,412.1605509699054,413.12010863614177,0
2008-06-06,405.2839050292969,418.2276236022364,405.2339109095569,417.1481593536232,0
2008-06-09,401.8955383300781,408.04255797808065,393.8594180789678,405.3338771239733,0
2008-06-10,395.06884765625,401.63564698327247,392.2901933854224,401.63564698327247,0
2008-06-11,381.5154113769531,394.96889320269935,381.4454379102396,394.96889320269935,0
2008-06-12,383.40447998046875,390.7309520402457,380.9456782557235,381.4354315151922,0
2008-06-13,393.6195373535156,395.22877456301194,383.404478880687,383.404478880687,0
2008-06-16,399.5466613769531,401.9755093223539,391.83039383076783,393.61953666218784,0
2008-06-17,393.4096374511719,401.81557352934186,393.3696482567903,399.4367197601348,0
2008-06-18,384.2840576171875,392.89988379284694,382.64483613917315,392.84992017578355,0
2008-06-19,394.2392272949219,397.25778619897113,381.115572716165,384.2140795071132,0
2008-06-20,382.9247131347656,392.70001280365534,381.185564360703,392.70001280365534,0
2008-06-23,378.5268249511719,387.8823137641958,377.7272240795163,383.3045118409363,0
2008-06-24,380.1360778808594,386.7228871806378,375.88813325559437,378.4169084829923,0
2008-06-25,387.25262451171875,392.66998615104535,380.28599419848626,380.28599419848626,0
2008-06-26,369.821044921875,386.8627862772829,368.1518392167986,386.8627862772829,0
2008-06-27,368.9114990234375,371.60020054036346,362.42464744315544,369.72110485537826,0
2008-06-30,368.0019226074219,374.9985370609411,366.7925163641027,368.7615647947058,0
2008-07-01,365.86297607421875,367.60212477552903,356.3175765575122,367.60212477552903,0
2008-07-02,357.83685302734375,369.6411385091783,356.7273740334918,365.88294732685864,0
2008-07-03,354.448486328125,358.94630994337115,348.3414560163326,357.9767778550831,0
2008-07-07,356.66741943359375,365.1633086172571,351.3200007291948,355.12815567599955,0
2008-07-08,359.8359069824219,359.85588632929887,351.3400176282847,356.7673843303097,0
2008-07-09,344.3333740234375,359.70593998510884,344.15346840558186,359.70593998510884,0
2008-07-10,349.0111083984375,350.1305618191648,340.8250671308464,344.083500161249,0
2008-07-11,346.4723815917969,350.85023782738716,337.7465923870413,348.54135736992197,0
2008-07-14,342.8341064453125,350.4304367703204,339.35577858257875,345.80267121103043,0
2008-07-15,347.23199462890625,353.818804108485,338.26633121379245,342.59425434936884,0
2008-07-16,359.9058532714844,360.4955947922283,346.1825125686415,347.12206042847157,0
2008-07-17,368.18182373046875,369.8110402423293,357.1571597392632,360.5155504973767,0
2008-07-18,365.71307373046875,367.89201218260416,358.5265483056009,367.75206524391393,0
2008-07-21,361.7149963378906,369.25132785894107,360.2457060434904,365.8329989309529,0
2008-07-22,345.2829284667969,361.5050589840493,340.3852740465899,361.5050589840493,0
2008-07-23,350.2105407714844,354.05868478854,343.59374746825284,345.35287548816154,0
2008-07-24,335.4277038574219,349.95067587916094,334.61809801644307,349.95067587916094,0
2008-07-25,337.4667053222656,338.7060958177033,332.54907152909874,335.47767757500986,0
2008-07-28,331.1597595214844,337.53667862094153,330.08026479781756,336.62711509551,0
2008-07-29,338.95599365234375,339.6656417491996,331.1697524252766,331.37967282942714,0
2008-07-30,341.7446594238281,345.52283023374076,337.5666881504557,339.20587920148705,0
2008-07-31,340.69512939453125,347.95162787719727,338.11639062539234,341.29484530681094,0
2008-08-01,338.02642822265625,343.4038309289135,333.1887728724176,340.7151295757849,0
2008-08-04,339.5357360839844,342.7241958665306,337.1868664240306,337.7365882474406,0
2008-08-05,350.1605529785156,350.1605529785156,339.5257147695523,339.5257147695523,0
2008-08-06,354.0287170410156,355.8678235356897,344.2134587843488,350.0506308333977,0
2008-08-07,359.4760437011719,366.6525636641782,350.4803966881992,353.7188503547855,0
2008-08-08,367.0124206542969,368.1518534618144,356.8373512642263,359.3561215514907,0
2008-08-11,373.9590759277344,379.15654284197575,366.4326882458016,367.38224101522485,0
2008-08-12,375.0985107421875,377.3874118229303,372.61969910655057,373.8790995226236,0
2008-08-13,372.9095458984375,378.2969535873706,368.7015906673687,374.8386051050025,0
2008-08-14,376.9076232910156,378.2569764874566,369.11140782707497,372.749631542641,0
2008-08-15,376.2479248046875,378.396878813758,372.5197484153583,377.0275463220234,0
2008-08-18,369.7610778808594,377.81717715456455,365.73302824400673,376.1679812913583,0
2008-08-19,360.3956298828125,369.57118296682955,359.68595128817554,369.4212616098004,0
2008-08-20,362.49462890625,367.5521794876533,360.235712064541,361.3951547575058,0
2008-08-21,361.27520751953125,362.6745243500665,358.1367114469987,362.5345774156034,0
2008-08-22,366.0229187011719,367.06239379747046,361.4051273004574,361.4151322253822,0
2008-08-25,360.3256530761719,366.262782782063,360.0657690578501,365.80301379049445,0
2008-08-26,356.807373046875,360.38562831350424,354.3085820637257,360.38562831350424,0
2008-08-27,358.636474609375,361.684987407554,355.43800994995803,356.757378909679,0
2008-08-28,362.6545104980469,363.4641468189833,358.67645487391826,358.67645487391826,0
2008-08-29,352.6493835449219,361.69499476318464,350.4404303390404,361.69499476318464,0
2008-09-02,350.2005310058594,361.7449628974317,348.06158192513,352.99919502630917,0
2008-09-03,335.3777160644531,350.08059265710017,333.79846319016093,350.08059265710017,0
2008-09-04,323.9232482910156,335.2977493399604,322.97372605140015,335.2977493399604,0
2008-09-05,331.1297912597656,333.23875618778374,322.0841496865997,323.9032768254071,0
2008-09-08,330.67999267578125,336.8670014553871,324.34306254101915,331.2897135238419,0
2008-09-09,319.14556884765625,331.01982835654314,317.9961311079254,330.82991780357327,0
2008-09-10,321.7843017578125,325.362556931829,319.70529063206243,319.7852690230322,0
2008-09-11,323.7333679199219,325.09269552580986,314.68772657592916,321.6243725425163,0
2008-09-12,321.9742126464844,323.5934242829085,315.3174299723263,323.5934242829085,0
2008-09-15,311.6092224121094,321.634370033707,311.6092224121094,321.6243651094536,0
2008-09-16,316.20697021484375,319.87520855207237,305.3422326329515,311.54925097871063,0
2008-09-17,311.9190673828125,324.3330430784056,311.90906245864426,315.6372693381165,0
2008-09-18,327.551513671875,331.78948398561437,309.52025962549413,312.7786623751187,0
2008-09-19,333.7485046386719,344.31339966963236,328.0012856855845,328.0012856855845,0
2008-09-22,318.3659362792969,333.6985134018708,318.3159726630092,333.6985134018708,0
2008-09-23,312.518798828125,322.9337423885642,310.6196933107225,318.07610744064607,0
2008-09-24,314.98760986328125,319.32550733660787,312.6087559740461,312.6087559740461,0
2008-09-25,319.73529052734375,323.22359272631,314.6977197293246,315.7272203197173,0
2008-09-26,321.4644470214844,322.1641206750444,311.8890937080049,319.3154929467196,0
2008-09-29,297.466064453125,321.24456841294506,296.58651563376435,321.24456841294506,0
2008-09-30,306.7416076660156,306.7416076660156,293.4580259514576,293.4580259514576,0
2008-10-01,303.0833740234375,306.5516972095735,298.7954400549131,306.4917286647958,0
2008-10-02,288.4104309082031,302.89344357752975,287.8407297702192,302.89344357752975,0
2008-10-03,284.602294921875,298.5755454177644,283.5628198098378,288.5703763189585,0
2008-10-06,274.6371154785156,284.4024104143383,261.7433597734679,284.4024104143383,0
2008-10-07,257.8352355957031,280.43431669955584,257.8352355957031,274.92697171151747,0
2008-10-08,256.0461120605469,270.6090418283008,253.09752668150685,257.6853029827349,0
2008-10-09,248.30984497070312,265.9912920312825,246.7306225242126,256.49588649745766,0
2008-10-10,245.990966796875,256.15604613415115,231.81781717937997,247.76011498726737,0
2008-10-13,269.77947998046875,270.33920673419397,247.07046574863588,247.07046574863588,0
2008-10-14,256.2760009765625,276.10640285604546,253.99710478584907,270.0893250593528,0
2008-10-15,233.47702026367188,256.17602800489084,233.45704091770978,256.17602800489084,0
2008-10-16,243.7720489501953,244.07190691403693,223.70175823909685,233.46703752775244,0
2008-10-17,239.0143585205078,249.2493965632027,237.18524170200047,243.6121247501841,0
2008-10-20,243.80203247070312,243.80203247070312,238.19474499434673,239.1942613698013,0
2008-10-21,233.97677612304688,243.40222313002084,233.20715952307452,243.40222313002084,0
2008-10-22,219.59375,234.54652205259677,215.04594733033346,233.746905882423,0
2008-10-23,216.6151885986328,222.78220276202896,207.81944150566463,219.70369051691964,0
2008-10-24,212.22731018066406,219.32386717350292,202.3220994099156,216.61518638339285,0
2008-10-27,212.4672088623047,220.64324570877528,206.80994236748538,212.0574034772071,0
2008-10-28,232.297607421875,232.3875602364669,212.38724280081655,212.7870432554982,0
2008-10-29,225.8307342529297,232.60745411668935,223.60181698688848,232.17765414081396,0
2008-10-30,234.94631958007812,236.52555730232623,226.09060377773088,226.09060377773088,0
2008-10-31,239.35418701171875,243.45221024071444,231.63791939368056,234.72642132525803,0
2008-11-03,236.98533630371094,242.012902400856,235.50604110211137,239.8339487938563,0
2008-11-04,247.5902099609375,247.6401735789633,240.14380070593685,243.28228153872087,0
2008-11-05,236.1357421875,246.46074810993105,235.83588422650385,244.3517679611842,0
2008-11-06,219.33387756347656,234.55650780879054,218.07447715977773,231.57795325733284,0
2008-11-07,223.08206176757812,224.28147836509774,218.54424889260633,221.2129710302051,0
2008-11-10,214.3762664794922,226.48041031400365,212.77704944048415,226.23053122183902,0
2008-11-11,211.32774353027344,216.22538300401413,207.77947253828358,213.07689721702158,0
2008-11-12,200.69288635253906,210.7880078469866,200.652912408134,209.01885959172319,0
2008-11-13,215.0459442138672,215.0859334100718,191.67726149464963,200.9827566023086,0
2008-11-14,201.28260803222656,210.8679661964267,198.24406977854935,210.80799765547673,0
2008-11-17,195.62535095214844,202.21216036525232,195.53539813652176,198.75384216338477,0
2008-11-18,191.7971954345703,198.16410982455687,185.80009722065734,195.56537641604027,0
2008-11-19,177.96389770507812,192.78672771682903,177.72400827906284,191.63727470834192,0
2008-11-20,171.23715209960938,185.08044469513433,170.65743077392435,175.3751492678905,0
2008-11-21,180.13284301757812,180.15283761554994,167.46897232763914,174.25568182945256,0
2008-11-24,191.10752868652344,192.5668293110335,179.67305886622964,181.43221745483459,0
2008-11-25,186.92955017089844,193.86619601049023,182.92147988673167,193.1665223713866,0
2008-11-26,201.20265197753906,201.23263624906969,184.71063157366552,185.11043202834705,0
2008-11-28,198.14413452148438,200.5829417003909,195.7852752324878,199.6334041807605,0
2008-12-01,184.66064453125,192.83668090348638,184.2508391699223,192.78671728741978,0
2008-12-02,185.60018920898438,187.4093113207082,180.39270243446643,185.29034158782622,0
2008-12-03,197.97421264648438,198.03418118782878,181.3022718393216,182.20183046230628,0
2008-12-04,186.5497283935547,196.03514391537496,183.88102160585169,193.03659490652996,0
2008-12-05,192.4668731689453,192.80670508041376,178.92342306577459,183.82106251618904,0
2008-12-08,196.0551300048828,197.86426744696587,191.8571642983823,195.81525583682588,0
2008-12-09,205.550537109375,212.46720386887353,191.42738105409265,191.81719183159706,0
2008-12-10,208.46913146972656,215.44575128985497,204.36111868029352,207.09978370564284,0
2008-12-11,203.27163696289062,211.88747834476305,201.96227297338322,207.10979137088862,0
2008-12-12,212.83702087402344,213.59664783401698,198.83378659796438,200.01322385973845,0
2008-12-15,209.1188201904297,213.27681203027532,204.8808652092705,213.17685429078097,0
2008-12-16,221.41287231445312,221.76269389589078,210.41819215697458,212.12735662248417,0
2008-12-17,221.05303955078125,223.80170951234174,214.8060623654165,218.06448017479545,0
2008-12-18,208.84893798828125,220.98306585014714,205.96033635090308,219.27390143484175,0
2008-12-19,211.737548828125,215.85556673426336,210.15831109854224,212.28728589402562,0
2008-12-22,206.56005859375,211.28776679715304,202.4420407403292,210.28825041791464,0
2008-12-23,200.77284240722656,208.10930393652387,199.59342044628065,207.08979299896438,0
2008-12-24,202.7918701171875,203.25165434535162,200.37304239853736,200.37304239853736,0
2008-12-26,201.90231323242188,202.9518085049516,200.42303322764843,202.73191367636787,0
2008-12-29,201.85232543945312,202.91181033866374,198.20409683346801,202.63194697854806,0
2008-12-30,211.15782165527344,211.23778479459557,203.08172760065148,203.17169566451972,0
2008-12-31,212.0673828125,214.2763206635277,209.46864944521883,210.36820806246823,0
2009-01-02,221.80267333984375,222.6822373428119,210.00837754827873,211.94744167647784,0
2009-01-05,223.1820068359375,225.90069262251825,219.30389363414025,220.52330484362471,0
2009-01-06,234.44656372070312,236.00580686033365,225.06110535970254,225.50089501475935,0
2009-01-07,223.0120849609375,228.56939347229914,220.8631308913731,227.87973999632555,0
2009-01-08,222.432373046875,222.7622152891947,216.575206330146,220.2634242880545,0
2009-01-09,215.17588806152344,222.3923976456896,213.72659234063124,222.02258146039287,0
2009-01-12,208.9788818359375,214.62614315469938,206.7299700317813,214.33629012167265,0
2009-01-13,210.68804931640625,215.5756837648069,206.2701887828985,207.7894579385395,0
2009-01-14,201.91229248046875,207.33967419459043,200.80282872132182,205.3906203613348,0
2009-01-15,206.96986389160156,209.37868677358733,198.87377512225666,203.16169367695383,0
2009-01-16,214.31629943847656,215.9155317400936,205.5205522824019,211.76752963026607,0
2009-01-20,198.97372436523438,212.33725289959108,198.97372436523438,212.25728976252714,0
2009-01-21,205.0807647705078,205.29066992220007,195.2055532472228,202.04224166751465,0
2009-01-22,199.89328002929688,204.19118812676848,194.94566190303829,199.67338521251165,0
2009-01-23,208.1792755126953,211.4177141538381,195.25553572296684,195.48542022561097,0
2009-01-26,209.78848266601562,214.37625897726818,206.48008604176061,208.34917670529114,0
2009-01-27,217.17491149902344,218.89408084264923,211.64758729877155,211.64758729877155,0
2009-01-28,222.4823455810547,224.48137832503593,218.5442486351861,220.74319685469305,0
2009-01-29,212.22731018066406,218.40431395406785,211.1978095517634,218.25439260089175,0
2009-01-30,208.15927124023438,215.91552793972537,206.63001243250676,212.88699459489933,0
2009-02-02,210.41819763183594,212.27729875325602,202.7618983171719,205.40062101356716,0
2009-02-03,210.72804260253906,211.15782733011034,204.18120718941017,207.87941478684328,0
2009-02-04,212.64710998535156,219.9635772124572,208.8789289598698,210.46817159619002,0
2009-02-05,221.20297241210938,223.3119526296775,209.02886996051447,209.86846007757416,0
2009-02-06,229.06915283203125,230.55843770393113,220.7531846196865,220.82314283438816,0
2009-02-09,227.69981384277344,229.7188411099269,225.37093895198637,228.3994722270121,0
2009-02-10,217.2248992919922,231.17813958278163,216.165414356754,226.39046277597623,0
2009-02-11,215.00596618652344,218.79412650456217,210.77801622704285,218.6841790942017,0
2009-02-12,217.79461669921875,218.94406970605252,209.53861675454408,212.62711875942523,0
2009-02-13,220.44334411621094,223.60181958687954,217.32484259074897,218.05450054060617,0
2009-02-17,205.7704315185547,214.04642589461312,205.2306993859463,213.9864573522577,0
2009-02-18,206.7599639892578,211.42770376684686,203.04176174540612,207.57955950999394,0
2009-02-19,195.9951629638672,208.64904397370032,195.5553733171821,207.88941701668674,0
2009-02-20,197.18458557128906,199.94324522445706,192.19699346232525,194.07608909281592,0
2009-02-23,189.01853942871094,198.63388193039447,188.48879697808238,198.37401316733062,0
2009-02-24,199.0037078857422,200.18312983732363,191.15749857566757,192.1670045809064,0
2009-02-25,204.9708251953125,209.99839121521256,195.83523111584506,197.59438965257644,0
2009-02-26,201.37255859375,212.89698079408717,200.8428161527319,206.1602351601426,0
2009-02-27,198.9037628173828,203.7114342422407,197.7143358658372,199.82331607159549,0
2009-03-02,188.8786163330078,199.2735808477484,188.39885272885007,196.8247687050019,0
2009-03-03,191.39739990234375,195.20555492574078,188.11898734799925,192.46687451388786,0
2009-03-04,200.1731414794922,202.96178535464836,194.24600165856154,194.2659962557358,0
2009-03-05,197.15460205078125,203.9013374821768,196.7248173365688,197.45446000912514,0
2009-03-06,194.91567993164062,202.8618471971549,190.07802440812574,199.80331432345238,0
2009-03-09,190.3778839111328,201.04272173189653,189.78817291410928,193.93615974244628,0
2009-03-10,205.74044799804688,205.8404057366103,192.97663480651235,193.06658762037367,0
2009-03-11,209.91842651367188,211.43768037319532,205.61051351789826,207.19974084207018,0
2009-03-12,217.26486206054688,218.13445164776607,207.43961460296828,209.61856815605628,0
2009-03-13,220.00355529785156,220.33339753984652,214.19636745714448,217.0949589150495,0
2009-03-16,212.05740356445312,220.9930826409098,211.1778242500105,220.35339275351788,0
2009-03-17,220.80316162109375,220.81315129413542,210.10833967395544,212.57713103925968,0
2009-03-18,228.40948486328125,230.61840749748882,218.81412162245968,219.59374316999288,0
2009-03-19,226.21055603027344,231.42801753920315,224.58133943898528,230.49847461995438,0
2009-03-20,218.60423278808594,229.88876593579226,215.9754998449778,226.8902168148906,0
2009-03-23,233.30711364746094,233.55699274466517,222.52233852274736,222.52233852274736,0
2009-03-24,228.6993408203125,232.9173011705309,226.5103975045108,231.5879425529114,0
2009-03-25,230.10865783691406,239.84395268302754,225.47090253218477,230.4385000661951,0
2009-03-26,245.05142211914062,245.07141671656942,234.3366056086718,234.3366056086718,0
2009-03-27,241.2032928466797,245.11139018320145,238.57455996633905,242.24278313981836,0
2009-03-30,229.3390350341797,236.50556579527478,226.940201773651,236.47558152337393,0
2009-03-31,230.79832458496094,235.20619535922918,229.34902892431342,231.118161886985,0
2009-04-01,233.62696838378906,234.4465638995028,225.32097430434442,228.00967585547497,0
2009-04-02,243.76205444335938,247.67015181485587,237.44510373561724,237.5250668744834,0
2009-04-03,250.9185791015625,250.9185791015625,240.58358364901844,243.87200099845197,0
2009-04-06,245.26133728027344,247.3403332069119,240.413676675923,247.27035973875786,0
2009-04-07,235.78590393066406,242.72254993009565,234.80638216532063,242.05287579705612,0
2009-04-08,242.6026153564453,243.71207914090567,235.54603220091232,237.71498090088426,0
2009-04-09,254.28695678710938,256.73575352869744,246.6506525275123,246.71062106793858,0
2009-04-13,250.8986053466797,251.98807453780003,244.15186979865592,251.51830062026932,0
2009-04-14,249.87908935546875,256.2460036717951,245.97097673761098,248.4497882850319,0
2009-04-15,246.1109161376953,246.2808320936179,241.36321329101364,246.01097364966367,0
2009-04-16,254.37692260742188,255.20652304570172,246.220865161321,249.5592462613315,0
2009-04-17,254.686767578125,255.95614240584322,250.0590018359143,253.28745073992786,0
2009-04-20,240.2237548828125,250.50878662160866,239.7340016342854,250.4288234837777,0
2009-04-21,240.54360961914062,243.9819483200587,234.00676411761611,238.2946978207225,0
2009-04-22,250.9585723876953,258.0951186701861,236.24569017902598,239.48412871321025,0
2009-04-23,249.499267578125,252.10800587393123,240.9733942927027,251.83814743917864,0
2009-04-24,253.52731323242188,255.0465823377706,244.47169764324912,249.07946857510743,0
2009-04-27,250.6787109375,256.0761085356782,248.99951548981915,250.7786534245678,0
2009-04-28,246.49073791503906,250.0690084267371,244.211841762558,249.14945517673684,0
2009-04-29,251.4283447265625,255.6862789519802,246.68064199166952,248.29985362290833,0
2009-04-30,258.40496826171875,265.06175100668554,253.02756526185308,253.02756526185308,0
2009-05-01,258.06512451171875,260.3040313372075,252.88762197495828,258.37497213478844,0
2009-05-04,271.3786926269531,271.41865131872925,260.90375034898375,260.9836982353541,0
2009-05-05,268.570068359375,270.5790755775546,263.36256596346135,270.4191492935269,0
2009-05-06,269.4996032714844,272.6280943847876,263.9522691255983,270.05932999751997,0
2009-05-07,254.42689514160156,272.79799565902835,250.4588139309072,271.488631653999,0
2009-05-08,249.5292510986328,256.3459599378292,244.57165853504378,255.81621749154672,0
2009-05-11,248.73963928222656,252.88762603101398,241.86296191899604,246.39076976094606,0
2009-05-12,242.41270446777344,250.72868800303462,238.08479674708127,249.99903007049974,0
2009-05-13,237.07528686523438,241.77301068706998,235.52603346350955,240.4836412987472,0
2009-05-14,244.26181030273438,246.26084300117355,238.08479133382457,238.45462275399402,0
2009-05-15,242.5626220703125,246.87055037793257,240.81346844646944,243.96195412023246,0
2009-05-18,251.15847778320312,251.38836228298814,244.72158977794513,244.72158977794513,0
2009-05-19,256.2060241699219,260.3940003061915,248.83960846888436,250.53878329050573,0
2009-05-20,256.8656921386719,266.6109763657657,256.12605981464543,258.9447031886965,0
2009-05-21,250.2189178466797,255.99612109373388,246.72061064337794,254.44688296197035,0
2009-05-22,250.33888244628906,253.36741589629955,246.71063306004666,251.1384833593852,0
2009-05-26,259.2945556640625,259.98419391149685,248.16991809652737,248.51975493406218,0
2009-05-27,263.8123474121094,269.86941404261825,260.89374625381583,261.47348281741154,0
2009-05-28,269.2197265625,269.229700983772,259.1046262969519,266.02126214129436,0
2009-05-29,271.17877197265625,272.12832468350365,264.7219050473465,268.68998608176446,0
2009-06-01,285.5718078613281,286.7612347582353,274.2972646517188,274.2972646517188,0
2009-06-02,276.1563720703125,283.97256649576076,274.0473767776437,283.05302856468086,0
2009-06-03,270.04931640625,272.13830188866586,266.86085685340004,272.04834907874186,0
2009-06-04,275.85650634765625,276.40625863920076,270.469129108556,270.58906618952767,0
2009-06-05,270.6090393066406,277.82554837290706,268.5400637018652,276.44621096784516,0
2009-06-08,270.4591369628906,272.8080065856268,265.51154912213445,270.0993257029751,0
2009-06-09,282.5033264160156,284.69223924213713,274.59714813022595,274.73706456301556,0
2009-06-10,283.06304931640625,285.2219778417539,277.20586750333183,284.0625656904009,0
2009-06-11,279.6047058105469,285.0920715459841,278.18540961511343,282.843159663394,0
2009-06-12,274.6571044921875,278.8750646806575,270.13927109906285,278.8750646806575,0
2009-06-15,270.3691711425781,272.3282146366854,264.87183124873644,271.05883986039464,0
2009-06-16,263.58245849609375,271.87846282943434,262.99274748671246,271.67854735043545,0
2009-06-17,266.0312805175781,268.6000449073977,259.3145292956595,264.262147524903,0
2009-06-18,261.14361572265625,266.1112130108871,259.8942203332905,265.4315492397483,0
2009-06-19,264.34210205078125,266.28116629616994,262.22313217507474,262.8028382625942,0
2009-06-22,254.47686767578125,265.261657584978,254.47686767578125,262.98273103443483,0
2009-06-23,253.53732299804688,255.53635571379004,248.79960997122816,255.29646629739355,0
2009-06-24,257.9551696777344,261.19362343747764,254.52683587151424,255.56634143037127,0
2009-06-25,263.1326904296875,263.4025488697035,254.7367437356609,256.3459657081603,0
2009-06-26,262.9227600097656,266.7309148100781,261.08365361168126,261.7233587081373,0
2009-06-29,262.7928466796875,265.411574581593,260.6638720181607,263.0227159135872,0
2009-06-30,263.0227355957031,267.31066950938646,259.9342335678733,262.9327827796871,0
2009-07-01,266.8908386230469,271.22873582137714,263.58244202129254,263.64241056068005,0
2009-07-02,263.6824035644531,265.7114205172281,261.84329715675517,264.07222957892213,0
2009-07-06,260.1141357421875,265.7714021736121,256.3659492772452,263.18265838216365,0
2009-07-07,252.60777282714844,264.1222059036354,252.28793551326783,261.43350437587617,0
2009-07-08,250.81863403320312,254.0170832866494,247.05045314247891,253.59728825195418,0
2009-07-09,257.82525634765625,260.6039105984772,254.26696530750704,254.50685472356258,0
2009-07-10,258.91473388671875,262.01324079245705,255.11656855912622,256.75577482664596,0
2009-07-13,265.1617126464844,265.3816074732286,254.6268013152617,260.18411002444867,0
2009-07-14,269.4795837402344,270.4591207270125,265.521507604672,265.6914388024218,0
2009-07-15,281.423828125,282.0835125928857,277.62567810085466,277.6756417184806,0
2009-07-16,286.8612060546875,287.7007961681677,278.5052636137511,279.9645490131701,0
2009-07-17,290.3494873046875,290.5194185010697,283.0030667228385,286.3814062768348,0
2009-07-20,293.9877624511719,294.5074999961037,290.1396182258085,291.6988613634237,0
2009-07-21,293.82781982421875,293.8477991700134,286.2814836548966,293.23810884368737,0
2009-07-22,301.6240539550781,302.333732563245,293.02823729145473,294.4975276239911,0
2009-07-23,304.5726318359375,304.93244309055996,295.81685860629483,298.0158068383847,0
2009-07-24,300.7344970703125,301.0143604401132,292.19861853716253,299.2452274063182,0
2009-07-27,302.49365234375,302.733526514412,296.4765442052115,300.2247306359014,0
2009-07-28,303.10333251953125,304.612611965856,298.20570851508023,301.3641838349789,0
2009-07-29,300.50457763671875,301.8239465091436,296.80638552820494,301.8239465091436,0
2009-07-30,300.9043884277344,309.0804554469272,300.3446617055212,303.92294736126115,0
2009-07-31,301.59405517578125,304.2327929941502,298.8154009291876,301.3241967409647,0
2009-08-03,306.8714904785156,308.08092719126415,302.4836296824101,303.83298281890075,0
2009-08-04,307.0714111328125,308.61067483689027,303.64307740798216,304.80252002248585,0
2009-08-05,303.7130432128906,308.42078748945255,301.2542413728423,306.5217124015645,0
2009-08-06,299.6949768066406,307.43122354525326,297.95582812966705,303.6030893704803,0
2009-08-07,298.3856201171875,303.6430859737389,295.9068085435472,302.47363840194544,0
2009-08-10,294.807373046875,299.39514964177306,293.0382095050773,297.96581801409894,0
2009-08-11,290.599365234375,296.3165998072186,289.69980664657174,294.14766647351206,0
2009-08-12,295.7369079589844,298.1457460671368,291.1291216392516,291.2290793766541,0
2009-08-13,302.2137451171875,302.31370285148523,293.4280184739857,297.4560680933587,0
2009-08-14,294.5074768066406,300.73447444474596,292.3985120183843,300.73447444474596,0
2009-08-17,285.78173828125,290.93921598646637,285.11204888191696,290.8492631721356,0
2009-08-18,291.5289611816406,292.16863581479726,286.72125924539637,286.72125924539637,0
2009-08-19,293.2781066894531,294.42754441432197,286.72125124004396,288.77027810011526,0
2009-08-20,296.26666259765625,296.70645225805805,292.8882922531244,292.98824999463756,0
2009-08-21,301.1542663574219,301.2542240937501,294.3475624020824,296.60647913126286,0
2009-08-24,298.805419921875,305.5321453204952,297.69594093088966,301.6940062624936,0
2009-08-25,300.3846435546875,302.7834766630532,297.4460630835237,299.9748381961573,0
2009-08-26,302.84344482421875,303.66305554025394,299.8249164711064,301.0143433509381,0
2009-08-27,303.61309814453125,303.80300869244996,297.37609533942714,302.45365551090816,0
2009-08-28,311.0295104980469,316.1670395091809,308.0509711050765,310.03999900873873,0
2009-08-31,306.03192138671875,309.18039191894695,304.03288860399357,309.18039191894695,0
2009-09-01,298.4955749511719,313.02852059865523,297.73593277051566,305.31225321998437,0
2009-09-02,297.25616455078125,300.984371619656,295.6669371709863,297.7159335436154,0
2009-09-03,301.5041198730469,301.70403535676974,295.88684251258417,298.1457593668079,0
2009-09-04,309.5901794433594,309.610189291837,302.27374306272185,303.3931964760295,0
2009-09-08,316.56683349609375,316.7267597794561,310.2898717625151,313.36836883448615,0
2009-09-09,319.9751892089844,320.6048894198544,313.75819599648264,316.55682970832726,0
2009-09-10,325.6624450683594,325.80236150474036,318.79577219015067,319.47543603044744,0
2009-09-11,321.0846252441406,326.1821647730623,318.7057714304559,325.04273198583616,0
2009-09-14,322.5439453125,322.98373495622417,318.82574319008074,319.56537554415365,0
2009-09-15,325.3226013183594,326.58197121127415,322.264083645422,323.3335429865096,0
2009-09-16,326.6819152832031,327.2516469148506,323.2235973047636,326.47202539363434,0
2009-09-17,321.1745910644531,327.1716894583602,319.26554158487414,325.92229395962954,0
2009-09-18,326.3221130371094,327.8113826564561,321.83426382719506,323.6034273107709,0
2009-09-21,326.24212646484375,328.0112899040515,323.53344573096285,325.7723525660982,0
2009-09-22,329.17071533203125,331.27971075099094,325.87232348589384,327.8213926240418,0
2009-09-23,330.889892578125,336.86701164124236,330.6699977496406,332.8489666874664,0
2009-09-24,322.8837890625,333.04885385284314,320.02515627343297,333.0188695807084,0
2009-09-25,320.89471435546875,324.6029420036061,318.3159755745098,321.57440866067105,0
2009-09-28,327.51153564453125,330.0203009397267,322.04417999294355,322.82380152539946,0
2009-09-29,322.8437805175781,330.5900322173033,322.5039486194768,328.52102605553904,0
2009-09-30,325.59246826171875,329.23072260981877,319.185564458456,323.9332673724795,0
2009-10-01,309.8200988769531,326.8718461738818,309.7101362117889,326.39206732218474,0
2009-10-02,306.44171142578125,312.64869936460605,305.5221734733425,307.43122284278894,0
2009-10-05,312.9385681152344,314.13799992775347,306.39174827084753,308.21084483265014,0
2009-10-06,319.4254150390625,321.2445420787379,315.00756994592814,315.0275492914962,0
2009-10-07,317.48638916015625,319.4554070938026,315.3673888684151,318.75576394805887,0
2009-10-08,315.9071350097656,319.065610334794,312.37884351584154,318.335952418582,0
2009-10-09,326.2821350097656,326.7119197397104,316.1270447579969,316.32696023848365,0
2009-10-12,330.84991455078125,333.9384163911854,328.1711875686429,328.23118661183247,0
2009-10-13,329.84039306640625,332.8389420942827,328.15120800714374,331.1497570350202,0
2009-10-14,334.3482360839844,336.996948406655,330.29020199653746,335.58762664187867,0
2009-10-15,329.6205139160156,333.08883700986956,327.5914968641703,333.08883700986956,0
2009-10-16,322.6738586425781,327.88136093001907,318.4958875063989,327.88136093001907,0
2009-10-19,327.4515380859375,328.49104363486555,321.1346179109278,323.90326723043694,0
2009-10-20,326.7119140625,331.54956967858317,325.55247140202766,328.1612250137953,0
2009-10-21,322.5139465332031,331.46960427897073,321.4844459368925,327.4015655089323,0
2009-10-22,326.6819152832031,327.77138442805546,317.3064471801038,322.9237241025617,0
2009-10-23,316.2569885253906,325.0127619708095,315.38741413580425,325.0127619708095,0
2009-10-26,317.2864685058594,323.6633876173421,314.5577779244191,316.65676833300256,0
2009-10-27,309.29034423828125,321.1246142558417,308.5507118943145,317.9861487534052,0
2009-10-28,300.634521484375,310.89954324548137,299.89488915869737,307.4512301975794,0
2009-10-29,307.1114196777344,308.240878093322,302.7135231032658,302.7135231032658,0
2009-10-30,296.4665222167969,306.92148492774237,295.1471838512737,306.45171103535523,0
2009-11-02,297.2261657714844,300.58455649722805,292.6184101377404,296.93629749538565,0
2009-11-03,293.33807373046875,293.8978004545464,287.97064522897955,291.5089417012567,0
2009-11-04,295.16717529296875,300.5345732922958,294.53747510259967,295.4270593087576,0
2009-11-05,302.8134765625,304.4926872775631,297.5460361753663,298.2756941200907,0
2009-11-06,301.61407470703125,305.6621038733207,299.58505766150034,300.5146005807491,0
2009-11-09,311.1094665527344,311.4392935245462,303.99291507400693,304.01289441984403,0
2009-11-10,311.36932373046875,314.30790425252445,308.34079039685844,310.75963339565953,0
2009-11-11,315.6072998046875,319.2455235421556,313.138493142441,313.37836731113896,0
2009-11-12,313.84814453125,320.1750698198274,313.3383814145805,316.7367615219514,0
2009-11-13,317.346435546875,318.78574150580124,312.64869658332174,314.3878757436679,0
2009-11-16,323.6733703613281,325.0027442055006,318.775746283914,318.88570894529346,0
2009-11-17,324.1431579589844,324.58294761743525,320.075149372544,322.6039246572264,0
2009-11-18,321.37451171875,323.9632555734542,319.92520071576405,323.743360742025,0
2009-11-19,310.3498229980469,316.6167794572828,307.381258253605,316.6167794572828,0
2009-11-20,307.821044921875,308.4407401651216,305.4222118339324,307.74109703683126,0
2009-11-23,311.36932373046875,314.987598555634,310.44978576603216,310.45976018765924,0
2009-11-24,312.348876953125,313.5782931138277,309.51025401971344,311.44931828806403,0
2009-11-25,314.9376220703125,315.28745891449176,312.4588103916807,312.81865216086567,0
2009-11-27,309.670166015625,312.009030637987,304.34272673456275,306.48170638659025,0
2009-11-30,309.9000244140625,311.2493775535891,305.76204268937414,309.28032917291546,0
2009-12-01,319.3854675292969,320.4349475104875,313.6082641648394,313.6082641648394,0
2009-12-02,324.532958984375,326.0022492066741,319.6153252292869,319.6653193473784,0
2009-12-03,328.2811584472656,331.6495237280122,325.0427351748501,325.25262507140553,0
2009-12-04,335.0478820800781,338.3362995589741,328.23120345131355,333.438675326188,0
2009-12-07,336.5571594238281,339.4357715020302,334.3082475505852,334.32822689733234,0
2009-12-08,336.7970275878906,338.60614977786724,332.06933467828253,334.8679683139318,0
2009-12-09,338.9259948730469,339.095926073492,333.50863334702547,336.11735637464596,0
2009-12-10,338.44622802734375,341.9545402948675,338.0964216953207,340.1154338092845,0
2009-12-11,335.0778503417969,339.965499919023,333.7684863677086,339.02595211280146,0
2009-12-14,340.11541748046875,340.38527591008426,336.10734721354453,337.7265892996912,0
2009-12-15,338.8060607910156,342.8740996851457,337.7465758927004,339.19585630882443,0
2009-12-16,344.6932067871094,347.3519240384693,340.22539781723464,340.2353722391934,0
2009-12-17,339.6556701660156,344.4433317571287,338.70611738545426,342.63420951443373,0
2009-12-18,344.6632080078125,344.903112672656,339.6256675883712,340.9550109066859,0
2009-12-21,352.47943115234375,352.6293525027597,346.7122328523451,346.7522220467287,0
2009-12-22,354.5484619140625,356.0277571807877,353.1191607694925,353.1191607694925,0
2009-12-23,355.1981201171875,357.5969532545852,354.1786244220685,355.98774657380557,0
2009-12-24,360.8853759765625,360.9653543672679,356.5874678121214,356.8373469031429,0
2009-12-28,357.467041015625,362.93436615151717,355.42801912676657,361.6749962960966,0
2009-12-29,356.0077209472656,358.1467005459246,353.96872958550705,357.75687453384796,0
2009-12-30,361.2152404785156,361.2252149004336,355.3880428810657,355.7278747911212,0
2009-12-31,359.7359313964844,364.0938080194188,359.6759628560086,361.49508992462137,0
2010-01-04,365.9029235839844,368.08189235908736,363.8439223904938,363.8439223904938,0
2010-01-05,366.2427978515625,368.91148944972036,363.5740757505861,366.482672016929,0
2010-01-06,366.1628112792969,369.2713229491977,364.9534050521737,366.2327847435714,0
2010-01-07,362.124755859375,365.1033255177847,359.9058283762363,364.5935624261878,0
2010-01-08,367.5021667480469,367.79203503230843,361.36515217875217,361.62500568960394,0
2010-01-11,366.44268798828125,370.7306217715747,363.16427550316945,369.681111277662,0
2010-01-12,353.2790832519531,363.37417447457585,350.5603974279126,363.2742472369814,0
2010-01-13,358.91632080078125,359.85586860566025,348.4314040986873,355.26809224072196,0
2010-01-14,356.787353515625,358.856359714206,354.2785881785369,357.9467961606827,0
2010-01-15,344.5033264160156,356.2176596879425,344.3333952090406,355.88780219876134,0
2010-01-19,350.6703186035156,351.31999814162333,345.57277903029865,345.57277903029865,0
2010-01-20,349.63079833984375,350.59035597402595,345.3828539579137,349.73075607292327,0
2010-01-21,347.7417297363281,355.55795475098915,345.2729231832049,350.8302315330761,0
2010-01-22,329.33062744140625,344.3233724656395,328.52102165032306,344.24342458008346,0
2010-01-25,334.01837158203125,337.0069462557186,331.37966423952565,332.1792651305107,0
2010-01-26,333.3586730957031,338.00644840032203,331.27969256491724,333.46863575270805,0
2010-01-27,337.28680419921875,338.77607379845074,330.4001219126834,334.21828168685727,0
2010-01-28,327.09173583984375,338.74610050825714,322.72385413322036,338.1164003074727,0
2010-01-29,315.9171447753906,331.1697437618851,312.93857502696665,328.2311937116652,0
2010-02-01,325.5624694824219,325.7523800307458,317.1965224429553,317.1965224429553,0
2010-02-02,328.5410461425781,329.8004160388303,323.7733334905617,325.23264936666067,0
2010-02-03,327.59149169921875,330.0902826351396,325.6024638751279,326.83184949379677,0
2010-02-04,312.37884521484375,324.10318304026384,312.3388560198537,323.9832459581122,0
2010-02-05,319.8552551269531,320.225071317048,310.18991805117116,313.2784200880957,0
2010-02-08,318.7057800292969,325.1726522633942,316.28696745804075,319.79527973193916,0
2010-02-09,323.25360107421875,326.43205589069345,319.2155462962935,322.2940738754909,0
2010-02-10,323.24359130859375,325.34258180791835,318.3759514166806,322.41400613413356,0
2010-02-11,330.8799133300781,331.85941986764266,320.56489689441395,323.3735355019709,0
2010-02-12,332.67901611328125,336.55714440654805,324.35305839308916,327.821381325179,0
2010-02-16,340.79510498046875,341.294863183075,334.5581323728451,335.4876753090159,0
2010-02-17,341.37481689453125,343.68369718340676,338.3162993559476,343.09398620730786,0
2010-02-18,342.3543395996094,342.764144975871,337.31679900492327,339.9854906587476,0
2010-02-19,343.3738708496094,345.50284565122774,339.215878986428,341.57472303707203,0
2010-02-22,342.3843078613281,345.8026671433579,341.27485937242426,344.8830986952389,0
2010-02-23,332.7090148925781,341.1249562931767,330.55005583610995,341.1249562931767,0
2010-02-24,339.10589599609375,341.3748175983583,334.27824551926,334.27824551926,0
2010-02-25,338.2263488769531,338.63612373380425,329.7704186799492,334.44814782968456,0
2010-02-26,338.69610595703125,339.035968368784,333.588591895505,338.37628389750626,0
2010-03-01,349.3110046386719,349.65083655645986,341.3748419327893,341.3748419327893,0
2010-03-02,349.2210388183594,353.2390836408638,347.6817750692568,350.5203978969768,0
2010-03-03,346.2024841308594,352.419477243025,344.63323609144913,350.570365836947,0
2010-03-04,346.38238525390625,347.55183282612734,341.6046982332599,346.1624904327544,0
2010-03-05,351.3599853515625,352.25954397638355,346.3424241976533,348.6113153573313,0
2010-03-08,351.0401306152344,352.76930489097276,350.3404874681933,351.99968827838205,0
2010-03-09,350.3005065917969,353.18909306583515,347.7817362975624,349.72080051317835,0
2010-03-10,357.8668518066406,358.8463583333241,350.5703639600918,350.5703639600918,0
2010-03-11,356.9872741699219,357.23715326508204,352.7992980948124,357.1871591443585,0
2010-03-12,355.1981201171875,358.80638999908655,353.9387197563559,358.2666426297561,0
2010-03-15,350.2605285644531,353.43898343056026,347.85169035375327,353.4290090083686,0
2010-03-16,359.6959533691406,360.2157214064915,350.75030010517264,351.47992753788594,0
2010-03-17,363.8839416503906,365.6131160200692,360.42562341385366,360.42562341385366,0
2010-03-18,361.4651184082031,364.7735151867263,358.51653288522994,364.05386217280716,0
2010-03-19,355.49798583984375,361.45509461458573,353.32902198660696,360.9353266021656,0
2010-03-22,364.0738220214844,364.75348580300334,352.4994363788702,353.9587216751475,0
2010-03-23,372.28985595703125,372.7196406666845,364.8534518757537,364.893441070527,0
2010-03-24,365.19329833984375,370.00096973296417,364.5536237120497,369.8510483751077,0
2010-03-25,364.6535339355469,371.7501060702447,364.32370696365103,368.7115983500529,0
2010-03-26,362.7145080566406,368.8915118669032,359.91584393510647,367.0424004925147,0
2010-03-29,366.19281005859375,367.86201582895717,364.8434568494574,364.8434568494574,0
2010-03-30,368.7215881347656,369.99099346486184,364.25374867601926,366.99244431141653,0
2010-03-31,366.3927307128906,370.43075496987615,364.99341386627094,366.77255182186303,0
2010-04-01,366.7525329589844,375.2184378015012,363.68401039382377,369.63114497432605,0
2010-04-05,377.67724609375,378.06707212473617,368.8915190432844,368.8915190432844,0
2010-04-06,375.33837890625,377.1575060330483,373.02949851562875,376.13801030953346,0
2010-04-07,376.7077331542969,379.2564876548809,372.36980533713927,375.18844877500237,0
2010-04-08,371.29034423828125,374.70870361780106,368.1118895275749,374.70870361780106,0
2010-04-09,375.5782775878906,375.6282412048155,370.8005906021991,372.28986021925704,0
2010-04-12,378.7867126464844,381.95519289945673,375.7082157075555,376.1380004176819,0
2010-04-13,381.14556884765625,381.81525824540046,377.1475033162908,379.1065773886898,0
2010-04-14,397.53765869140625,398.04739130058755,388.8518589550168,388.89181764797513,0
2010-04-15,398.6670837402344,401.57568003029337,396.7180451251025,397.9474612382673,0
2010-04-16,393.5595703125,396.66805157888507,387.9422931989034,396.6580771571114,0
2010-04-19,389.4715576171875,393.0598177732663,381.5154157460883,392.29020113906085,0
2010-04-20,395.51861572265625,396.73802691876506,391.09076550754384,393.5595721708617,0
2010-04-21,391.230712890625,399.88649785491157,385.4435045390755,396.83798511254724,0
2010-04-22,398.7470703125,399.63662403645105,382.6148611670646,388.39206467022285,0
2010-04-23,400.2263488769531,400.5361965041351,393.9693667871148,398.37723753540985,0
2010-04-26,400.61614990234375,404.50428318497956,399.626638466621,400.1863651881226,0
2010-04-27,386.5929260253906,399.98643878591025,386.11314720457625,398.7870374881009,0
2010-04-28,388.4420471191406,393.3596505192913,382.8747336839864,389.7713904541402,0
2010-04-29,393.7794494628906,394.47912309450714,387.66241440820477,390.27113738624877,0
2010-04-30,375.88812255859375,392.25020039264996,375.77815989819135,392.25020039264996,0
2010-05-03,385.7833251953125,387.5524581463033,377.93711578048783,377.93711578048783,0
2010-05-04,368.3017883300781,380.2660000225863,362.944364938785,380.2660000225863,0
2010-05-05,364.36370849609375,370.2208598220915,358.4465581249016,363.793976840709,0
2010-05-06,352.3695068359375,368.1718580805316,326.59197131655895,362.974360796478,0
2010-05-07,346.5823059082031,354.9082639598259,334.28826659477886,349.33097596226963,0
2010-05-10,367.3022766113281,367.3922294218366,360.4555835629914,360.4555835629914,0
2010-05-11,364.5536193847656,371.45027628967404,359.1162478503707,362.9643920047125,0
2010-05-12,374.8985900878906,375.3883738556141,366.59261141699085,367.1623430738096,0
2010-05-13,364.7834777832031,376.23795709199067,363.0043399040811,372.819597760985,0
2010-05-14,353.6888427734375,360.2057089304768,346.89214375990207,360.17572465993663,0
2010-05-17,359.2162170410156,359.7959231372678,346.93215182783155,353.16912446202605,0
2010-05-18,348.6813049316406,363.5541139588782,347.2020096672085,362.5046034290863,0
2010-05-19,350.6703186035156,354.5284676423229,342.4243085742237,347.49186387653776,0
2010-05-20,340.4352722167969,348.61130857442583,334.18829507872744,343.54375339934757,0
2010-05-21,348.9411315917969,354.1586080584996,334.4181605259033,335.8274822126192,0
2010-05-24,342.3743591308594,350.7602859372585,341.95454881802095,347.0420836772816,0
2010-05-25,344.3433837890625,344.61324221964014,327.9113327318943,333.7185202225957,0
2010-05-26,343.6137390136719,354.8482933351124,342.9040909264841,347.98162070260133,0
2010-05-27,361.3751220703125,361.5250739242078,350.410426553539,350.4804000183144,0
2010-05-28,355.4880065917969,361.1152888059491,350.45043539348455,360.83542543397726,0
2010-06-01,347.4418640136719,359.3461074104427,347.2119947748224,353.9087360225939,0
2010-06-02,360.02581787109375,360.0957608366379,347.82170071964026,349.03113752026195,0
2010-06-03,364.27374267578125,365.73302799284096,358.2966239756326,360.90534698426995,0
2010-06-04,348.31146240234375,361.9748335810091,346.48233043296443,357.6969048995972,0
2010-06-07,335.6775817871094,352.08965438250164,334.718054590555,349.6608063652072,0
2010-06-08,334.4181823730469,336.8370254727566,326.08221929023154,335.61761424944865,0
2010-06-09,331.8994140625,344.62326884306856,330.3801601122252,337.7865803126021,0
2010-06-10,344.5232849121094,344.95306961169166,337.6665870530315,337.746565440704,0
2010-06-11,349.3609619140625,349.8607201081148,340.12544024887893,341.26487306985194,0
2010-06-14,351.7997741699219,358.7664044137019,351.2300425244979,354.0386810536418,0
2010-06-15,371.29034423828125,372.12993432208185,354.22859261706867,354.24860246611405,0
2010-06-16,372.9095458984375,375.55825808657306,365.1932785693598,369.09138617669305,0
2010-06-17,372.20989990234375,375.1184655733837,365.59307619080226,374.91858060954024,0
2010-06-18,371.03045654296875,374.64870085732184,369.31128719714803,371.89005646728833,0
2010-06-21,367.86199951171875,377.32742039951626,365.14331386751917,376.11798367530173,0
2010-06-22,361.2152404785156,373.39931713092506,360.2756926377894,369.7011248136247,0
2010-06-23,362.7044982910156,367.2223012160189,355.8378258408598,362.38464573805476,0
2010-06-24,352.0496520996094,361.69497883360117,350.2105456650686,361.69497883360117,0
2010-06-25,351.9197082519531,353.84876748809666,345.7027153305866,352.7892825965972,0
2010-06-28,353.938720703125,357.7469060661682,349.40093842787223,352.4894402946709,0
2010-06-29,337.5067138671875,346.47237713308505,335.3977184163561,346.47237713308505,0
2010-06-30,332.1392822265625,342.04449325307115,331.32967639568835,337.53669510281594,0
2010-07-01,332.9488830566406,335.69755307155907,323.4834923243367,332.1592870871118,0
2010-07-02,331.43963623046875,334.6380703305134,325.90230696917376,333.2087692341642,0
2010-07-06,330.9898376464844,339.7256314047055,327.79140358522665,336.10735654675176,0
2010-07-07,347.7017517089844,348.0915777312264,331.46961576312106,331.74947912415945,0
2010-07-08,347.4518737792969,351.2100650710678,341.49476478711307,349.92068041995384,0
2010-07-09,351.1900634765625,351.4099583020542,345.1530064545527,346.97213360154603,0
2010-07-12,355.15814208984375,356.6174579675187,350.5603911414364,351.25005988426136,0
2010-07-13,362.6545104980469,364.3736798716783,357.4470387598639,359.60599777578375,0
2010-07-14,361.6849670410156,369.921002399255,359.60598648143605,367.14234820269553,0
2010-07-15,360.9153747558594,361.9848646291002,354.0886911359674,361.8249383440793,0
2010-07-16,348.99114990234375,359.1162559153173,348.76125014931677,358.38659796226455,0
2010-07-19,357.7668762207031,358.30662357761054,349.9606561537331,351.2500407552496,0
2010-07-20,357.956787109375,358.39657673353,344.7531849690032,348.8911667017852,0
2010-07-21,350.9601745605469,359.8858480852648,349.97066315269825,359.4160741890787,0
2010-07-22,362.484619140625,364.30374629854356,353.9687504440025,353.978724866026,0
2010-07-23,364.35369873046875,365.0233881151877,357.1671736373898,360.28565981075,0
2010-07-26,369.3212890625,369.3212890625,360.5155525131703,364.4836336184742,0
2010-07-27,365.9029235839844,370.86054652816426,364.39367467205994,370.7006202554987,0
2010-07-28,359.296142578125,367.20232054547597,357.5369840460042,363.68400348123424,0
2010-07-29,352.3494873046875,360.9653437316124,347.5418161753162,359.9058283543064,0
2010-07-30,348.64129638671875,350.78027602187814,342.4142985312113,347.37192160038086,0
2010-08-02,354.7683410644531,356.4675310862297,350.09061179651917,352.56939286013267,0
2010-08-03,351.08013916015625,353.33905600860874,348.1915220926877,353.3290510836021,0
2010-08-04,354.5384521484375,354.7383676286887,347.89167421814983,351.8797348757585,0
2010-08-05,352.2695617675781,355.29809523354487,350.21056042782885,352.0196826680666,0
2010-08-06,351.57989501953125,354.26859658584794,347.08207120265024,348.89119345321456,0
2010-08-09,353.8787536621094,355.1081697610785,349.410914330406,353.2990475968344,0
2010-08-10,344.5732727050781,348.72129015204536,341.2748807983632,348.72129015204536,0
2010-08-11,329.9003601074219,335.83748959585984,327.51153192086906,335.81751025011266,0
2010-08-12,325.59246826171875,327.6015059925553,318.75577972586325,321.95421391361873,0
2010-08-13,322.5838928222656,329.4405907551213,322.5838928222656,325.46250475309614,0
2010-08-16,324.1031799316406,327.16169750844614,318.9556463503961,320.6548363387628,0
2010-08-17,328.4410705566406,331.9293727706377,325.5924429292974,326.8718226054226,0
2010-08-18,331.93939208984375,333.67854081018635,326.6019783422243,327.9513010374866,0
2010-08-19,326.26214599609375,332.2892284700756,324.6928979789448,329.8204218230286,0
2010-08-20,327.721435546875,330.9198696611056,325.2926180642107,327.661467004302,0
2010-08-23,323.6234130859375,330.87991178334573,323.36352906560126,329.1907266567985,0
2010-08-24,318.2560119628906,321.66436645489784,315.56731047950103,318.35596970074675,0
2010-08-25,321.3445129394531,322.7238504104374,312.5087918894189,315.52732034565804,0
2010-08-26,315.0775451660156,323.5734340108988,313.9181025574346,322.9237239910946,0
2010-08-27,321.6044006347656,322.5739327448201,308.9405146613998,317.6363193805615,0
2010-08-30,313.4283142089844,320.8447387247334,313.4283142089844,320.83473380063174,0
2010-08-31,307.3412780761719,314.95758791593454,305.6421185531436,311.36932781701205,0
2010-09-01,316.5968017578125,319.9051984140933,311.52924657632445,312.1589467530892,0
2010-09-02,323.16363525390625,323.16363525390625,316.3069371964059,317.4064112875874,0
2010-09-03,328.551025390625,330.7399687341081,322.82381597376934,327.91135075981504,0
2010-09-07,322.15411376953125,328.16121682080774,321.24455022662386,326.78187937118594,0
2010-09-08,320.7447814941406,322.64385640457726,317.4863790277089,322.5639085200906,0
2010-09-09,320.9247131347656,324.6929094944804,319.8752331131335,323.7933508326786,0
2010-09-10,316.4169006347656,321.4944303099515,312.1589511906403,320.285024058088,0
2010-09-13,327.01177978515625,327.7314327819662,319.74527635142385,319.75528127589104,0
2010-09-14,332.5990905761719,334.95793466400454,323.30356965522867,326.4420658260929,0
2010-09-15,331.4796142578125,332.2592357843553,327.3615813069572,330.7999199632019,0
2010-09-16,334.0783386230469,334.7480280059232,329.0307932028874,330.46009427794166,0
2010-09-17,334.18829345703125,336.28728386580053,332.4291349425857,335.53764661286993,0
2010-09-20,335.9574279785156,336.4871704196407,331.0398246576597,334.5880954704839,0
2010-09-21,335.1278381347656,337.9564559215874,333.7085115278554,335.4976542956515,0
2010-09-22,330.2901916503906,334.7180417815533,327.89132799657517,333.2587564443097,0
2010-09-23,332.66900634765625,338.2663038904149,325.16265945905695,327.2716242718173,0
2010-09-24,345.97259521484375,346.38237006542244,336.9069748306627,336.926954176139,0
2010-09-27,343.63372802734375,346.82218780127744,342.3143895541595,345.9926026059108,0
2010-09-28,349.2909851074219,349.8407374173161,340.3453318210876,344.6132557764828,0
2010-09-29,351.619873046875,354.14864824792375,347.3219343455811,347.891665998298,0
2010-09-30,349.0710754394531,356.0477104460616,345.6727259974637,352.8092872781776,0
2010-10-01,347.89166259765625,352.8592601380536,345.34290807509643,350.8902116843472,0
2010-10-04,342.95404052734375,347.4518640419598,339.3158169236529,346.73221105950853,0
2010-10-05,350.74029541015625,351.519916963874,345.8226614155235,345.8226614155235,0
2010-10-06,345.1729736328125,350.5503764915954,342.1844294986935,349.8207185730004,0
2010-10-07,346.6622619628906,348.0516044097511,342.4043428116721,346.5223455273995,0
2010-10-08,349.98065185546875,350.8502262194037,341.7546516286562,345.4228596354643,0
2010-10-11,352.49945068359375,355.76785822371176,350.33048674527146,350.7502970407857,0
2010-10-12,355.1481628417969,356.38755337597024,348.77124353990956,351.5498978200465,0
2010-10-13,355.4880065917969,357.4070609987979,351.9896991907394,356.677433548382,0
2010-10-14,354.65838623046875,357.93679876020127,352.4994576767103,355.3580599026001,0
2010-10-15,356.947265625,358.2966187662847,351.6998049110842,356.1376598407927,0
2010-10-18,354.3985290527344,356.4275460775833,351.5599062028799,356.4175411529129,0
2010-10-19,349.4508972167969,355.70787925368046,345.81267360788297,350.29048728039237,0
2010-10-20,351.60986328125,353.2890434424153,347.28197087131474,349.19102027307116,0
2010-10-21,349.6907958984375,352.50943948997184,346.472382347045,351.9897019387722,0
2010-10-22,356.7673645019531,357.39706467600763,350.4004503026337,350.7802713919249,0
2010-10-25,360.6054992675781,362.6245112672865,358.046739910452,358.046739910452,0
2010-10-26,359.1861877441406,360.8853777726706,355.00821664214527,358.7364236797548,0
2010-10-27,370.2708435058594,370.40075500879806,359.55602702974255,360.15571243659264,0
2010-10-28,370.160888671875,371.0404679576086,365.70305420407306,370.2708513340011,0
2010-10-29,372.4598083496094,373.59924119152265,369.45125420522197,369.7211126539546,0
2010-11-01,371.2703552246094,375.04852575474234,368.4017177177966,373.3992993980157,0
2010-11-02,374.009033203125,375.5782812258453,371.7201321733674,373.8591118480795,0
2010-11-03,377.6272888183594,377.64726816535347,371.770137353005,373.75916522902224,0
2010-11-04,389.5614929199219,389.6914349243742,381.17553619877924,381.43542020768405,0
2010-11-05,391.83038330078125,393.7694474340496,388.74188148096346,389.9513182103026,0
2010-11-08,391.69049072265625,394.35918242233345,389.9713212988878,390.59101658487066,0
2010-11-09,387.1326904296875,392.2202251278767,385.52345320137886,391.64048854768384,0
2010-11-10,387.1526794433594,387.42253789085146,381.95521245528204,386.9327846148332,0
2010-11-11,382.30499267578125,383.7243192907257,372.64966123291714,377.6372684794714,0
2010-11-12,382.4249572753906,388.3421078173212,378.3269644150067,382.1450939019573,0
2010-11-15,379.3864440917969,385.783342897667,379.35645982016075,384.31405258185765,0
2010-11-16,373.88909912109375,380.17603518142505,372.079976915775,377.12752242735377,0
2010-11-17,373.669189453125,377.96709750989805,372.1099464044378,373.80910587912615,0
2010-11-18,380.7757568359375,382.1351149929527,377.7672332325589,377.9071496662227,0
2010-11-19,386.9028015136719,387.90231791857514,380.79577092106643,381.1455772605266,0
2010-11-22,391.1407165527344,391.62049537773606,385.5634287876232,386.09317122857965,0
2010-11-23,388.08221435546875,390.7209522432441,386.32308626643777,387.39254561220105,0
2010-11-24,398.51715087890625,399.0369188968554,391.15072034283094,391.1607252671201,0
2010-11-26,395.8384704589844,398.0674029657534,394.7989648837626,395.33871226935344,0
2010-11-29,394.9588928222656,395.88843573820355,390.2211949255841,393.629549453509,0
2010-11-30,389.93133544921875,392.3701579202154,388.941823968128,390.6709678287961,0
2010-12-01,402.87506103515625,403.37481920832033,395.85843676212914,395.85843676212914,0
2010-12-02,410.3614501953125,410.61132929497853,402.9850142927202,403.32484620792764,0
2010-12-03,412.23052978515625,412.99017198841324,407.3528850116895,407.87265304668387,0
2010-12-06,411.5708312988281,412.4504105562522,408.212471046283,412.160542277597,0
2010-12-07,411.3110046386719,417.6679143185319,411.1710577009394,414.9992226048846,0
2010-12-08,415.22906494140625,415.5489174902169,410.34144591044304,411.7307577586865,0
2010-12-09,416.1986083984375,418.2676145952257,414.66934957968505,417.43802943329075,0
2010-12-10,416.48846435546875,417.9777339347329,414.6193736881947,417.0481910632251,0
2010-12-13,413.00018310546875,419.0072558464535,412.8502312452373,418.32759202430594,0
2010-12-14,410.4714050292969,414.8392867276736,409.06208327373037,413.3799708514358,0
2010-12-15,405.8336181640625,411.7007741973005,405.3338599942423,408.73220944845593,0
2010-12-16,408.5123291015625,409.7217658773899,405.43383208768154,406.91309680093565,0
2010-12-17,411.24102783203125,412.15059141145025,408.90216312901936,409.05208448764455,0
2010-12-20,410.0415954589844,412.2905073440876,408.0425626722259,412.0106439740542,0
2010-12-21,412.7602844238281,414.01968485001385,411.4909095755497,411.51088892255495,0
2010-12-22,412.89019775390625,413.09011322135024,408.41235360739324,410.8511758966849,0
2010-12-23,411.5808410644531,413.1500890534154,410.821198878139,411.66078895115123,0
2010-12-27,412.0705871582031,412.88019294679077,406.7131942607432,410.0215908790008,0
2010-12-28,410.4613952636719,413.2000603505591,408.78221508643384,413.1300868841361,0
2010-12-29,411.0011291503906,411.69079786176144,409.0020964804039,411.1810347700131,0
2010-12-30,412.1005859375,412.79025467099655,410.01160039068395,410.6912947024267,0
2010-12-31,411.620849609375,412.5803768089506,409.441911186306,411.87072870842843,0
2011-01-03,414.8492431640625,419.357071601502,413.2000473097952,414.55940538857567,0
2011-01-04,415.3789978027344,418.1276678081868,411.03112601454643,416.6084139134606,0
2011-01-05,416.8882751464844,417.76785442418776,412.00065600503615,414.1496100795777,0
2011-01-06,424.5645446777344,424.78443949260406,418.08769831760486,418.19763047363074,0
2011-01-07,425.5541076660156,427.27327707571123,418.6174614841011,425.3142029906682,0
2011-01-10,429.96197509765625,430.6416389161571,422.8753771128693,424.39466153401145,0
2011-01-11,431.311279296875,432.2008634792624,428.2627666663662,431.34126356690956,0
2011-01-12,439.7972106933594,439.80718511520985,431.54119566052685,433.5202490675008,0
2011-01-13,439.6072998046875,441.78623818364974,436.71868283674894,439.3074265902017,0
2011-01-14,451.37158203125,451.37158203125,440.8866653458072,441.7962288789932,0
2011-01-18,449.71240234375,451.5115501486888,447.38354257467626,449.51251736730313,0
2011-01-19,439.1175231933594,446.70387945314604,438.2479488125383,444.92474149502385,0
2011-01-20,434.5597229003906,435.8391026388725,428.6225931991867,435.8391026388725,0
2011-01-21,431.44122314453125,438.83763797855283,430.89150135727715,437.39833200511083,0
2011-01-24,442.2060546875,442.2260340342851,432.7606126008197,433.820097534,0
2011-01-25,438.9076232910156,441.57634541880043,435.38933665141747,440.7267504041682,0
2011-01-26,442.72576904296875,443.6253276462984,437.65821389036057,440.996594797804,0
2011-01-27,451.0617370605469,451.8313536687809,445.1645966980368,445.1945809684143,0
2011-01-28,438.3978576660156,451.06174341605447,435.24938722074546,451.06174341605447,0
2011-01-31,440.2969665527344,442.53587346390265,436.18893840456803,439.76722409597335,0
2011-02-01,451.6114807128906,453.37063933437344,444.7948020602843,444.8447656790593,0
2011-02-02,453.69049072265625,455.6195500452134,448.29310828774726,448.81284583237033,0
2011-02-03,453.44061279296875,454.68000336563006,448.97277327363884,454.0603080792994,0
2011-02-04,462.8860168457031,462.9260060417569,454.27019051668253,454.4701059941321,0
2011-02-07,461.02691650390625,466.1144510658009,459.18781007997956,463.7456021964106,0
2011-02-08,460.6770935058594,461.9264889810341,457.01885989420947,461.9264889810341,0
2011-02-09,457.3786926269531,460.7270785349106,455.7594810035301,460.17732623499063,0
2011-02-10,459.02789306640625,459.3377407009779,451.16170411249124,453.57054222528467,0
2011-02-11,462.5961608886719,464.1154147480345,455.3096782121266,457.1387796973933,0
2011-02-14,466.1744384765625,469.5128195608374,463.5457054888261,463.7955845864768,0
2011-02-15,461.1568603515625,465.13491591921866,459.5076644678024,465.0149788371733,0
2011-02-16,466.3343505859375,467.6237352314158,462.8260384006489,463.2758329638772,0
2011-02-17,472.99114990234375,473.85071936112706,464.0554708862779,464.2053922450401,0
2011-02-18,471.2319641113281,474.1005711205637,469.4028626342662,473.75076480456363,0
2011-02-22,452.59100341796875,464.1853993684807,451.5615027807154,464.12543082672374,0
2011-02-23,444.05511474609375,452.79090832627264,438.38787416257475,452.72093486158275,0
2011-02-24,451.6814270019531,452.67096891840237,442.7757327708174,445.0646337254253,0
2011-02-25,463.46575927734375,463.6456649076271,455.87943350553195,455.8894079275568,0
2011-02-28,458.398193359375,466.3643400593435,453.45060562276205,464.71514414713914,0
2011-03-01,449.5624694824219,461.3367710433929,449.01274768273476,459.18781695895404,0
2011-03-02,455.8694152832031,461.2368132831635,449.52248026446205,449.5724743844067,0
2011-03-03,464.5451965332031,465.9845024973662,460.42719410905477,460.42719410905477,0
2011-03-04,459.5976257324219,463.46574921361986,456.58907169023723,462.91602740986195,0
2011-03-07,447.1336669921875,460.627138372621,442.33596997745263,460.3472750011396,0
2011-03-08,447.7233581542969,452.22118174833474,443.13558174871645,447.42351544915505,0
2011-03-09,434.13995361328125,445.4544865603974,433.4102956616565,445.4544865603974,0
2011-03-10,423.52508544921875,429.7820372279421,422.6455061569205,427.16330920039354,0
2011-03-11,427.70306396484375,428.7825282494965,420.8363912161393,421.0962447367519,0
2011-03-14,426.9634094238281,432.12088690836873,423.84489281302996,425.31418305653807,0
2011-03-15,421.5860290527344,424.4246519559796,408.49235816944326,412.4804188270968,0
2011-03-16,412.24053955078125,426.35370600192033,409.3319432151648,419.77690162132916,0
2011-03-17,417.7678527832031,422.68548667885625,415.9287463474194,418.68742125250424,0
2011-03-18,418.9972839355469,423.6850182565797,417.20814105218915,423.0153288523666,0
2011-03-21,426.5835876464844,429.0823784985761,423.51506515943936,423.6350022398889,0
2011-03-22,422.7054748535156,425.8939345378504,421.99582676630575,425.2142707218517,0
2011-03-23,426.7335205078125,427.44316858815966,418.4175370070584,420.8163701892093,0
2011-03-24,437.1984558105469,438.15798297782146,429.63210962524204,432.1309005316583,0
2011-03-25,436.0589904785156,440.70676594498946,435.7291635016499,438.0080595775413,0
2011-03-28,436.5387878417969,440.3669222337996,435.96905617293504,438.0080781703869,0
2011-03-29,440.82672119140625,440.89666415719887,432.31082194943275,435.3293809964616,0
2011-03-30,441.1665344238281,445.05463719012937,437.708216370254,444.01516214113616,0
2011-03-31,437.1484680175781,441.96614427555136,435.70919249724494,441.166543375053,0
2011-04-01,432.6406555175781,440.4368707981483,430.7715648351093,440.25696517693933,0
2011-04-04,428.8424987792969,434.0699805269537,426.0638444102579,433.91005424277927,0
2011-04-05,438.5677795410156,441.6562813789953,435.3193514278982,436.049009338936,0
2011-04-06,445.2845458984375,445.4944357967922,440.73675858477753,443.3954453047879,0
2011-04-07,443.03564453125,445.22458788861815,438.4278885661984,444.56490340393543,0
2011-04-08,439.3674011230469,447.0337052525879,438.08802136446025,446.17413579887756,0
2011-04-11,435.669189453125,440.34691862827344,434.24986282161336,440.0370710014678,0
2011-04-12,426.5736083984375,431.84104885068956,424.3946699649355,431.84104885068956,0
2011-04-13,427.6830749511719,430.51169286199536,425.09430070584835,429.7820349296001,0
2011-04-14,428.20281982421875,428.4327195746782,421.80592103589385,424.62453407041767,0
2011-04-15,431.0214538574219,432.14090730784204,424.8844087236144,427.2032940153812,0
2011-04-18,423.2351989746094,425.684026194415,419.94678169445206,425.3941579167212,0
2011-04-19,425.0543518066406,425.30423090533657,421.42610241312445,423.2652089191882,0
2011-04-20,443.20556640625,443.2555300240959,435.51928300789285,435.51928300789285,0
2011-04-21,442.98565673828125,445.00466877614093,440.9266555057934,444.97468450587434,0
2011-04-25,443.195556640625,445.4744527408141,441.55633515484425,442.24600388937165,0
2011-04-26,450.26214599609375,450.9518147326263,443.2655313958772,444.3949592732585,0
2011-04-27,450.42205810546875,451.021743507223,444.8847290409996,447.2435729620811,0
2011-04-28,447.3235778808594,450.1821801414869,444.19508667061774,448.4030421708563,0
2011-04-29,449.34259033203125,450.2821381882323,446.873783603983,447.2435997915221,0
2011-05-02,444.8447570800781,450.57199691125106,444.00516698227807,450.4020657056255,0
2011-05-03,439.21746826171875,444.09511299571204,436.5587510746546,443.66532828011333,0
2011-05-04,439.48736572265625,442.70580969541703,433.96004134583006,442.09608884043695,0
2011-05-05,440.13702392578125,444.7048208943768,436.20893205251383,437.09848572860835,0
2011-05-06,443.4454345703125,448.4730006708443,441.70628585449055,444.7847828403249,0
2011-05-09,442.14605712890625,443.5653838287294,439.247465688703,443.53539955704116,0
2011-05-10,444.3749694824219,445.62436491738094,441.55632606047783,443.4354216751072,0
2011-05-11,440.6767883300781,446.53393963446183,438.0380504640244,443.665332524424,0
2011-05-12,446.91375732421875,448.25310559346394,438.22795766900805,439.637279404505,0
2011-05-13,440.73675537109375,447.2236068488198,440.57682909162133,444.93470582167333,0
2011-05-16,434.4797668457031,444.16508276700495,434.1099506747611,439.91713825776094,0
2011-05-17,429.2723083496094,431.85104720370407,425.25423295693383,431.85104720370407,0
2011-05-18,437.37835693359375,438.62775237394294,430.24182603978454,430.24182603978454,0
2011-05-19,433.66015625,435.5292469542033,429.8120121810305,435.5092676081094,0
2011-05-20,432.3507995605469,434.81960622023314,430.0419191807664,432.7206157378457,0
2011-05-23,423.13525390625,426.42367128483886,423.0852902891739,426.42367128483886,0
2011-05-24,420.00677490234375,425.8639568259616,419.7968850006329,424.6845348030651,0
2011-05-25,424.00482177734375,425.37415429472844,417.65788686199465,418.64742878920833,0
2011-05-26,428.0328674316406,428.9324565393716,422.0357693951301,423.49508521270997,0
2011-05-27,432.88055419921875,434.25989171225484,431.02146833578394,431.02146833578394,0
2011-05-31,439.38739013671875,439.4273793311963,435.20941914695123,435.8091045500236,0
2011-06-01,426.0738220214844,438.24792365990226,425.9038908233114,438.03803377036206,0
2011-06-02,426.2137756347656,430.2618046534797,423.9348795755602,426.78347677245324,0
2011-06-03,418.31756591796875,424.8444063712536,417.9477497541383,422.41558899570384,0
2011-06-06,415.1391296386719,419.74691601226874,414.8792456189511,417.93779380456436,0
2011-06-07,417.4380187988281,421.6459740486314,417.21812398395764,417.99774550889526,0
2011-06-08,408.7422180175781,415.4689740243559,407.53281177661785,415.2590536291305,0
2011-06-09,409.421875,411.84071794448255,407.1929731016251,409.6717540829796,0
2011-06-10,402.6051940917969,408.73223450992344,399.90651811098905,408.71225516292003,0
2011-06-13,398.8869934082031,405.15398078813314,397.5976392080355,403.58473271191303,0
2011-06-14,406.55328369140625,408.8321797959804,402.68516021811234,402.68516021811234,0
2011-06-15,398.247314453125,405.07399800269076,398.1173724414579,402.37532204066696,0
2011-06-16,393.67950439453125,399.176844382376,390.50104968587203,398.7870488628854,0
2011-06-17,388.0222473144531,397.5676470937408,386.9127987683581,396.907962619244,0
2011-06-20,388.5420227050781,390.2312078680513,386.77285914820635,387.4125642881152,0
2011-06-21,398.4172058105469,399.11687947103655,388.8418524022315,390.45108962023016,0
2011-06-22,396.53814697265625,400.31631769328,395.1987986751673,396.7680162197326,0
2011-06-23,402.36529541015625,402.6851479596484,389.17166752037383,392.05027946016764,0
2011-06-24,392.3101806640625,399.49670590422335,391.7804382007308,399.4867009794826,0
2011-06-27,395.0788269042969,397.15783804765977,389.0817286491501,392.0902827013842,0
2011-06-28,400.3262939453125,400.33629887012484,395.6785488276915,395.9883964686783,0
2011-06-29,399.9764709472656,402.21537780894494,397.19781671613924,401.48571989289275,0
2011-06-30,410.15155029296875,411.1110774715037,401.25586066229727,401.25586066229727,0
2011-07-01,418.90728759765625,419.39707135667373,408.84218102019634,411.05110363816783,0
2011-07-05,414.73931884765625,419.36708445246836,412.91018683614686,419.1571640558568,0
2011-07-06,411.5908508300781,413.569873703021,408.29242853714226,413.4699464691776,0
2011-07-07,420.1966857910156,422.3556448616437,414.399502908958,415.4589878460043,0
2011-07-08,413.599853515625,415.9087338443838,409.48185103321214,415.80880661161746,0
2011-07-11,406.5332946777344,414.7793045380789,405.28389924434885,409.2819646311826,0
2011-07-12,394.76898193359375,402.46527028079385,393.01982826403184,402.46527028079385,0
2011-07-13,393.67950439453125,399.9065023072319,392.2701826645819,397.4477005989124,0
2011-07-14,387.5724792480469,398.7570699221314,386.85282623808797,394.55908894690117,0
2011-07-15,389.88134765625,390.2211795528993,385.1536243677336,389.4615373704961,0
2011-07-18,384.4440002441406,389.6015085611013,381.43544610020854,387.7523971088413,0
2011-07-19,397.2178039550781,397.93745696103474,388.6319620037513,388.6319620037513,0
2011-07-20,394.91888427734375,399.1468493532332,392.6499931790753,397.657579775751,0
2011-07-21,398.6871032714844,399.7166039350027,389.1017447337431,393.35966382121256,0
2011-07-22,408.3623962402344,409.34193324118934,399.32675992366853,399.6566173997164,0
2011-07-25,402.8850402832031,405.6037259978978,400.04641748596316,403.2448820336576,0
2011-07-26,406.2734069824219,410.94116170046095,404.9840223660716,404.9840223660716,0
2011-07-27,390.94085693359375,400.95600034516536,390.22120390083995,400.95600034516536,0
2011-07-28,390.34112548828125,397.11784523475984,386.4430177585049,390.57102523364944,0
2011-07-29,386.75286865234375,390.64097149032773,381.8952032075034,384.2940669101905,0
2011-08-01,386.74285888671875,394.1192945236647,381.6353449148347,391.4305930678604,0
2011-08-02,374.9885559082031,386.35305172897245,374.95857163833904,382.674808443006,0
2011-08-03,379.20654296875,379.8661969525846,367.50218392162566,374.8386306630456,0
2011-08-04,357.1471862792969,374.30886477232843,357.05723346894695,373.09945854053285,0
2011-08-05,350.0506286621094,365.86298515225775,340.0854491095293,361.355156506759,0
2011-08-08,331.16973876953125,344.803156422631,329.7004485151613,339.02595314069845,0
2011-08-09,346.5223388671875,346.6822651495464,326.7219216684903,337.12689092404247,0
2011-08-10,339.37579345703125,350.5004154256538,334.90795410716765,340.0554572612386,0
2011-08-11,356.947265625,361.03528373988394,343.183936790658,343.6936693752367,0
2011-08-12,355.447998046875,362.81442863567327,352.86925929570486,359.9058324087795,0
2011-08-15,362.474609375,362.474609375,355.9977627496055,356.03772144280526,0
2011-08-16,355.2381286621094,361.52509538151276,350.8602419339112,357.9068203781294,0
2011-08-17,352.9292297363281,360.66547653430706,349.5008959721258,354.4684934580832,0
2011-08-18,332.0693359375,342.9440484649877,329.7904398247386,342.9440484649877,0
2011-08-19,326.1622009277344,339.5357353205122,325.2526373379328,330.0403294634791,0
2011-08-22,328.7809143066406,335.43769693283986,326.5819661107843,332.99887457118786,0
2011-08-23,345.922607421875,345.922607421875,329.70044619709637,330.87989866375085,0
2011-08-24,345.5228271484375,348.51137142692755,338.47624872156666,345.9326325332411,0
2011-08-25,336.1673278808594,347.6417868092714,335.5776168818802,344.0735060415384,0
2011-08-26,345.6127624511719,347.23197405850937,331.2696967211244,335.3977041290853,0
2011-08-29,358.26666259765625,358.2766675226072,349.8007574283931,349.84074662537705,0
2011-08-30,358.0567626953125,360.2256961517122,352.94921814763916,355.3780356229477,0
2011-08-31,355.6179504394531,363.45415539792225,352.9792124876848,360.4355963316278,0
2011-09-01,349.6808166503906,359.0263010377657,349.35095915868885,356.5874785954204,0
2011-09-02,341.29486083984375,344.903130899354,339.4557543272179,342.98404599328103,0
2011-09-06,338.9259948730469,339.4557373175149,330.86989554625154,331.64951707778596,0
2011-09-07,354.08868408203125,354.25858478579255,345.84267391111354,345.84267391111354,0
2011-09-08,351.97967529296875,360.9353332161469,350.16054822179905,351.71982178481466,0
2011-09-09,348.23150634765625,357.7469219616166,345.9925993809925,349.54087038649834,0
2011-09-12,358.786376953125,358.786376953125,346.9621120692808,347.70174440015944,0
2011-09-13,365.992919921875,367.06237924773643,358.2766523823344,359.7559170772083,0
2011-09-14,375.5483093261719,379.5563493629094,366.4926931492864,368.6916109356347,0
2011-09-15,380.90570068359375,381.98519547566497,376.12801351838027,379.54637302284607,0
2011-09-16,381.7253112792969,385.65340340336496,379.9961369294755,381.3155058957154,0
2011-09-19,377.30743408203125,379.60634009157957,371.1803937019452,375.21844847740437,0
2011-09-20,372.5797424316406,380.216031854015,372.3698220259446,378.6268044408839,0
2011-09-21,365.19329833984375,377.0675579271868,365.1033455251299,374.2189301166362,0
2011-09-22,352.609375,356.53746691551913,346.7422189347849,356.1476714024003,0
2011-09-23,359.77593994140625,361.2052410709826,348.9011966422463,349.0911071982398,0
2011-09-26,359.3261413574219,361.1452685036076,350.9601940733066,360.95535794973,0
2011-09-27,365.8330078125,373.5092864540545,363.6240546035255,364.48365457013756,0
2011-09-28,355.1881103515625,367.6820645456514,355.0981575417032,366.97241648821614,0
2011-09-29,350.65032958984375,361.1452511559639,343.8436257571856,359.71595011096855,0
2011-09-30,338.6561279296875,348.23148088420584,338.596159390524,346.6122693211568,0
2011-10-03,326.212158203125,340.3153502790387,325.9922633779677,336.57713825136426,0
2011-10-04,340.0654602050781,340.18539728714336,322.0841402492742,322.98372937040045,0
2011-10-05,350.6103515625,351.5199151208717,335.4176905150992,339.23585037477335,0
2011-10-06,354.99822998046875,355.1381464058472,345.9825731205899,350.5503700903798,0
2011-10-07,356.5574951171875,360.9053670398619,352.9892142608784,355.7878479700504,0
2011-10-10,366.61260986328125,368.2318214667651,362.0448128317518,362.08480202646524,0
2011-10-11,365.5231628417969,367.312275251237,362.9743776980657,364.5136415081652,0
2011-10-12,369.0014343261719,372.82959898212397,367.9719337181892,368.1918285326524,0
2011-10-13,376.4178771972656,377.3074309196447,367.2123398198378,367.7120980130092,0
2011-10-14,380.67578125,381.1055964613213,374.25890338429446,379.65628555714704,0
2011-10-17,370.1308898925781,378.1370254604679,369.0913843681103,377.67722598642735,0
2011-10-18,378.47686767578125,379.3764262971684,366.2627765642918,370.1109206420896,0
2011-10-19,369.9809875488281,377.29745478430846,369.1913610664137,377.08753438209976,0
2011-10-20,363.7040100097656,366.56261209554793,356.79734845274845,366.56261209554793,0
2011-10-21,371.9200439453125,376.63776238828797,368.78154793112293,368.78154793112293,0
2011-10-24,384.4639587402344,384.94373757026386,373.2893732442719,373.31935751472264,0
2011-10-25,377.2774353027344,384.47396526911734,376.68772431286413,381.35547911795754,0
2011-10-26,379.2964782714844,383.4744493245672,371.21039460079095,380.92566431161146,0
2011-10-27,395.548583984375,397.8274800042159,387.52246904798454,388.6319480394272,0
2011-10-28,396.1383056640625,396.43817887384944,392.51008689847146,393.3296671317911,0
2011-10-31,386.3030700683594,392.29019383539264,386.23312710496606,392.0802734367564,0
2011-11-01,373.86907958984375,378.3269444856726,371.6101933742744,375.9280808365302,0
2011-11-02,375.6982116699219,379.0365926288154,372.68965768629914,377.32742820586617,0
2011-11-03,386.9627685546875,387.59246876778184,371.7401532889435,379.7562638441162,0
2011-11-04,391.2906799316406,392.65000755495714,383.6143710195994,383.71432875727123,0
2011-11-07,390.68096923828125,391.680485635341,383.6343908401381,389.6114793727506,0
2011-11-08,393.0298156738281,394.778969265441,386.52295455212663,393.0698048681397,0
2011-11-09,374.8586120605469,383.8842432790632,374.1789177756073,383.8342491609904,0
2011-11-10,377.96710205078125,380.6058398589185,372.359829962717,379.6063235078638,0
2011-11-11,391.4106140136719,392.79992589735224,382.39495689386933,382.69483010458487,0
2011-11-14,386.373046875,392.8699033023307,384.1740986523143,390.62099146210085,0
2011-11-15,392.0403137207031,394.1892677988364,385.07368345616334,385.50346817122625,0
2011-11-16,389.7314453125,395.86846010299405,386.67289708785415,388.52200851514874,0
2011-11-17,374.1689453125,388.2921159764814,370.34078067600893,388.1521690485263,0
2011-11-18,371.0704650878906,376.50783676738394,369.42126912139736,376.10803630623707,0
2011-11-21,364.02386474609375,366.3527244067587,358.99629875505553,366.22278240156635,0
2011-11-22,359.4860534667969,366.4726629800627,357.41704730527255,362.74448652294717,0
2011-11-23,348.0016174316406,355.95775895525344,347.94161838866313,355.93774910665496,0
2011-11-25,343.97357177734375,351.40994536841447,343.8935933876616,346.9621159068255,0
2011-11-28,354.99822998046875,357.39706308294075,351.5598913492256,353.4689712086463,0
2011-11-29,352.449462890625,358.1167342163009,351.6198777120981,355.55797471025585,0
2011-11-30,373.13946533203125,373.4093237758075,360.95535812067527,360.95535812067527,0
2011-12-01,375.12847900390625,375.8980956126494,370.0809336358431,372.9995042972423,0
2011-12-02,374.38885498046875,380.91569567299837,373.9890545320193,378.7567366479882,0
2011-12-05,377.9371337890625,381.7153045359728,375.7981845686691,379.7562609457133,0
2011-12-06,377.22747802734375,379.1865215778062,374.27889252560766,378.0070995782394,0
2011-12-07,381.66534423828125,382.6648606403703,372.0299914807889,376.12801482991813,0
2011-12-08,370.95050048828125,382.67480751911404,370.0109526977167,378.4868621583862,0
2011-12-09,375.48834228515625,376.857674883193,364.4736519509886,367.3822483576043,0
2011-12-12,364.973388671875,368.7515592503103,360.8153970004363,368.7515592503103,0
2011-12-13,356.3575744628906,369.09140340897375,354.57843652300073,367.3922438612246,0
2011-12-14,350.5603942871094,357.99679866557045,348.8811835705263,356.79736679698533,0
2011-12-15,349.8707275390625,356.9673000460021,348.5413536517821,356.16766862809897,0
2011-12-16,352.6893310546875,357.65692862493717,351.4799247899102,352.11962990693485,0
2011-12-19,343.1939392089844,354.3285666354404,342.5742439164765,353.36903942455154,0
2011-12-20,358.5565185546875,359.4460722629275,349.5608712205837,349.5608712205837,0
2011-12-21,354.2785949707031,359.5360304154638,349.78077123685324,358.7664137797978,0
2011-12-22,366.6325988769531,367.8520100739121,355.80784996274724,355.8178243845749,0
2011-12-23,368.4217529296875,368.64164775886815,364.11383966499307,367.74208909506365,0
2011-12-27,367.83203125,370.8405547994941,366.29276749034915,367.3022887908942,0
2011-12-28,362.4146423339844,368.1118979289389,361.90487921679244,367.6421240079316,0
2011-12-29,365.7530212402344,366.3127479722388,362.04482401500024,363.81395702478363,0
2011-12-30,364.26373291015625,367.042387081072,364.0738223676663,365.51312831979135,0
2012-01-03,368.4217529296875,374.71869407913863,367.7820477892274,371.4402814913309,0
2012-01-04,368.4817199707031,369.34128943401765,363.96391682020726,366.89249255380645,0
2012-01-05,373.9890441894531,374.3188711620275,367.32225674778397,368.19183108738906,0
2012-01-06,375.0385437011719,375.57829109633957,370.9405203729219,373.48930548695506,0
2012-01-09,382.40496826171875,382.98470484384586,376.3678807841845,377.517349023734,0
2012-01-10,386.0931701660156,388.2121399240099,384.28404803285156,386.90277596029046,0
2012-01-11,387.7024230957031,388.44205545565023,383.7843054667207,384.5539220979408,0
2012-01-12,391.560546875,392.3301635164323,386.15315952967444,388.8418610665018,0
2012-01-13,383.2845458984375,389.1517021447024,382.6448407764884,389.1517021447024,0
2012-01-17,385.03369140625,388.8718305482449,384.4439804172714,386.85281849261554,0
2012-01-18,404.4043273925781,405.05400692928526,390.6010088317094,390.6010088317094,0
2012-01-19,411.9106750488281,412.6703172480707,407.0130509548276,407.1130086920151,0
2012-01-20,414.1396179199219,414.7293289304634,410.3714521056539,410.5013941169768,0
2012-01-23,412.89019775390625,415.9687251367645,409.8916487591527,413.8697347398735,0
2012-01-24,414.33953857421875,415.66888197003897,410.05160466110465,410.9911525209072,0
2012-01-25,416.24859619140625,417.03819214593926,409.8117084566739,414.3195064536124,0
2012-01-26,411.74078369140625,419.9268253568762,409.65179809890446,416.1186703553214,0
2012-01-27,413.1401062011719,414.52944864217585,409.2619776785311,410.0415992524667,0
2012-01-30,408.54229736328125,409.7417291674544,404.21440505019683,407.72271715000807,0
2012-01-31,408.7422180175781,412.54036794095305,406.3033956868828,411.5508565167872,0
2012-02-01,418.5374755859375,421.1961927941159,412.82024072159703,414.44945728737866,0
2012-02-02,420.3565979003906,423.43512537061537,418.3175759853032,419.1871808408274,0
2012-02-03,427.7829895019531,428.4926680668855,423.52507062644895,425.08431367992677,0
2012-02-06,421.66595458984375,424.3146667972809,419.74690029354963,424.3146667972809,0
2012-02-07,422.09576416015625,423.2851911181889,417.29809763399516,420.5365210140129,0
2012-02-08,427.3832092285156,430.21185769173456,422.91536974835657,422.945354019922,0
2012-02-09,428.7725524902344,429.7320796850243,425.26424019611994,428.54265273923676,0
2012-02-10,419.9468078613281,426.03385905527495,418.4375588446296,425.93393181788724,0
2012-02-13,421.52606201171875,424.5645699032283,415.86879553196087,423.4551213414801,0
2012-02-14,423.25518798828125,423.3551457245435,419.2871068309362,420.12669691046574,0
2012-02-15,425.27423095703125,430.2718127467278,424.50458383961416,424.65450519274134,0
2012-02-16,435.669189453125,436.358858171581,424.6944890011369,424.8743946226076,0
2012-02-17,431.8310546875,438.417863808633,431.0014390310171,438.0880063298035,0
2012-02-21,425.7939758300781,432.50072216680013,424.09478579113096,431.8910318192886,0
2012-02-22,423.85491943359375,427.91295355142057,422.3556448431803,425.32420975231173,0
2012-02-23,424.4646301269531,425.2842103679362,418.38755351781026,423.23521401125015,0
2012-02-24,423.5850524902344,427.7030550688355,422.99534149017444,425.75398593927304,0
2012-02-27,424.0448303222656,426.99341588686,418.31759040136467,421.1462388790828,0
2012-02-28,430.78155517578125,432.85056140459716,424.79446181602924,425.1742829211629,0
2012-02-29,423.9648742675781,431.26133160502764,423.5150796976341,431.26133160502764,0
2012-03-01,424.5745544433594,428.52265623173355,422.89537429401685,425.6740285302449,0
2012-03-02,420.1466979980469,426.9234175369801,419.6669191756841,424.1447633426167,0
2012-03-05,409.4518737792969,418.677420830838,408.22248816927566,418.677420830838,0
2012-03-06,405.7536926269531,406.6932404781906,401.0459484459166,405.16395111160267,0
2012-03-07,412.0406188964844,413.6698354611765,406.6832257908852,406.6832257908852,0
2012-03-08,418.1476745605469,419.13718599427955,413.75978310662236,415.47895246286794,0
2012-03-09,422.6455078125,422.95535545038894,417.917784349287,417.917784349287,0
2012-03-12,418.3675842285156,422.2756969881914,417.23812582319204,421.9558444215331,0
2012-03-13,427.992919921875,428.0128992681709,421.73593771274346,421.8858590670095,0
2012-03-14,426.44366455078125,433.5402370679034,425.65403805660003,429.4721980126644,0
2012-03-15,434.77960205078125,435.18940740964763,428.1528038502277,428.34271439464914,0
2012-03-16,435.1994323730469,436.3488701139649,433.1104467910399,435.7591591078038,0
2012-03-19,438.47784423828125,440.20701856086,433.610204336411,434.67969418626296,0
2012-03-20,435.3293762207031,436.7686822598153,431.83106886229814,435.4692926535732,0
2012-03-21,436.97857666015625,438.9376202602461,434.1899173678088,435.9890651866348,0
2012-03-22,434.3298645019531,435.53927080378566,431.0014578121661,434.119944096162,0
2012-03-23,435.4692687988281,435.7391577306395,430.10187096912074,433.77010933380205,0
2012-03-26,441.6662902832031,441.6862696292186,436.4188294378052,438.5478041469604,0
2012-03-27,441.3864440917969,444.74480452211594,441.3364499705862,441.89617670897275,0
2012-03-28,435.88909912109375,442.2060499590594,433.2104025451984,441.2864814688465,0
2012-03-29,436.63873291015625,437.21843898427943,430.7315874953377,433.54022605851145,0
2012-03-30,438.4278869628906,440.8067103650644,434.779627712072,439.29746134771335,0
2012-04-02,438.22796630859375,439.6872516900008,431.7610940771035,436.5787703737986,0
2012-04-03,431.29132080078125,437.08850364170337,429.7320776779727,436.4788132872549,0
2012-04-04,421.6959533691406,425.37416631594095,418.05772961821094,425.29421842701885,0
2012-04-05,422.9953308105469,424.16474785650416,420.3166038149049,420.686450486151,0
2012-04-09,416.8782653808594,418.2276185524473,414.40945877894654,416.8482811105049,0
2012-04-10,409.4518737792969,419.6769371981756,408.45235741195927,415.72883534606444,0
2012-04-11,416.2186279296875,419.1271937778062,413.6198792189657,413.70983203359435,0
2012-04-12,423.9548645019531,425.58408105529134,416.6683816695396,417.5679402963369,0
2012-04-13,416.2286071777344,423.70500083158316,416.1786435588567,422.2956790470876,0
2012-04-16,416.49847412109375,420.38657685062583,412.92018851618104,420.0367400285071,0
2012-04-17,422.9953308105469,424.894405771793,418.8373391411936,418.90728210343417,0
2012-04-18,419.30712890625,421.1961990145694,415.32904270843807,418.23763905241435,0
2012-04-19,414.82928466796875,424.52460581812284,412.48041505913557,417.75786035972993,0
2012-04-20,404.97406005859375,413.47992360446693,404.71417604213053,413.1300867752632,0
2012-04-23,399.95648193359375,400.46624505922784,396.40821090962794,399.6766185613048,0
2012-04-24,396.907958984375,402.0954514157035,395.66853793629855,401.0559458439417,0
2012-04-25,406.2034606933594,406.7132238205632,401.4857420439471,402.64518473352007,0
2012-04-26,414.99920654296875,415.778828086793,406.86312869847853,407.13298713574966,0
2012-04-27,415.7088623046875,416.49848878764953,411.1310601912722,414.8992564750904,0
2012-04-30,413.1900939941406,415.21911104028044,412.9202050477607,415.21911104028044,0
2012-05-01,414.6693420410156,417.94775443939164,411.9306770108629,412.8002513523891,0
2012-05-02,416.6084289550781,417.5179925409695,411.11108874569214,411.80075750309527,0
2012-05-03,406.29339599609375,416.97822833998794,405.7336692739194,416.77834336939344,0
2012-05-04,397.74755859375,406.49332709237626,397.0678947625335,404.31438866139524,0
2012-05-07,396.7280578613281,399.67661290211925,396.01837926432773,396.2482790144177,0
2012-05-08,394.16925048828125,395.29870883662056,386.0231983912424,393.77945497587365,0
2012-05-09,392.9598388671875,394.84893937141436,384.6838448785174,388.3420783050566,0
2012-05-10,391.550537109375,395.18879137549925,388.31211379767876,395.18879137549925,0
2012-05-11,394.4091796875,399.04691994727887,391.57055675638657,391.58053117852336,0
2012-05-14,390.1212463378906,392.78996856556114,388.5720081083198,390.76095147966186,0
2012-05-15,386.1031799316406,393.3896321714787,385.28356920279805,390.05125121806697,0
2012-05-16,379.6363220214844,388.7019429863513,379.4864006637651,386.36304779465235,0
2012-05-17,371.2703552246094,381.34546647069135,371.2503453760851,380.31596586467896,0
2012-05-18,364.3037414550781,373.8491106905925,363.61407271210044,372.7596414958586,0
2012-05-21,373.669189453125,373.9590577322375,364.31370065818373,364.4736269327693,0
2012-05-22,370.80059814453125,373.31936844458824,368.24183864842973,373.189426434558,0
2012-05-23,372.14990234375,372.59969689412173,363.42414429020795,367.5421466961744,0
2012-05-24,366.8924865722656,372.599716586865,364.77351671761613,372.06997412320266,0
2012-05-25,371.9300231933594,373.28938132312015,366.90245705352856,366.90245705352856,0
2012-05-29,379.47637939453125,380.70579548051614,375.3283926612517,375.65821963402817,0
2012-05-30,372.02001953125,377.28746002425345,370.95052965322975,377.28746002425345,0
2012-05-31,368.19183349609375,371.8300876566545,364.2037730147869,371.7001456505175,0
2012-06-01,352.99920654296875,362.25470730148305,352.98920161845945,361.72496485040483,0
2012-06-04,352.5194396972656,357.7868801164734,348.77125321703113,354.0587034859381,0
2012-06-05,360.3256530761719,361.0453060860623,352.4394542385053,352.46946901245235,0
2012-06-06,372.38983154296875,372.64968506440533,363.13429994107435,363.1842635598222,0
2012-06-07,367.2922668457031,377.7372246907941,366.8324978748917,376.0580140749819,0
2012-06-08,372.54974365234375,373.12944971960565,364.70353412981257,366.1228302787047,0
2012-06-11,365.5131530761719,377.61728198318264,365.07336342196777,376.74770759963076,0
2012-06-12,373.5592346191406,373.8390979798231,366.9024520013157,367.392235759624,0
2012-06-13,369.6111755371094,375.12849504588496,368.191848837698,373.4893040227032,0
2012-06-14,368.9714660644531,370.8105725457473,364.67355782589624,369.60116626513707,0
2012-06-15,374.96856689453125,375.2084715695921,369.00145283747133,369.10141057684507,0
2012-06-18,380.3659362792969,382.2350574834759,373.0294899019362,373.44930019181845,0
2012-06-19,384.75384521484375,386.32309328253604,381.26554274193455,383.13463352831076,0
2012-06-20,388.4020690917969,389.9113485967885,384.4639720875233,386.08318375371124,0
2012-06-21,372.52972412109375,387.10268934522287,371.96999741455454,386.9627424171792,0
2012-06-22,378.46685791015625,379.18651089862425,374.05898716864215,374.4188289142852,0
2012-06-25,365.3731994628906,375.508310168457,364.79349338538907,375.508310168457,0
2012-06-26,366.69256591796875,368.83154559191814,362.8244424450797,365.5631075389972,0
2012-06-27,371.53021240234375,372.7896127591089,367.182310197014,367.9719366510824,0
2012-06-28,369.20135498046875,370.57068750225136,364.35369457272793,368.66160760960213,0
2012-06-29,385.2735595703125,385.31354876466986,370.8605510405117,370.8605510405117,0
2012-07-02,384.6039123535156,387.71239362124953,382.0651322342437,386.4929824303695,0
2012-07-03,390.1112365722656,390.1212414971129,384.5139691653207,384.8038069576956,0
2012-07-05,385.49346923828125,389.5914924874961,381.9451982985037,389.5914924874961,0
2012-07-06,375.858154296875,385.4934764980847,372.6796689737248,385.4934764980847,0
2012-07-09,371.29034423828125,376.37787886087966,369.6711326121787,375.038530596044,0
2012-07-10,362.8344421386719,373.0095113216887,360.5155568721636,369.20135644569893,0
2012-07-11,359.4960632324219,364.8434513652403,357.54699412598734,362.97436064931986,0
2012-07-12,353.5189514160156,359.24619126307505,350.3304917187775,359.24619126307505,0
2012-07-13,356.83734130859375,357.7968684622832,353.60889252219823,353.9187401499815,0
2012-07-16,352.97918701171875,354.97821967836063,350.25052694355605,354.80831898327403,0
2012-07-17,351.280029296875,354.5684160878551,345.33289488285925,354.1686156530984,0
2012-07-18,363.7340087890625,365.66306807798287,349.53088959805234,350.0906163295233,0
2012-07-19,371.160400390625,373.83909690701586,368.22181986048236,368.22181986048236,0
2012-07-20,364.8334655761719,371.6901329624152,364.803481306368,371.6901329624152,0
2012-07-23,361.485107421875,363.134303392888,352.9392238401931,358.2266741740993,0
2012-07-24,360.0557861328125,362.7344826330472,356.1676528857342,362.2347244575041,0
2012-07-25,366.95245361328125,371.6102036062401,363.6140725631147,363.7739988443155,0
2012-07-26,375.3583984375,377.9871314572395,371.35032790148495,372.63971260184945,0
2012-07-27,384.044189453125,385.1536379929498,375.42833263998676,376.58777530047513,0
2012-07-30,380.4259033203125,386.60293754526225,378.34692273361725,384.4239687201881,0
2012-07-31,383.534423828125,387.8423369550853,382.2850283620038,382.2850283620038,0
2012-08-01,383.64434814453125,386.9127861388882,381.0156457599217,386.0232019438435,0
2012-08-02,381.2955017089844,388.03223203277,378.3469163253903,380.495870340862,0
2012-08-03,389.9113464355469,391.9503683941352,384.6039168912075,386.71288181434244,0
2012-08-06,391.8903503417969,393.93937712572136,390.6909490441312,391.1507180164288,0
2012-08-07,399.86651611328125,402.96502295752316,394.5291023635417,394.6490394473621,0
2012-08-08,400.95599365234375,401.705630944665,397.78754377837805,398.78706016813976,0
2012-08-09,403.7846374511719,404.3643435292945,400.4062672123636,400.5362092219823,0
2012-08-10,405.7636413574219,405.8336148212967,402.6851444779264,403.5547188058002,0
2012-08-13,402.21539306640625,405.1239894137346,397.9874277671892,405.1239894137346,0
2012-08-14,398.9269714355469,404.8441218075557,397.5476339550856,404.18443733851694,0
2012-08-15,401.28582763671875,403.3348239145799,397.83748409290416,397.83748409290416,0
2012-08-16,408.06256103515625,408.59230348862246,401.1558992909864,401.1558992909864,0
2012-08-17,404.9440612792969,406.82312636058634,403.4047975876405,406.70318928122936,0
2012-08-20,402.095458984375,404.3243610228607,399.4067574422745,404.25441805737125,0
2012-08-21,402.10540771484375,407.3029048365849,400.71609587637556,402.90503908124424,0
2012-08-22,398.9769592285156,401.4857245526266,396.6180847551674,400.99597129665466,0
2012-08-23,396.4681701660156,398.48718226860245,394.29920620447035,398.05739754673016,0
2012-08-24,398.757080078125,399.7765758253579,394.0593407958544,396.2182998807179,0
2012-08-27,397.28778076171875,399.586656229142,395.6585641857294,399.57665130446355,0
2012-08-28,396.8479919433594,398.8370197780927,395.2587645599487,396.1583232011296,0
2012-08-29,397.2278137207031,398.8569998000312,394.1592911091017,396.9079611579757,0
2012-08-30,390.51104736328125,395.2687244134608,390.1412006940495,395.2687244134608,0
2012-08-31,395.9883728027344,397.54761583929354,390.2811430919592,393.57953478403033,0
2012-09-04,392.6300354003906,395.5785904473959,388.4320543638298,395.56861602541926,0
2012-09-05,390.08123779296875,394.68902406171156,388.90181581199937,393.13975540616366,0
2012-09-06,404.3443603515625,404.4642974353605,393.819454208825,393.899402097084,0
2012-09-07,401.03594970703125,401.5756665654098,398.8370015709111,400.1063763341881,0
2012-09-10,394.0693359375,399.6966180116158,393.69951975904235,398.99694434768793,0
2012-09-11,396.5481262207031,398.49719539910615,393.5295976779383,394.7989725231485,0
2012-09-12,397.7575378417969,400.43623429977873,395.5485847787104,397.6675545291384,0
2012-09-13,401.595703125,402.5252460568515,394.04933599901983,396.5981211221601,0
2012-09-14,406.38336181640625,410.6213320664342,402.38529624271695,402.42528543924334,0
2012-09-17,402.2853698730469,406.3134197271114,400.796069701719,406.3134197271114,0
2012-09-18,400.586181640625,402.1954189063674,399.20684412793713,401.1959025061959,0
2012-09-19,398.3372497558594,400.8360406309251,397.4876547577734,399.6066245393782,0
2012-09-20,394.43914794921875,396.42817575440864,392.36013682871,396.42817575440864,0
2012-09-21,394.9689025878906,398.8070418870669,394.73900283586295,396.8879569860689,0
2012-09-24,388.8118591308594,391.7304602864493,387.33256395572226,391.7304602864493,0
2012-09-25,379.196533203125,391.66050381588826,379.01662757346674,390.65098250032867,0
2012-09-26,376.7876892089844,377.8471741265545,371.8200916037357,377.8471741265545,0
2012-09-27,385.2735595703125,386.1531388292664,377.2074858950459,378.5368292049526,0
2012-09-28,382.0851135253906,384.8537934047503,381.465418253609,384.22409320832094,0
2012-10-01,380.9356689453125,386.0931770056847,379.65628922898276,383.94422293956757,0
2012-10-02,382.7747802734375,383.37449619562375,379.97614664032693,382.5948746476273,0
2012-10-03,380.98565673828125,383.7842902891485,379.9761354739815,383.57440039853793,0
2012-10-04,383.4644470214844,384.0241737452061,379.2864759398406,382.1850672954321,0
2012-10-05,383.0946350097656,389.2016959227984,382.3749819996155,385.0536785640779,0
2012-10-08,378.9466552734375,381.3255091712054,377.6772499314681,380.75577750604526,0
2012-10-09,372.9295349121094,378.16702138708104,371.59018664834576,378.16702138708104,0
2012-10-10,367.8520202636719,372.3098548764776,367.3322827155683,372.3098548764776,0
2012-10-11,368.4817199707031,372.22990647361604,368.4817199707031,370.36081568461464,0
2012-10-12,366.53265380859375,369.99100254581134,366.1728425427025,368.1918547078948,0
2012-10-15,371.96002197265625,372.5397280232608,368.16184161405437,369.0114365957691,0
2012-10-16,380.07611083984375,380.3759535546253,373.1894282964395,373.43930739303056,0
2012-10-17,379.22650146484375,381.58534540607616,376.07803106746536,376.6977263231173,0
2012-10-18,376.0980224609375,379.1165509492453,373.94906834327486,376.9276076355705,0
2012-10-19,364.7435302734375,375.37836867950244,364.6135882637779,375.37836867950244,0
2012-10-22,365.333251953125,368.0519378022845,363.1143243078344,365.0733679262108,0
2012-10-23,365.8729553222656,366.9024559640545,359.7459455917626,361.27520441894063,0
2012-10-24,360.34564208984375,368.9914833651245,360.0558042954374,367.9719571137839,0
2012-10-25,365.3032531738281,365.7730270869217,361.51507759815115,363.40414767228896,0
2012-10-26,367.10235595703125,369.5411782391,364.18375485620845,365.1233026453407,0
2012-10-31,366.85247802734375,370.10090610557774,365.4831455332775,368.3017889095291,0
2012-11-01,379.31646728515625,379.8162254765728,367.1823237562093,367.1823237562093,0
2012-11-02,372.12994384765625,380.0261172095679,372.0200116863675,379.91618504827915,0
2012-11-05,378.197021484375,379.1965378874722,370.85056982104646,371.65017074239626,0
2012-11-06,383.4344787597656,384.47398436271527,378.2569910977608,379.1565497625276,0
2012-11-07,373.0894775390625,379.0366123503506,370.90053417173596,378.856706718115,0
2012-11-08,368.6216125488281,375.5782682100427,368.6216125488281,373.7591411576828,0
2012-11-09,369.5212097167969,374.07900186859587,367.802040361096,368.4017257735812,0
2012-11-12,369.8410339355469,371.5002347597181,367.332268604439,370.590671208363,0
2012-11-13,366.2827453613281,369.9709630553297,366.18278762787094,367.1423452656788,0
2012-11-14,360.76544189453125,369.71112562864505,360.01580461523076,368.8015620694221,0
2012-11-15,355.9677734375,362.43461504660917,355.1381577716546,361.0553080830875,0
2012-11-16,355.82781982421875,357.2471464593644,349.62083184504047,356.8673253667415,0
2012-11-19,362.9643859863281,363.0543387984827,358.88634215174125,359.2261740541537,0
2012-11-20,361.635009765625,362.0348102068439,357.8968283608602,360.99533516023854,0
2012-11-21,362.3346862792969,363.53408761243526,360.9353389697407,361.70498609056034,0
2012-11-23,368.9814758300781,370.7706187169068,364.083851597909,364.19378375994347,0
2012-11-26,370.45074462890625,371.42027669529693,367.8120068595394,368.5116804961249,0
2012-11-27,369.6311340332031,373.059467747393,368.9714495906458,369.3812549490292,0
2012-11-28,373.6492004394531,373.9390687347289,364.1537946890409,367.19233306996233,0
2012-11-29,374.6487121582031,376.827681053771,372.0799782378215,374.8286482891607,0
2012-11-30,374.1689453125,376.02803105029585,372.9595390905096,374.76866121278886,0
2012-12-03,372.3598327636719,377.5972887216938,372.0200008620952,376.5877674386329,0
2012-12-04,374.8486328125,375.8181649368382,370.79059868452464,372.89956363896033,0
2012-12-05,374.2789001464844,375.88813740138784,371.6401927292709,374.4688107014634,0
2012-12-06,378.4468994140625,378.4768836859498,373.9590805389457,374.9485920140476,0
2012-12-07,379.2764587402344,380.0860645288015,376.6677357554775,378.96661111758857,0
2012-12-10,381.64532470703125,382.5149295771577,378.7367588932167,378.7367588932167,0
2012-12-11,388.8118591308594,389.9813066785341,383.3944671068192,383.43445630150353,0
2012-12-12,387.5524597167969,391.10076106033506,386.77283818405306,390.3711031439547,0
2012-12-13,383.4844665527344,390.2711608749143,382.255050412724,386.2331366236589,0
2012-12-14,380.8457336425781,383.7243457623662,378.9266487284461,382.34500824639946,0
2012-12-17,382.4349365234375,383.99417957113764,379.0265821491083,381.2955037591111,0
2012-12-18,388.5420227050781,389.54153910907075,383.2945615841167,383.87426767719165,0
2012-12-19,389.4700012207031,393.239990234375,389.44000244140625,390.29998779296875,0
2012-12-20,389.489990234375,390.07000732421875,385.7799987792969,389.9700012207031,0
2012-12-21,385.5899963378906,385.739990234375,379.20001220703125,381.3299865722656,0
2012-12-24,384.1400146484375,385.1600036621094,382.760009765625,384.3900146484375,0
2012-12-26,381.010009765625,387.2900085449219,380.8699951171875,384.6099853515625,0
2012-12-27,379.54998779296875,381.04998779296875,375.1600036621094,380.79998779296875,0
2012-12-28,376.8699951171875,380.6499938964844,376.55999755859375,376.8399963378906,0
2012-12-31,384.05999755859375,384.6300048828125,375.8699951171875,376.4700012207031,0
2013-01-02,399.7300109863281,399.82000732421875,392.7699890136719,392.7699890136719,0
2013-01-03,397.5400085449219,400.6700134277344,396.260009765625,396.9599914550781,0
2013-01-04,397.67999267578125,398.5899963378906,395.0,397.8500061035156,0
2013-01-07,395.7799987792969,397.55999755859375,393.8399963378906,395.7099914550781,0
2013-01-08,391.3599853515625,396.55999755859375,391.05999755859375,395.3999938964844,0
2013-01-09,395.4700012207031,395.5199890136719,392.8699951171875,393.3500061035156,0
2013-01-10,400.7300109863281,401.3500061035156,397.489990234375,399.4700012207031,0
2013-01-11,402.8599853515625,403.2300109863281,400.5,400.75,0
2013-01-14,401.8900146484375,403.0199890136719,398.67999267578125,401.4599914550781,0
2013-01-15,399.8699951171875,400.3900146484375,398.1000061035156,400.05999755859375,0
2013-01-16,404.4599914550781,405.510009765625,399.6300048828125,399.7300109863281,0
2013-01-17,412.5299987792969,413.2699890136719,405.29998779296875,405.29998779296875,0
2013-01-18,410.6400146484375,412.1600036621094,408.67999267578125,409.67999267578125,0
2013-01-22,409.6000061035156,410.2900085449219,407.05999755859375,410.2900085449219,0
2013-01-23,413.8800048828125,414.44000244140625,409.9200134277344,411.9200134277344,0
2013-01-24,410.239990234375,413.8800048828125,407.44000244140625,409.239990234375,0
2013-01-25,415.44000244140625,417.3599853515625,412.7699890136719,412.7900085449219,0
2013-01-28,416.1600036621094,417.7099914550781,414.989990234375,416.0400085449219,0
2013-01-29,413.2799987792969,415.0400085449219,411.9599914550781,414.2799987792969,0
2013-01-30,414.1000061035156,416.4100036621094,413.2300109863281,413.2900085449219,0
2013-01-31,412.7300109863281,416.1499938964844,411.9599914550781,414.92999267578125,0
2013-02-01,420.54998779296875,420.95001220703125,415.2300109863281,415.739990234375,0
2013-02-04,414.17999267578125,421.5400085449219,414.1199951171875,417.54998779296875,0
2013-02-05,420.69000244140625,421.4200134277344,415.3299865722656,416.5,0
2013-02-06,421.55999755859375,421.8299865722656,417.739990234375,417.7900085449219,0
2013-02-07,419.260009765625,420.6300048828125,415.4100036621094,420.6199951171875,0
2013-02-08,424.80999755859375,425.25,421.0899963378906,421.0899963378906,0
2013-02-11,425.239990234375,426.2699890136719,423.17999267578125,423.94000244140625,0
2013-02-12,426.2799987792969,426.94000244140625,423.760009765625,424.19000244140625,0
2013-02-13,427.4800109863281,429.1199951171875,424.79998779296875,426.8599853515625,0
2013-02-14,431.0799865722656,431.5199890136719,425.0799865722656,425.6199951171875,0
2013-02-15,428.5,432.2200012207031,426.7300109863281,431.05999755859375,0
2013-02-19,433.6400146484375,433.70001220703125,428.239990234375,428.69000244140625,0
2013-02-20,423.95001220703125,433.92999267578125,423.7799987792969,433.760009765625,0
2013-02-21,416.2699890136719,422.3999938964844,413.29998779296875,422.3699951171875,0
2013-02-22,424.9800109863281,425.260009765625,419.0799865722656,420.42999267578125,0
2013-02-25,416.6600036621094,428.5899963378906,416.6600036621094,427.6600036621094,0
2013-02-26,419.8900146484375,420.8900146484375,416.25,419.510009765625,0
2013-02-27,426.4599914550781,428.5299987792969,419.4800109863281,419.8599853515625,0
2013-02-28,426.6300048828125,430.2300109863281,425.6499938964844,426.17999267578125,0
2013-03-01,425.0899963378906,426.4200134277344,419.2900085449219,423.57000732421875,0
2013-03-04,424.010009765625,424.6300048828125,420.8399963378906,424.30999755859375,0
2013-03-05,432.3900146484375,433.239990234375,428.0899963378906,428.1400146484375,0
2013-03-06,432.9599914550781,435.25,431.6000061035156,434.0,0
2013-03-07,434.67999267578125,436.989990234375,433.3299865722656,434.55999755859375,0
2013-03-08,435.260009765625,437.5299987792969,431.5199890136719,436.0,0
2013-03-11,435.8500061035156,436.3599853515625,431.8900146484375,433.8900146484375,0
2013-03-12,437.6700134277344,438.0799865722656,434.30999755859375,434.8599853515625,0
2013-03-13,439.1400146484375,440.19000244140625,435.2699890136719,437.55999755859375,0
2013-03-14,441.5299987792969,443.4100036621094,440.57000732421875,441.44000244140625,0
2013-03-15,434.17999267578125,441.510009765625,432.9599914550781,441.510009765625,0
2013-03-18,428.3900146484375,432.1099853515625,426.29998779296875,429.04998779296875,0
2013-03-19,426.7300109863281,430.8699951171875,422.8999938964844,429.7300109863281,0
2013-03-20,432.010009765625,432.94000244140625,429.5199890136719,430.30999755859375,0
2013-03-21,425.25,429.79998779296875,424.6499938964844,428.7699890136719,0
2013-03-22,430.0799865722656,432.010009765625,427.739990234375,429.29998779296875,0
2013-03-25,429.1700134277344,433.0899963378906,426.70001220703125,431.57000732421875,0
2013-03-26,433.07000732421875,433.2799987792969,429.80999755859375,431.19000244140625,0
2013-03-27,433.5299987792969,434.2200012207031,427.95001220703125,429.4100036621094,0
2013-03-28,436.6600036621094,437.05999755859375,431.95001220703125,433.5899963378906,0
2013-04-01,427.79998779296875,435.75,426.5400085449219,435.6600036621094,0
2013-04-02,424.2099914550781,429.54998779296875,422.4800109863281,429.1400146484375,0
2013-04-03,415.80999755859375,425.4100036621094,414.2300109863281,424.5400085449219,0
2013-04-04,421.1400146484375,421.19000244140625,415.0899963378906,415.92999267578125,0
2013-04-05,418.92999267578125,419.5,411.989990234375,414.2799987792969,0
2013-04-08,424.1700134277344,424.20001220703125,415.57000732421875,419.2200012207031,0
2013-04-09,428.1400146484375,430.95001220703125,421.6600036621094,424.9599914550781,0
2013-04-10,437.3399963378906,437.6499938964844,428.94000244140625,428.94000244140625,0
2013-04-11,435.6300048828125,438.1400146484375,432.94000244140625,434.2099914550781,0
2013-04-12,433.6300048828125,434.79998779296875,428.70001220703125,433.7200012207031,0
2013-04-15,422.6700134277344,432.30999755859375,422.4800109863281,430.7699890136719,0
2013-04-16,431.8500061035156,432.2099914550781,425.239990234375,425.82000732421875,0
2013-04-17,417.6499938964844,426.2200012207031,415.760009765625,426.2200012207031,0
2013-04-18,413.8800048828125,423.5,412.69000244140625,421.1199951171875,0
2013-04-19,416.9700012207031,417.989990234375,410.67999267578125,413.3599853515625,0
2013-04-22,421.3699951171875,422.9100036621094,412.42999267578125,417.6300048828125,0
2013-04-23,430.2099914550781,431.17999267578125,424.57000732421875,425.3599853515625,0
2013-04-24,435.6499938964844,436.8999938964844,429.3299865722656,430.67999267578125,0
2013-04-25,439.9800109863281,442.69000244140625,435.7900085449219,436.17999267578125,0
2013-04-26,435.2900085449219,437.1700134277344,434.0899963378906,435.30999755859375,0
2013-04-29,440.79998779296875,441.7699890136719,435.7099914550781,436.67999267578125,0
2013-04-30,444.3599853515625,444.3699951171875,438.6499938964844,440.20001220703125,0
2013-05-01,440.79998779296875,444.760009765625,440.29998779296875,442.760009765625,0
2013-05-02,446.8900146484375,447.32000732421875,440.4599914550781,440.4599914550781,0
2013-05-03,450.9200134277344,453.7099914550781,450.1700134277344,450.32000732421875,0
2013-05-06,453.4700012207031,455.54998779296875,451.5400085449219,451.75,0
2013-05-07,453.6199951171875,455.3500061035156,451.17999267578125,454.1199951171875,0
2013-05-08,459.4700012207031,459.7799987792969,452.8599853515625,452.8900146484375,0
2013-05-09,461.8500061035156,463.7300109863281,458.3900146484375,458.6000061035156,0
2013-05-10,465.94000244140625,466.010009765625,462.55999755859375,462.95001220703125,0
2013-05-13,461.2799987792969,464.8299865722656,460.5899963378906,463.739990234375,0
2013-05-14,463.3299865722656,464.3599853515625,460.6300048828125,461.3699951171875,0
2013-05-15,467.82000732421875,469.3299865722656,462.5,462.6600036621094,0
2013-05-16,464.2799987792969,470.010009765625,464.1400146484375,468.6700134277344,0
2013-05-17,470.6300048828125,470.7699890136719,466.0299987792969,466.45001220703125,0
2013-05-20,469.1199951171875,472.1000061035156,468.67999267578125,469.6000061035156,0
2013-05-21,469.0299987792969,470.7699890136719,467.57000732421875,469.45001220703125,0
2013-05-22,461.6199951171875,473.8599853515625,459.6000061035156,469.2900085449219,0
2013-05-23,461.75,462.3900146484375,454.80999755859375,456.3500061035156,0
2013-05-24,461.5,461.510009765625,457.1300048828125,460.0299987792969,0
2013-05-28,465.94000244140625,469.3500061035156,464.7099914550781,465.79998779296875,0
2013-05-29,467.2900085449219,468.989990234375,462.9800109863281,463.3900146484375,0
2013-05-30,474.42999267578125,476.5,468.9800109863281,469.0799865722656,0
2013-05-31,468.6300048828125,475.6199951171875,468.55999755859375,471.739990234375,0
2013-06-03,470.7200012207031,474.1199951171875,465.010009765625,470.6400146484375,0
2013-06-04,472.45001220703125,477.5799865722656,470.5400085449219,473.1099853515625,0
2013-06-05,465.2900085449219,471.7300109863281,464.75,470.55999755859375,0
2013-06-06,464.6600036621094,468.5,460.0,466.1700134277344,0
2013-06-07,471.4700012207031,471.9700012207031,464.1000061035156,467.5299987792969,0
2013-06-10,473.9700012207031,474.8699951171875,470.3500061035156,471.8599853515625,0
2013-06-11,463.42999267578125,470.6700134277344,463.30999755859375,468.17999267578125,0
2013-06-12,458.3299865722656,468.80999755859375,457.6199951171875,468.19000244140625,0
2013-06-13,467.3800048828125,468.0799865722656,456.5,458.8299865722656,0
2013-06-14,465.5299987792969,469.6300048828125,464.6499938964844,467.6199951171875,0
2013-06-17,472.3399963378906,475.3299865722656,469.82000732421875,470.6000061035156,0
2013-06-18,480.05999755859375,480.5199890136719,473.1300048828125,473.19000244140625,0
2013-06-19,474.510009765625,482.05999755859375,474.3500061035156,479.760009765625,0
2013-06-20,459.7200012207031,468.260009765625,458.2200012207031,468.20001220703125,0
2013-06-21,460.8500061035156,464.3299865722656,455.7900085449219,462.1400146484375,0
2013-06-24,451.54998779296875,458.07000732421875,448.2300109863281,458.04998779296875,0
2013-06-25,462.510009765625,463.6199951171875,455.3699951171875,456.79998779296875,0
2013-06-26,464.92999267578125,467.20001220703125,462.20001220703125,466.80999755859375,0
2013-06-27,466.739990234375,470.8500061035156,466.6600036621094,467.8800048828125,0
2013-06-28,468.42999267578125,471.1300048828125,463.0299987792969,464.1400146484375,0
2013-07-01,467.7300109863281,472.760009765625,467.2900085449219,470.0199890136719,0
2013-07-02,468.17999267578125,472.8800048828125,465.260009765625,466.8800048828125,0
2013-07-03,469.79998779296875,471.7099914550781,465.1199951171875,465.75,0
2013-07-05,476.1199951171875,476.32000732421875,470.5400085449219,472.2799987792969,0
2013-07-08,466.5,477.75,464.8399963378906,477.4700012207031,0
2013-07-09,471.4100036621094,472.5799865722656,469.29998779296875,470.6000061035156,0
2013-07-10,476.70001220703125,477.6099853515625,470.1400146484375,470.3299865722656,0
2013-07-11,486.55999755859375,486.8500061035156,481.05999755859375,481.05999755859375,0
2013-07-12,489.6099853515625,490.1199951171875,486.7300109863281,487.94000244140625,0
2013-07-15,489.3299865722656,490.5,488.3299865722656,489.79998779296875,0
2013-07-16,491.05999755859375,493.2300109863281,488.989990234375,490.29998779296875,0
2013-07-17,491.5799865722656,493.20001220703125,489.9200134277344,491.3399963378906,0
2013-07-18,487.2200012207031,492.1000061035156,485.739990234375,492.1000061035156,0
2013-07-19,486.1700134277344,486.2200012207031,481.739990234375,484.4200134277344,0
2013-07-22,485.1499938964844,487.010009765625,483.1000061035156,487.010009765625,0
2013-07-23,483.5199890136719,490.1199951171875,482.7900085449219,486.739990234375,0
2013-07-24,474.69000244140625,483.6600036621094,473.95001220703125,483.239990234375,0
2013-07-25,477.3999938964844,477.42999267578125,471.8999938964844,473.42999267578125,0
2013-07-26,473.1199951171875,473.1600036621094,470.4700012207031,472.95001220703125,0
2013-07-29,469.9700012207031,473.6300048828125,469.1300048828125,471.760009765625,0
2013-07-30,475.5899963378906,476.5199890136719,471.1000061035156,471.1099853515625,0
2013-07-31,477.7799987792969,480.70001220703125,475.8500061035156,476.1099853515625,0
2013-08-01,486.6000061035156,486.7900085449219,481.760009765625,481.92999267578125,0
2013-08-02,483.3800048828125,483.9800109863281,480.42999267578125,483.9800109863281,0
2013-08-05,482.1400146484375,482.75,480.55999755859375,481.489990234375,0
2013-08-06,478.67999267578125,482.0299987792969,477.1099853515625,481.3399963378906,0
2013-08-07,474.1199951171875,477.2200012207031,472.20001220703125,477.2200012207031,0
2013-08-08,474.30999755859375,476.4700012207031,471.5899963378906,475.5400085449219,0
2013-08-09,471.760009765625,474.6099853515625,470.92999267578125,472.7099914550781,0
2013-08-12,473.6199951171875,475.0299987792969,469.82000732421875,470.1499938964844,0
2013-08-13,479.07000732421875,479.760009765625,472.239990234375,475.5299987792969,0
2013-08-14,471.3399963378906,475.7300109863281,470.8399963378906,472.80999755859375,0
2013-08-15,460.8399963378906,465.42999267578125,460.510009765625,464.5199890136719,0
2013-08-16,462.4599914550781,466.75,460.3399963378906,460.3399963378906,0
2013-08-19,459.2900085449219,464.07000732421875,459.0400085449219,462.1400146484375,0
2013-08-20,461.8299865722656,463.5400085449219,458.75,459.6199951171875,0
2013-08-21,458.5299987792969,462.4700012207031,456.92999267578125,459.4599914550781,0
2013-08-22,463.8299865722656,464.7300109863281,460.1099853515625,460.1700134277344,0
2013-08-23,463.82000732421875,464.9100036621094,461.25,464.3800048828125,0
2013-08-26,462.9200134277344,465.8399963378906,462.19000244140625,464.6199951171875,0
2013-08-27,451.2099914550781,458.0899963378906,450.55999755859375,458.0899963378906,0
2013-08-28,456.3900146484375,458.7200012207031,452.20001220703125,452.2099914550781,0
2013-08-29,461.82000732421875,463.1400146484375,456.1700134277344,456.1700134277344,0
2013-08-30,457.70001220703125,462.2900085449219,456.2300109863281,461.8900146484375,0
2013-09-03,461.6400146484375,467.2099914550781,459.2300109863281,462.94000244140625,0
2013-09-04,473.55999755859375,474.4700012207031,463.1700134277344,464.54998779296875,0
2013-09-05,477.0400085449219,478.0,474.1300048828125,474.2300109863281,0
2013-09-06,475.1000061035156,479.1199951171875,471.239990234375,478.8999938964844,0
2013-09-09,481.4200134277344,482.5400085449219,477.05999755859375,477.19000244140625,0
2013-09-10,490.6499938964844,490.67999267578125,485.4200134277344,485.4200134277344,0
2013-09-11,489.0400085449219,490.3500061035156,484.760009765625,488.7200012207031,0
2013-09-12,486.05999755859375,490.1600036621094,485.5799865722656,489.010009765625,0
2013-09-13,488.2300109863281,488.3699951171875,483.79998779296875,486.95001220703125,0
2013-09-16,490.3500061035156,493.8800048828125,489.6400146484375,492.17999267578125,0
2013-09-17,493.3999938964844,494.3699951171875,491.70001220703125,492.3800048828125,0
2013-09-18,497.6700134277344,498.07000732421875,491.2900085449219,493.29998779296875,0
2013-09-19,496.0899963378906,500.239990234375,494.5,498.95001220703125,0
2013-09-20,493.1499938964844,498.9599914550781,492.7300109863281,497.5199890136719,0
2013-09-23,491.2900085449219,496.260009765625,489.239990234375,494.8299865722656,0
2013-09-24,494.7300109863281,497.010009765625,491.010009765625,493.69000244140625,0
2013-09-25,494.95001220703125,497.6600036621094,492.010009765625,495.2900085449219,0
2013-09-26,494.7099914550781,498.0799865722656,492.82000732421875,496.7699890136719,0
2013-09-27,490.80999755859375,493.1000061035156,489.7799987792969,492.1499938964844,0
2013-09-30,490.8299865722656,492.6300048828125,484.54998779296875,485.4100036621094,0
2013-10-01,495.7699890136719,496.8599853515625,491.45001220703125,491.489990234375,0
2013-10-02,495.1000061035156,495.42999267578125,491.8999938964844,492.6700134277344,0
2013-10-03,493.79998779296875,497.4800109863281,488.9100036621094,495.3699951171875,0
2013-10-04,497.7200012207031,498.8599853515625,493.8900146484375,494.0899963378906,0
2013-10-07,495.0899963378906,498.70001220703125,492.2099914550781,492.7900085449219,0
2013-10-08,486.82000732421875,496.5899963378906,485.32000732421875,495.6300048828125,0
2013-10-09,485.1099853515625,488.6400146484375,480.1300048828125,487.8900146484375,0
2013-10-10,496.4800109863281,497.0299987792969,489.94000244140625,490.0299987792969,0
2013-10-11,497.3800048828125,498.9200134277344,492.739990234375,493.5199890136719,0
2013-10-14,500.9800109863281,501.7900085449219,493.7200012207031,493.95001220703125,0
2013-10-15,496.5,502.1300048828125,496.1199951171875,500.4100036621094,0
2013-10-16,501.5799865722656,501.95001220703125,497.0,497.0400085449219,0
2013-10-17,505.0899963378906,505.4100036621094,496.4100036621094,497.94000244140625,0
2013-10-18,506.44000244140625,506.7699890136719,502.2699890136719,504.5,0
2013-10-21,508.0400085449219,508.4800109863281,505.9700012207031,507.0799865722656,0
2013-10-22,507.1199951171875,508.75,504.2799987792969,507.7699890136719,0
2013-10-23,490.1099853515625,497.1600036621094,487.7200012207031,497.1600036621094,0
2013-10-24,494.1499938964844,496.3299865722656,493.1400146484375,493.8599853515625,0
2013-10-25,496.29998779296875,496.8399963378906,494.3399963378906,495.82000732421875,0
2013-10-28,499.489990234375,500.260009765625,495.4100036621094,496.30999755859375,0
2013-10-29,507.0400085449219,507.07000732421875,501.5400085449219,501.5400085449219,0
2013-10-30,504.3299865722656,508.75,502.3299865722656,507.3900146484375,0
2013-10-31,507.0899963378906,510.1700134277344,505.0400085449219,505.3900146484375,0
2013-11-01,505.3999938964844,509.2900085449219,503.57000732421875,507.92999267578125,0
2013-11-04,504.67999267578125,506.3599853515625,503.57000732421875,506.25,0
2013-11-05,503.1300048828125,505.07000732421875,498.75,501.3900146484375,0
2013-11-06,504.9100036621094,505.0799865722656,501.7699890136719,504.7099914550781,0
2013-11-07,495.20001220703125,504.20001220703125,494.44000244140625,503.9800109863281,0
2013-11-08,500.9800109863281,500.989990234375,493.4599914550781,496.0899963378906,0
2013-11-11,500.3999938964844,501.2900085449219,497.82000732421875,499.7099914550781,0
2013-11-12,503.6099853515625,503.8800048828125,499.07000732421875,499.2099914550781,0
2013-11-13,508.0,508.1300048828125,500.70001220703125,501.42999267578125,0
2013-11-14,505.3900146484375,507.4100036621094,504.6199951171875,506.6400146484375,0
2013-11-15,508.94000244140625,509.4700012207031,503.0,507.2200012207031,0
2013-11-18,504.2200012207031,509.7099914550781,503.260009765625,508.8399963378906,0
2013-11-19,497.8800048828125,504.92999267578125,497.29998779296875,503.6700134277344,0
2013-11-20,495.6300048828125,499.82000732421875,494.29998779296875,498.489990234375,0
2013-11-21,504.2300109863281,504.5199890136719,497.1000061035156,497.42999267578125,0
2013-11-22,504.6099853515625,505.1000061035156,502.010009765625,502.9800109863281,0
2013-11-25,504.010009765625,505.30999755859375,500.6499938964844,505.0400085449219,0
2013-11-26,508.32000732421875,509.29998779296875,504.6300048828125,505.2300109863281,0
2013-11-27,510.010009765625,510.2200012207031,505.1400146484375,506.3599853515625,0
2013-11-29,510.25,512.4500122070312,509.7799987792969,510.3800048828125,0
2013-12-02,509.3999938964844,512.0700073242188,508.7799987792969,510.44000244140625,0
2013-12-03,511.20001220703125,512.8900146484375,508.0799865722656,508.3800048828125,0
2013-12-04,508.7699890136719,512.27001953125,505.2099914550781,509.07000732421875,0
2013-12-05,509.95001220703125,511.9100036621094,508.5299987792969,509.29998779296875,0
2013-12-06,515.6300048828125,517.0399780273438,514.4000244140625,515.739990234375,0
2013-12-09,516.8099975585938,518.969970703125,516.0599975585938,516.6199951171875,0
2013-12-10,515.3400268554688,517.8900146484375,513.9000244140625,516.3300170898438,0
2013-12-11,510.1700134277344,516.8400268554688,509.8399963378906,514.9000244140625,0
2013-12-12,505.8399963378906,511.20001220703125,505.55999755859375,510.17999267578125,0
2013-12-13,505.5199890136719,508.5400085449219,504.29998779296875,507.5400085449219,0
2013-12-16,512.1500244140625,515.1099853515625,511.8699951171875,512.02001953125,0
2013-12-17,517.1799926757812,518.7100219726562,512.1900024414062,512.1900024414062,0
2013-12-18,521.0700073242188,521.1900024414062,509.6400146484375,516.719970703125,0
2013-12-19,517.780029296875,519.8800048828125,515.5800170898438,519.8800048828125,0
2013-12-20,522.0900268554688,523.5999755859375,517.9299926757812,518.0800170898438,0
2013-12-23,526.6500244140625,527.0999755859375,523.7999877929688,524.1300048828125,0
2013-12-24,528.3499755859375,529.530029296875,526.719970703125,526.75,0
2013-12-26,529.8300170898438,530.9600219726562,528.530029296875,529.8200073242188,0
2013-12-27,529.9600219726562,531.5900268554688,529.4199829101562,531.25,0
2013-12-30,531.5700073242188,532.1799926757812,529.3200073242188,529.6400146484375,0
2013-12-31,535.030029296875,535.7899780273438,532.6500244140625,533.030029296875,0
2014-01-02,527.75,530.75,525.9500122070312,530.6699829101562,0
2014-01-03,526.6799926757812,528.27001953125,524.4600219726562,526.9099731445312,0
2014-01-06,523.77001953125,527.0999755859375,522.8800048828125,527.0999755859375,0
2014-01-07,527.4299926757812,528.2899780273438,524.47998046875,525.1500244140625,0
2014-01-08,535.760009765625,535.8900146484375,530.239990234375,532.0399780273438,0
2014-01-09,531.489990234375,536.1900024414062,529.5800170898438,535.72998046875,0
2014-01-10,533.7000122070312,534.6900024414062,531.3499755859375,533.3599853515625,0
2014-01-13,527.6599731445312,534.8900146484375,526.260009765625,533.1099853515625,0
2014-01-14,539.6099853515625,540.1400146484375,529.0999755859375,529.1500244140625,0
2014-01-15,544.2100219726562,545.75,541.239990234375,541.27001953125,0
2014-01-16,541.0499877929688,544.1599731445312,540.0999755859375,543.1900024414062,0
2014-01-17,538.1400146484375,541.989990234375,536.9000244140625,538.4199829101562,0
2014-01-21,541.5,541.760009765625,537.1900024414062,540.6400146484375,0
2014-01-22,547.469970703125,547.9199829101562,540.239990234375,541.0399780273438,0
2014-01-23,541.489990234375,544.4299926757812,538.5599975585938,544.0599975585938,0
2014-01-24,528.8900146484375,539.3200073242188,528.5599975585938,538.9000244140625,0
2014-01-27,525.27001953125,531.489990234375,522.280029296875,529.8699951171875,0
2014-01-28,527.5399780273438,528.6599731445312,522.260009765625,523.780029296875,0
2014-01-29,525.1400146484375,529.9299926757812,523.9099731445312,524.030029296875,0
2014-01-30,531.9600219726562,533.3300170898438,527.6099853515625,529.8900146484375,0
2014-01-31,529.1799926757812,531.6300048828125,525.469970703125,525.5700073242188,0
2014-02-03,517.4600219726562,529.2000122070312,516.4299926757812,528.1400146484375,0
2014-02-04,518.3400268554688,519.1199951171875,515.3200073242188,518.030029296875,0
2014-02-05,518.4600219726562,520.6900024414062,512.719970703125,516.5,0
2014-02-06,526.6699829101562,527.7999877929688,519.6300048828125,519.9000244140625,0
2014-02-07,535.3099975585938,535.6099853515625,526.9600219726562,529.5800170898438,0
2014-02-10,538.0399780273438,538.5,534.3499755859375,534.780029296875,0
2014-02-11,544.8599853515625,546.22998046875,538.25,538.47998046875,0
2014-02-12,549.47998046875,550.3400268554688,545.8699951171875,545.9199829101562,0
2014-02-13,556.02001953125,556.0399780273438,546.3400268554688,547.1699829101562,0
2014-02-14,559.1199951171875,559.8900146484375,553.4400024414062,555.1300048828125,0
2014-02-18,560.4500122070312,560.9199829101562,556.22998046875,558.969970703125,0
2014-02-19,560.02001953125,562.5900268554688,558.3800048828125,558.9199829101562,0
2014-02-20,564.0599975585938,564.6900024414062,559.3400268554688,560.760009765625,0
2014-02-21,561.2100219726562,566.260009765625,559.8499755859375,565.3300170898438,0
2014-02-24,563.3699951171875,567.1599731445312,562.8499755859375,563.1400146484375,0
2014-02-25,560.5399780273438,564.3400268554688,557.8300170898438,563.97998046875,0
2014-02-26,564.2899780273438,568.239990234375,562.260009765625,562.3099975585938,0
2014-02-27,564.219970703125,565.1099853515625,560.25,563.6799926757812,0
2014-02-28,563.8300170898438,565.989990234375,559.760009765625,564.2999877929688,0
2014-03-03,560.22998046875,561.5999755859375,555.0,558.260009765625,0
2014-03-04,570.1300048828125,570.8499755859375,566.72998046875,566.77001953125,0
2014-03-05,571.2999877929688,572.5800170898438,568.9099731445312,569.9299926757812,0
2014-03-06,575.02001953125,575.5399780273438,570.6300048828125,572.4600219726562,0
2014-03-07,574.3900146484375,577.6400146484375,572.5700073242188,576.8599853515625,0
2014-03-10,573.219970703125,575.760009765625,570.8200073242188,574.0999755859375,0
2014-03-11,570.0800170898438,576.3200073242188,568.5700073242188,574.6300048828125,0
2014-03-12,574.9199829101562,575.010009765625,566.010009765625,568.7000122070312,0
2014-03-13,565.1400146484375,577.969970703125,562.2899780273438,576.2000122070312,0
2014-03-14,562.47998046875,567.6300048828125,562.1500244140625,564.969970703125,0
2014-03-17,569.5,571.239990234375,565.530029296875,565.530029296875,0
2014-03-18,577.1900024414062,577.469970703125,569.0499877929688,569.6199951171875,0
2014-03-19,576.6900024414062,580.8499755859375,573.1799926757812,577.030029296875,0
2014-03-20,587.6300048828125,587.6900024414062,575.780029296875,576.030029296875,0
2014-03-21,582.5399780273438,590.1099853515625,580.8900146484375,589.4000244140625,0
2014-03-24,579.8499755859375,585.6400146484375,575.4600219726562,583.97998046875,0
2014-03-25,584.3300170898438,587.6699829101562,581.1599731445312,583.27001953125,0
2014-03-26,577.8400268554688,591.1099853515625,577.8300170898438,587.9400024414062,0
2014-03-27,573.3200073242188,580.02001953125,572.010009765625,577.5700073242188,0
2014-03-28,577.47998046875,582.1900024414062,574.4400024414062,574.8300170898438,0
2014-03-31,586.739990234375,588.4000244140625,580.6900024414062,580.8300170898438,0
2014-04-01,595.9099731445312,595.9099731445312,588.8499755859375,589.52001953125,0
2014-04-02,594.9400024414062,597.219970703125,592.030029296875,596.239990234375,0
2014-04-03,595.9299926757812,601.4000244140625,593.2000122070312,598.0499877929688,0
2014-04-04,579.1900024414062,600.6900024414062,578.3699951171875,600.4099731445312,0
2014-04-07,573.9099731445312,582.5900268554688,570.6799926757812,577.2100219726562,0
2014-04-08,581.1799926757812,581.9000244140625,574.3800048828125,574.8699951171875,0
2014-04-09,587.719970703125,588.0800170898438,581.1500244140625,585.280029296875,0
2014-04-10,569.1500244140625,588.4500122070312,568.8099975585938,587.0800170898438,0
2014-04-11,560.3400268554688,571.5,559.219970703125,563.77001953125,0
2014-04-14,565.02001953125,567.9299926757812,559.6500244140625,564.75,0
2014-04-15,569.0,570.489990234375,558.7100219726562,565.9600219726562,0
2014-04-16,567.9000244140625,568.4600219726562,559.6599731445312,568.3800048828125,0
2014-04-17,578.4099731445312,581.4099731445312,570.8499755859375,571.1500244140625,0
2014-04-21,583.47998046875,583.8699951171875,576.1099853515625,581.72998046875,0
2014-04-22,589.1099853515625,590.5800170898438,583.5399780273438,583.5399780273438,0
2014-04-23,588.4299926757812,590.9500122070312,586.9099731445312,589.2999877929688,0
2014-04-24,591.6400146484375,593.3900146484375,584.1099853515625,590.9500122070312,0
2014-04-25,572.1900024414062,584.8200073242188,571.1300048828125,584.5599975585938,0
2014-04-28,568.5499877929688,577.02001953125,560.72998046875,574.8699951171875,0
2014-04-29,572.989990234375,574.27001953125,567.780029296875,571.510009765625,0
2014-04-30,575.969970703125,575.969970703125,570.0,571.6699829101562,0
2014-05-01,573.8599853515625,581.1500244140625,572.2000122070312,576.3900146484375,0
2014-05-02,575.489990234375,578.1400146484375,572.4400024414062,575.0800170898438,0
2014-05-05,575.9400024414062,577.219970703125,570.0900268554688,572.5599975585938,0
2014-05-06,573.47998046875,579.1300048828125,573.1199951171875,576.8499755859375,0
2014-05-07,573.989990234375,575.9099731445312,568.9199829101562,574.72998046875,0
2014-05-08,577.8300170898438,585.7999877929688,571.4199829101562,573.1099853515625,0
2014-05-09,575.969970703125,577.530029296875,571.8300170898438,576.3599853515625,0
2014-05-12,586.47998046875,586.989990234375,578.8699951171875,579.1400146484375,0
2014-05-13,581.8800048828125,588.0399780273438,581.6099853515625,586.969970703125,0
2014-05-14,576.7999877929688,582.1300048828125,576.47998046875,580.1300048828125,0
2014-05-15,570.0,576.75,565.5900268554688,576.4099731445312,0
2014-05-16,576.010009765625,576.719970703125,569.3200073242188,571.3300170898438,0
2014-05-19,582.0499877929688,583.3699951171875,576.0599975585938,576.5800170898438,0
2014-05-20,578.5800170898438,583.52001953125,575.6699829101562,581.3599853515625,0
2014-05-21,581.8099975585938,583.3599853515625,578.6799926757812,580.5599975585938,0
2014-05-22,584.2999877929688,586.5399780273438,582.1199951171875,582.1199951171875,0
2014-05-23,589.9099731445312,590.0800170898438,583.2999877929688,584.780029296875,0
2014-05-27,597.0800170898438,597.0999755859375,591.989990234375,592.2899780273438,0
2014-05-28,597.6599731445312,599.1300048828125,594.52001953125,597.5599975585938,0
2014-05-29,598.9600219726562,601.0700073242188,597.739990234375,598.9000244140625,0
2014-05-30,599.5900268554688,600.6799926757812,597.3699951171875,600.030029296875,0
2014-06-02,602.8400268554688,604.5700073242188,597.6300048828125,603.1900024414062,0
2014-06-03,608.4299926757812,608.9199829101562,601.3800048828125,601.5999755859375,0
2014-06-04,611.1400146484375,611.8200073242188,606.4299926757812,606.7100219726562,0
2014-06-05,614.2999877929688,615.77001953125,608.760009765625,611.0,0
2014-06-06,617.25,618.489990234375,615.260009765625,617.010009765625,0
2014-06-09,618.4400024414062,621.8099975585938,617.4000244140625,618.5499877929688,0
2014-06-10,620.260009765625,620.4600219726562,615.9099731445312,617.3499755859375,0
2014-06-11,623.47998046875,625.9099731445312,620.27001953125,621.5499877929688,0
2014-06-12,621.3499755859375,625.47998046875,618.97998046875,622.0800170898438,0
2014-06-13,627.489990234375,629.4000244140625,623.8900146484375,627.7999877929688,0
2014-06-16,630.9299926757812,632.1699829101562,626.4299926757812,627.469970703125,0
2014-06-17,635.5,636.5900268554688,629.9500122070312,630.0499877929688,0
2014-06-18,633.2000122070312,636.3099975585938,628.25,636.0399780273438,0
2014-06-19,633.97998046875,634.0399780273438,629.7000122070312,633.8200073242188,0
2014-06-20,635.4199829101562,635.52001953125,632.8200073242188,634.5399780273438,0
2014-06-23,633.1300048828125,635.9600219726562,632.6099853515625,635.5900268554688,0
2014-06-24,628.5,637.9099731445312,627.0999755859375,633.0800170898438,0
2014-06-25,630.8699951171875,631.6500244140625,624.280029296875,626.9400024414062,0
2014-06-26,628.280029296875,630.7899780273438,623.739990234375,630.0499877929688,0
2014-06-27,629.27001953125,629.5,625.6799926757812,627.27001953125,0
2014-06-30,635.9299926757812,636.4500122070312,630.5900268554688,631.0399780273438,0
2014-07-01,644.7100219726562,647.3099975585938,638.219970703125,638.22998046875,0
2014-07-02,645.780029296875,647.3200073242188,643.77001953125,644.219970703125,0
2014-07-03,650.5499877929688,651.4199829101562,648.52001953125,648.6699829101562,0
2014-07-07,646.0999755859375,651.1099853515625,645.1099853515625,650.6500244140625,0
2014-07-08,642.6400146484375,646.1699829101562,636.6599731445312,645.1300048828125,0
2014-07-09,646.5599975585938,647.1900024414062,639.5,642.5900268554688,0
2014-07-10,643.469970703125,646.3599853515625,635.1599731445312,636.9099731445312,0
2014-07-11,643.8800048828125,645.27001953125,641.1500244140625,643.9299926757812,0
2014-07-14,646.1199951171875,648.5900268554688,644.4299926757812,647.6599731445312,0
2014-07-15,644.4400024414062,648.4299926757812,638.530029296875,646.510009765625,0
2014-07-16,651.760009765625,652.280029296875,648.1199951171875,650.1699829101562,0
2014-07-17,635.3200073242188,645.3599853515625,634.010009765625,644.4400024414062,0
2014-07-18,643.4400024414062,644.1300048828125,636.1099853515625,637.8499755859375,0
2014-07-21,645.02001953125,646.510009765625,641.530029296875,641.8699951171875,0
2014-07-22,649.3499755859375,650.7100219726562,646.3499755859375,647.719970703125,0
2014-07-23,634.4500122070312,645.6300048828125,634.260009765625,645.52001953125,0
2014-07-24,629.1300048828125,634.7100219726562,628.5700073242188,633.75,0
2014-07-25,616.6500244140625,623.4400024414062,614.8499755859375,623.4400024414062,0
2014-07-28,616.0,617.3900146484375,608.4199829101562,617.3300170898438,0
2014-07-29,614.4299926757812,620.510009765625,614.4299926757812,617.1300048828125,0
2014-07-30,620.5999755859375,622.3900146484375,616.6900024414062,619.8699951171875,0
2014-07-31,607.5499877929688,615.2999877929688,605.0999755859375,612.7000122070312,0
2014-08-01,609.760009765625,613.4500122070312,604.5399780273438,608.0800170898438,0
2014-08-04,612.2899780273438,613.9500122070312,606.530029296875,610.22998046875,0
2014-08-05,605.3099975585938,612.0999755859375,603.0499877929688,608.989990234375,0
2014-08-06,607.7100219726562,611.5,601.75,602.72998046875,0
2014-08-07,599.3800048828125,611.4600219726562,597.6699829101562,610.6099853515625,0
2014-08-08,606.22998046875,606.6500244140625,600.27001953125,601.9199829101562,0
2014-08-11,612.02001953125,615.4199829101562,608.77001953125,608.77001953125,0
2014-08-12,611.3200073242188,613.7000122070312,606.2999877929688,610.7999877929688,0
2014-08-13,616.9500122070312,617.1900024414062,612.4500122070312,612.6099853515625,0
2014-08-14,618.260009765625,619.2999877929688,616.2999877929688,617.260009765625,0
2014-08-15,624.5999755859375,627.219970703125,617.510009765625,623.9000244140625,0
2014-08-18,627.469970703125,627.530029296875,622.739990234375,625.8400268554688,0
2014-08-19,631.469970703125,632.219970703125,628.0700073242188,628.1599731445312,0
2014-08-20,636.6199951171875,637.4299926757812,631.0800170898438,631.0900268554688,0
2014-08-21,639.1099853515625,639.510009765625,635.2899780273438,636.1199951171875,0
2014-08-22,639.719970703125,642.3800048828125,636.969970703125,639.4500122070312,0
2014-08-25,637.25,643.219970703125,636.260009765625,643.1400146484375,0
2014-08-26,637.5499877929688,639.780029296875,636.7000122070312,638.1599731445312,0
2014-08-27,638.5700073242188,639.030029296875,634.5499877929688,637.8800048828125,0
2014-08-28,640.489990234375,640.9600219726562,634.3400268554688,636.4400024414062,0
2014-08-29,645.25,647.1599731445312,642.5499877929688,645.0599975585938,0
2014-09-02,642.530029296875,646.4099731445312,639.530029296875,645.97998046875,0
2014-09-03,644.0800170898438,646.6699829101562,641.8300170898438,644.4600219726562,0
2014-09-04,645.719970703125,650.5499877929688,644.02001953125,645.010009765625,0
2014-09-05,651.239990234375,651.280029296875,645.2999877929688,646.4199829101562,0
2014-09-08,652.5,656.030029296875,650.010009765625,650.5800170898438,0
2014-09-09,646.489990234375,653.1300048828125,645.5399780273438,650.9199829101562,0
2014-09-10,646.5399780273438,648.02001953125,642.3900146484375,646.6199951171875,0
2014-09-11,648.1400146484375,648.1400146484375,641.4600219726562,643.4000244140625,0
2014-09-12,639.8900146484375,646.8400268554688,638.469970703125,646.6900024414062,0
2014-09-15,632.239990234375,641.239990234375,631.8900146484375,640.3699951171875,0
2014-09-16,643.1199951171875,643.8599853515625,630.989990234375,631.489990234375,0
2014-09-17,647.8300170898438,651.4199829101562,643.0900268554688,643.0900268554688,0
2014-09-18,657.3599853515625,657.4099731445312,648.989990234375,650.4000244140625,0
2014-09-19,649.5399780273438,659.5399780273438,648.260009765625,657.9000244140625,0
2014-09-22,641.3499755859375,648.4500122070312,640.3099975585938,647.4000244140625,0
2014-09-23,639.8499755859375,644.780029296875,636.5399780273438,638.3099975585938,0
2014-09-24,647.530029296875,647.9000244140625,640.6900024414062,641.7899780273438,0
2014-09-25,635.4199829101562,647.1599731445312,633.6099853515625,646.780029296875,0
2014-09-26,643.3400268554688,644.969970703125,638.469970703125,640.6799926757812,0
2014-09-29,644.22998046875,646.2000122070312,635.760009765625,637.2000122070312,0
2014-09-30,638.47998046875,644.5599975585938,636.5,643.989990234375,0
2014-10-01,623.3599853515625,637.5800170898438,621.6900024414062,637.5800170898438,0
2014-10-02,619.6599731445312,622.1099853515625,608.1199951171875,621.97998046875,0
2014-10-03,623.1199951171875,627.4600219726562,619.9400024414062,623.1699829101562,0
2014-10-06,617.969970703125,625.489990234375,613.8200073242188,624.5700073242188,0
2014-10-07,606.2000122070312,617.3300170898438,606.0999755859375,613.969970703125,0
2014-10-08,619.969970703125,620.8900146484375,600.6500244140625,606.6400146484375,0
2014-10-09,602.969970703125,618.8099975585938,602.5599975585938,616.9199829101562,0
2014-10-10,561.4000244140625,581.75,556.4500122070312,581.6900024414062,0
2014-10-13,549.469970703125,568.6199951171875,549.239990234375,561.969970703125,0
2014-10-14,559.6699829101562,570.030029296875,554.8200073242188,559.6599731445312,0
2014-10-15,562.3400268554688,566.3400268554688,545.27001953125,548.5999755859375,0
2014-10-16,570.72998046875,575.0499877929688,553.3400268554688,553.530029296875,0
2014-10-17,575.3300170898438,584.8400268554688,573.8900146484375,580.6900024414062,0
2014-10-20,584.1500244140625,584.7899780273438,571.1900024414062,574.0,0
2014-10-21,605.25,605.9400024414062,590.3099975585938,590.5,0
2014-10-22,596.9299926757812,611.1599731445312,596.510009765625,609.739990234375,0
2014-10-23,605.6400146484375,608.8800048828125,602.8699951171875,603.8200073242188,0
2014-10-24,612.0499877929688,613.2999877929688,605.0999755859375,607.47998046875,0
2014-10-27,614.22998046875,615.5900268554688,606.469970703125,612.1500244140625,0
2014-10-28,623.4600219726562,623.5599975585938,615.52001953125,617.1500244140625,0
2014-10-29,624.1900024414062,625.8699951171875,617.280029296875,621.8900146484375,0
2014-10-30,616.9600219726562,622.0800170898438,608.72998046875,620.530029296875,0
2014-10-31,640.8599853515625,643.780029296875,635.719970703125,635.719970703125,0
2014-11-03,644.77001953125,648.4400024414062,640.780029296875,640.8400268554688,0
2014-11-04,642.989990234375,646.5800170898438,637.8900146484375,643.1400146484375,0
2014-11-05,649.0399780273438,649.6300048828125,641.3400268554688,645.6199951171875,0
2014-11-06,643.2999877929688,647.010009765625,639.1400146484375,643.5800170898438,0
2014-11-07,637.47998046875,644.9099731445312,632.219970703125,643.4199829101562,0
2014-11-10,642.25,643.1599731445312,636.3300170898438,637.72998046875,0
2014-11-11,640.4299926757812,643.22998046875,638.280029296875,641.489990234375,0
2014-11-12,639.760009765625,640.469970703125,636.1199951171875,638.5900268554688,0
2014-11-13,639.7999877929688,646.4000244140625,637.6799926757812,642.239990234375,0
2014-11-14,645.5599975585938,645.9299926757812,635.2100219726562,638.5999755859375,0
2014-11-17,642.5499877929688,644.1799926757812,637.2999877929688,642.22998046875,0
2014-11-18,654.77001953125,656.4400024414062,642.3200073242188,642.3200073242188,0
2014-11-19,650.1799926757812,655.4600219726562,647.1500244140625,654.510009765625,0
2014-11-20,656.27001953125,656.6599731445312,644.3599853515625,645.9199829101562,0
2014-11-21,662.9500122070312,665.27001953125,657.9400024414062,661.739990234375,0
2014-11-24,669.469970703125,670.02001953125,663.6099853515625,663.9000244140625,0
2014-11-25,669.3599853515625,672.219970703125,668.3599853515625,671.1799926757812,0
2014-11-26,683.47998046875,683.719970703125,670.0,670.0499877929688,0
2014-11-28,685.739990234375,687.7100219726562,681.3499755859375,685.02001953125,0
2014-12-01,676.6900024414062,686.0399780273438,674.2000122070312,683.97998046875,0
2014-12-02,681.3499755859375,681.4400024414062,672.8800048828125,675.5399780273438,0
2014-12-03,695.280029296875,696.2100219726562,684.0999755859375,684.0999755859375,0
2014-12-04,696.1599731445312,700.489990234375,691.9000244140625,696.3900146484375,0
2014-12-05,703.1199951171875,703.1199951171875,696.47998046875,697.1699829101562,0
2014-12-08,693.0,704.4400024414062,688.510009765625,700.5599975585938,0
2014-12-09,692.8400268554688,694.6400146484375,681.4500122070312,683.52001953125,0
2014-12-10,679.969970703125,693.5599975585938,678.5499877929688,690.0,0
2014-12-11,683.1500244140625,691.4099731445312,681.52001953125,683.260009765625,0
2014-12-12,671.3300170898438,681.7000122070312,671.1900024414062,676.8599853515625,0
2014-12-15,665.7100219726562,681.3400268554688,663.3699951171875,676.0599975585938,0
2014-12-16,661.2999877929688,675.22998046875,660.22998046875,661.719970703125,0
2014-12-17,675.5800170898438,676.7000122070312,656.6599731445312,662.0599975585938,0
2014-12-18,688.1199951171875,688.1199951171875,681.2899780273438,685.719970703125,0
2014-12-19,686.0900268554688,689.1900024414062,682.9000244140625,688.5599975585938,0
2014-12-22,696.6799926757812,697.3200073242188,688.8300170898438,689.4500122070312,0
2014-12-23,695.3200073242188,702.1699829101562,694.969970703125,699.3699951171875,0
2014-12-24,696.3499755859375,699.0,695.010009765625,696.75,0
2014-12-26,697.0,699.780029296875,695.9099731445312,698.0599975585938,0
2014-12-29,695.0800170898438,696.6199951171875,692.4299926757812,696.1900024414062,0
2014-12-30,690.989990234375,693.969970703125,690.6900024414062,692.3200073242188,0
2014-12-31,686.8699951171875,696.8200073242188,686.5,693.6300048828125,0
2015-01-02,686.72998046875,694.030029296875,680.280029296875,690.280029296875,0
2015-01-05,673.5900268554688,684.8400268554688,673.4299926757812,683.5700073242188,0
2015-01-06,658.8300170898438,675.1400146484375,656.3699951171875,675.1199951171875,0
2015-01-07,665.27001953125,668.219970703125,658.75,660.4199829101562,0
2015-01-08,684.6500244140625,686.2000122070312,671.8099975585938,671.8099975585938,0
2015-01-09,685.52001953125,688.22998046875,676.8200073242188,685.9400024414062,0
2015-01-12,671.8200073242188,681.4000244140625,668.5,680.9199829101562,0
2015-01-13,665.5800170898438,685.2899780273438,661.9099731445312,677.9500122070312,0
2015-01-14,661.6500244140625,668.3300170898438,654.8699951171875,658.8300170898438,0
2015-01-15,656.510009765625,670.4299926757812,655.8599853515625,667.260009765625,0
2015-01-16,663.8599853515625,664.6199951171875,651.5800170898438,654.4199829101562,0
2015-01-20,670.5700073242188,673.0999755859375,662.1900024414062,666.739990234375,0
2015-01-21,678.1599731445312,681.2000122070312,666.739990234375,667.5399780273438,0
2015-01-22,682.47998046875,682.9099731445312,664.9199829101562,676.5,0
2015-01-23,680.5399780273438,683.9299926757812,677.0599975585938,679.1799926757812,0
2015-01-26,682.3900146484375,683.5,674.2100219726562,677.5599975585938,0
2015-01-27,669.7899780273438,676.2100219726562,665.489990234375,672.1900024414062,0
2015-01-28,666.0700073242188,684.1599731445312,665.8200073242188,677.030029296875,0
2015-01-29,666.6300048828125,669.02001953125,654.4000244140625,662.8099975585938,0
2015-01-30,653.1400146484375,667.989990234375,652.4500122070312,661.3200073242188,0
2015-02-02,653.1400146484375,667.989990234375,652.4500122070312,661.3200073242188,0
2015-02-03,666.9299926757812,667.1300048828125,656.8200073242188,657.75,0
2015-02-04,669.1500244140625,673.7899780273438,664.2999877929688,664.4299926757812,0
2015-02-05,675.6900024414062,675.780029296875,668.1400146484375,671.77001953125,0
2015-02-06,671.8400268554688,682.02001953125,670.02001953125,676.0399780273438,0
2015-02-09,664.5399780273438,670.0599975585938,662.9500122070312,669.510009765625,0
2015-02-10,687.030029296875,687.3200073242188,671.1400146484375,672.239990234375,0
2015-02-11,689.25,691.6099853515625,684.3499755859375,687.219970703125,0
2015-02-12,700.1900024414062,700.1900024414062,691.7100219726562,692.4199829101562,0
2015-02-13,705.0800170898438,706.9400024414062,698.6699829101562,701.6400146484375,0
2015-02-17,707.1400146484375,707.75,702.3699951171875,703.9199829101562,0
2015-02-18,705.1599731445312,707.02001953125,702.239990234375,704.5999755859375,0
2015-02-19,706.9600219726562,708.8599853515625,702.760009765625,704.1599731445312,0
2015-02-20,711.25,711.510009765625,702.9400024414062,704.6400146484375,0
2015-02-23,706.7000122070312,710.469970703125,704.1599731445312,710.4000244140625,0
2015-02-24,716.1199951171875,716.2899780273438,702.0599975585938,704.8200073242188,0
2015-02-25,711.989990234375,716.0599975585938,710.010009765625,714.5599975585938,0
2015-02-26,716.6699829101562,718.8099975585938,712.9600219726562,716.0800170898438,0
2015-02-27,714.6500244140625,718.5999755859375,712.7100219726562,716.780029296875,0
2015-03-02,734.510009765625,734.530029296875,720.8499755859375,720.9199829101562,0
2015-03-03,720.260009765625,730.6900024414062,719.6500244140625,729.8099975585938,0
2015-03-04,719.5399780273438,719.9199829101562,711.4600219726562,717.97998046875,0
2015-03-05,720.25,724.280029296875,716.97998046875,722.530029296875,0
2015-03-06,712.4199829101562,719.2000122070312,710.6300048828125,717.9600219726562,0
2015-03-09,715.030029296875,716.52001953125,711.2999877929688,713.3200073242188,0
2015-03-10,701.2999877929688,711.780029296875,701.280029296875,709.9099731445312,0
2015-03-11,703.1599731445312,710.4600219726562,702.8499755859375,705.0399780273438,0
2015-03-12,702.77001953125,703.0599975585938,695.8300170898438,695.8699951171875,0
2015-03-13,707.7899780273438,708.989990234375,700.0999755859375,703.3099975585938,0
2015-03-16,718.530029296875,718.9099731445312,711.6400146484375,711.8699951171875,0
2015-03-17,713.1900024414062,714.4400024414062,709.0800170898438,712.9199829101562,0
2015-03-18,718.47998046875,721.8200073242188,703.6599731445312,711.77001953125,0
2015-03-19,720.2000122070312,721.969970703125,716.5700073242188,717.8499755859375,0
2015-03-20,730.9099731445312,732.72998046875,724.22998046875,725.9199829101562,0
2015-03-23,723.9600219726562,731.2999877929688,723.9500122070312,730.3099975585938,0
2015-03-24,717.780029296875,725.25,717.6599731445312,723.8300170898438,0
2015-03-25,684.72998046875,717.3800048828125,683.97998046875,717.3800048828125,0
2015-03-26,675.239990234375,679.77001953125,660.5800170898438,665.989990234375,0
2015-03-27,694.3200073242188,697.1099853515625,673.9600219726562,676.6699829101562,0
2015-03-30,703.739990234375,705.27001953125,694.97998046875,699.3300170898438,0
2015-03-31,695.47998046875,702.47998046875,694.5700073242188,699.6799926757812,0
2015-04-01,691.1900024414062,694.6300048828125,685.5700073242188,693.1699829101562,0
2015-04-02,689.1699829101562,696.27001953125,688.8099975585938,693.02001953125,0
2015-04-06,692.6799926757812,694.0900268554688,679.3300170898438,681.0900268554688,0
2015-04-07,692.9400024414062,698.75,691.6300048828125,692.1400146484375,0
2015-04-08,697.4500122070312,699.1500244140625,691.3800048828125,692.1199951171875,0
2015-04-09,706.1799926757812,706.7999877929688,694.3900146484375,694.5499877929688,0
2015-04-10,709.0499877929688,709.1099853515625,705.3800048828125,706.4199829101562,0
2015-04-13,704.52001953125,712.6599731445312,703.7999877929688,710.5700073242188,0
2015-04-14,697.8499755859375,704.8200073242188,695.0800170898438,704.219970703125,0
2015-04-15,709.3200073242188,711.3300170898438,702.1400146484375,702.22998046875,0
2015-04-16,706.0800170898438,707.27001953125,702.780029296875,703.719970703125,0
2015-04-17,696.0900268554688,700.22998046875,692.719970703125,699.5700073242188,0
2015-04-20,702.2899780273438,704.8099975585938,699.1799926757812,699.1900024414062,0
2015-04-21,707.1199951171875,711.6900024414062,704.239990234375,710.5599975585938,0
2015-04-22,716.8200073242188,717.1500244140625,705.9299926757812,712.2000122070312,0
2015-04-23,705.4600219726562,708.510009765625,700.6199951171875,702.1300048828125,0
2015-04-24,693.72998046875,704.239990234375,689.5700073242188,704.239990234375,0
2015-04-27,696.1099853515625,703.1599731445312,693.780029296875,694.780029296875,0
2015-04-28,696.239990234375,697.5499877929688,686.530029296875,696.3099975585938,0
2015-04-29,692.1900024414062,694.5900268554688,685.1099853515625,690.5700073242188,0
2015-04-30,686.2899780273438,693.6799926757812,682.1400146484375,690.510009765625,0
2015-05-01,705.5,707.0800170898438,691.9199829101562,692.0700073242188,0
2015-05-04,704.030029296875,708.5999755859375,701.9400024414062,706.489990234375,0
2015-05-05,688.4000244140625,699.9400024414062,687.739990234375,699.260009765625,0
2015-05-06,687.4500122070312,693.7100219726562,682.6900024414062,690.9000244140625,0
2015-05-07,695.2000122070312,696.27001953125,690.22998046875,690.3099975585938,0
2015-05-08,702.1300048828125,704.8900146484375,698.52001953125,698.989990234375,0
2015-05-11,702.3099975585938,704.8699951171875,699.3900146484375,700.989990234375,0
2015-05-12,696.1799926757812,700.1699829101562,692.760009765625,699.2000122070312,0
2015-05-13,700.1300048828125,705.0999755859375,698.1500244140625,698.4000244140625,0
2015-05-14,708.3200073242188,711.0700073242188,702.1400146484375,705.2000122070312,0
2015-05-15,709.52001953125,712.47998046875,706.25,710.0399780273438,0
2015-05-18,716.5399780273438,716.9400024414062,708.6300048828125,710.8499755859375,0
2015-05-19,713.3900146484375,721.22998046875,711.02001953125,718.1799926757812,0
2015-05-20,714.47998046875,720.219970703125,712.010009765625,714.22998046875,0
2015-05-21,718.4400024414062,719.739990234375,710.9199829101562,714.260009765625,0
2015-05-22,720.2000122070312,722.8099975585938,718.2000122070312,718.2000122070312,0
2015-05-26,714.75,719.5399780273438,711.3900146484375,718.6300048828125,0
2015-05-27,742.3499755859375,744.77001953125,716.3400268554688,716.9600219726562,0
2015-05-28,743.27001953125,746.9500122070312,738.3300170898438,743.8699951171875,0
2015-05-29,745.4099731445312,749.22998046875,742.5499877929688,746.0499877929688,0
2015-06-01,746.0800170898438,751.2100219726562,742.030029296875,748.8400268554688,0
2015-06-02,737.280029296875,743.4099731445312,736.8599853515625,743.4099731445312,0
2015-06-03,732.7000122070312,742.02001953125,732.260009765625,741.6599731445312,0
2015-06-04,725.8099975585938,732.1199951171875,724.0599975585938,729.3300170898438,0
2015-06-05,726.2899780273438,728.1199951171875,719.510009765625,724.8900146484375,0
2015-06-08,712.3699951171875,726.1300048828125,710.7000122070312,725.9600219726562,0
2015-06-09,711.5999755859375,713.8400268554688,704.8300170898438,712.1400146484375,0
2015-06-10,720.9400024414062,723.2999877929688,714.8800048828125,715.3599853515625,0
2015-06-11,720.530029296875,724.3400268554688,719.8800048828125,722.030029296875,0
2015-06-12,714.1300048828125,718.1300048828125,713.1099853515625,716.1699829101562,0
2015-06-15,712.6300048828125,713.1699829101562,703.1300048828125,706.75,0
2015-06-16,715.0700073242188,716.4199829101562,709.5700073242188,710.97998046875,0
2015-06-17,715.1900024414062,717.97998046875,712.0599975585938,716.0800170898438,0
2015-06-18,725.5999755859375,728.5700073242188,717.5700073242188,717.6400146484375,0
2015-06-19,723.3699951171875,728.239990234375,719.22998046875,727.5399780273438,0
2015-06-22,728.219970703125,729.5900268554688,724.1300048828125,728.0800170898438,0
2015-06-23,723.8800048828125,730.5700073242188,721.760009765625,730.0900268554688,0
2015-06-24,716.489990234375,724.75,716.4099731445312,722.7999877929688,0
2015-06-25,715.8300170898438,720.780029296875,714.0900268554688,718.9500122070312,0
2015-06-26,698.3599853515625,708.8200073242188,695.3699951171875,708.1400146484375,0
2015-06-29,678.0700073242188,692.989990234375,677.5,684.97998046875,0
2015-06-30,680.5399780273438,685.719970703125,677.260009765625,683.5900268554688,0
2015-07-01,682.1300048828125,690.8699951171875,680.5399780273438,687.6199951171875,0
2015-07-02,685.510009765625,687.239990234375,682.1699829101562,683.5800170898438,0
2015-07-06,675.1099853515625,685.280029296875,672.4299926757812,678.1799926757812,0
2015-07-07,672.9099731445312,674.6500244140625,652.8800048828125,673.489990234375,0
2015-07-08,655.25,663.4400024414062,653.4400024414062,662.8400268554688,0
2015-07-09,646.6400146484375,667.8099975585938,646.530029296875,665.7999877929688,0
2015-07-10,658.8800048828125,661.1300048828125,653.6599731445312,654.25,0
2015-07-13,663.969970703125,665.4400024414062,659.1400146484375,664.969970703125,0
2015-07-14,671.1599731445312,672.6699829101562,666.719970703125,667.9299926757812,0
2015-07-15,667.02001953125,672.1599731445312,664.0399780273438,670.4600219726562,0
2015-07-16,668.6099853515625,670.5800170898438,662.2999877929688,670.5599975585938,0
2015-07-17,667.0499877929688,667.6699829101562,661.6900024414062,666.9000244140625,0
2015-07-20,662.5,670.75,662.1400146484375,669.6900024414062,0
2015-07-21,662.8599853515625,668.4400024414062,661.3400268554688,662.6900024414062,0
2015-07-22,646.1300048828125,647.780029296875,638.9500122070312,642.239990234375,0
2015-07-23,655.510009765625,663.6699829101562,650.719970703125,650.9500122070312,0
2015-07-24,642.47998046875,658.9299926757812,641.780029296875,658.6599731445312,0
2015-07-27,637.8800048828125,642.2999877929688,630.9000244140625,637.8599853515625,0
2015-07-28,650.9000244140625,655.1099853515625,636.0,640.780029296875,0
2015-07-29,651.75,652.9099731445312,644.6099853515625,648.9500122070312,0
2015-07-30,654.1500244140625,656.239990234375,646.3599853515625,648.8400268554688,0
2015-07-31,646.2899780273438,654.6599731445312,645.3599853515625,654.6599731445312,0
2015-08-03,644.3499755859375,647.0599975585938,640.9500122070312,645.8499755859375,0
2015-08-04,637.1799926757812,643.4199829101562,633.0499877929688,641.72998046875,0
2015-08-05,644.6199951171875,649.219970703125,639.719970703125,639.9500122070312,0
2015-08-06,633.1300048828125,644.8200073242188,628.2899780273438,644.719970703125,0
2015-08-07,636.8200073242188,637.5399780273438,630.219970703125,631.6400146484375,0
2015-08-10,652.6500244140625,653.6900024414062,641.8599853515625,642.1900024414062,0
2015-08-11,637.8499755859375,646.010009765625,635.1699829101562,644.7100219726562,0
2015-08-12,641.52001953125,644.4500122070312,625.22998046875,628.3699951171875,0
2015-08-13,634.8699951171875,643.5999755859375,634.75,641.2899780273438,0
2015-08-14,631.0399780273438,634.5599975585938,627.1699829101562,633.27001953125,0
2015-08-17,637.25,637.3800048828125,625.2999877929688,627.0800170898438,0
2015-08-18,624.010009765625,635.2100219726562,622.9400024414062,634.8699951171875,0
2015-08-19,618.3200073242188,625.5700073242188,614.0800170898438,623.760009765625,0
2015-08-20,594.780029296875,612.0,594.77001953125,610.5999755859375,0
2015-08-21,578.5900268554688,596.3200073242188,578.5800170898438,587.7999877929688,0
2015-08-24,566.5800170898438,590.9500122070312,543.030029296875,545.5399780273438,0
2015-08-25,559.5900268554688,588.0999755859375,559.5900268554688,583.7000122070312,0
2015-08-26,587.8200073242188,588.5,566.2999877929688,575.1300048828125,0
2015-08-27,609.760009765625,610.510009765625,596.9500122070312,596.97998046875,0
2015-08-28,613.9099731445312,614.530029296875,607.02001953125,607.219970703125,0
2015-08-31,611.0399780273438,617.510009765625,605.27001953125,609.27001953125,0
2015-09-01,590.1199951171875,605.1900024414062,586.5599975585938,595.5399780273438,0
2015-09-02,603.780029296875,603.8300170898438,593.1900024414062,600.3900146484375,0
2015-09-03,608.5800170898438,616.469970703125,606.8099975585938,607.3499755859375,0
2015-09-04,597.6199951171875,605.489990234375,595.52001953125,598.7100219726562,0
2015-09-08,624.0599975585938,624.5499877929688,612.5700073242188,612.8599853515625,0
2015-09-09,612.8300170898438,633.760009765625,611.4099731445312,629.8800048828125,0
2015-09-10,615.3400268554688,621.1599731445312,606.6699829101562,612.6799926757812,0
2015-09-11,615.8099975585938,616.2899780273438,607.4400024414062,608.989990234375,0
2015-09-14,617.6699829101562,620.719970703125,615.02001953125,619.2899780273438,0
2015-09-15,625.1400146484375,626.9199829101562,619.7999877929688,621.25,0
2015-09-16,626.5700073242188,627.0399780273438,619.8099975585938,623.6400146484375,0
2015-09-17,621.0499877929688,631.3699951171875,620.010009765625,625.3699951171875,0
2015-09-18,610.75,618.3699951171875,608.219970703125,612.1599731445312,0
2015-09-21,608.72998046875,616.510009765625,605.8200073242188,614.02001953125,0
2015-09-22,595.0599975585938,600.1799926757812,592.9000244140625,598.8400268554688,0
2015-09-23,590.739990234375,598.6900024414062,590.1099853515625,596.4000244140625,0
2015-09-24,589.7100219726562,593.4199829101562,574.3800048828125,586.1500244140625,0
2015-09-25,592.8800048828125,601.9400024414062,587.3599853515625,597.97998046875,0
2015-09-28,576.4199829101562,592.4000244140625,576.4000244140625,590.010009765625,0
2015-09-29,580.47998046875,585.8699951171875,573.6400146484375,577.1799926757812,0
2015-09-30,602.72998046875,603.3499755859375,588.3300170898438,588.47998046875,0
2015-10-01,595.6199951171875,602.4500122070312,585.4400024414062,602.3099975585938,0
2015-10-02,608.4600219726562,608.469970703125,587.489990234375,590.1699829101562,0
2015-10-05,619.8499755859375,622.9299926757812,612.3499755859375,613.780029296875,0
2015-10-06,621.9500122070312,623.719970703125,610.739990234375,619.0,0
2015-10-07,631.3200073242188,633.9500122070312,619.7999877929688,627.27001953125,0
2015-10-08,634.8099975585938,635.239990234375,624.4000244140625,629.3900146484375,0
2015-10-09,629.510009765625,636.25,626.6799926757812,633.5900268554688,0
2015-10-12,630.5399780273438,631.8300170898438,627.0900268554688,630.530029296875,0
2015-10-13,622.280029296875,629.3400268554688,622.0800170898438,625.0700073242188,0
2015-10-14,645.7000122070312,650.8400268554688,624.3300170898438,625.6699829101562,0
2015-10-15,651.8900146484375,656.25,645.9099731445312,650.510009765625,0
2015-10-16,652.6300048828125,653.7899780273438,647.469970703125,651.3200073242188,0
2015-10-19,652.8800048828125,657.0999755859375,647.8499755859375,651.1799926757812,0
2015-10-20,651.8699951171875,654.3499755859375,648.4400024414062,652.4000244140625,0
2015-10-21,653.239990234375,665.4099731445312,652.9000244140625,661.1400146484375,0
2015-10-22,675.9500122070312,676.7100219726562,664.6199951171875,664.9000244140625,0
2015-10-23,683.7100219726562,685.780029296875,674.8200073242188,678.5800170898438,0
2015-10-26,670.1900024414062,680.3200073242188,668.4000244140625,679.760009765625,0
2015-10-27,665.7100219726562,670.6099853515625,664.1300048828125,665.760009765625,0
2015-10-28,677.2100219726562,677.3499755859375,667.4400024414062,670.1099853515625,0
2015-10-29,656.9400024414062,664.219970703125,655.3300170898438,662.1699829101562,0
2015-10-30,662.52001953125,664.8400268554688,658.8900146484375,658.8900146484375,0
2015-11-02,668.530029296875,669.3699951171875,662.7899780273438,662.8800048828125,0
2015-11-03,671.6900024414062,674.4299926757812,666.3599853515625,666.5800170898438,0
2015-11-04,673.47998046875,674.3099975585938,668.52001953125,672.489990234375,0
2015-11-05,659.3599853515625,671.0399780273438,658.22998046875,670.8300170898438,0
2015-11-06,676.469970703125,676.8300170898438,664.8300170898438,665.1699829101562,0
2015-11-09,669.9400024414062,673.2100219726562,666.5800170898438,673.2000122070312,0
2015-11-10,657.9600219726562,661.6400146484375,655.7000122070312,661.5599975585938,0
2015-11-11,658.280029296875,665.010009765625,657.6799926757812,659.719970703125,0
2015-11-12,649.77001953125,658.6300048828125,649.7000122070312,654.280029296875,0
2015-11-13,643.7100219726562,651.5900268554688,641.3900146484375,649.1599731445312,0
2015-11-16,652.030029296875,652.1099853515625,643.280029296875,643.3900146484375,0
2015-11-17,655.8200073242188,660.5900268554688,651.5999755859375,652.6799926757812,0
2015-11-18,662.1400146484375,662.5700073242188,651.6500244140625,655.1199951171875,0
2015-11-19,663.6300048828125,669.3699951171875,659.6599731445312,662.9299926757812,0
2015-11-20,665.760009765625,669.280029296875,663.719970703125,666.489990234375,0
2015-11-23,657.1799926757812,664.6699829101562,656.6099853515625,664.3900146484375,0
2015-11-24,665.6099853515625,666.7999877929688,655.7999877929688,655.969970703125,0
2015-11-25,666.0900268554688,669.5700073242188,663.2100219726562,665.1099853515625,0
2015-11-27,670.510009765625,671.27001953125,666.3900146484375,666.739990234375,0
2015-11-30,677.1400146484375,677.8800048828125,669.510009765625,670.8300170898438,0
2015-12-01,686.52001953125,686.6199951171875,679.469970703125,679.469970703125,0
2015-12-02,682.6900024414062,690.5599975585938,681.8599853515625,688.1300048828125,0
2015-12-03,678.719970703125,693.1300048828125,675.719970703125,692.1599731445312,0
2015-12-04,691.489990234375,692.5999755859375,676.989990234375,678.8200073242188,0
2015-12-07,684.8599853515625,689.7999877929688,683.77001953125,689.0800170898438,0
2015-12-08,679.030029296875,681.27001953125,672.9400024414062,674.9400024414062,0
2015-12-09,670.2899780273438,680.1799926757812,667.239990234375,678.5999755859375,0
2015-12-10,674.22998046875,679.1199951171875,669.5700073242188,670.27001953125,0
2015-12-11,660.780029296875,669.4400024414062,660.1199951171875,666.3599853515625,0
2015-12-14,656.489990234375,663.1099853515625,650.0999755859375,662.5,0
2015-12-15,666.469970703125,669.3699951171875,659.4099731445312,660.3599853515625,0
2015-12-16,671.7000122070312,672.8699951171875,660.9099731445312,670.75,0
2015-12-17,661.7100219726562,677.7000122070312,661.489990234375,676.3800048828125,0
2015-12-18,653.719970703125,660.4400024414062,653.1500244140625,658.8200073242188,0
2015-12-21,666.1300048828125,666.3099975585938,657.52001953125,659.760009765625,0
2015-12-22,667.1099853515625,669.52001953125,661.739990234375,668.5900268554688,0
2015-12-23,671.780029296875,672.4400024414062,666.52001953125,668.0599975585938,0
2015-12-24,674.3900146484375,676.7000122070312,671.2100219726562,671.2100219726562,0
2015-12-28,671.75,671.8499755859375,664.7999877929688,671.8499755859375,0
2015-12-29,679.780029296875,682.3599853515625,673.75,674.8499755859375,0
2015-12-30,673.0800170898438,680.6199951171875,672.75,679.27001953125,0
2015-12-31,663.47998046875,671.0499877929688,663.4400024414062,671.0399780273438,0
2016-01-04,656.280029296875,656.4099731445312,646.8800048828125,650.4400024414062,0
2016-01-05,649.469970703125,658.75,648.7999877929688,657.3599853515625,0
2016-01-06,631.2000122070312,639.3599853515625,626.280029296875,638.280029296875,0
2016-01-07,610.25,624.5800170898438,608.8800048828125,616.8300170898438,0
2016-01-08,600.47998046875,616.5800170898438,599.8699951171875,612.6099853515625,0
2016-01-11,603.5499877929688,608.8499755859375,595.1300048828125,606.25,0
2016-01-12,608.5599975585938,613.989990234375,599.9000244140625,610.3200073242188,0
2016-01-13,589.47998046875,613.1699829101562,588.75,608.260009765625,0
2016-01-14,601.5700073242188,604.5499877929688,583.6599731445312,592.1699829101562,0
2016-01-15,574.2899780273438,581.6099853515625,566.2999877929688,575.030029296875,0
2016-01-19,575.1799926757812,587.52001953125,570.1799926757812,585.9199829101562,0
2016-01-20,578.9400024414062,584.760009765625,562.75,571.6400146484375,0
2016-01-21,587.5599975585938,594.780029296875,578.5800170898438,585.219970703125,0
2016-01-22,598.4199829101562,602.22998046875,594.5599975585938,599.969970703125,0
2016-01-25,589.8099975585938,598.219970703125,588.5999755859375,597.25,0
2016-01-26,595.8599853515625,600.27001953125,589.4500122070312,591.8699951171875,0
2016-01-27,588.6799926757812,599.9299926757812,585.760009765625,593.7000122070312,0
2016-01-28,586.8499755859375,593.9600219726562,582.3300170898438,591.1699829101562,0
2016-01-29,613.6799926757812,613.7100219726562,594.0700073242188,594.1300048828125,0
2016-02-01,616.5999755859375,619.4600219726562,607.7000122070312,608.760009765625,0
2016-02-02,595.7000122070312,609.239990234375,594.1300048828125,608.5599975585938,0
2016-02-03,597.1099853515625,602.3599853515625,585.1599731445312,600.760009765625,0
2016-02-04,607.719970703125,610.9299926757812,596.3599853515625,599.3300170898438,0
2016-02-05,586.25,605.02001953125,584.219970703125,603.9400024414062,0
2016-02-08,571.4500122070312,576.7000122070312,562.6099853515625,576.7000122070312,0
2016-02-09,567.989990234375,578.6599731445312,563.1799926757812,564.1400146484375,0
2016-02-10,563.6500244140625,577.97998046875,563.3300170898438,572.8200073242188,0
2016-02-11,559.1799926757812,562.5499877929688,552.260009765625,554.97998046875,0
2016-02-12,571.9000244140625,572.3099975585938,557.52001953125,564.5599975585938,0
2016-02-16,591.9299926757812,594.6699829101562,578.780029296875,578.780029296875,0
2016-02-17,606.0499877929688,606.969970703125,594.969970703125,595.4299926757812,0
2016-02-18,602.52001953125,611.2000122070312,602.1300048828125,611.1400146484375,0
2016-02-19,605.4600219726562,609.030029296875,601.0599975585938,602.8900146484375,0
2016-02-22,615.0,618.1199951171875,611.8900146484375,612.530029296875,0
2016-02-23,604.8699951171875,613.3499755859375,604.0800170898438,611.510009765625,0
2016-02-24,613.3400268554688,614.3800048828125,594.1099853515625,597.1699829101562,0
2016-02-25,621.0700073242188,621.1199951171875,608.1900024414062,614.739990234375,0
2016-02-26,624.6500244140625,626.9199829101562,621.5499877929688,624.97998046875,0
2016-02-29,622.1099853515625,632.989990234375,622.0700073242188,624.8599853515625,0
2016-03-01,639.9000244140625,639.9299926757812,626.469970703125,627.5800170898438,0
2016-03-02,643.3099975585938,643.3499755859375,637.1799926757812,638.0,0
2016-03-03,643.8900146484375,645.2899780273438,639.0900268554688,643.52001953125,0
2016-03-04,650.6199951171875,655.6599731445312,643.4600219726562,648.6599731445312,0
2016-03-07,652.6799926757812,655.72998046875,644.02001953125,647.0700073242188,0
2016-03-08,638.010009765625,647.3900146484375,637.489990234375,646.47998046875,0
2016-03-09,643.27001953125,645.0,638.3300170898438,641.6099853515625,0
2016-03-10,646.5800170898438,652.4099731445312,637.4500122070312,647.02001953125,0
2016-03-11,659.1400146484375,659.2000122070312,652.8300170898438,653.469970703125,0
2016-03-14,656.3499755859375,659.260009765625,654.280029296875,655.9400024414062,0
2016-03-15,655.4099731445312,655.4099731445312,649.8900146484375,654.97998046875,0
2016-03-16,661.1900024414062,661.9099731445312,652.219970703125,652.47998046875,0
2016-03-17,665.9500122070312,667.3499755859375,658.1699829101562,659.3599853515625,0
2016-03-18,675.030029296875,675.3400268554688,666.5399780273438,666.760009765625,0
2016-03-21,675.9600219726562,676.280029296875,669.5999755859375,672.780029296875,0
2016-03-22,675.2999877929688,677.5599975585938,670.7000122070312,672.260009765625,0
2016-03-23,666.4600219726562,674.9199829101562,666.280029296875,674.8699951171875,0
2016-03-24,666.1400146484375,666.1599731445312,658.5800170898438,661.7000122070312,0
2016-03-28,665.2100219726562,667.5700073242188,662.6699829101562,667.25,0
2016-03-29,674.1400146484375,675.22998046875,659.8400268554688,662.1799926757812,0
2016-03-30,680.7899780273438,684.7100219726562,677.8900146484375,678.0399780273438,0
2016-03-31,676.8900146484375,679.969970703125,676.6099853515625,679.1099853515625,0
2016-04-01,681.5900268554688,681.7899780273438,669.5499877929688,672.0800170898438,0
2016-04-04,675.3900146484375,681.6900024414062,674.1099853515625,681.4099731445312,0
2016-04-05,671.3300170898438,675.9500122070312,670.469970703125,671.8300170898438,0
2016-04-06,678.2100219726562,678.5599975585938,665.3499755859375,669.8599853515625,0
2016-04-07,667.4600219726562,674.760009765625,665.27001953125,674.7000122070312,0
2016-04-08,671.3099975585938,677.1799926757812,668.6900024414062,674.6400146484375,0
2016-04-11,670.5999755859375,680.5499877929688,670.530029296875,674.5900268554688,0
2016-04-12,669.739990234375,672.260009765625,661.260009765625,672.0999755859375,0
2016-04-13,685.1500244140625,685.4099731445312,673.22998046875,673.4600219726562,0
2016-04-14,679.280029296875,680.52001953125,672.8200073242188,678.5700073242188,0
2016-04-15,673.489990234375,679.239990234375,673.3400268554688,676.9500122070312,0
2016-04-18,673.9600219726562,675.6199951171875,669.469970703125,671.0399780273438,0
2016-04-19,665.6099853515625,675.719970703125,662.8599853515625,675.5,0
2016-04-20,672.1500244140625,674.8900146484375,663.510009765625,665.1199951171875,0
2016-04-21,667.6799926757812,671.9099731445312,664.9099731445312,671.4000244140625,0
2016-04-22,669.030029296875,675.0900268554688,663.8400268554688,667.72998046875,0
2016-04-25,665.3200073242188,670.9000244140625,663.5399780273438,667.6599731445312,0
2016-04-26,674.4199829101562,680.1500244140625,670.739990234375,670.8599853515625,0
2016-04-27,681.260009765625,682.1799926757812,667.030029296875,669.97998046875,0
2016-04-28,662.6900024414062,680.8800048828125,661.27001953125,674.75,0
2016-04-29,645.3400268554688,658.4400024414062,640.510009765625,658.4099731445312,0
2016-05-02,650.27001953125,651.1300048828125,642.239990234375,647.0599975585938,0
2016-05-03,642.6199951171875,646.969970703125,639.8300170898438,645.3599853515625,0
2016-05-04,634.9000244140625,642.1500244140625,632.8800048828125,638.2999877929688,0
2016-05-05,636.8099975585938,642.780029296875,634.72998046875,639.8200073242188,0
2016-05-06,637.5,637.5800170898438,628.780029296875,633.6099853515625,0
2016-05-09,636.5399780273438,641.9299926757812,635.1400146484375,638.780029296875,0
2016-05-10,644.2999877929688,644.4099731445312,634.9099731445312,637.9000244140625,0
2016-05-11,642.2899780273438,648.0800170898438,641.6799926757812,642.280029296875,0
2016-05-12,630.77001953125,644.8900146484375,625.7999877929688,644.3800048828125,0
2016-05-13,633.260009765625,638.8099975585938,631.5499877929688,633.6599731445312,0
2016-05-16,643.3300170898438,647.5399780273438,634.510009765625,634.760009765625,0
2016-05-17,638.8900146484375,645.739990234375,636.9299926757812,642.7899780273438,0
2016-05-18,649.3499755859375,654.3499755859375,637.0800170898438,637.1599731445312,0
2016-05-19,644.739990234375,650.9299926757812,639.489990234375,645.5599975585938,0
2016-05-20,665.0800170898438,665.4199829101562,653.5399780273438,653.5399780273438,0
2016-05-23,669.4600219726562,675.4299926757812,668.27001953125,668.4400024414062,0
2016-05-24,685.6400146484375,686.3099975585938,673.280029296875,673.3400268554688,0
2016-05-25,689.469970703125,691.030029296875,684.239990234375,689.2000122070312,0
2016-05-26,691.5800170898438,693.1199951171875,688.5999755859375,690.469970703125,0
2016-05-27,695.7100219726562,696.7100219726562,691.3400268554688,691.5599975585938,0
2016-05-31,699.3599853515625,700.0399780273438,694.8099975585938,697.5499877929688,0
2016-06-01,703.2899780273438,704.0499877929688,696.0900268554688,696.6400146484375,0
2016-06-02,703.4299926757812,703.4299926757812,699.0900268554688,701.010009765625,0
2016-06-03,705.5999755859375,709.5900268554688,701.3099975585938,709.2000122070312,0
2016-06-06,703.7000122070312,709.4500122070312,702.5800170898438,706.6300048828125,0
2016-06-07,710.5499877929688,711.8900146484375,706.77001953125,707.2000122070312,0
2016-06-08,710.1900024414062,711.989990234375,708.02001953125,710.9000244140625,0
2016-06-09,710.9199829101562,711.3699951171875,702.8099975585938,703.9099731445312,0
2016-06-10,699.0399780273438,703.5999755859375,696.719970703125,703.4500122070312,0
2016-06-13,695.4199829101562,703.489990234375,694.219970703125,695.9299926757812,0
2016-06-14,695.469970703125,697.1500244140625,688.9500122070312,693.47998046875,0
2016-06-15,694.8599853515625,699.1900024414062,694.0399780273438,698.25,0
2016-06-16,694.780029296875,695.5,683.1099853515625,688.969970703125,0
2016-06-17,689.0900268554688,693.27001953125,684.3099975585938,693.1400146484375,0
2016-06-20,697.0800170898438,705.530029296875,696.4099731445312,700.4400024414062,0
2016-06-21,699.4000244140625,701.260009765625,696.5900268554688,699.1300048828125,0
2016-06-22,698.25,705.989990234375,697.6400146484375,699.8599853515625,0
2016-06-23,716.6699829101562,716.6699829101562,706.1099853515625,707.5499877929688,0
2016-06-24,675.4000244140625,696.3300170898438,674.3800048828125,685.25,0
2016-06-27,648.3200073242188,664.8800048828125,644.4199829101562,664.8200073242188,0
2016-06-28,665.75,666.7999877929688,656.9600219726562,658.2899780273438,0
2016-06-29,679.3699951171875,681.1900024414062,671.1599731445312,674.22998046875,0
2016-06-30,691.6699829101562,691.6699829101562,678.5700073242188,681.5399780273438,0
2016-07-01,685.010009765625,687.3699951171875,683.72998046875,684.5800170898438,0
2016-07-05,672.510009765625,678.760009765625,668.510009765625,678.6900024414062,0
2016-07-06,673.5499877929688,674.6699829101562,661.3099975585938,667.8099975585938,0
2016-07-07,681.8200073242188,686.6400146484375,676.260009765625,676.2999877929688,0
2016-07-08,701.0700073242188,701.219970703125,687.8800048828125,688.0599975585938,0
2016-07-11,708.9000244140625,711.5399780273438,706.3699951171875,706.3900146484375,0
2016-07-12,718.3599853515625,720.3099975585938,714.75,715.9299926757812,0
2016-07-13,718.9000244140625,723.27001953125,717.7000122070312,720.739990234375,0
2016-07-14,724.22998046875,726.0900268554688,719.4400024414062,724.6799926757812,0
2016-07-15,723.6400146484375,724.8200073242188,721.030029296875,723.1500244140625,0
2016-07-18,734.5399780273438,735.739990234375,731.8499755859375,732.6300048828125,0
2016-07-19,731.780029296875,733.6099853515625,729.7999877929688,732.280029296875,0
2016-07-20,743.739990234375,745.4600219726562,733.9400024414062,735.52001953125,0
2016-07-21,738.2999877929688,744.719970703125,735.3200073242188,744.4000244140625,0
2016-07-22,742.3699951171875,742.469970703125,731.530029296875,735.5,0
2016-07-25,746.4400024414062,747.6599731445312,743.8099975585938,744.489990234375,0
2016-07-26,774.9199829101562,778.719970703125,754.9299926757812,754.969970703125,0
2016-07-27,774.9299926757812,782.1400146484375,770.8300170898438,781.1099853515625,0
2016-07-28,770.52001953125,775.8200073242188,767.1599731445312,770.75,0
2016-07-29,766.780029296875,772.8499755859375,763.8099975585938,772.010009765625,0
2016-08-01,768.02001953125,770.8300170898438,765.3599853515625,768.1300048828125,0
2016-08-02,755.72998046875,765.8099975585938,751.4299926757812,765.6699829101562,0
2016-08-03,756.530029296875,756.530029296875,751.1400146484375,751.3099975585938,0
2016-08-04,763.5700073242188,763.75,757.2999877929688,758.0900268554688,0
2016-08-05,773.780029296875,774.0499877929688,767.3800048828125,767.3800048828125,0
2016-08-08,772.4400024414062,777.719970703125,771.0700073242188,775.2899780273438,0
2016-08-09,778.780029296875,780.989990234375,776.1699829101562,776.4199829101562,0
2016-08-10,772.8200073242188,779.6199951171875,769.9299926757812,779.6199951171875,0
2016-08-11,776.260009765625,777.27001953125,772.0399780273438,774.8699951171875,0
2016-08-12,779.8400268554688,781.2899780273438,776.5800170898438,777.77001953125,0
2016-08-15,790.4400024414062,792.3099975585938,782.510009765625,782.8200073242188,0
2016-08-16,784.6099853515625,788.75,783.9600219726562,787.8800048828125,0
2016-08-17,784.6099853515625,785.010009765625,780.4000244140625,784.4099731445312,0
2016-08-18,790.1599731445312,790.1599731445312,784.6799926757812,785.4600219726562,0
2016-08-19,797.0599975585938,798.8499755859375,790.8400268554688,792.02001953125,0
2016-08-22,797.2899780273438,799.4600219726562,793.8599853515625,794.8099975585938,0
2016-08-23,801.3099975585938,804.6900024414062,800.72998046875,802.0900268554688,0
2016-08-24,794.3400268554688,802.47998046875,791.969970703125,801.1199951171875,0
2016-08-25,797.469970703125,801.02001953125,794.6699829101562,796.0999755859375,0
2016-08-26,801.4000244140625,807.1099853515625,795.6500244140625,799.510009765625,0
2016-08-29,803.6199951171875,806.8099975585938,802.7100219726562,803.1900024414062,0
2016-08-30,802.0700073242188,808.3200073242188,799.239990234375,805.5499877929688,0
2016-08-31,801.47998046875,802.7100219726562,797.3499755859375,802.4400024414062,0
2016-09-01,808.3599853515625,808.3599853515625,797.760009765625,802.0900268554688,0
2016-09-02,806.9500122070312,811.1900024414062,803.3900146484375,811.0599975585938,0
2016-09-06,805.0999755859375,809.280029296875,800.989990234375,808.7899780273438,0
2016-09-07,799.2000122070312,806.780029296875,797.8099975585938,805.7999877929688,0
2016-09-08,797.5700073242188,799.9199829101562,793.1300048828125,796.3699951171875,0
2016-09-09,768.3699951171875,790.6799926757812,767.0700073242188,788.6099853515625,0
2016-09-12,783.9500122070312,784.5,760.0700073242188,760.2100219726562,0
2016-09-13,776.72998046875,786.3099975585938,772.8099975585938,779.8400268554688,0
2016-09-14,783.719970703125,785.489990234375,773.9299926757812,776.8499755859375,0
2016-09-15,801.77001953125,803.02001953125,783.6500244140625,783.72998046875,0
2016-09-16,801.5499877929688,808.8300170898438,795.8599853515625,806.0700073242188,0
2016-09-19,803.0599975585938,814.5999755859375,800.1699829101562,806.4299926757812,0
2016-09-20,799.1099853515625,808.1300048828125,797.4000244140625,808.030029296875,0
2016-09-21,810.6500244140625,811.4500122070312,800.02001953125,803.9600219726562,0
2016-09-22,813.510009765625,818.3800048828125,810.7100219726562,816.3900146484375,0
2016-09-23,804.5900268554688,812.219970703125,803.8599853515625,811.8499755859375,0
2016-09-26,796.6400146484375,801.5700073242188,793.8499755859375,798.6699829101562,0
2016-09-27,810.8400268554688,810.97998046875,794.6599731445312,796.3699951171875,0
2016-09-28,812.469970703125,816.4500122070312,806.9500122070312,813.239990234375,0
2016-09-29,822.6400146484375,827.1799926757812,803.6900024414062,811.030029296875,0
2016-09-30,835.5999755859375,840.489990234375,828.3200073242188,828.3499755859375,0
2016-10-03,829.489990234375,840.7999877929688,828.0399780273438,836.739990234375,0
2016-10-04,827.3400268554688,835.52001953125,824.280029296875,831.4299926757812,0
2016-10-05,833.7100219726562,839.3900146484375,828.7000122070312,829.9099731445312,0
2016-10-06,838.5999755859375,839.1300048828125,827.8200073242188,832.1599731445312,0
2016-10-07,837.02001953125,839.5800170898438,829.8200073242188,839.219970703125,0
2016-10-10,832.9099731445312,844.2999877929688,832.6799926757812,840.3800048828125,0
2016-10-11,815.3099975585938,830.8599853515625,808.3499755859375,830.8599853515625,0
2016-10-12,812.6199951171875,814.8599853515625,805.1900024414062,813.6099853515625,0
2016-10-13,803.0499877929688,805.239990234375,790.1699829101562,804.219970703125,0
2016-10-14,809.3900146484375,818.6199951171875,808.7100219726562,809.0900268554688,0
2016-10-17,805.0,812.7899780273438,804.530029296875,808.969970703125,0
2016-10-18,814.739990234375,817.6900024414062,812.52001953125,815.8599853515625,0
2016-10-19,810.9299926757812,812.1099853515625,803.4600219726562,807.5599975585938,0
2016-10-20,816.719970703125,819.7000122070312,804.6199951171875,810.0999755859375,0
2016-10-21,814.530029296875,815.780029296875,806.7899780273438,812.6599731445312,0
2016-10-24,829.7899780273438,830.22998046875,819.6900024414062,819.6900024414062,0
2016-10-25,828.6699829101562,832.5599975585938,827.239990234375,828.47998046875,0
2016-10-26,827.219970703125,832.5800170898438,821.9500122070312,822.9500122070312,0
2016-10-27,823.739990234375,837.7999877929688,822.8300170898438,834.47998046875,0
2016-10-28,818.8800048828125,832.0900268554688,818.2000122070312,827.72998046875,0
2016-10-31,823.52001953125,827.1599731445312,821.989990234375,823.7999877929688,0
2016-11-01,816.0800170898438,829.9000244140625,807.0700073242188,826.4299926757812,0
2016-11-02,810.5700073242188,821.1500244140625,808.1500244140625,818.4299926757812,0
2016-11-03,808.0,815.27001953125,805.3400268554688,811.72998046875,0
2016-11-04,802.8800048828125,810.3099975585938,797.739990234375,800.989990234375,0
2016-11-07,825.8699951171875,826.3099975585938,814.239990234375,816.6199951171875,0
2016-11-08,827.6799926757812,832.6799926757812,820.9099731445312,825.8599853515625,0
2016-11-09,823.5900268554688,826.1799926757812,805.4400024414062,805.6599731445312,0
2016-11-10,806.0900268554688,833.7999877929688,798.2000122070312,827.489990234375,0
2016-11-11,837.239990234375,838.02001953125,819.0900268554688,819.1500244140625,0
2016-11-14,832.0800170898438,839.0,829.97998046875,837.6900024414062,0
2016-11-15,847.9000244140625,850.030029296875,834.47998046875,836.280029296875,0
2016-11-16,857.5499877929688,858.3099975585938,846.22998046875,847.0800170898438,0
2016-11-17,866.8400268554688,870.75,855.5999755859375,858.7899780273438,0
2016-11-18,872.6300048828125,874.219970703125,865.469970703125,868.22998046875,0
2016-11-21,879.010009765625,879.8599853515625,872.52001953125,876.25,0
2016-11-22,888.27001953125,888.8400268554688,884.2100219726562,885.1400146484375,0
2016-11-23,889.3099975585938,891.0,883.3499755859375,887.5700073242188,0
2016-11-25,890.969970703125,891.3900146484375,886.9500122070312,888.9500122070312,0
2016-11-28,887.25,891.4600219726562,886.280029296875,888.8699951171875,0
2016-11-29,885.25,890.8599853515625,881.52001953125,885.8699951171875,0
2016-11-30,879.469970703125,887.1900024414062,879.4299926757812,887.1400146484375,0
2016-12-01,836.7899780273438,878.9600219726562,832.1300048828125,878.9099731445312,0
2016-12-02,847.7000122070312,849.02001953125,832.9000244140625,834.239990234375,0
2016-12-05,858.1300048828125,860.5599975585938,849.4600219726562,854.8699951171875,0
2016-12-06,870.0,870.8099975585938,861.260009765625,861.489990234375,0
2016-12-07,888.4500122070312,889.8400268554688,866.6199951171875,869.7999877929688,0
2016-12-08,895.7000122070312,900.969970703125,889.4199829101562,890.75,0
2016-12-09,892.510009765625,903.6400146484375,886.3099975585938,903.6400146484375,0
2016-12-12,885.4600219726562,890.1400146484375,878.25,886.2899780273438,0
2016-12-13,895.5499877929688,901.5900268554688,888.7000122070312,890.0800170898438,0
2016-12-14,894.280029296875,899.8900146484375,891.5999755859375,895.5399780273438,0
2016-12-15,909.969970703125,913.8200073242188,896.6900024414062,897.7000122070312,0
2016-12-16,900.8499755859375,916.5700073242188,896.6799926757812,912.4000244140625,0
2016-12-19,909.6799926757812,913.2899780273438,902.3900146484375,904.5700073242188,0
2016-12-20,917.989990234375,919.97998046875,914.3900146484375,915.5800170898438,0
2016-12-21,918.3300170898438,922.4500122070312,916.8599853515625,919.5399780273438,0
2016-12-22,923.0599975585938,928.2899780273438,919.4500122070312,927.72998046875,0
2016-12-23,927.9199829101562,928.0399780273438,920.4299926757812,920.8200073242188,0
2016-12-27,939.2100219726562,940.739990234375,931.0999755859375,931.0999755859375,0
2016-12-28,921.0900268554688,944.22998046875,920.6699829101562,943.2000122070312,0
2016-12-29,921.2000122070312,921.22998046875,911.4600219726562,913.75,0
2016-12-30,906.469970703125,925.3099975585938,904.22998046875,924.3300170898438,0
2017-01-03,907.3400268554688,919.8699951171875,899.3300170898438,910.7999877929688,0
2017-01-04,909.77001953125,913.6799926757812,905.22998046875,910.530029296875,0
2017-01-05,901.6900024414062,914.760009765625,900.2100219726562,909.9099731445312,0
2017-01-06,908.6500244140625,911.3200073242188,898.5499877929688,903.260009765625,0
2017-01-09,918.5800170898438,922.239990234375,911.9199829101562,911.9199829101562,0
2017-01-10,923.0599975585938,924.97998046875,918.1300048828125,919.969970703125,0
2017-01-11,926.5399780273438,926.6300048828125,919.6400146484375,922.3900146484375,0
2017-01-12,918.1599731445312,918.7999877929688,904.6599731445312,918.780029296875,0
2017-01-13,924.6699829101562,926.760009765625,918.9099731445312,919.2000122070312,0
2017-01-17,909.47998046875,920.6099853515625,906.5599975585938,919.9000244140625,0
2017-01-18,922.3599853515625,922.8699951171875,909.9299926757812,911.1099853515625,0
2017-01-19,918.030029296875,928.1699829101562,917.1699829101562,921.2999877929688,0
2017-01-20,930.010009765625,935.5800170898438,927.4500122070312,927.5599975585938,0
2017-01-23,923.77001953125,928.1900024414062,916.8599853515625,924.1300048828125,0
2017-01-24,942.4099731445312,943.4199829101562,928.510009765625,929.2899780273438,0
2017-01-25,956.0599975585938,957.5599975585938,947.27001953125,953.6400146484375,0
2017-01-26,950.3200073242188,955.989990234375,946.6099853515625,955.1500244140625,0
2017-01-27,962.260009765625,962.3200073242188,955.6699829101562,955.7899780273438,0
2017-01-30,956.8400268554688,957.3099975585938,945.0,956.6199951171875,0
2017-01-31,944.280029296875,952.6500244140625,938.760009765625,952.5900268554688,0
2017-02-01,960.1099853515625,960.1099853515625,949.9099731445312,955.5,0
2017-02-02,959.0800170898438,962.3300170898438,948.530029296875,953.6400146484375,0
2017-02-03,964.02001953125,965.3099975585938,960.0499877929688,963.6500244140625,0
2017-02-06,967.3900146484375,967.719970703125,960.0800170898438,963.5,0
2017-02-07,970.5900268554688,974.0599975585938,965.219970703125,972.0,0
2017-02-08,972.1400146484375,976.4299926757812,967.27001953125,972.9000244140625,0
2017-02-09,963.8099975585938,975.030029296875,962.5399780273438,975.030029296875,0
2017-02-10,963.0499877929688,969.989990234375,953.9099731445312,969.0900268554688,0
2017-02-13,965.7000122070312,971.6099853515625,963.7000122070312,968.9099731445312,0
2017-02-14,962.6300048828125,964.1199951171875,957.0,962.9000244140625,0
2017-02-15,970.5399780273438,971.239990234375,960.22998046875,965.0599975585938,0
2017-02-16,971.239990234375,972.7999877929688,965.3400268554688,971.02001953125,0
2017-02-17,976.7999877929688,976.7999877929688,963.010009765625,968.6900024414062,0
2017-02-21,990.4400024414062,990.5900268554688,980.969970703125,981.2100219726562,0
2017-02-22,990.0700073242188,991.239990234375,985.989990234375,989.9000244140625,0
2017-02-23,973.8699951171875,987.0599975585938,967.8099975585938,986.8800048828125,0
2017-02-24,973.4400024414062,973.5599975585938,955.1099853515625,958.780029296875,0
2017-02-27,982.4000244140625,982.52001953125,971.77001953125,972.6599731445312,0
2017-02-28,969.3800048828125,982.4199829101562,967.3699951171875,982.2999877929688,0
2017-03-01,985.260009765625,985.9400024414062,971.489990234375,980.7899780273438,0
2017-03-02,974.3300170898438,988.0900268554688,973.3300170898438,985.8699951171875,0
2017-03-03,973.969970703125,975.2899780273438,968.27001953125,973.8800048828125,0
2017-03-06,974.1799926757812,976.030029296875,963.030029296875,968.1500244140625,0
2017-03-07,976.8499755859375,982.8400268554688,969.9500122070312,972.6799926757812,0
2017-03-08,979.0,986.6199951171875,976.75,981.530029296875,0
2017-03-09,980.47998046875,982.4500122070312,973.3300170898438,976.0,0
2017-03-10,991.9299926757812,994.2100219726562,986.489990234375,989.010009765625,0
2017-03-13,999.3900146484375,999.6599731445312,993.0599975585938,995.4000244140625,0
2017-03-14,996.3300170898438,996.6400146484375,988.4199829101562,995.97998046875,0
2017-03-15,1004.6500244140625,1006.2100219726562,992.9400024414062,996.3599853515625,0
2017-03-16,1002.8099975585938,1007.4500122070312,1001.0499877929688,1005.2899780273438,0
2017-03-17,1004.5999755859375,1006.1199951171875,1002.1400146484375,1004.1900024414062,0
2017-03-20,1012.2899780273438,1015.9000244140625,1004.1900024414062,1005.97998046875,0
2017-03-21,988.4199829101562,1017.1400146484375,986.989990234375,1015.9400024414062,0
2017-03-22,999.3400268554688,1000.25,986.2999877929688,987.8699951171875,0
2017-03-23,996.8499755859375,1002.0900268554688,994.4400024414062,997.9099731445312,0
2017-03-24,1004.3499755859375,1016.6799926757812,1000.530029296875,1012.4099731445312,0
2017-03-27,1005.9500122070312,1008.47998046875,990.6599731445312,994.0900268554688,0
2017-03-28,1008.969970703125,1012.9400024414062,1002.8800048828125,1005.4400024414062,0
2017-03-29,1006.489990234375,1008.6400146484375,1003.6599731445312,1007.5,0
2017-03-30,1011.8099975585938,1013.989990234375,1005.3900146484375,1005.77001953125,0
2017-03-31,1011.4000244140625,1016.6099853515625,1008.3200073242188,1010.760009765625,0
2017-04-03,1005.7999877929688,1014.739990234375,998.8900146484375,1012.7899780273438,0
2017-04-04,1000.47998046875,1007.0499877929688,997.22998046875,998.5700073242188,0
2017-04-05,993.530029296875,1010.02001953125,992.760009765625,1002.75,0
2017-04-06,994.6900024414062,997.0700073242188,984.9400024414062,990.0800170898438,0
2017-04-07,999.3499755859375,1002.3300170898438,992.8699951171875,994.219970703125,0
2017-04-10,991.6199951171875,1000.239990234375,989.2100219726562,998.8300170898438,0
2017-04-11,983.3400268554688,984.4199829101562,968.77001953125,983.9600219726562,0
2017-04-12,966.5499877929688,981.969970703125,964.5399780273438,981.27001953125,0
2017-04-13,960.010009765625,974.6199951171875,960.010009765625,962.5399780273438,0
2017-04-17,972.5599975585938,972.6900024414062,964.6599731445312,964.780029296875,0
2017-04-18,976.6699829101562,977.219970703125,966.3699951171875,967.4299926757812,0
2017-04-19,982.0499877929688,990.4000244140625,980.3300170898438,986.719970703125,0
2017-04-20,997.5499877929688,999.1799926757812,984.4600219726562,988.1799926757812,0
2017-04-21,992.9400024414062,995.010009765625,985.27001953125,992.469970703125,0
2017-04-24,1007.7999877929688,1010.7100219726562,1003.8400268554688,1008.5599975585938,0
2017-04-25,1017.8099975585938,1019.4400024414062,1010.0800170898438,1012.6799926757812,0
2017-04-26,1009.1599731445312,1017.8599853515625,1005.8300170898438,1015.469970703125,0
2017-04-27,1023.2899780273438,1024.6099853515625,1015.3499755859375,1016.030029296875,0
2017-04-28,1005.530029296875,1019.1099853515625,1002.8900146484375,1017.5999755859375,0
2017-05-01,1015.4299926757812,1015.7999877929688,1003.0800170898438,1007.7000122070312,0
2017-05-02,1004.6199951171875,1010.9400024414062,999.530029296875,1010.9400024414062,0
2017-05-03,1008.0499877929688,1009.22998046875,998.8699951171875,1001.2000122070312,0
2017-05-04,1006.8300170898438,1010.6900024414062,1002.9500122070312,1008.9600219726562,0
2017-05-05,1011.030029296875,1011.0499877929688,1001.6799926757812,1008.969970703125,0
2017-05-08,1007.1599731445312,1012.280029296875,1005.0399780273438,1011.5,0
2017-05-09,1017.5,1019.8599853515625,1009.5800170898438,1009.6300048828125,0
2017-05-10,1038.9200439453125,1040.5699462890625,1029.93994140625,1032.3199462890625,0
2017-05-11,1042.4300537109375,1047.239990234375,1029.25,1036.219970703125,0
2017-05-12,1045.239990234375,1046.4000244140625,1039.219970703125,1043.550048828125,0
2017-05-15,1061.050048828125,1062.1300048828125,1046.8299560546875,1048.4599609375,0
2017-05-16,1076.8499755859375,1077.050048828125,1061.449951171875,1066.4000244140625,0
2017-05-17,1029.8299560546875,1066.2900390625,1029.3399658203125,1061.1700439453125,0
2017-05-18,1049.2900390625,1052.199951171875,1027.3699951171875,1030.31005859375,0
2017-05-19,1060.77001953125,1064.300048828125,1057.47998046875,1057.530029296875,0
2017-05-22,1072.300048828125,1072.77001953125,1065.1300048828125,1066.4000244140625,0
2017-05-23,1067.93994140625,1071.5899658203125,1059.5799560546875,1071.550048828125,0
2017-05-24,1074.8499755859375,1076.75,1069.9100341796875,1075.1300048828125,0
2017-05-25,1080.75,1084.02001953125,1073.6500244140625,1079.989990234375,0
2017-05-26,1084.8499755859375,1084.93994140625,1072.3399658203125,1077.969970703125,0
2017-05-30,1091.449951171875,1094.1600341796875,1084.280029296875,1085.3199462890625,0
2017-05-31,1091.4200439453125,1101.760009765625,1086.260009765625,1101.1199951171875,0
2017-06-01,1092.550048828125,1094.4000244140625,1086.1400146484375,1094.1700439453125,0
2017-06-02,1103.4000244140625,1104.9000244140625,1091.4100341796875,1100.1400146484375,0
2017-06-05,1106.219970703125,1112.0699462890625,1102.47998046875,1102.47998046875,0
2017-06-06,1110.0799560546875,1117.47998046875,1101.0,1102.5899658203125,0
2017-06-07,1118.300048828125,1122.3800048828125,1112.3199462890625,1115.5999755859375,0
2017-06-08,1138.25,1138.8900146484375,1117.7900390625,1126.1500244140625,0
2017-06-09,1090.050048828125,1149.8599853515625,1068.56005859375,1145.1800537109375,0
2017-06-12,1084.43994140625,1087.8599853515625,1053.3299560546875,1074.93994140625,0
2017-06-13,1091.3499755859375,1101.969970703125,1078.3499755859375,1095.8499755859375,0
2017-06-14,1079.8199462890625,1094.989990234375,1068.27001953125,1094.550048828125,0
2017-06-15,1070.760009765625,1074.43994140625,1060.6600341796875,1061.5699462890625,0
2017-06-16,1067.22998046875,1079.5,1063.56005859375,1072.3599853515625,0
2017-06-19,1087.9200439453125,1088.780029296875,1079.9300537109375,1079.93994140625,0
2017-06-20,1074.8800048828125,1094.1800537109375,1074.6199951171875,1089.4200439453125,0
2017-06-21,1087.4200439453125,1088.1600341796875,1075.5999755859375,1080.510009765625,0
2017-06-22,1084.9599609375,1089.949951171875,1080.010009765625,1089.0799560546875,0
2017-06-23,1088.47998046875,1094.3699951171875,1081.8800048828125,1084.8299560546875,0
2017-06-26,1077.9200439453125,1099.4100341796875,1072.510009765625,1095.6199951171875,0
2017-06-27,1048.6600341796875,1072.6099853515625,1048.52001953125,1072.6099853515625,0
2017-06-28,1067.1800537109375,1068.199951171875,1044.8299560546875,1057.2099609375,0
2017-06-29,1040.4200439453125,1061.199951171875,1026.050048828125,1060.02001953125,0
2017-06-30,1034.9100341796875,1048.68994140625,1030.510009765625,1044.969970703125,0
2017-07-03,1020.510009765625,1044.5899658203125,1020.4199829101562,1040.9200439453125,0
2017-07-05,1041.780029296875,1043.1500244140625,1026.989990234375,1027.8800048828125,0
2017-07-06,1037.050048828125,1045.8800048828125,1027.1400146484375,1032.22998046875,0
2017-07-07,1054.9000244140625,1058.5999755859375,1043.489990234375,1043.489990234375,0
2017-07-10,1067.0999755859375,1069.25,1052.3800048828125,1058.9599609375,0
2017-07-11,1075.4200439453125,1076.06005859375,1063.5,1066.8699951171875,0
2017-07-12,1092.8599853515625,1095.239990234375,1082.52001953125,1085.8800048828125,0
2017-07-13,1090.1300048828125,1101.2900390625,1086.47998046875,1093.8699951171875,0
2017-07-14,1104.3199462890625,1104.81005859375,1093.8199462890625,1094.6099853515625,0
2017-07-17,1099.550048828125,1107.1300048828125,1096.0899658203125,1106.8499755859375,0
2017-07-18,1103.3499755859375,1103.469970703125,1089.8599853515625,1092.969970703125,0
2017-07-19,1113.1800537109375,1113.510009765625,1105.8299560546875,1108.5799560546875,0
2017-07-20,1116.6199951171875,1117.8900146484375,1104.5799560546875,1113.5899658203125,0
2017-07-21,1107.5400390625,1108.0799560546875,1101.5,1108.010009765625,0
2017-07-24,1103.010009765625,1108.1700439453125,1101.5,1108.1300048828125,0
2017-07-25,1102.5899658203125,1105.4100341796875,1092.1600341796875,1099.97998046875,0
2017-07-26,1115.3499755859375,1119.68994140625,1108.510009765625,1111.93994140625,0
2017-07-27,1097.27001953125,1120.510009765625,1084.2900390625,1118.8399658203125,0
2017-07-28,1092.989990234375,1097.5699462890625,1088.050048828125,1093.1199951171875,0
2017-07-31,1085.1500244140625,1099.3699951171875,1081.9100341796875,1096.9200439453125,0
2017-08-01,1091.1300048828125,1091.43994140625,1083.010009765625,1087.75,0
2017-08-02,1083.9599609375,1099.949951171875,1076.3599853515625,1099.489990234375,0
2017-08-03,1078.800048828125,1085.6199951171875,1073.739990234375,1082.8900146484375,0
2017-08-04,1079.449951171875,1087.800048828125,1076.4200439453125,1080.22998046875,0
2017-08-07,1098.25,1098.5899658203125,1082.5699462890625,1082.8499755859375,0
2017-08-08,1093.77001953125,1107.22998046875,1090.699951171875,1098.219970703125,0
2017-08-09,1090.489990234375,1091.8399658203125,1080.9100341796875,1083.6199951171875,0
2017-08-10,1060.02001953125,1084.25,1059.6500244140625,1082.0899658203125,0
2017-08-11,1066.219970703125,1068.1199951171875,1052.719970703125,1053.030029296875,0
2017-08-14,1093.739990234375,1094.8199462890625,1078.8699951171875,1078.9200439453125,0
2017-08-15,1096.4300537109375,1098.3399658203125,1088.6600341796875,1095.030029296875,0
2017-08-16,1098.0699462890625,1102.6199951171875,1093.1300048828125,1099.8499755859375,0
2017-08-17,1069.699951171875,1095.8499755859375,1069.6800537109375,1091.550048828125,0
2017-08-18,1071.8900146484375,1080.0,1066.760009765625,1076.989990234375,0
2017-08-21,1064.52001953125,1073.6300048828125,1057.1700439453125,1073.5899658203125,0
2017-08-22,1081.6400146484375,1083.5699462890625,1071.760009765625,1071.97998046875,0
2017-08-23,1086.4100341796875,1088.77001953125,1072.6199951171875,1072.8399658203125,0
2017-08-24,1085.9300537109375,1091.489990234375,1079.510009765625,1090.510009765625,0
2017-08-25,1080.5,1091.8399658203125,1078.81005859375,1090.699951171875,0
2017-08-28,1082.6199951171875,1083.93994140625,1077.280029296875,1083.6700439453125,0
2017-08-29,1084.8599853515625,1087.3199462890625,1070.0799560546875,1070.56005859375,0
2017-08-30,1103.68994140625,1104.81005859375,1086.8599853515625,1088.3499755859375,0
2017-08-31,1114.31005859375,1115.510009765625,1105.219970703125,1106.3499755859375,0
2017-09-01,1119.3399658203125,1124.6600341796875,1117.4200439453125,1117.72998046875,0
2017-09-05,1103.6300048828125,1116.72998046875,1094.1700439453125,1112.7900390625,0
2017-09-06,1105.760009765625,1110.56005859375,1099.8800048828125,1108.5999755859375,0
2017-09-07,1107.3399658203125,1111.469970703125,1102.5999755859375,1108.68994140625,0
2017-09-08,1093.489990234375,1107.1099853515625,1090.18994140625,1106.3499755859375,0
2017-09-11,1115.4599609375,1117.5,1103.3299560546875,1103.949951171875,0
2017-09-12,1120.199951171875,1123.1099853515625,1113.5699462890625,1118.3599853515625,0
2017-09-13,1122.0400390625,1124.6700439453125,1113.81005859375,1117.2099609375,0
2017-09-14,1127.4200439453125,1133.300048828125,1117.010009765625,1118.300048828125,0
2017-09-15,1146.6800537109375,1147.6400146484375,1130.280029296875,1130.3599853515625,0
2017-09-18,1160.9000244140625,1168.030029296875,1153.739990234375,1153.77001953125,0
2017-09-19,1164.97998046875,1169.010009765625,1157.3199462890625,1163.43994140625,0
2017-09-20,1148.5999755859375,1165.469970703125,1133.280029296875,1165.010009765625,0
2017-09-21,1143.8699951171875,1147.72998046875,1134.1300048828125,1146.47998046875,0
2017-09-22,1149.5899658203125,1151.0799560546875,1139.25,1139.43994140625,0
2017-09-25,1126.93994140625,1144.72998046875,1122.1600341796875,1144.469970703125,0
2017-09-26,1126.4000244140625,1138.260009765625,1122.3699951171875,1136.1300048828125,0
2017-09-27,1153.0,1157.5400390625,1137.9000244140625,1141.0899658203125,0
2017-09-28,1161.68994140625,1162.0799560546875,1149.0799560546875,1150.219970703125,0
2017-09-29,1171.739990234375,1172.8900146484375,1160.3900146484375,1165.489990234375,0
2017-10-02,1178.75,1184.0699462890625,1170.739990234375,1176.6099853515625,0
2017-10-03,1182.4300537109375,1185.530029296875,1177.1600341796875,1180.2900390625,0
2017-10-04,1185.239990234375,1185.3299560546875,1174.5999755859375,1179.6600341796875,0
2017-10-05,1186.0699462890625,1189.56005859375,1179.530029296875,1188.5699462890625,0
2017-10-06,1191.449951171875,1191.469970703125,1181.9100341796875,1182.010009765625,0
2017-10-09,1199.8599853515625,1201.0899658203125,1194.1800537109375,1194.949951171875,0
2017-10-10,1207.199951171875,1210.1800537109375,1194.8499755859375,1209.5,0
2017-10-11,1215.18994140625,1215.5699462890625,1204.030029296875,1204.9000244140625,0
2017-10-12,1211.0999755859375,1219.3499755859375,1210.4000244140625,1214.1300048828125,0
2017-10-13,1219.2099609375,1223.31005859375,1213.8499755859375,1218.8399658203125,0
2017-10-16,1224.989990234375,1225.0999755859375,1216.72998046875,1224.510009765625,0
2017-10-17,1224.1199951171875,1225.010009765625,1218.3800048828125,1223.1700439453125,0
2017-10-18,1228.1600341796875,1230.0699462890625,1212.1700439453125,1226.780029296875,0
2017-10-19,1225.050048828125,1225.1199951171875,1206.3399658203125,1216.449951171875,0
2017-10-20,1231.3399658203125,1237.6300048828125,1229.47998046875,1235.43994140625,0
2017-10-23,1237.1400146484375,1243.9300537109375,1231.6400146484375,1237.3299560546875,0
2017-10-24,1245.3800048828125,1247.18994140625,1236.050048828125,1239.6700439453125,0
2017-10-25,1229.27001953125,1242.2099609375,1216.989990234375,1236.6400146484375,0
2017-10-26,1237.030029296875,1239.5699462890625,1230.550048828125,1233.97998046875,0
2017-10-27,1263.550048828125,1264.6600341796875,1239.97998046875,1248.3599853515625,0
2017-10-30,1265.9100341796875,1270.8399658203125,1258.9100341796875,1261.510009765625,0
2017-10-31,1275.6099853515625,1279.3199462890625,1265.1800537109375,1265.1800537109375,0
2017-11-01,1271.510009765625,1284.6800537109375,1260.0699462890625,1284.1300048828125,0
2017-11-02,1277.3399658203125,1280.5999755859375,1263.760009765625,1270.4300537109375,0
2017-11-03,1299.969970703125,1300.02001953125,1273.1500244140625,1282.4100341796875,0
2017-11-06,1317.3399658203125,1318.3199462890625,1302.239990234375,1314.1300048828125,0
2017-11-07,1316.550048828125,1319.219970703125,1308.010009765625,1314.68994140625,0
2017-11-08,1321.1300048828125,1321.9000244140625,1310.3599853515625,1314.3299560546875,0
2017-11-09,1294.6600341796875,1306.449951171875,1278.68994140625,1306.0999755859375,0
2017-11-10,1303.06005859375,1303.97998046875,1295.3699951171875,1298.3499755859375,0
2017-11-13,1306.5799560546875,1308.1300048828125,1296.4200439453125,1297.5,0
2017-11-14,1305.0,1308.5400390625,1295.4100341796875,1301.8299560546875,0
2017-11-15,1293.199951171875,1298.949951171875,1283.7099609375,1296.02001953125,0
2017-11-16,1313.1099853515625,1318.1099853515625,1301.3599853515625,1301.3900146484375,0
2017-11-17,1306.9300537109375,1320.1600341796875,1304.8299560546875,1319.969970703125,0
2017-11-20,1322.81005859375,1324.77001953125,1311.3499755859375,1312.8399658203125,0
2017-11-21,1337.9200439453125,1338.9200439453125,1327.77001953125,1329.0699462890625,0
2017-11-22,1329.0999755859375,1340.469970703125,1327.0400390625,1339.68994140625,0
2017-11-24,1341.68994140625,1342.050048828125,1333.030029296875,1333.56005859375,0
2017-11-27,1324.1500244140625,1331.4599609375,1322.219970703125,1329.5799560546875,0
2017-11-28,1323.0799560546875,1326.4599609375,1316.1400146484375,1326.280029296875,0
2017-11-29,1265.010009765625,1320.8699951171875,1252.3800048828125,1319.9200439453125,0
2017-11-30,1272.550048828125,1284.8399658203125,1263.5699462890625,1274.949951171875,0
2017-12-01,1258.6500244140625,1265.489990234375,1227.3199462890625,1262.6800537109375,0
2017-12-04,1227.8499755859375,1268.6600341796875,1220.68994140625,1268.1800537109375,0
2017-12-05,1228.510009765625,1251.3499755859375,1213.530029296875,1221.239990234375,0
2017-12-06,1232.260009765625,1234.300048828125,1211.489990234375,1217.280029296875,0
2017-12-07,1244.52001953125,1248.43994140625,1236.6300048828125,1243.75,0
2017-12-08,1238.239990234375,1259.6300048828125,1237.239990234375,1255.4200439453125,0
2017-12-11,1245.5799560546875,1248.81005859375,1236.7099609375,1238.5699462890625,0
2017-12-12,1233.1800537109375,1241.6199951171875,1232.199951171875,1240.68994140625,0
2017-12-13,1233.0400390625,1244.56005859375,1232.6700439453125,1238.5899658203125,0
2017-12-14,1232.4300537109375,1240.3699951171875,1229.300048828125,1235.4200439453125,0
2017-12-15,1250.8900146484375,1254.6099853515625,1231.989990234375,1234.5899658203125,0
2017-12-18,1277.9100341796875,1278.31005859375,1259.780029296875,1262.8399658203125,0
2017-12-19,1276.52001953125,1281.06005859375,1269.8199462890625,1277.0400390625,0
2017-12-20,1285.43994140625,1291.3299560546875,1274.68994140625,1289.3699951171875,0
2017-12-21,1271.81005859375,1287.2099609375,1270.530029296875,1286.4200439453125,0
2017-12-22,1271.1700439453125,1272.1099853515625,1263.0799560546875,1268.949951171875,0
2017-12-26,1258.8800048828125,1259.7099609375,1248.4599609375,1256.0899658203125,0
2017-12-27,1263.3599853515625,1269.219970703125,1258.6300048828125,1259.8399658203125,0
2017-12-28,1266.300048828125,1269.239990234375,1264.1500244140625,1268.739990234375,0
2017-12-29,1253.050048828125,1268.6199951171875,1253.0400390625,1267.449951171875,0
2018-01-02,1287.699951171875,1287.739990234375,1258.77001953125,1261.030029296875,0
2018-01-03,1309.8599853515625,1310.3699951171875,1291.2900390625,1291.6600341796875,0
2018-01-04,1317.239990234375,1321.1099853515625,1306.3699951171875,1315.27001953125,0
2018-01-05,1325.7099609375,1330.31005859375,1316.1300048828125,1321.1700439453125,0
2018-01-08,1335.5400390625,1339.3699951171875,1321.969970703125,1323.449951171875,0
2018-01-09,1322.5699462890625,1337.1099853515625,1320.8199462890625,1335.0699462890625,0
2018-01-10,1306.219970703125,1312.010009765625,1296.0999755859375,1306.8299560546875,0
2018-01-11,1314.3399658203125,1314.8399658203125,1305.199951171875,1309.3499755859375,0
2018-01-12,1322.0999755859375,1324.239990234375,1310.780029296875,1315.030029296875,0
2018-01-16,1325.969970703125,1340.9599609375,1318.5400390625,1334.530029296875,0
2018-01-17,1364.2900390625,1366.0999755859375,1336.969970703125,1338.0699462890625,0
2018-01-18,1370.56005859375,1377.1700439453125,1362.5,1363.469970703125,0
2018-01-19,1372.030029296875,1378.1600341796875,1363.8800048828125,1375.93994140625,0
2018-01-22,1382.4100341796875,1382.4100341796875,1367.6400146484375,1372.5799560546875,0
2018-01-23,1392.8599853515625,1393.4000244140625,1383.1800537109375,1386.5899658203125,0
2018-01-24,1360.6800537109375,1383.719970703125,1351.72998046875,1373.7900390625,0
2018-01-25,1337.6199951171875,1379.27001953125,1337.6199951171875,1376.239990234375,0
2018-01-26,1381.27001953125,1381.280029296875,1355.4100341796875,1357.3900146484375,0
2018-01-29,1378.4200439453125,1388.2900390625,1362.219970703125,1372.719970703125,0
2018-01-30,1350.43994140625,1366.280029296875,1348.93994140625,1354.8199462890625,0
2018-01-31,1361.5,1370.9000244140625,1354.1300048828125,1367.6400146484375,0
2018-02-01,1355.0699462890625,1374.8699951171875,1349.9000244140625,1352.530029296875,0
2018-02-02,1317.97998046875,1344.469970703125,1317.7900390625,1341.27001953125,0
2018-02-05,1255.81005859375,1328.0699462890625,1253.0899658203125,1303.050048828125,0
2018-02-06,1301.6600341796875,1302.3900146484375,1238.6400146484375,1241.5699462890625,0
2018-02-07,1272.5,1303.8299560546875,1272.5,1287.8900146484375,0
2018-02-08,1218.6600341796875,1280.1700439453125,1218.6600341796875,1277.8399658203125,0
2018-02-09,1255.81005859375,1263.4100341796875,1203.6600341796875,1246.8599853515625,0
2018-02-12,1279.1400146484375,1287.1500244140625,1259.6400146484375,1268.2900390625,0
2018-02-13,1278.510009765625,1279.8800048828125,1266.6099853515625,1270.77001953125,0
2018-02-14,1307.050048828125,1309.050048828125,1269.9100341796875,1270.699951171875,0
2018-02-15,1322.949951171875,1322.989990234375,1291.780029296875,1316.4300537109375,0
2018-02-16,1318.3199462890625,1334.31005859375,1317.72998046875,1318.1600341796875,0
2018-02-20,1341.530029296875,1353.3599853515625,1313.969970703125,1314.010009765625,0
2018-02-21,1325.3499755859375,1349.4100341796875,1324.7900390625,1345.969970703125,0
2018-02-22,1322.0899658203125,1336.3399658203125,1318.510009765625,1330.2099609375,0
2018-02-23,1351.0899658203125,1351.1300048828125,1332.3399658203125,1336.719970703125,0
2018-02-26,1380.27001953125,1380.27001953125,1359.18994140625,1360.0899658203125,0
2018-02-27,1374.719970703125,1397.989990234375,1374.719970703125,1379.010009765625,0
2018-02-28,1362.02001953125,1385.9300537109375,1361.1300048828125,1383.9100341796875,0
2018-03-01,1340.1400146484375,1367.43994140625,1324.969970703125,1362.449951171875,0
2018-03-02,1363.780029296875,1365.6600341796875,1322.5999755859375,1324.550048828125,0
2018-03-05,1375.8599853515625,1382.4599609375,1349.9100341796875,1354.3299560546875,0
2018-03-06,1396.469970703125,1399.989990234375,1381.510009765625,1386.2900390625,0
2018-03-07,1400.469970703125,1402.3399658203125,1382.8199462890625,1382.8199462890625,0
2018-03-08,1402.050048828125,1409.25,1393.8599853515625,1408.1500244140625,0
2018-03-09,1431.1600341796875,1431.3900146484375,1410.6700439453125,1411.3599853515625,0
2018-03-12,1445.9000244140625,1453.5,1437.0799560546875,1441.4100341796875,0
2018-03-13,1423.4599609375,1464.6099853515625,1417.4599609375,1454.75,0
2018-03-14,1423.5,1430.27001953125,1410.5999755859375,1429.9100341796875,0
2018-03-15,1422.0699462890625,1431.9599609375,1415.5699462890625,1428.510009765625,0
2018-03-16,1422.5400390625,1430.5699462890625,1419.9300537109375,1427.199951171875,0
2018-03-19,1394.8199462890625,1414.5,1375.3800048828125,1409.4300537109375,0
2018-03-20,1405.5,1409.699951171875,1396.050048828125,1397.6300048828125,0
2018-03-21,1407.97998046875,1425.0699462890625,1401.469970703125,1403.4200439453125,0
2018-03-22,1368.97998046875,1399.6300048828125,1368.5,1386.0699462890625,0
2018-03-23,1323.9200439453125,1370.2900390625,1323.9200439453125,1365.8199462890625,0
2018-03-26,1380.0999755859375,1380.1400146484375,1338.75,1354.300048828125,0
2018-03-27,1327.93994140625,1391.010009765625,1317.9599609375,1390.1099853515625,0
2018-03-28,1299.8199462890625,1331.800048828125,1294.31005859375,1319.7900390625,0
2018-03-29,1328.9000244140625,1340.6600341796875,1300.0799560546875,1312.31005859375,0
2018-04-02,1277.010009765625,1326.0899658203125,1265.25,1316.760009765625,0
2018-04-03,1302.0899658203125,1305.1400146484375,1279.43994140625,1292.75,0
2018-04-04,1319.010009765625,1321.9599609375,1266.06005859375,1266.06005859375,0
2018-04-05,1305.239990234375,1329.3399658203125,1296.56005859375,1325.6300048828125,0
2018-04-06,1265.25,1301.6800537109375,1260.469970703125,1285.18994140625,0
2018-04-09,1273.800048828125,1310.3299560546875,1272.9100341796875,1276.4599609375,0
2018-04-10,1314.5400390625,1321.989990234375,1295.3199462890625,1305.9100341796875,0
2018-04-11,1315.06005859375,1326.22998046875,1304.4100341796875,1306.2900390625,0
2018-04-12,1339.6600341796875,1343.199951171875,1324.0899658203125,1325.8599853515625,0
2018-04-13,1329.4000244140625,1355.0,1325.0699462890625,1355.0,0
2018-04-16,1332.52001953125,1339.6300048828125,1321.1600341796875,1336.6199951171875,0
2018-04-17,1357.719970703125,1360.6199951171875,1340.6600341796875,1342.6099853515625,0
2018-04-18,1343.780029296875,1351.5799560546875,1331.949951171875,1346.25,0
2018-04-19,1285.8800048828125,1319.239990234375,1281.4000244140625,1313.8299560546875,0
2018-04-20,1270.8299560546875,1291.8299560546875,1265.4200439453125,1285.260009765625,0
2018-04-23,1253.97998046875,1278.449951171875,1251.219970703125,1275.9300537109375,0
2018-04-24,1243.6700439453125,1276.31005859375,1232.9000244140625,1266.719970703125,0
2018-04-25,1242.18994140625,1253.68994140625,1223.0899658203125,1249.989990234375,0
2018-04-26,1268.2099609375,1268.9599609375,1254.4599609375,1263.8699951171875,0
2018-04-27,1258.1099853515625,1285.010009765625,1252.280029296875,1284.3599853515625,0
2018-04-30,1244.4000244140625,1265.739990234375,1239.780029296875,1260.02001953125,0
2018-05-01,1265.93994140625,1266.8699951171875,1240.8900146484375,1242.6700439453125,0
2018-05-02,1259.4200439453125,1270.4100341796875,1254.6099853515625,1266.800048828125,0
2018-05-03,1267.43994140625,1272.550048828125,1240.300048828125,1248.949951171875,0
2018-05-04,1296.72998046875,1297.81005859375,1253.5799560546875,1257.06005859375,0
2018-05-07,1308.47998046875,1314.5,1301.8699951171875,1303.300048828125,0
2018-05-08,1318.02001953125,1318.260009765625,1302.3199462890625,1308.3599853515625,0
2018-05-09,1336.6800537109375,1336.97998046875,1317.739990234375,1320.5400390625,0
2018-05-10,1360.719970703125,1361.0999755859375,1344.530029296875,1346.1500244140625,0
2018-05-11,1350.4599609375,1363.0400390625,1348.1600341796875,1353.760009765625,0
2018-05-14,1367.5,1382.68994140625,1364.3499755859375,1367.8299560546875,0
2018-05-15,1351.0999755859375,1361.4000244140625,1342.260009765625,1359.1300048828125,0
2018-05-16,1370.0999755859375,1372.030029296875,1355.6500244140625,1355.6700439453125,0
2018-05-17,1364.8699951171875,1376.239990234375,1355.27001953125,1365.8199462890625,0
2018-05-18,1345.199951171875,1354.22998046875,1341.0400390625,1349.5899658203125,0
2018-05-21,1359.3399658203125,1372.6500244140625,1347.0999755859375,1365.4200439453125,0
2018-05-22,1366.969970703125,1376.8499755859375,1362.449951171875,1369.68994140625,0
2018-05-23,1373.949951171875,1374.1199951171875,1350.3800048828125,1352.760009765625,0
2018-05-24,1378.719970703125,1382.030029296875,1362.1099853515625,1373.6300048828125,0
2018-05-25,1390.8399658203125,1392.0799560546875,1377.510009765625,1379.0,0
2018-05-29,1380.9200439453125,1392.719970703125,1371.3800048828125,1383.1300048828125,0
2018-05-30,1389.9100341796875,1399.780029296875,1383.030029296875,1388.3900146484375,0
2018-05-31,1379.0,1393.6099853515625,1377.3199462890625,1383.760009765625,0
2018-06-01,1411.31005859375,1411.4300537109375,1387.6700439453125,1391.530029296875,0
2018-06-04,1422.6700439453125,1423.8800048828125,1409.4300537109375,1412.989990234375,0
2018-06-05,1428.510009765625,1432.260009765625,1420.0899658203125,1427.5799560546875,0
2018-06-06,1437.93994140625,1438.1300048828125,1423.0799560546875,1430.1300048828125,0
2018-06-07,1424.3399658203125,1440.550048828125,1414.550048828125,1438.6600341796875,0
2018-06-08,1412.2900390625,1414.9200439453125,1400.6099853515625,1407.2900390625,0
2018-06-11,1408.989990234375,1416.47998046875,1404.739990234375,1409.9000244140625,0
2018-06-12,1416.3699951171875,1417.4599609375,1404.1800537109375,1412.4200439453125,0
2018-06-13,1414.47998046875,1429.5400390625,1413.3299560546875,1416.7099609375,0
2018-06-14,1423.1199951171875,1429.989990234375,1414.8599853515625,1420.6400146484375,0
2018-06-15,1422.0400390625,1423.3599853515625,1409.31005859375,1414.8699951171875,0
2018-06-18,1407.9100341796875,1409.9300537109375,1395.1700439453125,1407.3499755859375,0
2018-06-19,1391.5799560546875,1392.4300537109375,1370.8599853515625,1381.530029296875,0
2018-06-20,1398.5999755859375,1405.3699951171875,1392.510009765625,1400.56005859375,0
2018-06-21,1381.010009765625,1408.8499755859375,1379.3699951171875,1408.3499755859375,0
2018-06-22,1371.0,1389.1300048828125,1367.7900390625,1388.719970703125,0
2018-06-25,1328.0400390625,1348.2900390625,1311.280029296875,1347.52001953125,0
2018-06-26,1333.4000244140625,1339.9100341796875,1326.5,1334.2099609375,0
2018-06-27,1300.510009765625,1343.469970703125,1300.1099853515625,1338.199951171875,0
2018-06-28,1311.6400146484375,1313.949951171875,1295.719970703125,1298.52001953125,0
2018-06-29,1313.699951171875,1329.6199951171875,1313.699951171875,1321.8900146484375,0
2018-07-02,1321.81005859375,1322.3499755859375,1293.780029296875,1297.8900146484375,0
2018-07-03,1297.7099609375,1327.31005859375,1296.5,1326.5799560546875,0
2018-07-05,1332.9599609375,1333.1400146484375,1311.9200439453125,1312.199951171875,0
2018-07-06,1349.18994140625,1351.31005859375,1325.8499755859375,1330.969970703125,0
2018-07-09,1358.030029296875,1360.5699462890625,1342.0999755859375,1359.8299560546875,0
2018-07-10,1372.25,1375.3299560546875,1359.800048828125,1360.3199462890625,0
2018-07-11,1336.7099609375,1358.0699462890625,1336.06005859375,1351.469970703125,0
2018-07-12,1346.199951171875,1347.5699462890625,1324.969970703125,1331.260009765625,0
2018-07-13,1340.8299560546875,1349.2099609375,1339.18994140625,1348.4000244140625,0
2018-07-16,1339.239990234375,1348.3499755859375,1338.4000244140625,1341.0,0
2018-07-17,1358.989990234375,1359.280029296875,1328.8399658203125,1329.0799560546875,0
2018-07-18,1369.4599609375,1371.56005859375,1360.1099853515625,1367.6800537109375,0
2018-07-19,1365.8199462890625,1371.6400146484375,1357.3900146484375,1365.949951171875,0
2018-07-20,1359.18994140625,1366.969970703125,1352.4300537109375,1364.9300537109375,0
2018-07-23,1361.3800048828125,1363.6600341796875,1335.0999755859375,1352.0999755859375,0
2018-07-24,1346.5799560546875,1377.02001953125,1345.050048828125,1368.3900146484375,0
2018-07-25,1353.1500244140625,1353.300048828125,1328.5999755859375,1345.050048828125,0
2018-07-26,1378.4200439453125,1379.3199462890625,1363.6800537109375,1368.27001953125,0
2018-07-27,1372.239990234375,1391.5699462890625,1362.5999755859375,1384.3900146484375,0
2018-07-30,1358.56005859375,1375.02001953125,1351.9000244140625,1374.2900390625,0
2018-07-31,1367.469970703125,1386.0699462890625,1364.8299560546875,1370.030029296875,0
2018-08-01,1365.1099853515625,1379.52001953125,1359.6300048828125,1367.81005859375,0
2018-08-02,1378.8299560546875,1380.6800537109375,1348.1300048828125,1348.72998046875,0
2018-08-03,1381.6400146484375,1382.8599853515625,1372.8900146484375,1379.6300048828125,0
2018-08-06,1389.219970703125,1389.3199462890625,1371.0899658203125,1376.1800537109375,0
2018-08-07,1400.0,1400.8800048828125,1390.1300048828125,1392.4300537109375,0
2018-08-08,1403.77001953125,1406.0400390625,1395.010009765625,1399.4100341796875,0
2018-08-09,1389.06005859375,1397.9200439453125,1388.949951171875,1397.550048828125,0
2018-08-10,1354.800048828125,1366.47998046875,1348.6199951171875,1360.3399658203125,0
2018-08-13,1356.75,1368.77001953125,1355.5,1357.530029296875,0
2018-08-14,1354.18994140625,1366.6300048828125,1352.9300537109375,1364.050048828125,0
2018-08-15,1334.8599853515625,1347.8499755859375,1321.6800537109375,1341.6800537109375,0
2018-08-16,1333.0899658203125,1344.4200439453125,1329.8199462890625,1343.8699951171875,0
2018-08-17,1323.4100341796875,1327.02001953125,1304.219970703125,1317.1500244140625,0
2018-08-20,1322.0999755859375,1330.010009765625,1307.4599609375,1325.3199462890625,0
2018-08-21,1348.280029296875,1351.3900146484375,1326.06005859375,1326.8199462890625,0
2018-08-22,1354.530029296875,1355.75,1336.8900146484375,1340.4599609375,0
2018-08-23,1356.1300048828125,1365.800048828125,1353.1400146484375,1354.8599853515625,0
2018-08-24,1375.8800048828125,1376.239990234375,1361.47998046875,1364.52001953125,0
2018-08-27,1397.4599609375,1407.719970703125,1383.6400146484375,1386.6300048828125,0
2018-08-28,1402.949951171875,1408.27001953125,1389.3199462890625,1403.6300048828125,0
2018-08-29,1406.3800048828125,1410.1300048828125,1397.3599853515625,1399.31005859375,0
2018-08-30,1393.1700439453125,1407.6500244140625,1391.3699951171875,1402.719970703125,0
2018-08-31,1401.199951171875,1402.8399658203125,1392.0400390625,1392.1199951171875,0
2018-09-04,1410.9300537109375,1411.6500244140625,1391.199951171875,1395.75,0
2018-09-05,1403.8199462890625,1413.550048828125,1392.2099609375,1411.489990234375,0
2018-09-06,1366.3499755859375,1399.5899658203125,1365.3199462890625,1398.1099853515625,0
2018-09-07,1360.77001953125,1380.8900146484375,1357.81005859375,1361.56005859375,0
2018-09-10,1375.739990234375,1376.0,1362.56005859375,1371.239990234375,0
2018-09-11,1361.8900146484375,1371.6099853515625,1354.72998046875,1366.1099853515625,0
2018-09-12,1346.02001953125,1346.510009765625,1316.760009765625,1341.550048828125,0
2018-09-13,1362.199951171875,1378.800048828125,1356.489990234375,1364.6800537109375,0
2018-09-14,1377.31005859375,1382.3499755859375,1365.9000244140625,1369.5999755859375,0
2018-09-17,1357.47998046875,1375.72998046875,1356.0999755859375,1370.1700439453125,0
2018-09-18,1368.8699951171875,1377.0400390625,1363.52001953125,1363.6600341796875,0
2018-09-19,1371.6800537109375,1377.239990234375,1365.3299560546875,1371.510009765625,0
2018-09-20,1387.6700439453125,1392.800048828125,1381.010009765625,1381.050048828125,0
2018-09-21,1383.0899658203125,1394.0999755859375,1380.260009765625,1386.3800048828125,0
2018-09-24,1388.4599609375,1389.06005859375,1369.739990234375,1375.300048828125,0
2018-09-25,1364.8199462890625,1383.8399658203125,1362.81005859375,1383.75,0
2018-09-26,1351.8499755859375,1367.8199462890625,1350.56005859375,1360.0400390625,0
2018-09-27,1357.8699951171875,1362.550048828125,1352.8399658203125,1356.6300048828125,0
2018-09-28,1366.739990234375,1370.5799560546875,1351.9000244140625,1355.3699951171875,0
2018-10-01,1370.43994140625,1382.050048828125,1367.31005859375,1370.9300537109375,0
2018-10-02,1370.8699951171875,1389.4599609375,1368.0999755859375,1368.1500244140625,0
2018-10-03,1372.4000244140625,1381.1700439453125,1359.719970703125,1378.77001953125,0
2018-10-04,1347.1600341796875,1363.739990234375,1336.0699462890625,1362.8199462890625,0
2018-10-05,1315.8399658203125,1348.9200439453125,1303.8900146484375,1346.6300048828125,0
2018-10-08,1301.0,1317.0899658203125,1289.9200439453125,1306.31005859375,0
2018-10-09,1300.1500244140625,1305.8800048828125,1291.760009765625,1299.0799560546875,0
2018-10-10,1242.0999755859375,1282.760009765625,1241.449951171875,1278.800048828125,0
2018-10-11,1229.3599853515625,1266.5400390625,1220.489990234375,1244.8399658203125,0
2018-10-12,1253.5799560546875,1269.52001953125,1234.3599853515625,1264.3800048828125,0
2018-10-15,1241.8199462890625,1255.969970703125,1237.489990234375,1245.8800048828125,0
2018-10-16,1282.949951171875,1284.27001953125,1255.0,1255.5899658203125,0
2018-10-17,1277.31005859375,1295.050048828125,1268.800048828125,1292.5,0
2018-10-18,1245.300048828125,1271.6600341796875,1241.02001953125,1271.6600341796875,0
2018-10-19,1225.93994140625,1260.219970703125,1221.75,1253.8900146484375,0
2018-10-22,1234.199951171875,1241.489990234375,1223.3900146484375,1236.3699951171875,0
2018-10-23,1227.6099853515625,1234.3699951171875,1189.1300048828125,1197.969970703125,0
2018-10-24,1146.4100341796875,1207.3299560546875,1144.72998046875,1204.739990234375,0
2018-10-25,1173.2099609375,1182.1099853515625,1151.219970703125,1151.239990234375,0
2018-10-26,1153.0,1172.6400146484375,1134.1800537109375,1145.0899658203125,0
2018-10-29,1140.1500244140625,1181.2900390625,1119.3699951171875,1175.9300537109375,0
2018-10-30,1187.5699462890625,1188.739990234375,1140.3599853515625,1141.719970703125,0
2018-10-31,1202.300048828125,1211.7099609375,1191.8900146484375,1205.5799560546875,0
2018-11-01,1258.0799560546875,1261.530029296875,1210.3699951171875,1210.5999755859375,0
2018-11-02,1239.1600341796875,1260.699951171875,1224.780029296875,1257.0999755859375,0
2018-11-05,1228.5999755859375,1235.280029296875,1208.3699951171875,1233.9599609375,0
2018-11-06,1242.6300048828125,1246.81005859375,1226.31005859375,1226.3499755859375,0
2018-11-07,1257.469970703125,1260.68994140625,1242.550048828125,1255.1400146484375,0
2018-11-08,1252.22998046875,1260.9100341796875,1240.489990234375,1241.3199462890625,0
2018-11-09,1229.050048828125,1239.050048828125,1218.2099609375,1235.6500244140625,0
2018-11-12,1174.489990234375,1208.239990234375,1170.4599609375,1207.0799560546875,0
2018-11-13,1190.3699951171875,1213.9200439453125,1184.7099609375,1186.530029296875,0
2018-11-14,1194.7099609375,1212.77001953125,1183.9200439453125,1205.300048828125,0
2018-11-15,1234.6199951171875,1239.7099609375,1189.3199462890625,1189.6400146484375,0
2018-11-16,1220.1400146484375,1225.8199462890625,1193.56005859375,1194.949951171875,0
2018-11-19,1173.010009765625,1217.5400390625,1172.3599853515625,1213.4300537109375,0
2018-11-20,1174.8199462890625,1190.3900146484375,1143.93994140625,1143.949951171875,0
2018-11-21,1179.72998046875,1196.510009765625,1179.449951171875,1191.5999755859375,0
2018-11-23,1179.239990234375,1189.8399658203125,1168.8599853515625,1168.8599853515625,0
2018-11-26,1201.719970703125,1201.8199462890625,1184.760009765625,1199.780029296875,0
2018-11-27,1204.0799560546875,1213.550048828125,1189.4599609375,1193.1199951171875,0
2018-11-28,1231.449951171875,1231.739990234375,1192.969970703125,1214.4100341796875,0
2018-11-29,1221.4300537109375,1233.8599853515625,1219.1400146484375,1226.4200439453125,0
2018-11-30,1239.5999755859375,1239.6300048828125,1210.1600341796875,1220.52001953125,0
2018-12-03,1272.739990234375,1281.3499755859375,1259.4200439453125,1278.739990234375,0
2018-12-04,1209.3499755859375,1263.6600341796875,1208.5400390625,1263.239990234375,0
2018-12-06,1202.8299560546875,1202.8800048828125,1170.530029296875,1178.010009765625,0
2018-12-07,1157.8599853515625,1202.9599609375,1152.3399658203125,1200.050048828125,0
2018-12-10,1174.18994140625,1178.72998046875,1152.1800537109375,1157.5899658203125,0
2018-12-11,1181.47998046875,1208.989990234375,1174.5799560546875,1200.27001953125,0
2018-12-12,1198.9000244140625,1216.010009765625,1190.4000244140625,1203.6400146484375,0
2018-12-13,1194.5899658203125,1211.9300537109375,1190.1300048828125,1208.0,0
2018-12-14,1177.5699462890625,1201.75,1177.27001953125,1179.8699951171875,0
2018-12-17,1162.4599609375,1193.9599609375,1155.780029296875,1175.550048828125,0
2018-12-18,1177.3599853515625,1195.5899658203125,1171.6800537109375,1173.6099853515625,0
2018-12-19,1127.43994140625,1183.3199462890625,1122.1800537109375,1167.5899658203125,0
2018-12-20,1117.739990234375,1144.8299560546875,1104.3699951171875,1131.5400390625,0
2018-12-21,1101.2900390625,1138.56005859375,1097.2099609375,1135.510009765625,0
2018-12-24,1069.3900146484375,1103.18994140625,1068.9200439453125,1091.6199951171875,0
2018-12-26,1131.0999755859375,1131.300048828125,1066.3900146484375,1082.1500244140625,0
2018-12-27,1139.489990234375,1140.0,1101.0799560546875,1112.0799560546875,0
2018-12-28,1147.3699951171875,1168.31005859375,1137.8399658203125,1144.780029296875,0
2018-12-31,1155.1700439453125,1164.3699951171875,1143.5999755859375,1160.1700439453125,0
2019-01-02,1165.300048828125,1173.52001953125,1131.43994140625,1131.469970703125,0
2019-01-03,1096.030029296875,1142.9200439453125,1094.5899658203125,1136.9599609375,0
2019-01-04,1143.9599609375,1148.449951171875,1111.7900390625,1114.47998046875,0
2019-01-07,1166.239990234375,1176.75,1143.239990234375,1147.219970703125,0
2019-01-08,1160.550048828125,1177.8199462890625,1145.3800048828125,1177.760009765625,0
2019-01-09,1189.8399658203125,1195.6300048828125,1174.6700439453125,1175.030029296875,0
2019-01-10,1201.4000244140625,1202.9599609375,1178.72998046875,1181.260009765625,0
2019-01-11,1213.0400390625,1224.02001953125,1192.050048828125,1194.6500244140625,0
2019-01-14,1194.280029296875,1202.1700439453125,1187.97998046875,1196.0400390625,0
2019-01-15,1197.030029296875,1210.8399658203125,1191.969970703125,1202.219970703125,0
2019-01-16,1187.18994140625,1206.760009765625,1186.3699951171875,1197.6099853515625,0
2019-01-17,1200.760009765625,1206.8299560546875,1172.31005859375,1177.68994140625,0
2019-01-18,1228.3299560546875,1236.1300048828125,1206.5699462890625,1210.699951171875,0
2019-01-22,1193.3599853515625,1217.68994140625,1185.050048828125,1217.0699462890625,0
2019-01-23,1185.949951171875,1205.3499755859375,1174.9599609375,1200.3199462890625,0
2019-01-24,1253.9100341796875,1258.719970703125,1218.02001953125,1218.4599609375,0
2019-01-25,1281.1600341796875,1285.3800048828125,1250.3699951171875,1260.52001953125,0
2019-01-28,1254.4000244140625,1264.8299560546875,1230.68994140625,1234.43994140625,0
2019-01-29,1236.25,1258.8199462890625,1234.9100341796875,1255.949951171875,0
2019-01-30,1271.760009765625,1276.4599609375,1244.199951171875,1254.949951171875,0
2019-01-31,1272.0899658203125,1282.68994140625,1260.3399658203125,1266.72998046875,0
2019-02-01,1287.4000244140625,1292.7099609375,1274.68994140625,1275.8800048828125,0
2019-02-04,1293.8800048828125,1293.9100341796875,1276.8199462890625,1285.3499755859375,0
2019-02-05,1300.1300048828125,1305.0,1291.1400146484375,1291.699951171875,0
2019-02-06,1333.760009765625,1343.7099609375,1321.2900390625,1321.2900390625,0
2019-02-07,1303.9200439453125,1322.5400390625,1293.0999755859375,1314.489990234375,0
2019-02-08,1302.4200439453125,1304.530029296875,1279.6700439453125,1284.3499755859375,0
2019-02-11,1308.8800048828125,1311.6600341796875,1297.52001953125,1307.2900390625,0
2019-02-12,1336.719970703125,1339.25,1322.9000244140625,1324.9100341796875,0
2019-02-13,1340.7099609375,1350.6800537109375,1336.3399658203125,1342.300048828125,0
2019-02-14,1344.1099853515625,1353.489990234375,1334.449951171875,1336.010009765625,0
2019-02-15,1351.1800537109375,1358.0699462890625,1343.030029296875,1355.4100341796875,0
2019-02-19,1348.489990234375,1357.75,1345.780029296875,1345.989990234375,0
2019-02-20,1360.280029296875,1368.3399658203125,1353.300048828125,1353.5,0
2019-02-21,1350.25,1363.2900390625,1346.239990234375,1359.469970703125,0
2019-02-22,1364.780029296875,1366.1199951171875,1355.3599853515625,1361.0999755859375,0
2019-02-25,1375.949951171875,1391.43994140625,1374.6800537109375,1384.7099609375,0
2019-02-26,1366.5799560546875,1377.18994140625,1362.8900146484375,1371.8800048828125,0
2019-02-27,1349.8699951171875,1359.1500244140625,1336.0899658203125,1358.9000244140625,0
2019-02-28,1350.199951171875,1354.260009765625,1339.9300537109375,1342.4300537109375,0
2019-03-01,1363.1300048828125,1368.8399658203125,1348.72998046875,1365.6199951171875,0
2019-03-04,1363.25,1376.22998046875,1346.449951171875,1372.7099609375,0
2019-03-05,1356.9000244140625,1365.3399658203125,1351.77001953125,1361.18994140625,0
2019-03-06,1333.8199462890625,1355.18994140625,1333.3299560546875,1354.81005859375,0
2019-03-07,1319.0899658203125,1328.5999755859375,1311.4000244140625,1326.9200439453125,0
2019-03-08,1318.2099609375,1319.3299560546875,1292.760009765625,1297.239990234375,0
2019-03-11,1349.8800048828125,1355.81005859375,1324.47998046875,1325.949951171875,0
2019-03-12,1355.1199951171875,1362.1300048828125,1342.6300048828125,1354.22998046875,0
2019-03-13,1360.77001953125,1371.3299560546875,1358.8299560546875,1362.75,0
2019-03-14,1353.06005859375,1367.0799560546875,1352.5699462890625,1362.219970703125,0
2019-03-15,1392.3599853515625,1402.449951171875,1371.219970703125,1373.760009765625,0
2019-03-18,1388.77001953125,1401.719970703125,1380.8800048828125,1392.6600341796875,0
2019-03-19,1407.3499755859375,1411.6800537109375,1398.550048828125,1398.550048828125,0
2019-03-20,1393.010009765625,1413.8199462890625,1384.8699951171875,1410.1199951171875,0
2019-03-21,1441.8299560546875,1450.760009765625,1399.52001953125,1399.52001953125,0
2019-03-22,1400.3699951171875,1437.6300048828125,1399.72998046875,1433.2099609375,0
2019-03-25,1382.75,1403.030029296875,1371.9100341796875,1388.3900146484375,0
2019-03-26,1396.75,1408.739990234375,1386.3199462890625,1399.8499755859375,0
2019-03-27,1376.47998046875,1402.0799560546875,1366.68994140625,1398.52001953125,0
2019-03-28,1373.800048828125,1391.1400146484375,1365.1600341796875,1380.1700439453125,0
2019-03-29,1395.510009765625,1398.050048828125,1386.8900146484375,1392.0799560546875,0
2019-04-01,1430.239990234375,1431.550048828125,1410.52001953125,1417.6600341796875,0
2019-04-02,1431.6300048828125,1434.8499755859375,1423.219970703125,1431.550048828125,0
2019-04-03,1464.18994140625,1476.6099853515625,1450.5999755859375,1451.6500244140625,0
2019-04-04,1465.8900146484375,1475.27001953125,1458.9000244140625,1460.02001953125,0
2019-04-05,1477.6500244140625,1478.0999755859375,1467.02001953125,1475.1400146484375,0
2019-04-08,1481.3800048828125,1482.47998046875,1468.1199951171875,1472.3299560546875,0
2019-04-09,1464.52001953125,1472.239990234375,1458.260009765625,1472.239990234375,0
2019-04-10,1477.1600341796875,1481.300048828125,1463.6400146484375,1465.22998046875,0
2019-04-11,1476.0699462890625,1486.02001953125,1471.6099853515625,1478.3299560546875,0
2019-04-12,1497.1199951171875,1497.1300048828125,1484.9599609375,1490.4300537109375,0
2019-04-15,1485.8199462890625,1498.0999755859375,1477.449951171875,1496.949951171875,0
2019-04-16,1533.219970703125,1533.6099853515625,1495.22998046875,1495.5999755859375,0
2019-04-17,1557.0799560546875,1576.7900390625,1545.8599853515625,1566.77001953125,0
2019-04-18,1558.1300048828125,1562.6400146484375,1550.8800048828125,1557.4200439453125,0
2019-04-22,1558.2900390625,1561.8399658203125,1547.4200439453125,1553.18994140625,0
2019-04-23,1574.050048828125,1579.030029296875,1561.3699951171875,1562.280029296875,0
2019-04-24,1589.02001953125,1604.5699462890625,1575.3800048828125,1575.550048828125,0
2019-04-25,1560.3199462890625,1583.72998046875,1547.260009765625,1582.3499755859375,0
2019-04-26,1547.4000244140625,1547.6300048828125,1515.489990234375,1530.02001953125,0
2019-04-29,1544.43994140625,1551.1400146484375,1538.199951171875,1546.43994140625,0
2019-04-30,1556.1800537109375,1559.530029296875,1541.8199462890625,1547.2900390625,0
2019-05-01,1543.47998046875,1579.18994140625,1543.300048828125,1570.3599853515625,0
2019-05-02,1560.6099853515625,1576.6700439453125,1540.68994140625,1542.4300537109375,0
2019-05-03,1570.699951171875,1571.4300537109375,1552.9599609375,1564.5,0
2019-05-06,1543.72998046875,1545.3399658203125,1513.199951171875,1514.0799560546875,0
2019-05-07,1506.3199462890625,1527.280029296875,1489.969970703125,1522.4000244140625,0
2019-05-08,1494.47998046875,1517.1800537109375,1491.8199462890625,1494.8599853515625,0
2019-05-09,1476.800048828125,1483.760009765625,1443.97998046875,1466.5899658203125,0
2019-05-10,1478.8699951171875,1487.3299560546875,1444.1400146484375,1469.0699462890625,0
2019-05-13,1408.949951171875,1438.47998046875,1403.3499755859375,1431.1400146484375,0
2019-05-14,1442.8299560546875,1449.989990234375,1420.72998046875,1423.550048828125,0
2019-05-15,1454.5,1464.1300048828125,1427.449951171875,1428.47998046875,0
2019-05-16,1430.1099853515625,1446.1800537109375,1421.6700439453125,1431.9599609375,0
2019-05-17,1402.010009765625,1436.1500244140625,1396.800048828125,1408.06005859375,0
2019-05-20,1345.5799560546875,1367.7099609375,1337.1500244140625,1355.9100341796875,0
2019-05-21,1374.2099609375,1380.5699462890625,1362.9599609375,1375.489990234375,0
2019-05-22,1345.0400390625,1359.1600341796875,1341.1099853515625,1345.06005859375,0
2019-05-23,1322.8399658203125,1324.4599609375,1302.1300048828125,1316.3499755859375,0
2019-05-24,1311.969970703125,1339.4300537109375,1310.9100341796875,1334.219970703125,0
2019-05-28,1300.300048828125,1323.760009765625,1298.0899658203125,1317.8800048828125,0
2019-05-29,1305.5699462890625,1311.3599853515625,1286.989990234375,1288.5,0
2019-05-30,1315.2900390625,1325.780029296875,1305.2900390625,1309.969970703125,0
2019-05-31,1296.1800537109375,1317.449951171875,1295.1700439453125,1298.1199951171875,0
2019-06-03,1300.52001953125,1324.800048828125,1293.1099853515625,1313.3199462890625,0
2019-06-04,1355.260009765625,1356.260009765625,1312.72998046875,1323.1300048828125,0
2019-06-05,1345.0999755859375,1369.530029296875,1328.199951171875,1365.31005859375,0
2019-06-06,1363.1300048828125,1368.7099609375,1342.6500244140625,1348.06005859375,0
2019-06-07,1378.81005859375,1382.6300048828125,1365.7099609375,1369.6199951171875,0
2019-06-10,1413.8900146484375,1430.4200439453125,1398.9100341796875,1399.1300048828125,0
2019-06-11,1418.02001953125,1440.800048828125,1408.3800048828125,1438.9599609375,0
2019-06-12,1384.949951171875,1405.31005859375,1383.6600341796875,1404.7099609375,0
2019-06-13,1392.93994140625,1398.31005859375,1382.6500244140625,1392.8499755859375,0
2019-06-14,1356.550048828125,1363.219970703125,1347.989990234375,1351.1700439453125,0
2019-06-17,1347.8599853515625,1361.8699951171875,1346.9000244140625,1357.3299560546875,0
2019-06-18,1406.1600341796875,1415.4300537109375,1362.260009765625,1364.8199462890625,0
2019-06-19,1407.300048828125,1416.9200439453125,1400.31005859375,1414.52001953125,0
2019-06-20,1421.030029296875,1441.3900146484375,1413.8199462890625,1439.8599853515625,0
2019-06-21,1410.5,1424.8399658203125,1408.7900390625,1414.260009765625,0
2019-06-24,1412.0799560546875,1417.969970703125,1407.68994140625,1412.739990234375,0
2019-06-25,1391.1199951171875,1420.3399658203125,1390.3299560546875,1413.75,0
2019-06-26,1435.8299560546875,1444.1500244140625,1419.9200439453125,1420.010009765625,0
2019-06-27,1456.9000244140625,1464.8499755859375,1446.1700439453125,1447.780029296875,0
2019-06-28,1458.9599609375,1471.8499755859375,1455.969970703125,1469.489990234375,0
2019-07-01,1497.550048828125,1531.3699951171875,1486.31005859375,1524.1400146484375,0
2019-07-02,1476.8299560546875,1491.27001953125,1470.949951171875,1491.27001953125,0
2019-07-03,1470.489990234375,1474.6199951171875,1460.1500244140625,1474.5,0
2019-07-05,1461.699951171875,1464.0699462890625,1446.530029296875,1454.1400146484375,0
2019-07-08,1450.4100341796875,1455.18994140625,1442.5699462890625,1448.8599853515625,0
2019-07-09,1461.2099609375,1462.81005859375,1440.1099853515625,1440.4300537109375,0
2019-07-10,1471.510009765625,1492.3399658203125,1469.81005859375,1474.550048828125,0
2019-07-11,1476.280029296875,1481.6500244140625,1467.3499755859375,1476.75,0
2019-07-12,1504.280029296875,1504.6600341796875,1482.3599853515625,1482.56005859375,0
2019-07-15,1515.9200439453125,1521.6300048828125,1508.030029296875,1512.5699462890625,0
2019-07-16,1499.6400146484375,1508.469970703125,1492.5799560546875,1506.6700439453125,0
2019-07-17,1503.8699951171875,1511.7099609375,1500.6500244140625,1508.239990234375,0
2019-07-18,1526.969970703125,1530.0,1504.510009765625,1504.780029296875,0
2019-07-19,1523.9100341796875,1538.8699951171875,1523.4200439453125,1530.0699462890625,0
2019-07-22,1554.0899658203125,1556.3900146484375,1535.6800537109375,1535.6800537109375,0
2019-07-23,1573.27001953125,1573.4100341796875,1556.1800537109375,1562.260009765625,0
2019-07-24,1622.02001953125,1625.1099853515625,1589.4100341796875,1589.4100341796875,0
2019-07-25,1594.1199951171875,1608.75,1590.3599853515625,1606.6400146484375,0
2019-07-26,1593.8599853515625,1605.739990234375,1593.5,1604.239990234375,0
2019-07-29,1598.02001953125,1600.530029296875,1578.2099609375,1592.3499755859375,0
2019-07-30,1593.8199462890625,1597.8900146484375,1578.1500244140625,1579.0999755859375,0
2019-07-31,1542.43994140625,1583.9000244140625,1527.3800048828125,1581.949951171875,0
2019-08-01,1511.97998046875,1579.489990234375,1498.8900146484375,1539.06005859375,0
2019-08-02,1488.4300537109375,1508.6099853515625,1476.4100341796875,1494.52001953125,0
2019-08-05,1423.52001953125,1446.010009765625,1411.72998046875,1443.239990234375,0
2019-08-06,1441.77001953125,1459.719970703125,1425.8699951171875,1448.7099609375,0
2019-08-07,1452.1199951171875,1455.530029296875,1423.6099853515625,1424.8800048828125,0
2019-08-08,1491.260009765625,1491.5699462890625,1455.3199462890625,1464.449951171875,0
2019-08-09,1464.3399658203125,1481.3299560546875,1455.199951171875,1476.530029296875,0
2019-08-12,1446.97998046875,1464.219970703125,1439.989990234375,1453.2900390625,0
2019-08-13,1489.6600341796875,1489.6600341796875,1489.6600341796875,1489.6600341796875,0
2019-08-14,1442.5400390625,1465.949951171875,1435.5,1452.280029296875,0
2019-08-15,1439.2900390625,1452.6700439453125,1427.22998046875,1448.5400390625,0
2019-08-16,1479.25,1482.68994140625,1454.68994140625,1454.68994140625,0
2019-08-19,1506.989990234375,1519.300048828125,1499.489990234375,1513.1199951171875,0
2019-08-20,1498.9000244140625,1509.43994140625,1491.1400146484375,1502.5699462890625,0
2019-08-21,1512.719970703125,1519.3499755859375,1505.969970703125,1512.5999755859375,0
2019-08-22,1512.25,1520.199951171875,1497.0400390625,1515.780029296875,0
2019-08-23,1446.3800048828125,1505.199951171875,1441.969970703125,1494.0699462890625,0
2019-08-26,1458.8800048828125,1469.4000244140625,1452.989990234375,1467.6800537109375,0
2019-08-27,1454.1199951171875,1475.43994140625,1445.8499755859375,1470.72998046875,0
2019-08-28,1462.8499755859375,1464.780029296875,1437.4000244140625,1446.9200439453125,0
2019-08-29,1495.8199462890625,1505.3800048828125,1487.97998046875,1487.97998046875,0
2019-08-30,1504.9200439453125,1517.3399658203125,1497.0899658203125,1510.97998046875,0
2019-09-03,1478.3199462890625,1493.1300048828125,1470.3599853515625,1490.719970703125,0
2019-09-04,1519.550048828125,1519.699951171875,1503.489990234375,1504.0,0
2019-09-05,1566.2099609375,1583.739990234375,1552.77001953125,1552.77001953125,0
2019-09-06,1568.3399658203125,1573.989990234375,1558.8800048828125,1567.7900390625,0
2019-09-09,1576.3900146484375,1588.81005859375,1569.719970703125,1578.68994140625,0
2019-09-10,1583.1500244140625,1583.219970703125,1558.06005859375,1568.8900146484375,0
2019-09-11,1606.18994140625,1606.239990234375,1580.219970703125,1587.6199951171875,0
2019-09-12,1610.7900390625,1625.1600341796875,1599.8699951171875,1615.97998046875,0
2019-09-13,1605.6500244140625,1613.77001953125,1598.2099609375,1610.6500244140625,0
2019-09-16,1594.489990234375,1601.9300537109375,1580.9599609375,1586.5799560546875,0
2019-09-17,1599.739990234375,1600.8599853515625,1582.5,1591.0799560546875,0
2019-09-18,1600.949951171875,1601.449951171875,1578.8599853515625,1598.25,0
2019-09-19,1592.0699462890625,1608.31005859375,1590.489990234375,1605.1300048828125,0
2019-09-20,1563.0,1592.18994140625,1556.969970703125,1591.8499755859375,0
2019-09-23,1578.0899658203125,1586.469970703125,1563.0999755859375,1563.0999755859375,0
2019-09-24,1551.989990234375,1590.219970703125,1544.989990234375,1586.6800537109375,0
2019-09-25,1579.56005859375,1584.1600341796875,1532.4100341796875,1542.5,0
2019-09-26,1580.0999755859375,1585.3800048828125,1565.5699462890625,1580.4200439453125,0
2019-09-27,1542.8699951171875,1575.1800537109375,1531.7099609375,1568.1300048828125,0
2019-09-30,1558.75,1560.239990234375,1543.550048828125,1550.5899658203125,0
2019-10-01,1544.199951171875,1587.969970703125,1538.9599609375,1572.1500244140625,0
2019-10-02,1519.77001953125,1534.6600341796875,1510.530029296875,1529.199951171875,0
2019-10-03,1545.760009765625,1547.3199462890625,1502.72998046875,1522.27001953125,0
2019-10-04,1574.3900146484375,1575.1199951171875,1551.72998046875,1555.8399658203125,0
2019-10-07,1563.1700439453125,1579.1600341796875,1562.8299560546875,1572.68994140625,0
2019-10-08,1514.449951171875,1546.800048828125,1514.219970703125,1545.27001953125,0
2019-10-09,1540.8499755859375,1550.3499755859375,1532.030029296875,1537.3299560546875,0
2019-10-10,1555.7900390625,1571.4000244140625,1545.1099853515625,1546.0400390625,0
2019-10-11,1591.1300048828125,1609.469970703125,1584.1500244140625,1587.989990234375,0
2019-10-14,1590.4000244140625,1594.1400146484375,1583.1800537109375,1588.7099609375,0
2019-10-15,1625.68994140625,1629.530029296875,1598.5,1600.719970703125,0
2019-10-16,1601.7900390625,1624.9599609375,1599.0400390625,1613.719970703125,0
2019-10-17,1607.1600341796875,1625.5899658203125,1598.010009765625,1620.6700439453125,0
2019-10-18,1590.0899658203125,1608.25,1575.2900390625,1601.9000244140625,0
2019-10-21,1620.0400390625,1620.8299560546875,1601.030029296875,1606.1300048828125,0
2019-10-22,1607.5999755859375,1626.4300537109375,1607.0,1622.5899658203125,0
2019-10-23,1576.5799560546875,1590.77001953125,1566.4599609375,1576.2900390625,0
2019-10-24,1615.510009765625,1616.06005859375,1594.989990234375,1600.780029296875,0
2019-10-25,1648.6700439453125,1650.199951171875,1624.5899658203125,1624.6700439453125,0
2019-10-28,1677.5699462890625,1679.72998046875,1662.6400146484375,1662.6400146484375,0
2019-10-29,1662.4599609375,1691.1600341796875,1661.1500244140625,1682.1199951171875,0
2019-10-30,1661.4599609375,1670.9599609375,1649.6800537109375,1670.9300537109375,0
2019-10-31,1651.219970703125,1653.2099609375,1630.8699951171875,1652.8900146484375,0
2019-11-01,1689.9300537109375,1690.0400390625,1661.719970703125,1667.2900390625,0
2019-11-04,1726.9200439453125,1729.68994140625,1710.6800537109375,1714.8599853515625,0
2019-11-05,1730.1500244140625,1742.9599609375,1723.989990234375,1729.9300537109375,0
2019-11-06,1715.6700439453125,1722.199951171875,1699.489990234375,1721.4599609375,0
2019-11-07,1727.6800537109375,1745.68994140625,1719.72998046875,1740.9599609375,0
2019-11-08,1736.780029296875,1736.9000244140625,1710.9599609375,1717.800048828125,0
2019-11-11,1727.5899658203125,1731.02001953125,1714.81005859375,1722.300048828125,0
2019-11-12,1732.4200439453125,1745.2900390625,1725.68994140625,1737.1400146484375,0
2019-11-13,1732.8599853515625,1737.93994140625,1714.9000244140625,1718.25,0
2019-11-14,1727.5899658203125,1729.52001953125,1715.280029296875,1724.300048828125,0
2019-11-15,1742.9300537109375,1758.260009765625,1735.4200439453125,1749.699951171875,0
2019-11-18,1738.780029296875,1750.43994140625,1730.3299560546875,1738.9100341796875,0
2019-11-19,1730.5,1750.25,1721.4100341796875,1749.4200439453125,0
2019-11-20,1710.1400146484375,1730.9599609375,1697.8199462890625,1721.43994140625,0
2019-11-21,1690.8299560546875,1706.8299560546875,1684.43994140625,1693.1700439453125,0
2019-11-22,1690.7900390625,1705.2900390625,1686.5899658203125,1698.989990234375,0
2019-11-25,1731.949951171875,1732.3399658203125,1706.56005859375,1706.56005859375,0
2019-11-26,1723.260009765625,1729.3299560546875,1716.3900146484375,1728.260009765625,0
2019-11-27,1735.9100341796875,1736.3199462890625,1729.4200439453125,1730.6199951171875,0
2019-11-29,1716.8399658203125,1729.1099853515625,1715.780029296875,1725.8399658203125,0
2019-12-02,1691.75,1721.010009765625,1690.1600341796875,1721.010009765625,0
2019-12-03,1665.7099609375,1666.300048828125,1647.030029296875,1653.4200439453125,0
2019-12-04,1691.449951171875,1697.31005859375,1685.280029296875,1687.3399658203125,0
2019-12-05,1697.6600341796875,1706.18994140625,1690.9300537109375,1698.97998046875,0
2019-12-06,1724.2099609375,1728.2099609375,1717.260009765625,1717.8199462890625,0
2019-12-09,1714.97998046875,1729.06005859375,1714.75,1724.739990234375,0
2019-12-10,1720.9000244140625,1733.1500244140625,1715.9599609375,1720.0,0
2019-12-11,1759.199951171875,1760.3900146484375,1726.8699951171875,1726.8900146484375,0
2019-12-12,1806.8699951171875,1808.5,1757.6800537109375,1758.030029296875,0
2019-12-13,1796.0400390625,1824.239990234375,1789.3599853515625,1800.010009765625,0
2019-12-16,1813.31005859375,1830.1300048828125,1813.0899658203125,1817.6400146484375,0
2019-12-17,1821.9200439453125,1825.9100341796875,1813.510009765625,1821.93994140625,0
2019-12-18,1820.2900390625,1826.5799560546875,1815.5,1824.22998046875,0
2019-12-19,1834.969970703125,1835.260009765625,1819.6500244140625,1827.77001953125,0
2019-12-20,1853.8699951171875,1856.4100341796875,1837.6700439453125,1837.7900390625,0
2019-12-23,1857.1199951171875,1865.1099853515625,1855.9100341796875,1862.31005859375,0
2019-12-24,1862.199951171875,1862.6199951171875,1851.5899658203125,1859.9599609375,0
2019-12-26,1864.489990234375,1867.4000244140625,1857.27001953125,1865.4200439453125,0
2019-12-27,1858.5899658203125,1871.2099609375,1853.9200439453125,1870.6199951171875,0
2019-12-30,1844.3900146484375,1856.6700439453125,1832.0799560546875,1856.6300048828125,0
2019-12-31,1849.6199951171875,1851.06005859375,1835.2900390625,1836.1800537109375,0
2020-01-02,1887.9100341796875,1888.1400146484375,1864.9300537109375,1875.3399658203125,0
2020-01-03,1853.97998046875,1869.719970703125,1848.6500244140625,1850.8199462890625,0
2020-01-06,1834.6800537109375,1840.18994140625,1821.8599853515625,1825.5899658203125,0
2020-01-07,1867.280029296875,1875.6099853515625,1845.5,1852.72998046875,0
2020-01-08,1867.5899658203125,1878.9599609375,1858.510009765625,1866.8199462890625,0
2020-01-09,1878.72998046875,1891.06005859375,1860.56005859375,1887.18994140625,0
2020-01-10,1866.3499755859375,1887.8699951171875,1862.1300048828125,1886.7900390625,0
2020-01-13,1890.7900390625,1892.3800048828125,1873.7099609375,1879.9000244140625,0
2020-01-14,1894.6400146484375,1909.1400146484375,1884.0899658203125,1891.97998046875,0
2020-01-15,1872.1600341796875,1890.1400146484375,1865.8900146484375,1889.5400390625,0
2020-01-16,1903.9300537109375,1903.93994140625,1886.8199462890625,1888.6600341796875,0
2020-01-17,1916.6199951171875,1917.5699462890625,1902.239990234375,1913.1400146484375,0
2020-01-21,1915.0,1922.800048828125,1908.4300537109375,1909.47998046875,0
2020-01-22,1930.22998046875,1950.6199951171875,1924.8800048828125,1930.6400146484375,0
2020-01-23,1945.3699951171875,1945.9000244140625,1918.43994140625,1934.4300537109375,0
2020-01-24,1924.030029296875,1974.989990234375,1910.18994140625,1973.1199951171875,0
2020-01-27,1848.8599853515625,1872.8800048828125,1846.56005859375,1863.1800537109375,0
2020-01-28,1893.27001953125,1899.47998046875,1859.9300537109375,1871.0799560546875,0
2020-01-29,1858.699951171875,1890.8800048828125,1857.31005859375,1886.780029296875,0
2020-01-30,1855.800048828125,1861.81005859375,1820.3699951171875,1844.3199462890625,0
2020-01-31,1789.9300537109375,1840.52001953125,1782.18994140625,1840.2900390625,0
2020-02-03,1812.1800537109375,1814.93994140625,1794.300048828125,1794.7099609375,0
2020-02-04,1868.6500244140625,1870.1800537109375,1849.8299560546875,1859.8900146484375,0
2020-02-05,1909.52001953125,1913.9599609375,1882.719970703125,1907.1800537109375,0
2020-02-06,1909.6400146484375,1911.5899658203125,1887.030029296875,1909.9000244140625,0
2020-02-07,1864.3599853515625,1891.239990234375,1863.5799560546875,1889.949951171875,0
2020-02-10,1892.800048828125,1892.969970703125,1849.989990234375,1849.989990234375,0
2020-02-11,1931.0799560546875,1940.719970703125,1911.3199462890625,1911.3199462890625,0
2020-02-12,1958.8199462890625,1962.0400390625,1950.0999755859375,1951.6300048828125,0
2020-02-13,1960.3399658203125,1974.5799560546875,1942.81005859375,1942.9599609375,0
2020-02-14,1956.56005859375,1983.7099609375,1945.6700439453125,1978.0799560546875,0
2020-02-18,1929.1199951171875,1932.800048828125,1916.4000244140625,1920.1800537109375,0
2020-02-19,1979.5,1982.0899658203125,1956.5899658203125,1956.5899658203125,0
2020-02-20,1949.25,1977.18994140625,1919.9100341796875,1970.550048828125,0
2020-02-21,1891.050048828125,1938.4100341796875,1883.9200439453125,1936.8499755859375,0
2020-02-24,1801.22998046875,1827.8599853515625,1788.43994140625,1793.0699462890625,0
2020-02-25,1746.1099853515625,1826.3299560546875,1737.280029296875,1824.6800537109375,0
2020-02-26,1749.949951171875,1787.75,1739.0400390625,1761.449951171875,0
2020-02-27,1668.6500244140625,1731.02001953125,1664.9100341796875,1692.5999755859375,0
2020-02-28,1705.5400390625,1716.1600341796875,1605.93994140625,1605.93994140625,0
2020-03-02,1765.3800048828125,1766.3800048828125,1680.9300537109375,1727.6099853515625,0
2020-03-03,1705.260009765625,1797.010009765625,1692.0999755859375,1768.1400146484375,0
2020-03-04,1789.5699462890625,1789.699951171875,1715.8399658203125,1737.27001953125,0
2020-03-05,1734.030029296875,1780.0,1721.550048828125,1742.3800048828125,0
2020-03-06,1699.8900146484375,1713.2900390625,1657.6700439453125,1685.510009765625,0
2020-03-09,1558.1600341796875,1637.9200439453125,1555.449951171875,1560.739990234375,0
2020-03-10,1656.5,1656.8699951171875,1559.9100341796875,1612.6700439453125,0
2020-03-11,1562.5400390625,1625.4000244140625,1545.7099609375,1607.3800048828125,0
2020-03-12,1392.1099853515625,1513.6500244140625,1388.989990234375,1444.6099853515625,0
2020-03-13,1544.260009765625,1544.760009765625,1392.449951171875,1481.1600341796875,0
2020-03-16,1298.780029296875,1446.800048828125,1297.1400146484375,1433.5699462890625,0
2020-03-17,1426.52001953125,1434.31005859375,1282.68994140625,1332.9000244140625,0
2020-03-18,1286.8399658203125,1373.9100341796875,1233.969970703125,1317.8800048828125,0
2020-03-19,1341.219970703125,1378.3299560546875,1253.4000244140625,1281.97998046875,0
2020-03-20,1298.5400390625,1408.989990234375,1296.43994140625,1375.010009765625,0
2020-03-23,1342.1199951171875,1366.3199462890625,1280.75,1315.199951171875,0
2020-03-24,1491.8299560546875,1492.8199462890625,1425.27001953125,1434.06005859375,0
2020-03-25,1472.5699462890625,1550.8299560546875,1448.8900146484375,1495.3599853515625,0
2020-03-26,1572.6099853515625,1574.6199951171875,1492.8499755859375,1499.75,0
2020-03-27,1488.75,1541.489990234375,1485.3399658203125,1512.760009765625,0
2020-03-30,1545.31005859375,1547.0799560546875,1496.0400390625,1506.4599609375,0
2020-03-31,1510.5899658203125,1568.050048828125,1499.760009765625,1542.9200439453125,0
2020-04-01,1427.72998046875,1497.989990234375,1414.260009765625,1455.0400390625,0
2020-04-02,1474.6099853515625,1476.6700439453125,1416.56005859375,1416.56005859375,0
2020-04-03,1443.0400390625,1487.1700439453125,1425.0899658203125,1472.239990234375,0
2020-04-06,1592.8800048828125,1598.6700439453125,1508.739990234375,1514.0999755859375,0
2020-04-07,1585.3800048828125,1648.4100341796875,1582.68994140625,1647.9200439453125,0
2020-04-08,1639.8900146484375,1645.010009765625,1590.510009765625,1608.760009765625,0
2020-04-09,1601.72998046875,1673.6500244140625,1587.9100341796875,1660.3800048828125,0
2020-04-13,1623.6800537109375,1626.2900390625,1585.699951171875,1591.260009765625,0
2020-04-14,1695.760009765625,1696.9200439453125,1658.010009765625,1662.3499755859375,0
2020-04-15,1647.9100341796875,1657.6300048828125,1631.0999755859375,1652.8900146484375,0
2020-04-16,1690.8699951171875,1696.25,1654.2099609375,1677.0400390625,0
2020-04-17,1705.6400146484375,1724.760009765625,1684.7099609375,1723.989990234375,0
2020-04-20,1667.5699462890625,1704.3499755859375,1666.4000244140625,1677.6300048828125,0
2020-04-21,1588.699951171875,1650.2099609375,1582.2099609375,1642.02001953125,0
2020-04-22,1682.1199951171875,1690.0699462890625,1630.1199951171875,1641.3800048828125,0
2020-04-23,1664.6700439453125,1700.2099609375,1661.449951171875,1679.1400146484375,0
2020-04-24,1702.56005859375,1704.0899658203125,1651.6600341796875,1664.989990234375,0
2020-04-27,1725.0400390625,1740.1400146484375,1715.75,1720.1800537109375,0
2020-04-28,1713.2099609375,1764.93994140625,1712.280029296875,1760.8800048828125,0
2020-04-29,1797.760009765625,1802.989990234375,1742.550048828125,1748.3199462890625,0
2020-04-30,1731.239990234375,1781.81005859375,1730.010009765625,1781.81005859375,0
2020-05-01,1644.4000244140625,1694.030029296875,1639.1700439453125,1682.1199951171875,0
2020-05-04,1661.300048828125,1663.050048828125,1625.77001953125,1634.260009765625,0
2020-05-05,1689.5,1719.8699951171875,1679.260009765625,1690.9300537109375,0
2020-05-06,1707.75,1734.1099853515625,1704.0699462890625,1710.5,0
2020-05-07,1724.9300537109375,1744.5400390625,1716.22998046875,1740.0400390625,0
2020-05-08,1775.6099853515625,1777.02001953125,1738.4100341796875,1745.199951171875,0
2020-05-11,1774.31005859375,1788.8699951171875,1756.6400146484375,1757.3800048828125,0
2020-05-12,1725.239990234375,1790.68994140625,1724.4000244140625,1784.1500244140625,0
2020-05-13,1691.5699462890625,1741.6099853515625,1667.52001953125,1729.6199951171875,0
2020-05-14,1739.050048828125,1739.8399658203125,1650.75,1677.780029296875,0
2020-05-15,1700.8900146484375,1707.030029296875,1669.3399658203125,1681.5699462890625,0
2020-05-18,1782.5400390625,1789.3499755859375,1746.1300048828125,1746.719970703125,0
2020-05-19,1775.6099853515625,1815.3399658203125,1774.8399658203125,1777.5,0
2020-05-20,1840.7900390625,1850.739990234375,1816.010009765625,1818.1500244140625,0
2020-05-21,1790.9599609375,1839.93994140625,1789.52001953125,1835.3399658203125,0
2020-05-22,1802.31005859375,1803.5999755859375,1772.6700439453125,1790.8499755859375,0
2020-05-26,1820.510009765625,1856.8499755859375,1817.6500244140625,1851.56005859375,0
2020-05-27,1847.31005859375,1847.4599609375,1774.0999755859375,1823.780029296875,0
2020-05-28,1804.6600341796875,1857.4000244140625,1797.06005859375,1843.1400146484375,0
2020-05-29,1852.489990234375,1857.6400146484375,1807.5899658203125,1816.4599609375,0
2020-06-01,1843.239990234375,1851.22998046875,1828.43994140625,1841.6400146484375,0
2020-06-02,1883.4100341796875,1884.760009765625,1840.3900146484375,1849.6600341796875,0
2020-06-03,1937.469970703125,1945.0999755859375,1915.8599853515625,1915.8599853515625,0
2020-06-04,1953.469970703125,1968.25,1923.3199462890625,1928.0,0
2020-06-05,2003.760009765625,2030.469970703125,1997.3399658203125,1998.5999755859375,0
2020-06-08,1998.6199951171875,2010.510009765625,1977.9100341796875,2007.7900390625,0
2020-06-09,1998.0899658203125,2006.280029296875,1968.77001953125,1974.8800048828125,0
2020-06-10,2004.6600341796875,2025.0999755859375,1999.449951171875,2006.6600341796875,0
2020-06-11,1876.6600341796875,1961.56005859375,1876.1800537109375,1948.239990234375,0
2020-06-12,1903.8499755859375,1941.239990234375,1862.699951171875,1930.6700439453125,0
2020-06-15,1931.010009765625,1933.260009765625,1857.1500244140625,1865.4300537109375,0
2020-06-16,1965.68994140625,1999.030029296875,1933.18994140625,1988.5,0
2020-06-17,1984.0799560546875,2000.68994140625,1971.93994140625,1978.260009765625,0
2020-06-18,1980.1400146484375,1989.18994140625,1969.97998046875,1979.1400146484375,0
2020-06-19,1966.7900390625,2008.510009765625,1963.199951171875,1999.8900146484375,0
2020-06-22,1983.3599853515625,1986.5799560546875,1948.06005859375,1960.719970703125,0
2020-06-23,1987.72998046875,2009.8199462890625,1986.06005859375,2002.0699462890625,0
2020-06-24,1944.300048828125,1988.22998046875,1930.68994140625,1976.6300048828125,0
2020-06-25,1961.050048828125,1963.719970703125,1914.300048828125,1941.5899658203125,0
2020-06-26,1921.9200439453125,1964.010009765625,1917.8299560546875,1959.5,0
2020-06-29,1943.9000244140625,1944.6400146484375,1899.800048828125,1924.800048828125,0
2020-06-30,1996.43994140625,2002.0799560546875,1953.219970703125,1954.5400390625,0
2020-07-01,1966.97998046875,1995.8900146484375,1966.0400390625,1993.8199462890625,0
2020-07-02,1993.6099853515625,2011.1199951171875,1986.3599853515625,1994.219970703125,0
2020-07-06,2046.81005859375,2053.0400390625,2030.1700439453125,2030.6800537109375,0
2020-07-07,2019.77001953125,2053.25,2016.5799560546875,2042.4100341796875,0
2020-07-08,2049.760009765625,2051.139892578125,2020.8399658203125,2038.5,0
2020-07-09,2076.719970703125,2088.510009765625,2028.0,2057.989990234375,0
2020-07-10,2069.7900390625,2083.280029296875,2049.64990234375,2079.64990234375,0
2020-07-13,2034.1400146484375,2121.889892578125,2031.300048828125,2099.280029296875,0
2020-07-14,2069.7900390625,2073.43994140625,1994.300048828125,2020.8599853515625,0
2020-07-15,2064.169921875,2077.510009765625,2033.22998046875,2077.510009765625,0
2020-07-16,2055.919921875,2063.409912109375,2032.5999755859375,2038.8699951171875,0
2020-07-17,2068.989990234375,2076.10009765625,2056.610107421875,2067.47998046875,0
2020-07-20,2110.469970703125,2114.260009765625,2057.89990234375,2070.22998046875,0
2020-07-21,2096.590087890625,2126.639892578125,2089.570068359375,2125.7099609375,0
2020-07-22,2105.429931640625,2120.860107421875,2088.320068359375,2101.81005859375,0
2020-07-23,2070.969970703125,2122.530029296875,2054.5,2106.929931640625,0
2020-07-24,2038.7099609375,2068.669921875,2010.6500244140625,2024.1800537109375,0
2020-07-27,2104.6201171875,2105.580078125,2056.5,2056.97998046875,0
2020-07-28,2060.39990234375,2084.780029296875,2058.89990234375,2082.85009765625,0
2020-07-29,2106.300048828125,2114.199951171875,2079.489990234375,2084.6201171875,0
2020-07-30,2147.550048828125,2148.60009765625,2098.7900390625,2105.389892578125,0
2020-07-31,2136.409912109375,2145.419921875,2104.919921875,2144.739990234375,0
2020-08-03,2177.27001953125,2181.469970703125,2151.239990234375,2156.6298828125,0
2020-08-04,2209.81005859375,2209.909912109375,2174.929931640625,2177.419921875,0
2020-08-05,2207.56005859375,2215.510009765625,2191.2900390625,2202.510009765625,0
2020-08-06,2204.93994140625,2207.699951171875,2181.760009765625,2198.9599609375,0
2020-08-07,2178.860107421875,2210.010009765625,2153.530029296875,2199.409912109375,0
2020-08-10,2179.60009765625,2187.97998046875,2148.110107421875,2181.3701171875,0
2020-08-11,2154.7900390625,2199.139892578125,2149.52001953125,2177.1201171875,0
2020-08-12,2227.219970703125,2232.010009765625,2168.89990234375,2173.93994140625,0
2020-08-13,2202.409912109375,2226.68994140625,2193.489990234375,2221.610107421875,0
2020-08-14,2200.81005859375,2227.929931640625,2194.3798828125,2203.110107421875,0
2020-08-17,2227.610107421875,2237.81005859375,2215.330078125,2215.340087890625,0
2020-08-18,2214.659912109375,2240.989990234375,2209.179931640625,2237.31005859375,0
2020-08-19,2200.77001953125,2221.929931640625,2195.81005859375,2219.39990234375,0
2020-08-20,2181.0400390625,2192.449951171875,2166.7900390625,2169.080078125,0
2020-08-21,2198.330078125,2199.27001953125,2170.639892578125,2178.02001953125,0
2020-08-24,2219.3701171875,2227.510009765625,2202.77001953125,2224.909912109375,0
2020-08-25,2243.06005859375,2243.43994140625,2221.9599609375,2226.340087890625,0
2020-08-26,2250.22998046875,2256.449951171875,2237.449951171875,2245.169921875,0
2020-08-27,2220.14990234375,2258.10009765625,2208.0400390625,2258.10009765625,0
2020-08-28,2264.139892578125,2264.590087890625,2222.199951171875,2225.760009765625,0
2020-08-31,2260.429931640625,2277.77001953125,2243.679931640625,2259.139892578125,0
2020-09-01,2304.679931640625,2305.510009765625,2264.889892578125,2275.6201171875,0
2020-09-02,2370.179931640625,2382.320068359375,2317.010009765625,2340.580078125,0
2020-09-03,2234.22998046875,2326.6298828125,2221.5400390625,2324.590087890625,0
2020-09-04,2212.72998046875,2251.989990234375,2137.010009765625,2218.340087890625,0
2020-09-08,2108.610107421875,2174.909912109375,2106.72998046875,2124.8798828125,0
2020-09-09,2169.610107421875,2186.25,2135.330078125,2157.280029296875,0
2020-09-10,2137.780029296875,2202.840087890625,2126.669921875,2192.02001953125,0
2020-09-11,2136.3701171875,2176.590087890625,2115.1298828125,2158.8798828125,0
2020-09-14,2181.75,2194.5400390625,2164.570068359375,2184.010009765625,0
2020-09-15,2219.18994140625,2233.68994140625,2206.969970703125,2208.93994140625,0
2020-09-16,2195.5400390625,2235.7900390625,2194.72998046875,2232.31005859375,0
2020-09-17,2194.14990234375,2199.530029296875,2135.7099609375,2135.7099609375,0
2020-09-18,2160.969970703125,2211.31005859375,2133.6298828125,2209.340087890625,0
2020-09-21,2154.280029296875,2154.89990234375,2102.159912109375,2123.419921875,0
2020-09-22,2180.260009765625,2181.800048828125,2132.89990234375,2167.050048828125,0
2020-09-23,2126.68994140625,2190.550048828125,2120.780029296875,2181.02001953125,0
2020-09-24,2147.419921875,2175.919921875,2109.929931640625,2109.929931640625,0
2020-09-25,2177.840087890625,2183.110107421875,2119.5,2141.2099609375,0
2020-09-28,2237.639892578125,2238.320068359375,2193.510009765625,2206.8798828125,0
2020-09-29,2242.52001953125,2261.56005859375,2234.97998046875,2236.280029296875,0
2020-09-30,2244.1201171875,2266.77001953125,2233.199951171875,2233.300048828125,0
2020-10-01,2291.77001953125,2297.409912109375,2265.89990234375,2279.639892578125,0
2020-10-02,2221.1201171875,2270.300048828125,2220.679931640625,2236.3798828125,0
2020-10-05,2295.56005859375,2296.139892578125,2245.030029296875,2245.169921875,0
2020-10-06,2281.090087890625,2337.469970703125,2273.659912109375,2296.919921875,0
2020-10-07,2328.840087890625,2333.72998046875,2314.739990234375,2317.25,0
2020-10-08,2356.159912109375,2359.9599609375,2340.969970703125,2348.030029296875,0
2020-10-09,2398.0400390625,2403.81005859375,2381.070068359375,2398.8798828125,0
2020-10-12,2433.47998046875,2444.8798828125,2416.820068359375,2423.06005859375,0
2020-10-13,2430.1298828125,2449.169921875,2418.06005859375,2438.030029296875,0
2020-10-14,2417.199951171875,2445.1201171875,2405.090087890625,2437.679931640625,0
2020-10-15,2411.1298828125,2416.419921875,2369.169921875,2371.18994140625,0
2020-10-16,2399.760009765625,2425.949951171875,2398.510009765625,2424.14990234375,0
2020-10-19,2385.85009765625,2432.889892578125,2379.260009765625,2418.929931640625,0
2020-10-20,2385.820068359375,2404.93994140625,2379.43994140625,2397.909912109375,0
2020-10-21,2367.260009765625,2394.159912109375,2366.340087890625,2384.1201171875,0
2020-10-22,2370.449951171875,2381.6201171875,2342.340087890625,2369.590087890625,0
2020-10-23,2360.22998046875,2361.219970703125,2338.25,2355.60009765625,0
2020-10-26,2308.449951171875,2349.110107421875,2280.280029296875,2337.02001953125,0
2020-10-27,2300.909912109375,2331.719970703125,2293.02001953125,2328.050048828125,0
2020-10-28,2222.97998046875,2264.080078125,2221.43994140625,2261.31005859375,0
2020-10-29,2283.64990234375,2304.419921875,2219.449951171875,2220.530029296875,0
2020-10-30,2246.14990234375,2270.5400390625,2221.330078125,2257.080078125,0
2020-11-02,2260.070068359375,2281.449951171875,2238.7099609375,2269.39990234375,0
2020-11-03,2302.72998046875,2319.909912109375,2279.320068359375,2281.510009765625,0
2020-11-04,2384.219970703125,2393.7900390625,2322.389892578125,2345.10009765625,0
2020-11-05,2489.159912109375,2493.280029296875,2451.929931640625,2452.43994140625,0
2020-11-06,2529.27001953125,2537.510009765625,2474.60009765625,2486.919921875,0
2020-11-09,2497.590087890625,2604.5,2495.610107421875,2587.300048828125,0
2020-11-10,2422.330078125,2485.580078125,2417.389892578125,2474.93994140625,0
2020-11-11,2511.239990234375,2514.419921875,2464.530029296875,2465.610107421875,0
2020-11-12,2478.429931640625,2521.43994140625,2467.159912109375,2511.219970703125,0
2020-11-13,2508.820068359375,2530.27001953125,2492.5,2513.18994140625,0
2020-11-16,2570.97998046875,2571.989990234375,2524.409912109375,2529.2099609375,0
2020-11-17,2548.9599609375,2563.639892578125,2532.02001953125,2556.6298828125,0
2020-11-18,2530.590087890625,2572.419921875,2530.25,2554.639892578125,0
2020-11-19,2570.219970703125,2571.97998046875,2511.5,2513.679931640625,0
2020-11-20,2555.5,2591.929931640625,2553.68994140625,2577.81005859375,0
2020-11-23,2595.25,2602.949951171875,2561.35009765625,2568.5400390625,0
2020-11-24,2609.010009765625,2612.199951171875,2569.530029296875,2607.3798828125,0
2020-11-25,2600.239990234375,2622.52001953125,2590.6201171875,2612.93994140625,0
2020-11-27,2631.56005859375,2647.639892578125,2625.4599609375,2625.719970703125,0
2020-11-30,2663.489990234375,2666.1201171875,2604.5,2638.110107421875,0
2020-12-01,2709.72998046875,2724.6201171875,2679.409912109375,2692.139892578125,0
2020-12-02,2716.35009765625,2728.030029296875,2697.27001953125,2702.889892578125,0
2020-12-03,2716.14990234375,2745.909912109375,2713.610107421875,2730.260009765625,0
2020-12-04,2793.030029296875,2793.739990234375,2724.60009765625,2728.570068359375,0
2020-12-07,2806.610107421875,2809.0400390625,2780.110107421875,2796.300048828125,0
2020-12-08,2816.27001953125,2825.93994140625,2790.330078125,2804.989990234375,0
2020-12-09,2734.77001953125,2822.030029296875,2718.909912109375,2799.659912109375,0
2020-12-10,2733.669921875,2754.56005859375,2704.570068359375,2712.02001953125,0
2020-12-11,2704.080078125,2724.610107421875,2675.3701171875,2703.780029296875,0
2020-12-14,2736.25,2751.760009765625,2723.889892578125,2723.889892578125,0
2020-12-15,2774.7900390625,2779.81005859375,2753.2099609375,2774.610107421875,0
2020-12-16,2773.419921875,2780.52001953125,2753.929931640625,2779.9599609375,0
2020-12-17,2778.139892578125,2792.070068359375,2768.06005859375,2791.39990234375,0
2020-12-18,2764.739990234375,2786.090087890625,2746.3701171875,2783.090087890625,0
2020-12-21,2747.2900390625,2751.14990234375,2703.77001953125,2718.719970703125,0
2020-12-22,2743.969970703125,2750.9599609375,2722.679931640625,2747.159912109375,0
2020-12-23,2723.530029296875,2754.89990234375,2721.93994140625,2754.89990234375,0
2020-12-24,2750.239990234375,2751.699951171875,2730.830078125,2733.72998046875,0
2020-12-28,2744.300048828125,2782.659912109375,2741.89990234375,2780.97998046875,0
2020-12-29,2738.050048828125,2757.719970703125,2709.02001953125,2757.590087890625,0
2020-12-30,2783.77001953125,2788.919921875,2754.739990234375,2754.739990234375,0
2020-12-31,2795.5,2798.139892578125,2768.429931640625,2787.679931640625,0
2021-01-04,2783.2099609375,2872.199951171875,2763.090087890625,2821.989990234375,0
2021-01-05,2837.169921875,2838.18994140625,2782.6201171875,2783.179931640625,0
2021-01-06,2827.9599609375,2884.610107421875,2803.52001953125,2820.860107421875,0
2021-01-07,2937.0,2943.8798828125,2873.169921875,2873.659912109375,0
2021-01-08,2936.469970703125,2994.070068359375,2904.5400390625,2982.330078125,0
2021-01-11,2969.919921875,2991.60009765625,2914.080078125,2915.139892578125,0
2021-01-12,2988.02001953125,3014.360107421875,2959.919921875,2989.10009765625,0
2021-01-13,2991.949951171875,3020.72998046875,2980.14990234375,3019.739990234375,0
2021-01-14,3055.639892578125,3089.7099609375,3029.72998046875,3037.419921875,0
2021-01-15,2992.77001953125,3043.449951171875,2975.9599609375,3043.449951171875,0
2021-01-19,3093.320068359375,3097.530029296875,3034.989990234375,3041.8798828125,0
2021-01-20,3085.0400390625,3138.56005859375,3077.260009765625,3124.030029296875,0
2021-01-21,3132.169921875,3141.02001953125,3081.89990234375,3110.780029296875,0
2021-01-22,3074.39990234375,3116.239990234375,3073.93994140625,3098.360107421875,0
2021-01-25,3079.2099609375,3107.820068359375,3023.6201171875,3102.929931640625,0
2021-01-26,3031.77001953125,3079.39990234375,3030.0,3078.080078125,0
2021-01-27,2875.1298828125,2961.56005859375,2862.239990234375,2941.590087890625,0
2021-01-28,2935.1201171875,2977.530029296875,2909.1201171875,2933.1201171875,0
2021-01-29,2887.080078125,2954.7099609375,2875.1201171875,2940.780029296875,0
2021-02-01,2999.989990234375,3006.699951171875,2924.669921875,2938.699951171875,0
2021-02-02,3047.330078125,3049.300048828125,3005.1201171875,3047.3798828125,0
2021-02-03,2982.8701171875,3063.280029296875,2982.47998046875,3057.6298828125,0
2021-02-04,3008.419921875,3010.530029296875,2951.949951171875,2966.530029296875,0
2021-02-05,2985.010009765625,3029.47998046875,2982.699951171875,3028.02001953125,0
2021-02-08,3078.47998046875,3079.280029296875,3010.7099609375,3013.090087890625,0
2021-02-09,3064.949951171875,3089.389892578125,3053.570068359375,3070.7900390625,0
2021-02-10,3074.860107421875,3108.919921875,3035.0400390625,3096.010009765625,0
2021-02-11,3180.840087890625,3182.6201171875,3106.14990234375,3107.169921875,0
2021-02-12,3219.8701171875,3226.080078125,3155.590087890625,3172.22998046875,0
2021-02-16,3238.919921875,3269.02001953125,3222.43994140625,3250.56005859375,0
2021-02-17,3178.239990234375,3216.389892578125,3138.050048828125,3197.27001953125,0
2021-02-18,3146.7900390625,3160.02001953125,3108.469970703125,3142.239990234375,0
2021-02-19,3223.4599609375,3241.7099609375,3188.1201171875,3195.06005859375,0
2021-02-22,3102.010009765625,3202.550048828125,3093.580078125,3181.320068359375,0
2021-02-23,3083.8798828125,3105.0400390625,2960.360107421875,3041.8701171875,0
2021-02-24,3183.739990234375,3186.1201171875,3037.070068359375,3063.169921875,0
2021-02-25,2999.159912109375,3163.530029296875,2988.429931640625,3142.89990234375,0
2021-02-26,3067.6201171875,3096.949951171875,2991.080078125,3041.800048828125,0
2021-03-01,3169.110107421875,3172.419921875,3093.590087890625,3118.429931640625,0
2021-03-02,3070.93994140625,3166.570068359375,3068.25,3165.389892578125,0
2021-03-03,2975.580078125,3079.93994140625,2972.85009765625,3068.199951171875,0
2021-03-04,2831.6298828125,2980.080078125,2793.820068359375,2947.909912109375,0
2021-03-05,2920.75,2928.1201171875,2764.820068359375,2897.97998046875,0
2021-03-08,2762.75,2923.639892578125,2759.199951171875,2905.780029296875,0
2021-03-09,2932.2099609375,2952.1201171875,2853.64990234375,2861.050048828125,0
2021-03-10,2879.320068359375,2976.06005859375,2876.179931640625,2969.93994140625,0
2021-03-11,2997.1298828125,3015.0400390625,2948.3798828125,2965.2099609375,0
2021-03-12,2965.090087890625,2970.110107421875,2924.340087890625,2933.800048828125,0
2021-03-15,3032.050048828125,3034.050048828125,2963.68994140625,2983.52001953125,0
2021-03-16,3070.320068359375,3116.110107421875,3051.64990234375,3058.330078125,0
2021-03-17,3107.919921875,3130.02001953125,3004.070068359375,3024.820068359375,0
2021-03-18,2976.219970703125,3069.31005859375,2974.72998046875,3058.610107421875,0
2021-03-19,3011.3701171875,3039.389892578125,2945.4599609375,2976.639892578125,0
2021-03-22,3077.550048828125,3112.43994140625,3040.669921875,3055.409912109375,0
2021-03-23,2994.2099609375,3082.22998046875,2982.2099609375,3082.02001953125,0
2021-03-24,2953.969970703125,3057.39990234375,2952.260009765625,3049.7900390625,0
2021-03-25,2959.8798828125,2971.760009765625,2881.010009765625,2902.429931640625,0
2021-03-26,3106.280029296875,3110.7099609375,2958.800048828125,2961.22998046875,0
2021-03-29,3054.6298828125,3085.6298828125,3021.97998046875,3077.14990234375,0
2021-03-30,3044.550048828125,3055.75,3013.27001953125,3034.800048828125,0
2021-03-31,3124.93994140625,3147.050048828125,3072.5400390625,3073.469970703125,0
2021-04-01,3240.169921875,3242.330078125,3180.47998046875,3187.2900390625,0
2021-04-05,3305.429931640625,3314.159912109375,3255.280029296875,3282.909912109375,0
2021-04-06,3266.10009765625,3304.47998046875,3236.860107421875,3283.4599609375,0
2021-04-07,3266.4599609375,3281.39990234375,3241.06005859375,3259.260009765625,0
2021-04-08,3301.260009765625,3304.5400390625,3274.0400390625,3301.419921875,0
2021-04-09,3294.530029296875,3295.760009765625,3262.929931640625,3272.389892578125,0
2021-04-12,3258.330078125,3274.610107421875,3231.1298828125,3273.60009765625,0
2021-04-13,3252.699951171875,3284.85009765625,3223.4599609375,3275.52001953125,0
2021-04-14,3213.8798828125,3268.8701171875,3200.4599609375,3244.56005859375,0
2021-04-15,3271.330078125,3276.56005859375,3226.10009765625,3250.31005859375,0
2021-04-16,3253.080078125,3275.590087890625,3248.4599609375,3274.14990234375,0
2021-04-19,3171.0,3240.949951171875,3141.199951171875,3228.010009765625,0
2021-04-20,3121.429931640625,3171.169921875,3106.18994140625,3158.860107421875,0
2021-04-21,3207.25,3209.280029296875,3113.739990234375,3128.22998046875,0
2021-04-22,3133.169921875,3206.889892578125,3119.010009765625,3203.85009765625,0
2021-04-23,3196.97998046875,3207.330078125,3145.75,3147.10009765625,0
2021-04-26,3250.260009765625,3256.169921875,3195.3701171875,3199.510009765625,0
2021-04-27,3225.610107421875,3266.25,3220.340087890625,3266.25,0
2021-04-28,3178.489990234375,3208.60009765625,3175.610107421875,3208.60009765625,0
2021-04-29,3202.5,3222.2900390625,3153.97998046875,3218.360107421875,0
2021-04-30,3108.989990234375,3169.3798828125,3101.3798828125,3145.510009765625,0
2021-05-03,3073.3798828125,3134.06005859375,3060.0,3130.06005859375,0
2021-05-04,3024.31005859375,3036.10009765625,2969.1201171875,3029.300048828125,0
2021-05-05,3042.8798828125,3080.68994140625,3022.699951171875,3063.239990234375,0
2021-05-06,3066.219970703125,3068.530029296875,3002.739990234375,3032.550048828125,0
2021-05-07,3112.030029296875,3129.8701171875,3085.739990234375,3103.949951171875,0
2021-05-10,2967.110107421875,3078.389892578125,2965.419921875,3077.280029296875,0
2021-05-11,2976.010009765625,2982.840087890625,2872.31005859375,2876.27001953125,0
2021-05-12,2851.14990234375,2926.860107421875,2842.330078125,2906.43994140625,0
2021-05-13,2893.93994140625,2934.449951171875,2862.8798828125,2899.800048828125,0
2021-05-14,2981.419921875,3006.139892578125,2907.39990234375,2932.0400390625,0
2021-05-17,2954.6298828125,2955.610107421875,2904.25,2946.81005859375,0
2021-05-18,2929.14990234375,2985.929931640625,2927.340087890625,2977.860107421875,0
2021-05-19,2987.280029296875,2989.820068359375,2862.679931640625,2864.35009765625,0
2021-05-20,3066.110107421875,3078.300048828125,3009.97998046875,3010.7900390625,0
2021-05-21,3052.10009765625,3086.830078125,3044.89990234375,3085.669921875,0
2021-05-24,3122.97998046875,3141.81005859375,3079.669921875,3082.43994140625,0
2021-05-25,3134.669921875,3157.7900390625,3117.27001953125,3145.669921875,0
2021-05-26,3140.97998046875,3156.77001953125,3115.219970703125,3135.89990234375,0
2021-05-27,3159.27001953125,3170.860107421875,3130.639892578125,3134.2099609375,0
2021-05-28,3186.56005859375,3200.35009765625,3163.77001953125,3172.52001953125,0
2021-06-01,3174.320068359375,3233.889892578125,3160.35009765625,3210.10009765625,0
2021-06-02,3196.97998046875,3206.820068359375,3163.7900390625,3167.7099609375,0
2021-06-03,3139.18994140625,3171.780029296875,3126.9599609375,3161.1298828125,0
2021-06-04,3214.139892578125,3221.780029296875,3170.110107421875,3170.110107421875,0
2021-06-07,3191.659912109375,3205.300048828125,3172.52001953125,3199.10009765625,0
2021-06-08,3171.219970703125,3221.449951171875,3150.260009765625,3221.449951171875,0
2021-06-09,3158.47998046875,3190.659912109375,3157.820068359375,3183.409912109375,0
2021-06-10,3196.2099609375,3205.77001953125,3156.800048828125,3165.199951171875,0
2021-06-11,3210.06005859375,3210.27001953125,3186.260009765625,3198.889892578125,0
2021-06-14,3255.340087890625,3255.590087890625,3199.969970703125,3213.56005859375,0
2021-06-15,3225.97998046875,3265.56005859375,3218.22998046875,3248.1298828125,0
2021-06-16,3201.010009765625,3246.320068359375,3173.5400390625,3237.010009765625,0
2021-06-17,3231.7099609375,3255.31005859375,3189.1298828125,3189.25,0
2021-06-18,3152.81005859375,3210.969970703125,3137.590087890625,3205.7900390625,0
2021-06-21,3171.989990234375,3174.8701171875,3132.919921875,3153.199951171875,0
2021-06-22,3185.429931640625,3192.550048828125,3155.080078125,3166.6201171875,0
2021-06-23,3197.219970703125,3214.7099609375,3191.530029296875,3191.570068359375,0
2021-06-24,3253.800048828125,3258.43994140625,3226.030029296875,3228.7099609375,0
2021-06-25,3241.47998046875,3270.2099609375,3233.64990234375,3263.449951171875,0
2021-06-28,3323.139892578125,3333.679931640625,3274.06005859375,3274.389892578125,0
2021-06-29,3348.8701171875,3349.989990234375,3304.989990234375,3321.550048828125,0
2021-06-30,3345.31005859375,3350.969970703125,3326.080078125,3346.570068359375,0
2021-07-01,3295.06005859375,3340.159912109375,3288.909912109375,3336.1298828125,0
2021-07-02,3315.830078125,3323.60009765625,3289.419921875,3323.159912109375,0
2021-07-06,3307.919921875,3335.929931640625,3268.139892578125,3327.010009765625,0
2021-07-07,3261.72998046875,3331.330078125,3250.52001953125,3331.330078125,0
2021-07-08,3222.81005859375,3239.3701171875,3172.409912109375,3185.5400390625,0
2021-07-09,3278.389892578125,3282.320068359375,3212.7099609375,3229.469970703125,0
2021-07-12,3319.0,3319.93994140625,3281.639892578125,3292.639892578125,0
2021-07-13,3300.81005859375,3319.10009765625,3289.68994140625,3309.590087890625,0
2021-07-14,3289.179931640625,3357.97998046875,3283.68994140625,3338.050048828125,0
2021-07-15,3217.739990234375,3272.340087890625,3196.1201171875,3271.409912109375,0
2021-07-16,3145.449951171875,3243.820068359375,3141.409912109375,3231.10009765625,0
2021-07-19,3147.510009765625,3150.0,3088.330078125,3094.840087890625,0
2021-07-20,3190.949951171875,3212.239990234375,3122.1201171875,3155.639892578125,0
2021-07-21,3288.75,3289.199951171875,3204.60009765625,3205.93994140625,0
2021-07-22,3259.419921875,3282.610107421875,3240.659912109375,3268.43994140625,0
2021-07-23,3280.06005859375,3281.31005859375,3239.320068359375,3273.340087890625,0
2021-07-26,3276.919921875,3286.860107421875,3256.929931640625,3268.669921875,0
2021-07-27,3215.969970703125,3261.659912109375,3152.580078125,3258.989990234375,0
2021-07-28,3272.449951171875,3283.159912109375,3216.97998046875,3230.139892578125,0
2021-07-29,3333.239990234375,3339.8701171875,3280.409912109375,3286.360107421875,0
2021-07-30,3356.530029296875,3361.169921875,3304.510009765625,3304.510009765625,0
2021-08-02,3377.489990234375,3420.31005859375,3370.830078125,3388.5,0
2021-08-03,3396.659912109375,3397.7900390625,3340.39990234375,3382.1201171875,0
2021-08-04,3436.89990234375,3450.3701171875,3405.7099609375,3415.139892578125,0
2021-08-05,3424.4599609375,3451.409912109375,3408.409912109375,3447.2099609375,0
2021-08-06,3412.050048828125,3427.570068359375,3403.469970703125,3404.39990234375,0
2021-08-09,3399.760009765625,3428.110107421875,3387.570068359375,3424.419921875,0
2021-08-10,3358.8701171875,3409.449951171875,3337.639892578125,3406.47998046875,0
2021-08-11,3350.929931640625,3373.389892578125,3310.010009765625,3370.389892578125,0
2021-08-12,3312.9599609375,3328.550048828125,3287.0400390625,3328.550048828125,0
2021-08-13,3335.0400390625,3337.610107421875,3305.81005859375,3308.77001953125,0
2021-08-16,3322.639892578125,3331.739990234375,3298.199951171875,3323.77001953125,0
2021-08-17,3256.820068359375,3288.02001953125,3228.889892578125,3288.02001953125,0
2021-08-18,3208.830078125,3269.14990234375,3205.97998046875,3245.659912109375,0
2021-08-19,3235.8701171875,3252.6298828125,3166.830078125,3192.22998046875,0
2021-08-20,3256.5,3263.469970703125,3218.550048828125,3245.219970703125,0
2021-08-23,3342.010009765625,3346.159912109375,3287.360107421875,3287.679931640625,0
2021-08-24,3345.389892578125,3363.419921875,3338.919921875,3347.830078125,0
2021-08-25,3372.550048828125,3393.89990234375,3363.25,3365.199951171875,0
2021-08-26,3370.389892578125,3385.469970703125,3346.830078125,3368.360107421875,0
2021-08-27,3436.449951171875,3441.780029296875,3373.5,3373.5,0
2021-08-30,3446.43994140625,3477.929931640625,3433.8798828125,3460.800048828125,0
2021-08-31,3417.719970703125,3446.580078125,3391.1201171875,3446.469970703125,0
2021-09-01,3399.949951171875,3433.010009765625,3398.6298828125,3431.0,0
2021-09-02,3411.320068359375,3420.010009765625,3396.949951171875,3413.35009765625,0
2021-09-03,3430.889892578125,3445.39990234375,3401.760009765625,3405.030029296875,0
2021-09-07,3419.72998046875,3432.989990234375,3401.889892578125,3432.199951171875,0
2021-09-08,3377.679931640625,3411.75,3350.260009765625,3409.510009765625,0
2021-09-09,3390.840087890625,3410.06005859375,3379.830078125,3381.570068359375,0
2021-09-10,3416.659912109375,3468.679931640625,3415.159912109375,3425.3701171875,0
2021-09-13,3449.679931640625,3458.070068359375,3405.340087890625,3450.580078125,0
2021-09-14,3449.389892578125,3475.780029296875,3433.510009765625,3464.7099609375,0
2021-09-15,3465.760009765625,3466.52001953125,3421.56005859375,3451.239990234375,0
2021-09-16,3473.60009765625,3484.18994140625,3427.85009765625,3437.280029296875,0
2021-09-17,3421.159912109375,3457.77001953125,3403.139892578125,3457.77001953125,0
2021-09-20,3338.22998046875,3360.030029296875,3289.409912109375,3341.280029296875,0
2021-09-21,3345.030029296875,3368.3798828125,3313.85009765625,3363.35009765625,0
2021-09-22,3412.02001953125,3420.739990234375,3357.6201171875,3374.22998046875,0
2021-09-23,3457.449951171875,3468.739990234375,3418.0,3426.280029296875,0
2021-09-24,3453.919921875,3461.280029296875,3426.080078125,3431.139892578125,0
2021-09-27,3445.43994140625,3458.22998046875,3399.080078125,3418.1201171875,0
2021-09-28,3314.389892578125,3398.10009765625,3313.75,3378.110107421875,0
2021-09-29,3263.840087890625,3329.889892578125,3257.2099609375,3318.330078125,0
2021-09-30,3258.090087890625,3311.409912109375,3257.739990234375,3293.72998046875,0
2021-10-01,3261.179931640625,3277.580078125,3208.550048828125,3275.280029296875,0
2021-10-04,3180.06005859375,3246.419921875,3170.469970703125,3240.89990234375,0
2021-10-05,3227.25,3249.010009765625,3191.14990234375,3204.72998046875,0
2021-10-06,3238.7900390625,3242.3798828125,3182.6201171875,3191.510009765625,0
2021-10-07,3274.47998046875,3319.3798828125,3271.18994140625,3281.02001953125,0
2021-10-08,3246.27001953125,3289.5,3241.8701171875,3288.580078125,0
2021-10-11,3221.22998046875,3274.39990234375,3219.949951171875,3232.820068359375,0
2021-10-12,3178.14990234375,3242.889892578125,3165.35009765625,3240.780029296875,0
2021-10-13,3192.75,3211.969970703125,3183.5,3203.659912109375,0
2021-10-14,3291.239990234375,3292.090087890625,3243.14990234375,3245.8701171875,0
2021-10-15,3314.409912109375,3325.31005859375,3299.550048828125,3316.5400390625,0
2021-10-18,3338.780029296875,3340.840087890625,3276.699951171875,3287.419921875,0
2021-10-19,3381.449951171875,3381.699951171875,3331.989990234375,3343.1298828125,0
2021-10-20,3374.219970703125,3387.97998046875,3363.340087890625,3380.3798828125,0
2021-10-21,3412.050048828125,3414.97998046875,3353.8701171875,3353.949951171875,0
2021-10-22,3370.280029296875,3427.1298828125,3366.6298828125,3393.139892578125,0
2021-10-25,3392.389892578125,3412.39990234375,3377.969970703125,3384.93994140625,0
2021-10-26,3392.9599609375,3427.89990234375,3381.14990234375,3420.330078125,0
2021-10-27,3360.2900390625,3399.1298828125,3353.780029296875,3365.110107421875,0
2021-10-28,3438.830078125,3440.580078125,3402.969970703125,3406.300048828125,0
2021-10-29,3451.27001953125,3452.830078125,3404.14990234375,3407.47998046875,0
2021-11-01,3506.280029296875,3507.56005859375,3451.679931640625,3459.570068359375,0
2021-11-02,3548.860107421875,3549.760009765625,3510.25,3510.25,0
2021-11-03,3590.169921875,3592.760009765625,3540.0,3552.7099609375,0
2021-11-04,3715.760009765625,3728.080078125,3617.090087890625,3633.110107421875,0
2021-11-05,3756.550048828125,3789.590087890625,3725.320068359375,3738.889892578125,0
2021-11-08,3803.330078125,3824.320068359375,3766.47998046875,3781.1298828125,0
2021-11-09,3800.570068359375,3838.6201171875,3767.030029296875,3830.77001953125,0
2021-11-10,3693.02001953125,3783.06005859375,3676.6201171875,3727.590087890625,0
2021-11-11,3764.489990234375,3772.070068359375,3723.169921875,3740.360107421875,0
2021-11-12,3794.5,3812.340087890625,3754.669921875,3770.52001953125,0
2021-11-15,3793.75,3823.6201171875,3760.10009765625,3817.10009765625,0
2021-11-16,3859.39990234375,3866.72998046875,3774.070068359375,3781.909912109375,0
2021-11-17,3831.43994140625,3856.5,3813.580078125,3851.31005859375,0
2021-11-18,3899.9599609375,3916.919921875,3861.93994140625,3904.2900390625,0
2021-11-19,3912.02001953125,3936.989990234375,3879.860107421875,3895.64990234375,0
2021-11-22,3847.1201171875,3982.1201171875,3843.889892578125,3928.0,0
2021-11-23,3834.429931640625,3869.860107421875,3773.43994140625,3836.68994140625,0
2021-11-24,3870.010009765625,3871.590087890625,3765.68994140625,3800.050048828125,0
2021-11-26,3757.1298828125,3833.050048828125,3735.929931640625,3799.550048828125,0
2021-11-29,3910.5400390625,3914.699951171875,3806.360107421875,3827.409912109375,0
2021-11-30,3833.219970703125,3924.7900390625,3804.60009765625,3893.010009765625,0
2021-12-01,3810.75,3958.719970703125,3806.330078125,3896.090087890625,0
2021-12-02,3810.820068359375,3838.639892578125,3742.5400390625,3758.199951171875,0
2021-12-03,3804.5400390625,3902.860107421875,3762.070068359375,3874.52001953125,0
2021-12-06,3800.070068359375,3814.330078125,3687.8701171875,3797.590087890625,0
2021-12-07,3988.75,4002.159912109375,3892.320068359375,3892.320068359375,0
2021-12-08,3964.43994140625,3973.419921875,3928.159912109375,3954.260009765625,0
2021-12-09,3879.52001953125,3981.93994140625,3877.080078125,3936.340087890625,0
2021-12-10,3914.669921875,3967.97998046875,3871.889892578125,3952.39990234375,0
2021-12-13,3814.429931640625,3936.7099609375,3811.050048828125,3931.030029296875,0
2021-12-14,3794.409912109375,3814.6201171875,3746.43994140625,3768.06005859375,0
2021-12-15,3934.4599609375,3939.860107421875,3757.280029296875,3805.409912109375,0
2021-12-16,3766.320068359375,3961.989990234375,3748.1298828125,3961.550048828125,0
2021-12-17,3761.0400390625,3814.830078125,3721.169921875,3733.659912109375,0
2021-12-20,3732.389892578125,3755.3701171875,3689.3798828125,3707.39990234375,0
2021-12-21,3857.300048828125,3861.77001953125,3760.06005859375,3818.570068359375,0
2021-12-22,3891.919921875,3892.77001953125,3817.219970703125,3836.5400390625,0
2021-12-23,3932.389892578125,3955.5400390625,3906.820068359375,3906.820068359375,0
2021-12-27,4039.510009765625,4040.6298828125,3945.989990234375,3945.989990234375,0
2021-12-28,3992.18994140625,4054.989990234375,3977.719970703125,4052.830078125,0
2021-12-29,3999.35009765625,4023.989990234375,3979.18994140625,3995.4599609375,0
2021-12-30,3952.0400390625,4008.68994140625,3945.760009765625,3996.43994140625,0
2021-12-31,3946.169921875,3987.550048828125,3944.820068359375,3960.4599609375,0
2022-01-03,4027.219970703125,4027.89990234375,3961.2900390625,3974.31005859375,0
2022-01-04,4009.0,4068.14990234375,3918.409912109375,4045.3701171875,0
2022-01-05,3879.8701171875,4020.5,3876.840087890625,3988.60009765625,0
2022-01-06,3909.0400390625,3926.989990234375,3839.080078125,3872.39990234375,0
2022-01-07,3796.320068359375,3917.820068359375,3786.429931640625,3912.18994140625,0
2022-01-10,3805.389892578125,3810.300048828125,3676.77001953125,3738.18994140625,0
2022-01-11,3875.43994140625,3879.0,3767.820068359375,3785.580078125,0
2022-01-12,3901.2099609375,3937.9599609375,3866.14990234375,3915.610107421875,0
2022-01-13,3811.840087890625,3992.22998046875,3801.429931640625,3971.169921875,0
2022-01-14,3900.610107421875,3903.050048828125,3783.10009765625,3783.10009765625,0
2022-01-18,3727.239990234375,3840.949951171875,3720.159912109375,3840.780029296875,0
2022-01-19,3612.18994140625,3777.89990234375,3610.47998046875,3763.25,0
2022-01-20,3494.75,3666.6201171875,3493.10009765625,3638.14990234375,0
2022-01-21,3434.7900390625,3567.10009765625,3429.8798828125,3466.18994140625,0
2022-01-24,3479.949951171875,3483.489990234375,3257.4599609375,3363.39990234375,0
2022-01-25,3350.85009765625,3432.2099609375,3335.699951171875,3387.93994140625,0
2022-01-26,3407.0,3540.52001953125,3357.110107421875,3447.31005859375,0
2022-01-27,3244.0,3422.909912109375,3236.199951171875,3422.909912109375,0
2022-01-28,3303.39990234375,3304.169921875,3147.47998046875,3237.489990234375,0
2022-01-31,3483.2099609375,3484.7099609375,3304.8798828125,3332.1298828125,0
2022-02-01,3510.860107421875,3515.47998046875,3422.360107421875,3504.659912109375,0
2022-02-02,3597.169921875,3601.219970703125,3526.9599609375,3578.419921875,0
2022-02-03,3432.550048828125,3559.199951171875,3425.18994140625,3510.25,0
2022-02-04,3453.070068359375,3481.659912109375,3374.5,3420.429931640625,0
2022-02-07,3452.330078125,3507.530029296875,3440.25,3470.489990234375,0
2022-02-08,3535.1298828125,3545.1298828125,3433.85009765625,3443.199951171875,0
2022-02-09,3653.719970703125,3655.280029296875,3543.719970703125,3590.699951171875,0
2022-02-10,3536.10009765625,3674.3701171875,3520.52001953125,3569.14990234375,0
2022-02-11,3365.25,3568.830078125,3341.780029296875,3552.72998046875,0
2022-02-14,3370.199951171875,3433.080078125,3324.550048828125,3376.1201171875,0
2022-02-15,3554.449951171875,3559.77001953125,3433.0,3439.10009765625,0
2022-02-16,3555.68994140625,3567.0,3480.8701171875,3511.2099609375,0
2022-02-17,3422.60009765625,3512.0400390625,3420.85009765625,3509.090087890625,0
2022-02-18,3384.300048828125,3432.3798828125,3336.0,3429.419921875,0
2022-02-22,3356.070068359375,3436.280029296875,3307.31005859375,3347.219970703125,0
2022-02-23,3277.800048828125,3430.090087890625,3273.06005859375,3402.830078125,0
2022-02-24,3399.159912109375,3404.2099609375,3152.679931640625,3156.840087890625,0
2022-02-25,3452.669921875,3454.919921875,3351.929931640625,3390.9599609375,0
2022-02-28,3429.530029296875,3460.800048828125,3364.080078125,3415.39990234375,0
2022-03-01,3304.85009765625,3435.080078125,3274.31005859375,3419.52001953125,0
2022-03-02,3416.159912109375,3436.070068359375,3330.6201171875,3335.580078125,0
2022-03-03,3339.760009765625,3425.590087890625,3322.699951171875,3424.02001953125,0
2022-03-04,3258.919921875,3337.739990234375,3220.409912109375,3314.93994140625,0
2022-03-07,3098.929931640625,3285.679931640625,3097.760009765625,3273.070068359375,0
2022-03-08,3156.8701171875,3268.47998046875,3067.52001953125,3110.169921875,0
2022-03-09,3282.179931640625,3303.6298828125,3223.39990234375,3261.219970703125,0
2022-03-10,3211.070068359375,3223.330078125,3151.6201171875,3222.330078125,0
2022-03-11,3144.14990234375,3266.340087890625,3139.610107421875,3259.72998046875,0
2022-03-14,3047.5,3150.030029296875,3030.070068359375,3140.22998046875,0
2022-03-15,3180.239990234375,3186.60009765625,3057.77001953125,3073.77001953125,0
2022-03-16,3340.070068359375,3340.85009765625,3202.3701171875,3232.97998046875,0
2022-03-17,3364.550048828125,3365.1298828125,3280.659912109375,3298.469970703125,0
2022-03-18,3432.300048828125,3443.679931640625,3324.719970703125,3338.0,0
2022-03-21,3423.239990234375,3450.4599609375,3365.25,3413.659912109375,0
2022-03-22,3445.85009765625,3485.22998046875,3417.110107421875,3421.93994140625,0
2022-03-23,3360.320068359375,3457.25,3359.3798828125,3411.679931640625,0
2022-03-24,3532.719970703125,3533.580078125,3384.300048828125,3398.010009765625,0
2022-03-25,3525.340087890625,3535.409912109375,3466.989990234375,3525.9599609375,0
2022-03-28,3547.169921875,3548.5400390625,3450.93994140625,3501.7900390625,0
2022-03-29,3625.580078125,3633.139892578125,3557.659912109375,3601.3701171875,0
2022-03-30,3508.6201171875,3611.199951171875,3493.68994140625,3605.260009765625,0
2022-03-31,3429.0,3523.699951171875,3427.469970703125,3503.739990234375,0
2022-04-01,3366.639892578125,3455.800048828125,3317.8798828125,3454.070068359375,0
2022-04-04,3424.949951171875,3428.659912109375,3368.35009765625,3380.610107421875,0
2022-04-05,3269.820068359375,3400.590087890625,3264.3798828125,3396.449951171875,0
2022-04-06,3193.9599609375,3246.8798828125,3164.989990234375,3197.989990234375,0
2022-04-07,3197.43994140625,3226.7900390625,3134.3701171875,3188.89990234375,0
2022-04-08,3120.159912109375,3173.530029296875,3116.669921875,3164.93994140625,0
2022-04-11,3055.090087890625,3099.419921875,3052.139892578125,3067.97998046875,0
2022-04-12,3047.469970703125,3145.75,3035.93994140625,3124.320068359375,0
2022-04-13,3119.320068359375,3136.639892578125,3053.639892578125,3065.25,0
2022-04-14,3028.219970703125,3132.610107421875,3026.77001953125,3131.419921875,0
2022-04-18,3085.18994140625,3110.030029296875,3017.9599609375,3017.9599609375,0
2022-04-19,3153.22998046875,3157.52001953125,3057.429931640625,3073.320068359375,0
2022-04-20,3142.199951171875,3227.179931640625,3135.449951171875,3205.679931640625,0
2022-04-21,3058.739990234375,3216.7900390625,3046.68994140625,3185.820068359375,0
2022-04-22,2989.830078125,3069.52001953125,2988.419921875,3054.6201171875,0
2022-04-25,3042.389892578125,3045.679931640625,2964.570068359375,2964.60009765625,0
2022-04-26,2909.1201171875,3006.909912109375,2908.1298828125,3006.909912109375,0
2022-04-27,2894.909912109375,2964.469970703125,2875.3701171875,2879.760009765625,0
2022-04-28,3056.360107421875,3087.0400390625,2919.5,2968.449951171875,0
2022-04-29,2919.739990234375,3065.719970703125,2916.1201171875,3006.489990234375,0
2022-05-02,3022.239990234375,3024.7900390625,2905.43994140625,2935.9599609375,0
2022-05-03,3044.889892578125,3067.409912109375,2994.949951171875,3012.219970703125,0
2022-05-04,3163.7900390625,3166.699951171875,2974.7099609375,3071.169921875,0
2022-05-05,3005.530029296875,3105.5,2965.72998046875,3103.590087890625,0
2022-05-06,2982.06005859375,3044.820068359375,2926.090087890625,2990.4599609375,0
2022-05-09,2829.10009765625,2949.919921875,2817.2099609375,2918.419921875,0
2022-05-10,2900.1298828125,2948.639892578125,2834.860107421875,2918.60009765625,0
2022-05-11,2811.93994140625,2937.389892578125,2806.989990234375,2872.909912109375,0
2022-05-12,2827.2099609375,2851.75,2754.699951171875,2781.840087890625,0
2022-05-13,2970.3701171875,2988.330078125,2863.409912109375,2880.0,0
2022-05-16,2920.06005859375,2967.77001953125,2912.239990234375,2929.860107421875,0
2022-05-17,3066.5,3071.56005859375,2990.31005859375,3007.47998046875,0
2022-05-18,2907.9599609375,3054.81005859375,2897.93994140625,3012.02001953125,0
2022-05-19,2890.330078125,2960.1298828125,2867.1298828125,2901.050048828125,0
2022-05-20,2882.64990234375,2939.469970703125,2758.75,2937.699951171875,0
2022-05-23,2898.429931640625,2904.169921875,2844.090087890625,2861.340087890625,0
2022-05-24,2827.050048828125,2863.510009765625,2797.89990234375,2853.7099609375,0
2022-05-25,2882.929931640625,2905.93994140625,2809.739990234375,2812.06005859375,0
2022-05-26,2994.610107421875,3006.22998046875,2848.489990234375,2849.969970703125,0
2022-05-27,3115.35009765625,3120.889892578125,3046.699951171875,3048.110107421875,0
2022-05-31,3098.68994140625,3126.860107421875,3052.659912109375,3110.090087890625,0
2022-06-01,3049.030029296875,3130.10009765625,3011.179931640625,3117.300048828125,0
2022-06-02,3157.97998046875,3158.6201171875,3036.97998046875,3041.97998046875,0
2022-06-03,3062.590087890625,3103.360107421875,3047.89990234375,3080.5400390625,0
2022-06-06,3062.739990234375,3132.419921875,3047.179931640625,3121.93994140625,0
2022-06-07,3092.969970703125,3098.75,3007.969970703125,3025.919921875,0
2022-06-08,3019.10009765625,3082.3798828125,3000.4599609375,3069.760009765625,0
2022-06-09,2937.7900390625,3047.719970703125,2937.39990234375,2995.780029296875,0
2022-06-10,2831.97998046875,2911.760009765625,2828.4599609375,2894.7099609375,0
2022-06-13,2673.0,2765.429931640625,2665.639892578125,2742.14990234375,0
2022-06-14,2689.889892578125,2713.5,2658.409912109375,2707.27001953125,0
2022-06-15,2737.550048828125,2780.639892578125,2674.02001953125,2726.070068359375,0
2022-06-16,2566.860107421875,2655.090087890625,2537.68994140625,2648.22998046875,0
2022-06-17,2578.5400390625,2598.56005859375,2523.199951171875,2581.719970703125,0
2022-06-21,2649.3701171875,2685.010009765625,2633.56005859375,2638.469970703125,0
2022-06-22,2619.7099609375,2658.760009765625,2602.89990234375,2603.60009765625,0
2022-06-23,2602.739990234375,2636.820068359375,2563.679931640625,2633.010009765625,0
2022-06-24,2718.469970703125,2719.530029296875,2639.43994140625,2639.77001953125,0
2022-06-27,2713.47998046875,2749.659912109375,2692.780029296875,2745.760009765625,0
2022-06-28,2642.070068359375,2758.52001953125,2640.800048828125,2724.47998046875,0
2022-06-29,2583.97998046875,2610.679931640625,2553.530029296875,2604.97998046875,0
2022-06-30,2556.25,2602.550048828125,2514.419921875,2548.639892578125,0
2022-07-01,2458.4599609375,2524.030029296875,2429.89990234375,2512.10009765625,0
2022-07-05,2477.639892578125,2478.260009765625,2386.669921875,2391.81005859375,0
2022-07-06,2494.110107421875,2520.830078125,2456.22998046875,2477.320068359375,0
2022-07-07,2605.889892578125,2616.43994140625,2555.3798828125,2560.199951171875,0
2022-07-08,2618.02001953125,2632.340087890625,2561.280029296875,2567.179931640625,0
2022-07-11,2553.68994140625,2588.02001953125,2538.97998046875,2575.739990234375,0
2022-07-12,2558.169921875,2588.3798828125,2542.5400390625,2583.219970703125,0
2022-07-13,2577.360107421875,2594.969970703125,2504.989990234375,2507.85009765625,0
2022-07-14,2626.919921875,2636.6298828125,2529.550048828125,2566.739990234375,0
2022-07-15,2693.77001953125,2694.969970703125,2626.0,2658.219970703125,0
2022-07-18,2679.570068359375,2754.9599609375,2665.179931640625,2731.56005859375,0
2022-07-19,2803.139892578125,2813.77001953125,2717.81005859375,2724.340087890625,0
2022-07-20,2872.9599609375,2883.52001953125,2777.340087890625,2792.780029296875,0
2022-07-21,2916.81005859375,2918.22998046875,2845.639892578125,2884.18994140625,0
2022-07-22,2842.409912109375,2906.52001953125,2820.22998046875,2904.949951171875,0
2022-07-25,2825.030029296875,2827.949951171875,2781.669921875,2822.22998046875,0
2022-07-26,2778.9599609375,2822.760009765625,2771.739990234375,2808.0,0
2022-07-27,2911.0,2930.6298828125,2822.97998046875,2835.139892578125,0
2022-07-28,2944.5,2950.25,2853.39990234375,2912.760009765625,0
2022-07-29,2967.139892578125,2975.330078125,2892.510009765625,2895.320068359375,0
2022-08-01,2978.320068359375,3006.739990234375,2929.39990234375,2942.760009765625,0
2022-08-02,2974.75,3021.570068359375,2936.429931640625,2951.080078125,0
2022-08-03,3053.4599609375,3060.47998046875,2970.510009765625,2972.590087890625,0
2022-08-04,3081.409912109375,3087.449951171875,3037.9599609375,3041.010009765625,0
2022-08-05,3053.389892578125,3077.449951171875,3010.06005859375,3027.8701171875,0
2022-08-08,3004.340087890625,3041.159912109375,2961.320068359375,3002.52001953125,0
2022-08-09,2866.89990234375,2937.6201171875,2832.610107421875,2928.179931640625,0
2022-08-10,2988.7099609375,2990.64990234375,2905.43994140625,2942.820068359375,0
2022-08-11,2978.699951171875,3067.030029296875,2975.080078125,3008.489990234375,0
2022-08-12,3067.840087890625,3072.320068359375,2992.5,2998.760009765625,0
2022-08-15,3077.330078125,3084.860107421875,3032.530029296875,3052.860107421875,0
2022-08-16,3045.639892578125,3074.610107421875,3013.2900390625,3059.27001953125,0
2022-08-17,2970.1201171875,3000.409912109375,2931.860107421875,2999.8701171875,0
2022-08-18,3037.840087890625,3058.56005859375,2967.14990234375,2974.199951171875,0
2022-08-19,2953.340087890625,3008.64990234375,2941.6298828125,2991.8701171875,0
2022-08-22,2843.3701171875,2903.0400390625,2833.6201171875,2891.659912109375,0
2022-08-23,2864.31005859375,2901.889892578125,2849.919921875,2852.2099609375,0
2022-08-24,2866.179931640625,2875.300048828125,2833.60009765625,2855.3701171875,0
2022-08-25,2971.070068359375,2973.1298828125,2873.010009765625,2873.429931640625,0
2022-08-26,2798.43994140625,2966.52001953125,2797.590087890625,2958.47998046875,0
2022-08-29,2744.5,2801.590087890625,2741.199951171875,2776.5400390625,0
2022-08-30,2708.6298828125,2770.0400390625,2678.77001953125,2770.0400390625,0
2022-08-31,2677.389892578125,2718.1298828125,2656.969970703125,2711.840087890625,0
2022-09-01,2625.949951171875,2629.22998046875,2548.169921875,2608.22998046875,0
2022-09-02,2599.260009765625,2686.02001953125,2587.89990234375,2670.330078125,0
2022-09-06,2571.469970703125,2612.27001953125,2550.989990234375,2596.1201171875,0
2022-09-07,2611.5,2631.409912109375,2560.449951171875,2578.75,0
2022-09-08,2658.179931640625,2664.2099609375,2571.1298828125,2579.780029296875,0
2022-09-09,2721.77001953125,2732.52001953125,2693.070068359375,2693.280029296875,0
2022-09-12,2731.090087890625,2745.489990234375,2701.530029296875,2725.449951171875,0
2022-09-13,2562.27001953125,2647.97998046875,2555.969970703125,2626.2900390625,0
2022-09-14,2591.510009765625,2607.389892578125,2554.0,2583.090087890625,0
2022-09-15,2549.5400390625,2601.1201171875,2530.530029296875,2570.3798828125,0
2022-09-16,2563.139892578125,2565.419921875,2504.8701171875,2524.7099609375,0
2022-09-19,2577.93994140625,2586.89990234375,2533.3701171875,2533.60009765625,0
2022-09-20,2539.5,2563.489990234375,2522.989990234375,2557.010009765625,0
2022-09-21,2514.9599609375,2625.4599609375,2514.4599609375,2545.010009765625,0
2022-09-22,2444.25,2507.97998046875,2431.7900390625,2500.1201171875,0
2022-09-23,2408.89990234375,2423.1201171875,2369.4599609375,2417.719970703125,0
2022-09-26,2373.469970703125,2439.929931640625,2372.18994140625,2407.7099609375,0
2022-09-27,2398.0400390625,2435.31005859375,2362.580078125,2422.77001953125,0
2022-09-28,2427.260009765625,2437.360107421875,2369.22998046875,2376.199951171875,0
2022-09-29,2347.360107421875,2386.1201171875,2313.080078125,2385.5400390625,0
2022-09-30,2306.699951171875,2380.68994140625,2306.64990234375,2324.610107421875,0
2022-10-03,2393.320068359375,2415.639892578125,2321.18994140625,2343.080078125,0
2022-10-04,2500.110107421875,2503.68994140625,2460.489990234375,2472.2099609375,0
2022-10-05,2523.610107421875,2543.89990234375,2435.159912109375,2458.010009765625,0
2022-10-06,2508.840087890625,2563.280029296875,2502.89990234375,2520.199951171875,0
2022-10-07,2356.75,2440.090087890625,2344.919921875,2428.2099609375,0
2022-10-10,2275.340087890625,2347.219970703125,2247.56005859375,2346.7900390625,0
2022-10-11,2218.489990234375,2262.260009765625,2188.93994140625,2233.0400390625,0
2022-10-12,2198.60009765625,2224.7900390625,2190.110107421875,2218.43994140625,0
2022-10-13,2263.239990234375,2299.669921875,2089.820068359375,2103.699951171875,0
2022-10-14,2162.320068359375,2286.949951171875,2158.800048828125,2281.679931640625,0
2022-10-17,2211.659912109375,2241.590087890625,2194.39990234375,2232.550048828125,0
2022-10-18,2220.9599609375,2296.469970703125,2183.169921875,2288.77001953125,0
2022-10-19,2237.739990234375,2258.75,2200.89990234375,2209.6298828125,0
2022-10-20,2253.219970703125,2320.909912109375,2240.909912109375,2251.1298828125,0
2022-10-21,2336.68994140625,2339.89990234375,2238.1201171875,2253.3701171875,0
2022-10-24,2351.550048828125,2360.4599609375,2294.31005859375,2343.5,0
2022-10-25,2404.68994140625,2420.47998046875,2359.43994140625,2359.43994140625,0
2022-10-26,2376.330078125,2433.64990234375,2343.68994140625,2351.14990234375,0
2022-10-27,2340.60009765625,2430.780029296875,2338.3798828125,2419.080078125,0
2022-10-28,2433.659912109375,2436.64990234375,2338.030029296875,2347.3701171875,0
2022-10-31,2384.449951171875,2415.969970703125,2371.580078125,2409.43994140625,0
2022-11-01,2402.75,2439.43994140625,2390.27001953125,2436.659912109375,0
2022-11-02,2328.469970703125,2462.139892578125,2327.739990234375,2420.580078125,0
2022-11-03,2292.85009765625,2330.949951171875,2259.8701171875,2283.330078125,0
2022-11-04,2398.239990234375,2401.22998046875,2339.889892578125,2383.7099609375,0
2022-11-07,2450.6201171875,2457.77001953125,2386.64990234375,2413.169921875,0
2022-11-08,2503.389892578125,2535.550048828125,2454.239990234375,2501.2099609375,0
2022-11-09,2424.820068359375,2472.610107421875,2423.9599609375,2466.0,0
2022-11-10,2672.5,2675.830078125,2539.72998046875,2568.219970703125,0
2022-11-11,2754.89990234375,2769.43994140625,2655.18994140625,2677.590087890625,0
2022-11-14,2728.050048828125,2779.489990234375,2725.77001953125,2742.159912109375,0
2022-11-15,2810.610107421875,2848.679931640625,2771.7099609375,2833.47998046875,0
2022-11-16,2690.820068359375,2747.840087890625,2677.320068359375,2735.4599609375,0
2022-11-17,2719.10009765625,2728.0,2633.85009765625,2633.85009765625,0
2022-11-18,2724.030029296875,2760.0,2693.3701171875,2759.840087890625,0
2022-11-21,2675.830078125,2696.699951171875,2669.35009765625,2684.280029296875,0
2022-11-22,2756.820068359375,2757.7099609375,2677.31005859375,2702.030029296875,0
2022-11-23,2786.419921875,2814.8701171875,2756.360107421875,2756.64990234375,0
2022-11-25,2751.27001953125,2780.5,2751.27001953125,2766.60009765625,0
2022-11-28,2678.780029296875,2744.639892578125,2664.570068359375,2714.360107421875,0
2022-11-29,2670.64990234375,2704.699951171875,2656.6298828125,2685.030029296875,0
2022-11-30,2826.85009765625,2827.699951171875,2655.06005859375,2678.56005859375,0
2022-12-01,2804.699951171875,2841.860107421875,2770.97998046875,2833.449951171875,0
2022-12-02,2771.239990234375,2777.489990234375,2723.35009765625,2729.75,0
2022-12-05,2738.050048828125,2777.239990234375,2713.10009765625,2756.409912109375,0
2022-12-06,2673.530029296875,2736.56005859375,2650.60009765625,2732.860107421875,0
2022-12-07,2673.25,2689.0,2645.469970703125,2645.469970703125,0
2022-12-08,2744.72998046875,2749.1201171875,2668.27001953125,2684.93994140625,0
2022-12-09,2721.02001953125,2771.8798828125,2715.919921875,2735.090087890625,0
2022-12-12,2779.2099609375,2779.47998046875,2699.47998046875,2710.10009765625,0
2022-12-13,2821.530029296875,2913.1201171875,2788.93994140625,2899.0,0
2022-12-14,2777.27001953125,2849.43994140625,2751.239990234375,2818.6298828125,0
2022-12-15,2661.409912109375,2731.909912109375,2657.780029296875,2728.68994140625,0
2022-12-16,2636.10009765625,2670.110107421875,2612.43994140625,2646.280029296875,0
2022-12-19,2599.860107421875,2638.3701171875,2576.3701171875,2634.510009765625,0
2022-12-20,2583.639892578125,2607.8701171875,2565.510009765625,2568.2900390625,0
2022-12-21,2644.5,2652.18994140625,2600.239990234375,2601.7900390625,0
2022-12-22,2533.330078125,2589.10009765625,2482.449951171875,2589.10009765625,0
2022-12-23,2535.489990234375,2536.820068359375,2490.760009765625,2513.389892578125,0
2022-12-27,2490.169921875,2518.840087890625,2482.239990234375,2515.820068359375,0
2022-12-28,2453.489990234375,2504.43994140625,2445.199951171875,2474.639892578125,0
2022-12-29,2534.949951171875,2543.22998046875,2485.02001953125,2493.510009765625,0
2022-12-30,2532.110107421875,2533.97998046875,2479.02001953125,2492.72998046875,0
2023-01-03,2500.989990234375,2574.679931640625,2489.280029296875,2574.679931640625,0
2023-01-04,2569.4599609375,2582.27001953125,2523.389892578125,2552.35009765625,0
2023-01-05,2518.52001953125,2556.300048828125,2517.14990234375,2538.4599609375,0
2023-01-06,2636.10009765625,2649.3798828125,2519.179931640625,2553.39990234375,0
2023-01-09,2686.75,2745.85009765625,2667.840087890625,2683.1298828125,0
2023-01-10,2721.2900390625,2722.10009765625,2663.39990234375,2674.530029296875,0
2023-01-11,2755.360107421875,2756.489990234375,2700.300048828125,2720.840087890625,0
2023-01-12,2789.64990234375,2807.669921875,2714.75,2770.010009765625,0
2023-01-13,2800.659912109375,2802.830078125,2753.909912109375,2763.010009765625,0
2023-01-17,2807.47998046875,2830.860107421875,2780.5,2791.3701171875,0
2023-01-18,2789.469970703125,2854.489990234375,2788.35009765625,2837.419921875,0
2023-01-19,2710.43994140625,2763.7900390625,2704.2900390625,2762.860107421875,0
2023-01-20,2794.68994140625,2795.64990234375,2710.169921875,2734.219970703125,0
2023-01-23,2934.830078125,2943.7099609375,2818.43994140625,2822.139892578125,0
2023-01-24,2913.739990234375,2936.68994140625,2897.449951171875,2900.39990234375,0
2023-01-25,2918.989990234375,2923.1201171875,2840.06005859375,2859.56005859375,0
2023-01-26,2966.60009765625,2969.030029296875,2905.300048828125,2954.39990234375,0
2023-01-27,2945.27001953125,2971.050048828125,2905.77001953125,2906.949951171875,0
2023-01-30,2866.68994140625,2920.110107421875,2865.02001953125,2903.60009765625,0
2023-01-31,2921.919921875,2922.72998046875,2859.179931640625,2859.9599609375,0
2023-02-01,3073.469970703125,3103.510009765625,2935.929931640625,2935.929931640625,0
2023-02-02,3141.840087890625,3168.699951171875,3088.169921875,3103.610107421875,0
2023-02-03,3082.110107421875,3151.85009765625,3064.679931640625,3069.8798828125,0
2023-02-06,3029.739990234375,3075.800048828125,3018.780029296875,3027.5,0
2023-02-07,3124.14990234375,3138.389892578125,3033.0400390625,3042.860107421875,0
2023-02-08,3055.6298828125,3128.5400390625,3049.969970703125,3106.2099609375,0
2023-02-09,3059.6201171875,3140.81005859375,3039.010009765625,3112.7099609375,0
2023-02-10,3011.14990234375,3033.68994140625,2979.739990234375,3025.10009765625,0
2023-02-13,3057.320068359375,3066.10009765625,3001.27001953125,3022.780029296875,0
2023-02-14,3121.6298828125,3131.3701171875,3013.25,3024.159912109375,0
2023-02-15,3133.070068359375,3134.489990234375,3063.22998046875,3092.719970703125,0
2023-02-16,3055.239990234375,3108.550048828125,3051.25,3077.800048828125,0
2023-02-17,3005.8701171875,3042.429931640625,2980.139892578125,3032.800048828125,0
2023-02-21,2906.260009765625,2992.0,2901.7099609375,2961.1201171875,0
2023-02-22,2892.389892578125,2935.929931640625,2875.56005859375,2910.840087890625,0
2023-02-23,2988.81005859375,3002.969970703125,2931.25,3002.68994140625,0
2023-02-24,2935.110107421875,2950.419921875,2913.14990234375,2936.89990234375,0
2023-02-27,2951.2099609375,2986.760009765625,2949.7099609375,2983.389892578125,0
2023-02-28,2958.389892578125,2998.010009765625,2937.0,2945.8798828125,0
2023-03-01,2955.830078125,2993.169921875,2945.27001953125,2967.409912109375,0
2023-03-02,2984.110107421875,2996.590087890625,2892.219970703125,2909.75,0
2023-03-03,3028.340087890625,3031.909912109375,2961.840087890625,2982.56005859375,0
2023-03-06,2994.590087890625,3064.31005859375,2988.75,3036.580078125,0
2023-03-07,2962.419921875,3011.070068359375,2950.81005859375,2996.85009765625,0
2023-03-08,3041.389892578125,3044.2099609375,2979.419921875,2981.800048828125,0
2023-03-09,2980.2099609375,3083.679931640625,2976.35009765625,3037.580078125,0
2023-03-10,2923.929931640625,3003.570068359375,2909.52001953125,2995.89990234375,0
2023-03-13,2921.7099609375,2957.719970703125,2861.449951171875,2883.8798828125,0
2023-03-14,3010.14990234375,3026.929931640625,2960.570068359375,2977.590087890625,0
2023-03-15,2977.389892578125,2985.489990234375,2915.22998046875,2968.469970703125,0
2023-03-16,3098.070068359375,3102.010009765625,2955.080078125,2963.260009765625,0
2023-03-17,3083.52001953125,3127.419921875,3064.0,3104.760009765625,0
2023-03-20,3114.7099609375,3123.1201171875,3060.340087890625,3083.93994140625,0
2023-03-21,3116.889892578125,3169.860107421875,3071.2099609375,3137.300048828125,0
2023-03-22,3091.7099609375,3201.60009765625,3089.860107421875,3118.97998046875,0
2023-03-23,3174.360107421875,3216.320068359375,3119.030029296875,3146.2099609375,0
2023-03-24,3121.260009765625,3154.360107421875,3089.969970703125,3150.93994140625,0
2023-03-27,3083.580078125,3141.830078125,3075.780029296875,3129.39990234375,0
2023-03-28,3057.27001953125,3076.989990234375,3015.800048828125,3076.989990234375,0
2023-03-29,3157.110107421875,3176.85009765625,3105.360107421875,3109.56005859375,0
2023-03-30,3208.260009765625,3230.080078125,3186.31005859375,3198.169921875,0
2023-03-31,3230.860107421875,3233.93994140625,3178.389892578125,3182.719970703125,0
2023-04-03,3200.429931640625,3222.340087890625,3162.409912109375,3209.669921875,0
2023-04-04,3142.5,3209.31005859375,3126.330078125,3206.97998046875,0
2023-04-05,3085.97998046875,3111.800048828125,3055.39990234375,3107.080078125,0
2023-04-06,3071.77001953125,3093.820068359375,3034.820068359375,3055.169921875,0
2023-04-10,3126.969970703125,3127.89990234375,3042.35009765625,3047.919921875,0
2023-04-11,3109.419921875,3146.0,3104.3798828125,3145.860107421875,0
2023-04-12,3052.52001953125,3140.719970703125,3049.8701171875,3133.860107421875,0
2023-04-13,3074.93994140625,3092.14990234375,3036.030029296875,3055.550048828125,0
2023-04-14,3070.449951171875,3107.25,3036.9599609375,3070.8798828125,0
2023-04-17,3066.679931640625,3067.889892578125,3025.830078125,3033.3701171875,0
2023-04-18,3077.719970703125,3116.360107421875,3054.280029296875,3097.89990234375,0
2023-04-19,3046.3798828125,3053.27001953125,3026.840087890625,3036.030029296875,0
2023-04-20,3046.280029296875,3090.8798828125,3015.77001953125,3015.77001953125,0
2023-04-21,3021.43994140625,3031.9599609375,2995.909912109375,3026.7900390625,0
2023-04-24,3007.510009765625,3031.860107421875,2987.919921875,3017.919921875,0
2023-04-25,2906.2900390625,2987.570068359375,2905.93994140625,2987.219970703125,0
2023-04-26,2922.989990234375,2952.080078125,2908.409912109375,2922.989990234375,0
2023-04-27,2941.590087890625,2944.9599609375,2867.510009765625,2921.89990234375,0
2023-04-28,2994.969970703125,2995.330078125,2945.3798828125,2958.169921875,0
2023-05-01,3019.090087890625,3026.949951171875,2997.169921875,3007.22998046875,0
2023-05-02,2996.860107421875,3034.18994140625,2969.080078125,3020.18994140625,0
2023-05-03,2957.3701171875,3009.070068359375,2956.739990234375,2980.64990234375,0
2023-05-04,2941.6298828125,2971.89990234375,2913.110107421875,2932.550048828125,0
2023-05-05,3007.68994140625,3019.3701171875,2930.639892578125,2942.280029296875,0
2023-05-08,3024.409912109375,3025.989990234375,2979.85009765625,3009.840087890625,0
2023-05-09,2967.840087890625,2983.679931640625,2960.010009765625,2983.199951171875,0
2023-05-10,2997.510009765625,3019.4599609375,2968.409912109375,3003.6201171875,0
2023-05-11,2978.719970703125,3005.0,2950.860107421875,3000.3701171875,0
2023-05-12,2972.85009765625,2999.550048828125,2944.070068359375,2988.580078125,0
2023-05-15,3052.639892578125,3052.909912109375,2971.760009765625,2979.510009765625,0
2023-05-16,3048.7099609375,3083.280029296875,3044.030029296875,3044.43994140625,0
2023-05-17,3124.679931640625,3135.300048828125,3055.969970703125,3077.550048828125,0
2023-05-18,3223.489990234375,3229.6298828125,3136.760009765625,3139.72998046875,0
2023-05-19,3203.489990234375,3217.929931640625,3186.35009765625,3214.97998046875,0
2023-05-22,3215.0400390625,3223.530029296875,3173.8701171875,3180.570068359375,0
2023-05-23,3177.43994140625,3216.989990234375,3171.93994140625,3196.75,0
2023-05-24,3124.090087890625,3135.0400390625,3091.2900390625,3111.550048828125,0
2023-05-25,3336.719970703125,3347.3701171875,3238.219970703125,3281.389892578125,0
2023-05-26,3545.669921875,3563.330078125,3386.340087890625,3387.429931640625,0
2023-05-30,3549.389892578125,3643.93994140625,3537.64990234375,3628.469970703125,0
2023-05-31,3453.179931640625,3531.389892578125,3451.8701171875,3484.330078125,0
2023-06-01,3506.739990234375,3537.820068359375,3437.889892578125,3469.699951171875,0
2023-06-02,3501.39990234375,3546.419921875,3478.030029296875,3537.72998046875,0
2023-06-05,3444.1201171875,3489.090087890625,3430.280029296875,3488.590087890625,0
2023-06-06,3488.340087890625,3504.419921875,3417.510009765625,3426.889892578125,0
2023-06-07,3477.179931640625,3557.0,3469.719970703125,3512.64990234375,0
2023-06-08,3514.320068359375,3521.360107421875,3469.449951171875,3484.10009765625,0
2023-06-09,3524.969970703125,3580.429931640625,3508.719970703125,3559.3798828125,0
2023-06-12,3641.659912109375,3644.860107421875,3565.97998046875,3567.820068359375,0
2023-06-13,3683.659912109375,3711.81005859375,3646.360107421875,3694.81005859375,0
2023-06-14,3739.75,3740.699951171875,3653.75,3670.330078125,0
2023-06-15,3708.06005859375,3736.5,3684.3701171875,3698.56005859375,0
2023-06-16,3673.139892578125,3743.72998046875,3671.27001953125,3738.68994140625,0
2023-06-20,3647.56005859375,3693.409912109375,3616.050048828125,3666.2099609375,0
2023-06-21,3549.72998046875,3636.909912109375,3548.389892578125,3624.1201171875,0
2023-06-22,3569.8701171875,3580.659912109375,3523.780029296875,3525.52001953125,0
2023-06-23,3506.7099609375,3526.969970703125,3489.1298828125,3508.010009765625,0
2023-06-26,3515.77001953125,3582.260009765625,3515.510009765625,3527.64990234375,0
2023-06-27,3642.409912109375,3647.010009765625,3517.52001953125,3527.25,0
2023-06-28,3609.47998046875,3644.9599609375,3580.830078125,3588.909912109375,0
2023-06-29,3614.179931640625,3627.25,3583.489990234375,3626.989990234375,0
2023-06-30,3673.06005859375,3685.760009765625,3644.030029296875,3654.739990234375,0
2023-07-03,3703.6201171875,3713.909912109375,3663.449951171875,3691.280029296875,0
2023-07-05,3622.320068359375,3683.719970703125,3622.10009765625,3672.389892578125,0
2023-07-06,3577.489990234375,3581.6298828125,3532.68994140625,3559.35009765625,0
2023-07-07,3577.72998046875,3633.7900390625,3573.340087890625,3583.56005859375,0
2023-07-10,3651.60009765625,3655.909912109375,3586.409912109375,3587.050048828125,0
2023-07-11,3653.530029296875,3669.43994140625,3599.2099609375,3665.8701171875,0
2023-07-12,3721.469970703125,3727.449951171875,3684.8798828125,3704.719970703125,0
2023-07-13,3797.1298828125,3803.199951171875,3746.8798828125,3755.820068359375,0
2023-07-14,3750.409912109375,3828.159912109375,3735.4599609375,3798.530029296875,0
2023-07-17,3837.31005859375,3855.47998046875,3729.06005859375,3756.360107421875,0
2023-07-18,3842.360107421875,3854.570068359375,3790.300048828125,3821.080078125,0
2023-07-19,3801.659912109375,3849.7900390625,3792.110107421875,3849.10009765625,0
2023-07-20,3663.85009765625,3742.949951171875,3647.9599609375,3727.469970703125,0
2023-07-21,3698.85009765625,3730.340087890625,3678.840087890625,3702.68994140625,0
2023-07-24,3692.320068359375,3723.090087890625,3679.7099609375,3702.409912109375,0
2023-07-25,3755.27001953125,3774.300048828125,3717.97998046875,3717.97998046875,0
2023-07-26,3699.3701171875,3730.409912109375,3662.0,3702.760009765625,0
2023-07-27,3768.27001953125,3845.02001953125,3746.60009765625,3795.050048828125,0
2023-07-28,3851.760009765625,3862.25,3803.7900390625,3840.110107421875,0
2023-07-31,3861.6298828125,3875.169921875,3843.050048828125,3867.639892578125,0
2023-08-01,3858.2099609375,3866.85009765625,3818.06005859375,3825.3798828125,0
2023-08-02,3711.60009765625,3809.75,3691.3701171875,3809.31005859375,0
2023-08-03,3708.080078125,3731.050048828125,3658.429931640625,3665.530029296875,0
2023-08-04,3699.199951171875,3751.330078125,3660.300048828125,3689.830078125,0
2023-08-07,3739.409912109375,3740.409912109375,3705.02001953125,3730.93994140625,0
2023-08-08,3679.419921875,3684.97998046875,3631.81005859375,3673.43994140625,0
2023-08-09,3610.47998046875,3678.75,3606.090087890625,3677.419921875,0
2023-08-10,3597.02001953125,3680.260009765625,3574.9599609375,3634.64990234375,0
2023-08-11,3514.550048828125,3554.81005859375,3504.639892578125,3545.669921875,0
2023-08-14,3615.449951171875,3616.0,3488.550048828125,3492.1201171875,0
2023-08-15,3553.9599609375,3607.969970703125,3552.1201171875,3600.610107421875,0
2023-08-16,3480.080078125,3552.389892578125,3478.570068359375,3552.3798828125,0
2023-08-17,3446.35009765625,3492.7900390625,3437.8701171875,3492.7900390625,0
2023-08-18,3462.739990234375,3475.860107421875,3405.35009765625,3411.469970703125,0
2023-08-21,3560.739990234375,3565.760009765625,3475.580078125,3481.22998046875,0
2023-08-22,3527.68994140625,3610.14990234375,3516.75,3606.280029296875,0
2023-08-23,3602.010009765625,3614.080078125,3507.0400390625,3508.070068359375,0
2023-08-24,3481.300048828125,3663.949951171875,3474.25,3663.949951171875,0
2023-08-25,3495.64990234375,3521.340087890625,3425.7900390625,3476.300048828125,0
2023-08-28,3537.8701171875,3546.760009765625,3503.2900390625,3528.409912109375,0
2023-08-29,3629.570068359375,3640.429931640625,3515.840087890625,3518.340087890625,0
2023-08-30,3643.919921875,3658.56005859375,3593.47998046875,3615.1201171875,0
2023-08-31,3670.929931640625,3690.300048828125,3636.530029296875,3637.050048828125,0
2023-09-01,3682.840087890625,3705.580078125,3658.2900390625,3694.72998046875,0
2023-09-05,3683.7900390625,3711.550048828125,3651.93994140625,3669.659912109375,0
2023-09-06,3654.4599609375,3693.919921875,3615.419921875,3673.68994140625,0
2023-09-07,3582.110107421875,3591.820068359375,3536.56005859375,3569.97998046875,0
2023-09-08,3565.989990234375,3601.47998046875,3552.239990234375,3575.81005859375,0
2023-09-11,3569.22998046875,3607.580078125,3521.669921875,3605.6298828125,0
2023-09-12,3541.090087890625,3599.320068359375,3536.199951171875,3539.550048828125,0
2023-09-13,3560.4599609375,3595.030029296875,3536.739990234375,3536.739990234375,0
2023-09-14,3584.22998046875,3598.14990234375,3549.1298828125,3594.570068359375,0
2023-09-15,3476.389892578125,3560.889892578125,3461.159912109375,3555.570068359375,0
2023-09-18,3492.469970703125,3504.030029296875,3446.219970703125,3446.800048828125,0
2023-09-19,3459.02001953125,3482.530029296875,3441.909912109375,3475.530029296875,0
2023-09-20,3398.81005859375,3485.719970703125,3397.969970703125,3471.739990234375,0
2023-09-21,3338.85009765625,3381.550048828125,3337.860107421875,3356.159912109375,0
2023-09-22,3365.2900390625,3398.43994140625,3353.9599609375,3369.35009765625,0
2023-09-25,3389.4599609375,3390.52001953125,3337.35009765625,3349.469970703125,0
2023-09-26,3329.6201171875,3370.050048828125,3314.5,3362.179931640625,0
2023-09-27,3361.409912109375,3385.6201171875,3310.14990234375,3356.739990234375,0
2023-09-28,3420.989990234375,3457.4599609375,3343.580078125,3351.919921875,0
2023-09-29,3434.2900390625,3481.7900390625,3421.5400390625,3474.419921875,0
2023-10-02,3448.85009765625,3474.989990234375,3408.260009765625,3440.1201171875,0
2023-10-03,3376.580078125,3464.739990234375,3355.409912109375,3424.06005859375,0
2023-10-04,3424.919921875,3432.429931640625,3370.679931640625,3397.739990234375,0
2023-10-05,3406.97998046875,3432.97998046875,3376.860107421875,3425.739990234375,0
2023-10-06,3475.2099609375,3491.989990234375,3365.89990234375,3392.77001953125,0
2023-10-09,3467.35009765625,3475.389892578125,3414.300048828125,3441.93994140625,0
2023-10-10,3512.070068359375,3543.89990234375,3466.010009765625,3481.489990234375,0
2023-10-11,3537.830078125,3544.280029296875,3497.8798828125,3526.659912109375,0
2023-10-12,3548.6201171875,3596.780029296875,3515.5,3549.949951171875,0
2023-10-13,3452.969970703125,3557.22998046875,3446.760009765625,3556.429931640625,0
2023-10-16,3502.510009765625,3512.989990234375,3459.679931640625,3462.010009765625,0
2023-10-17,3474.659912109375,3500.179931640625,3393.489990234375,3429.739990234375,0
2023-10-18,3413.449951171875,3443.659912109375,3397.550048828125,3414.830078125,0
2023-10-19,3367.77001953125,3449.030029296875,3356.360107421875,3444.679931640625,0
2023-10-20,3316.139892578125,3390.97998046875,3312.25,3364.320068359375,0
2023-10-23,3298.5400390625,3356.949951171875,3264.760009765625,3300.3701171875,0
2023-10-24,3343.93994140625,3349.1298828125,3303.469970703125,3316.3798828125,0
2023-10-25,3205.840087890625,3309.320068359375,3190.760009765625,3305.39990234375,0
2023-10-26,3188.419921875,3254.320068359375,3173.550048828125,3217.6201171875,0
2023-10-27,3227.090087890625,3258.419921875,3213.050048828125,3238.080078125,0
2023-10-30,3185.179931640625,3225.090087890625,3152.52001953125,3204.85009765625,0
2023-10-31,3215.889892578125,3223.3701171875,3151.0,3183.6298828125,0
2023-11-01,3290.949951171875,3293.06005859375,3218.239990234375,3224.919921875,0
2023-11-02,3368.5400390625,3388.8798828125,3320.570068359375,3355.800048828125,0
2023-11-03,3454.570068359375,3477.449951171875,3398.77001953125,3405.989990234375,0
2023-11-06,3444.889892578125,3467.43994140625,3413.320068359375,3459.449951171875,0
2023-11-07,3471.4599609375,3489.75,3439.1298828125,3445.68994140625,0
2023-11-08,3472.669921875,3491.9599609375,3450.590087890625,3473.8701171875,0
2023-11-09,3452.340087890625,3534.43994140625,3448.050048828125,3499.659912109375,0
2023-11-10,3591.739990234375,3600.39990234375,3487.169921875,3496.739990234375,0
2023-11-13,3556.75,3568.64990234375,3535.1298828125,3562.5,0
2023-11-14,3685.570068359375,3696.06005859375,3639.75,3653.360107421875,0
2023-11-15,3712.090087890625,3739.340087890625,3687.360107421875,3710.139892578125,0
2023-11-16,3724.10009765625,3733.47998046875,3689.72998046875,3691.25,0
2023-11-17,3748.64990234375,3754.669921875,3707.090087890625,3707.090087890625,0
2023-11-20,3805.81005859375,3817.830078125,3747.2900390625,3747.52001953125,0
2023-11-21,3732.7900390625,3774.530029296875,3714.760009765625,3772.260009765625,0
2023-11-22,3744.9599609375,3804.89990234375,3736.300048828125,3762.659912109375,0
2023-11-24,3747.929931640625,3750.3798828125,3734.18994140625,3739.590087890625,0
2023-11-27,3739.31005859375,3771.679931640625,3723.010009765625,3734.530029296875,0
2023-11-28,3718.35009765625,3735.610107421875,3688.6201171875,3713.260009765625,0
2023-11-29,3753.360107421875,3809.7099609375,3747.510009765625,3769.6201171875,0
2023-11-30,3724.580078125,3760.679931640625,3695.0,3760.39990234375,0
2023-12-01,3738.27001953125,3744.72998046875,3675.2900390625,3696.489990234375,0
2023-12-04,3693.43994140625,3701.68994140625,3638.72998046875,3699.6298828125,0
2023-12-05,3672.39990234375,3680.5,3641.929931640625,3657.530029296875,0
2023-12-06,3645.820068359375,3727.429931640625,3642.070068359375,3726.18994140625,0
2023-12-07,3747.5400390625,3756.840087890625,3669.389892578125,3674.47998046875,0
2023-12-08,3774.169921875,3791.60009765625,3740.550048828125,3745.02001953125,0
2023-12-11,3902.389892578125,3917.43994140625,3809.31005859375,3812.5400390625,0
2023-12-12,3930.179931640625,3931.010009765625,3880.81005859375,3882.510009765625,0
2023-12-13,3990.949951171875,4011.719970703125,3917.969970703125,3932.22998046875,0
2023-12-14,4097.47021484375,4113.9501953125,4034.43994140625,4034.43994140625,0
2023-12-15,4117.0,4161.919921875,4107.0,4121.22021484375,0
2023-12-18,4103.7900390625,4122.3701171875,4069.530029296875,4114.10986328125,0
2023-12-19,4125.56005859375,4130.8798828125,4101.72998046875,4101.72998046875,0
2023-12-20,4007.659912109375,4117.58984375,4006.68994140625,4093.89990234375,0
2023-12-21,4118.58984375,4124.509765625,4073.840087890625,4094.2900390625,0
2023-12-22,4132.85009765625,4153.25,4104.68994140625,4134.580078125,0
2023-12-26,4207.4501953125,4222.31982421875,4155.2001953125,4155.72998046875,0
2023-12-27,4214.58984375,4230.93017578125,4194.9599609375,4222.240234375,0
2023-12-28,4208.68017578125,4233.72998046875,4205.68017578125,4228.47021484375,0
2023-12-29,4175.47021484375,4215.740234375,4155.33984375,4205.10986328125,0
2024-01-02,4023.0400390625,4105.759765625,3990.719970703125,4100.169921875,0
2024-01-03,3941.2099609375,3976.75,3926.860107421875,3938.949951171875,0
2024-01-04,3908.85009765625,3947.27001953125,3875.179931640625,3876.969970703125,0
2024-01-05,3933.489990234375,3965.909912109375,3908.719970703125,3914.169921875,0
2024-01-08,4062.47998046875,4071.6201171875,3956.050048828125,3956.159912109375,0
2024-01-09,4064.64990234375,4094.780029296875,4015.449951171875,4023.510009765625,0
2024-01-10,4048.840087890625,4066.659912109375,4000.39990234375,4065.77001953125,0
2024-01-11,4067.89990234375,4089.070068359375,3987.590087890625,4057.159912109375,0
2024-01-12,4052.429931640625,4089.330078125,4031.010009765625,4073.39990234375,0
2024-01-16,4105.93994140625,4132.990234375,4035.919921875,4050.0400390625,0
2024-01-17,4069.949951171875,4075.2099609375,4001.35009765625,4065.1298828125,0
2024-01-18,4206.52001953125,4213.02978515625,4139.7998046875,4194.509765625,0
2024-01-19,4375.64990234375,4380.7900390625,4240.81005859375,4258.2998046875,0
2024-01-22,4386.60009765625,4439.58984375,4347.2099609375,4410.06005859375,0
2024-01-23,4415.259765625,4419.2001953125,4347.89990234375,4384.02001953125,0
2024-01-24,4483.330078125,4541.75,4435.56005859375,4475.5400390625,0
2024-01-25,4472.259765625,4566.56005859375,4450.0400390625,4562.2099609375,0
2024-01-26,4342.10009765625,4405.35986328125,4330.9599609375,4366.919921875,0
2024-01-29,4388.27001953125,4388.35009765625,4323.56005859375,4354.990234375,0
2024-01-30,4319.990234375,4384.080078125,4301.85986328125,4363.56005859375,0
2024-01-31,4260.919921875,4334.81005859375,4220.9501953125,4239.8701171875,0
2024-02-01,4280.47998046875,4291.330078125,4226.580078125,4270.60986328125,0
2024-02-02,4336.72998046875,4346.02978515625,4270.83984375,4273.06005859375,0
2024-02-05,4388.10009765625,4407.0,4320.1201171875,4370.759765625,0
2024-02-06,4338.27001953125,4396.4501953125,4291.8798828125,4388.75,0
2024-02-07,4408.72998046875,4412.60986328125,4329.9501953125,4364.31005859375,0
2024-02-08,4478.009765625,4510.2001953125,4417.830078125,4424.990234375,0
2024-02-09,4567.2998046875,4574.93017578125,4479.06005859375,4505.81982421875,0
2024-02-12,4560.0400390625,4644.0400390625,4543.0400390625,4566.18017578125,0
2024-02-13,4468.18017578125,4514.990234375,4408.4599609375,4412.93994140625,0
2024-02-14,4565.41015625,4568.06982421875,4503.330078125,4533.35009765625,0
2024-02-15,4558.10009765625,4599.91015625,4540.08984375,4591.64990234375,0
2024-02-16,4527.68017578125,4624.490234375,4514.97998046875,4585.31005859375,0
2024-02-20,4456.8701171875,4507.52978515625,4389.77978515625,4489.8798828125,0
2024-02-21,4446.35986328125,4446.83984375,4383.91015625,4402.9501953125,0
2024-02-22,4667.3701171875,4687.259765625,4604.2001953125,4632.6298828125,0
2024-02-23,4615.02978515625,4709.52001953125,4592.97021484375,4688.60986328125,0
2024-02-26,4663.47021484375,4683.91015625,4634.81982421875,4658.91015625,0
2024-02-27,4654.89013671875,4697.16015625,4651.39990234375,4680.18017578125,0
2024-02-28,4602.60009765625,4627.169921875,4583.81982421875,4602.10986328125,0
2024-02-29,4726.919921875,4737.06982421875,4645.47021484375,4663.89013671875,0
2024-03-01,4929.580078125,4950.259765625,4780.990234375,4780.990234375,0
2024-03-04,4981.97021484375,5037.56982421875,4956.14990234375,4973.52001953125,0
2024-03-05,4879.830078125,4953.9599609375,4829.35986328125,4921.66015625,0
2024-03-06,4997.93017578125,5051.990234375,4947.0498046875,4976.6201171875,0
2024-03-07,5165.830078125,5187.60009765625,5062.72998046875,5063.5,0
2024-03-08,4957.77978515625,5217.830078125,4957.16015625,5185.330078125,0
2024-03-11,4890.2001953125,4926.3701171875,4835.8701171875,4888.3701171875,0
2024-03-12,4992.509765625,4993.0,4868.419921875,4946.77978515625,0
2024-03-13,4868.9501953125,4932.1201171875,4841.7001953125,4926.740234375,0
2024-03-14,4783.64990234375,4880.0400390625,4741.58984375,4859.740234375,0
2024-03-15,4757.7099609375,4808.68017578125,4719.72021484375,4745.72021484375,0
2024-03-18,4757.60009765625,4856.39990234375,4751.39013671875,4834.080078125,0
2024-03-19,4712.81005859375,4734.490234375,4620.52001953125,4683.72998046875,0
2024-03-20,4788.18017578125,4798.33984375,4682.490234375,4718.22998046875,0
2024-03-21,4897.8798828125,4983.4599609375,4890.47998046875,4949.14990234375,0
2024-03-22,4908.259765625,4945.64013671875,4868.9501953125,4876.009765625,0
2024-03-25,4891.490234375,4937.35009765625,4836.43994140625,4838.31005859375,0
2024-03-26,4851.8798828125,4943.25,4849.81005859375,4920.2099609375,0
2024-03-27,4899.9501953125,4903.18017578125,4815.06005859375,4902.27978515625,0
2024-03-28,4905.2099609375,4926.759765625,4887.08984375,4892.4501953125,0
2024-04-01,4962.10009765625,5030.52001953125,4919.97021484375,4921.52978515625,0
2024-04-02,4886.93994140625,4898.1201171875,4834.22021484375,4883.56005859375,0
2024-04-03,4903.5,4938.330078125,4831.52978515625,4838.080078125,0
2024-04-04,4756.06982421875,4984.91015625,4750.990234375,4973.33984375,0
2024-04-05,4819.1298828125,4847.509765625,4751.009765625,4784.18994140625,0
2024-04-08,4825.39013671875,4868.85986328125,4808.77001953125,4848.669921875,0
2024-04-09,4870.81005859375,4890.919921875,4785.6201171875,4869.39013671875,0
2024-04-10,4790.35009765625,4847.52001953125,4761.10986328125,4789.93017578125,0
2024-04-11,4906.3701171875,4911.5400390625,4784.39013671875,4816.10986328125,0
2024-04-12,4745.0498046875,4819.7900390625,4735.490234375,4810.66015625,0
2024-04-15,4679.10009765625,4827.89013671875,4658.93994140625,4804.240234375,0
2024-04-16,4720.52978515625,4744.22998046875,4670.3798828125,4682.81982421875,0
2024-04-17,4567.31005859375,4733.419921875,4561.56005859375,4725.759765625,0
2024-04-18,4491.7099609375,4567.6298828125,4474.8701171875,4541.47998046875,0
2024-04-19,4306.8701171875,4480.06982421875,4288.0,4444.91015625,0
2024-04-22,4381.919921875,4411.58984375,4299.72021484375,4351.22998046875,0
2024-04-23,4478.7998046875,4500.33984375,4407.18017578125,4415.6201171875,0
2024-04-24,4526.2001953125,4616.89013671875,4490.52978515625,4608.0498046875,0
2024-04-25,4615.0400390625,4645.56005859375,4492.93994140625,4515.85986328125,0
2024-04-26,4735.2900390625,4756.91015625,4616.419921875,4619.81982421875,0
2024-04-29,4765.7900390625,4772.080078125,4690.81982421875,4735.3701171875,0
2024-04-30,4673.2998046875,4803.0498046875,4671.77978515625,4756.75,0
2024-05-01,4507.68017578125,4659.97998046875,4482.1201171875,4588.43017578125,0
2024-05-02,4605.35009765625,4620.68017578125,4498.490234375,4586.580078125,0
2024-05-03,4716.18994140625,4740.4599609375,4675.68994140625,4695.97998046875,0
2024-05-06,4820.4501953125,4820.4599609375,4739.35009765625,4749.89013671875,0
2024-05-07,4784.8798828125,4840.60009765625,4783.85009765625,4825.68994140625,0
2024-05-08,4790.3798828125,4794.33984375,4737.27978515625,4741.72021484375,0
2024-05-09,4759.77001953125,4789.43994140625,4737.490234375,4786.5,0
2024-05-10,4808.02978515625,4857.83984375,4787.759765625,4814.8701171875,0
2024-05-13,4823.08984375,4846.81005859375,4811.0,4828.58984375,0
2024-05-14,4903.93017578125,4908.52001953125,4811.81982421875,4817.39013671875,0
2024-05-15,5045.080078125,5046.27001953125,4930.68994140625,4946.22021484375,0
2024-05-16,5017.5400390625,5084.56982421875,5017.2998046875,5045.02001953125,0
2024-05-17,4983.02001953125,5056.0400390625,4947.169921875,5048.93017578125,0
2024-05-20,5090.35009765625,5119.16015625,4999.41015625,5002.0498046875,0
2024-05-21,5074.39990234375,5080.91015625,5020.58984375,5031.0,0
2024-05-22,5126.81005859375,5140.830078125,5074.3701171875,5114.97998046875,0
2024-05-23,5125.97998046875,5255.64013671875,5081.990234375,5243.7001953125,0
2024-05-24,5220.919921875,5232.31982421875,5149.31005859375,5167.0,0
2024-05-28,5317.8701171875,5343.68017578125,5235.89013671875,5286.02001953125,0
2024-05-29,5219.31982421875,5249.68994140625,5206.93017578125,5234.39013671875,0
2024-05-30,5173.259765625,5228.18017578125,5145.8701171875,5208.7998046875,0
2024-05-31,5123.35986328125,5204.4599609375,4988.0498046875,5180.5498046875,0
2024-06-03,5152.509765625,5215.08984375,5059.91015625,5215.08984375,0
2024-06-04,5116.27001953125,5148.9501953125,5074.3798828125,5144.5400390625,0
2024-06-05,5347.43994140625,5348.91015625,5193.72998046875,5208.080078125,0
2024-06-06,5301.68017578125,5353.47998046875,5260.56005859375,5343.97998046875,0
2024-06-07,5287.240234375,5322.1201171875,5254.89990234375,5288.14990234375,0
2024-06-10,5362.39990234375,5379.490234375,5238.83984375,5243.72021484375,0
2024-06-11,5365.3798828125,5374.2099609375,5287.0498046875,5343.2998046875,0
2024-06-12,5520.8701171875,5543.580078125,5452.85009765625,5456.16015625,0
2024-06-13,5602.419921875,5624.009765625,5527.22998046875,5590.580078125,0
2024-06-14,5598.31005859375,5613.31982421875,5540.9501953125,5558.64013671875,0
2024-06-17,5688.10009765625,5699.2099609375,5571.419921875,5639.9599609375,0
2024-06-18,5765.1201171875,5792.85986328125,5695.97998046875,5705.490234375,0
2024-06-20,5610.009765625,5789.6298828125,5577.56005859375,5787.9501953125,0
2024-06-21,5538.5400390625,5613.47021484375,5482.4501953125,5538.14990234375,0
2024-06-24,5371.52001953125,5519.39990234375,5369.56005859375,5485.18017578125,0
2024-06-25,5467.66015625,5470.27001953125,5361.81005859375,5413.0498046875,0
2024-06-26,5452.31982421875,5499.41015625,5389.47998046875,5469.64990234375,0
2024-06-27,5421.08984375,5477.509765625,5389.27001953125,5435.330078125,0
2024-06-28,5472.259765625,5583.1298828125,5431.27001953125,5454.3701171875,0
2024-07-01,5477.14990234375,5481.64013671875,5371.10986328125,5472.0,0
2024-07-02,5544.990234375,5546.0400390625,5442.0498046875,5443.2900390625,0
2024-07-03,5651.72021484375,5673.6298828125,5537.0,5555.5400390625,0
2024-07-05,5656.31005859375,5703.52978515625,5625.47021484375,5684.0400390625,0
2024-07-08,5765.2099609375,5772.5,5700.91015625,5701.2998046875,0
2024-07-09,5765.2001953125,5826.16015625,5713.93994140625,5798.6201171875,0
2024-07-10,5904.5400390625,5913.9501953125,5799.43017578125,5818.35009765625,0
2024-07-11,5699.66015625,5931.830078125,5682.10986328125,5929.990234375,0
2024-07-12,5775.18994140625,5871.0,5705.8798828125,5727.009765625,0
2024-07-15,5777.7099609375,5854.1201171875,5743.759765625,5802.58984375,0
2024-07-16,5804.02978515625,5812.7001953125,5714.72998046875,5797.56982421875,0
2024-07-17,5408.7099609375,5636.10009765625,5402.93017578125,5596.02978515625,0
2024-07-18,5436.419921875,5511.47998046875,5341.31982421875,5499.7998046875,0
2024-07-19,5267.16015625,5429.2099609375,5261.64990234375,5424.52001953125,0
2024-07-22,5477.830078125,5481.97021484375,5344.27001953125,5382.490234375,0
2024-07-23,5397.89990234375,5453.60009765625,5385.9501953125,5407.60986328125,0
2024-07-24,5105.64990234375,5330.91015625,5098.43017578125,5320.10009765625,0
2024-07-25,5005.35986328125,5168.08984375,4906.72998046875,5052.2998046875,0
2024-07-26,5103.1298828125,5147.93994140625,5056.2099609375,5110.6298828125,0
2024-07-29,5087.6201171875,5226.3798828125,5074.2998046875,5156.0,0
2024-07-30,4890.14990234375,5119.35009765625,4874.60986328125,5108.009765625,0
2024-07-31,5233.18017578125,5240.580078125,5088.43994140625,5127.6201171875,0
2024-08-01,4859.58984375,5201.2900390625,4801.0498046875,5143.83984375,0
2024-08-02,4607.759765625,4698.8798828125,4540.68017578125,4644.4599609375,0
2024-08-05,4519.4501953125,4635.1298828125,4290.35009765625,4330.259765625,0
2024-08-06,4567.56982421875,4683.06005859375,4493.669921875,4558.7001953125,0
2024-08-07,4426.27001953125,4738.93994140625,4418.56982421875,4709.6201171875,0
2024-08-08,4730.009765625,4736.72021484375,4472.35009765625,4552.16015625,0
2024-08-09,4709.4501953125,4746.27001953125,4643.85009765625,4702.97021484375,0
2024-08-12,4743.81982421875,4800.169921875,4690.2099609375,4729.27001953125,0
2024-08-13,4942.31005859375,4945.7900390625,4788.27978515625,4807.68017578125,0
2024-08-14,4933.35009765625,5000.10986328125,4852.35986328125,4981.77978515625,0
2024-08-15,5173.3798828125,5190.169921875,5022.02978515625,5035.580078125,0
2024-08-16,5170.25,5186.1201171875,5100.14013671875,5108.72021484375,0
2024-08-19,5266.56982421875,5266.97998046875,5096.35009765625,5159.5400390625,0
2024-08-20,5196.2998046875,5273.27001953125,5159.10009765625,5237.2900390625,0
2024-08-21,5267.93017578125,5288.5400390625,5205.08984375,5232.2998046875,0
2024-08-22,5086.89990234375,5315.72021484375,5072.43017578125,5303.830078125,0
2024-08-23,5228.64990234375,5259.27978515625,5149.009765625,5163.06005859375,0
2024-08-26,5097.35009765625,5229.10009765625,5079.97021484375,5199.02001953125,0
2024-08-27,5153.6298828125,5171.10009765625,5018.830078125,5063.47021484375,0
2024-08-28,5059.56005859375,5163.7099609375,5005.5,5138.60009765625,0
2024-08-29,5029.25,5157.68994140625,5010.0498046875,5068.7099609375,0
2024-08-30,5158.81982421875,5176.830078125,5075.3798828125,5154.56982421875,0
2024-09-03,4759.0,5058.7099609375,4735.89990234375,5058.7099609375,0
2024-09-04,4770.85009765625,4844.259765625,4695.169921875,4707.02001953125,0
2024-09-05,4742.419921875,4821.64013671875,4698.0498046875,4708.58984375,0
2024-09-06,4528.22021484375,4701.08984375,4507.68017578125,4698.77978515625,0
2024-09-09,4625.77978515625,4636.6201171875,4547.18017578125,4598.27978515625,0
2024-09-10,4680.669921875,4684.58984375,4561.93017578125,4624.990234375,0
2024-09-11,4910.169921875,4918.919921875,4616.58984375,4712.1298828125,0
2024-09-12,4898.43994140625,4944.3798828125,4824.2900390625,4878.18017578125,0
2024-09-13,4980.490234375,4991.33984375,4929.5498046875,4940.22021484375,0
2024-09-16,4910.43994140625,4935.77978515625,4850.35986328125,4905.68994140625,0
2024-09-17,4912.10009765625,4980.85986328125,4874.33984375,4971.39013671875,0
2024-09-18,4859.2900390625,5006.43017578125,4854.8701171875,4935.4501953125,0
2024-09-19,5066.64990234375,5135.89013671875,5005.02001953125,5049.77978515625,0
2024-09-20,5000.06005859375,5034.580078125,4928.85009765625,5016.39990234375,0
2024-09-23,5025.81005859375,5043.97021484375,4984.68017578125,5027.3798828125,0
2024-09-24,5091.77978515625,5119.7900390625,5009.7001953125,5071.47998046875,0
2024-09-25,5132.52001953125,5167.83984375,5078.25,5078.25,0
2024-09-26,5310.5,5355.97021484375,5182.509765625,5352.35009765625,0
2024-09-27,5217.22998046875,5318.06005859375,5190.72021484375,5318.0400390625,0
2024-09-30,5173.06005859375,5201.830078125,5101.85986328125,5154.47021484375,0
2024-10-01,5024.93994140625,5188.39990234375,4987.669921875,5178.47998046875,0
2024-10-02,5099.2001953125,5151.02978515625,5008.10986328125,5031.93994140625,0
2024-10-03,5125.2099609375,5188.97998046875,5070.58984375,5071.5400390625,0
2024-10-04,5206.83984375,5237.0400390625,5141.1201171875,5237.0400390625,0
2024-10-07,5196.7998046875,5243.3701171875,5162.72021484375,5169.5,0
2024-10-08,5266.10009765625,5282.56005859375,5177.27001953125,5208.830078125,0
2024-10-09,5321.89990234375,5327.2001953125,5219.52001953125,5267.64990234375,0
2024-10-10,5293.93994140625,5322.06005859375,5224.52978515625,5252.669921875,0
2024-10-11,5335.93994140625,5351.7099609375,5261.22998046875,5261.419921875,0
2024-10-14,5432.2099609375,5445.080078125,5376.16015625,5377.8798828125,0
2024-10-15,5145.2099609375,5441.9599609375,5112.27978515625,5421.7099609375,0
2024-10-16,5155.85986328125,5206.740234375,5125.9501953125,5193.06005859375,0
2024-10-17,5204.81005859375,5302.18017578125,5204.2998046875,5292.72021484375,0
2024-10-18,5208.6201171875,5244.1298828125,5190.22021484375,5238.259765625,0
2024-10-21,5215.2099609375,5222.93017578125,5145.1298828125,5195.18017578125,0
2024-10-22,5190.7099609375,5207.72021484375,5152.02001953125,5182.2998046875,0
2024-10-23,5131.3701171875,5190.64990234375,5061.39990234375,5174.83984375,0
2024-10-24,5157.60986328125,5175.0,5116.41015625,5170.27001953125,0
2024-10-25,5212.830078125,5287.77001953125,5210.7998046875,5212.3798828125,0
2024-10-28,5211.669921875,5246.8798828125,5190.02001953125,5199.58984375,0
2024-10-29,5332.169921875,5358.0400390625,5187.81005859375,5211.1201171875,0
2024-10-30,5153.490234375,5228.52978515625,5151.85009765625,5192.64013671875,0
2024-10-31,4946.75,5085.56005859375,4911.60986328125,5085.56005859375,0
2024-11-01,5001.43017578125,5054.06005859375,4975.72998046875,4984.990234375,0
2024-11-04,4974.0,5051.77001953125,4960.64013671875,4996.9599609375,0
2024-11-05,5057.830078125,5059.259765625,4999.16015625,4999.3798828125,0
2024-11-06,5215.56982421875,5233.75,5118.72998046875,5163.580078125,0
2024-11-07,5333.990234375,5337.91015625,5280.31005859375,5294.64990234375,0
2024-11-08,5290.52001953125,5333.2900390625,5262.02978515625,5311.85986328125,0
2024-11-11,5156.39013671875,5242.6298828125,5097.7900390625,5240.6298828125,0
2024-11-12,5108.64013671875,5153.33984375,5043.77001953125,5145.68017578125,0
2024-11-13,5006.2900390625,5086.419921875,4999.64990234375,5077.27978515625,0
2024-11-14,5004.58984375,5075.81982421875,4992.5400390625,5062.7998046875,0
2024-11-15,4833.58984375,4936.18994140625,4816.52978515625,4914.080078125,0
2024-11-18,4888.77001953125,4896.77001953125,4806.0,4833.4599609375,0
2024-11-19,4919.16015625,4925.06005859375,4860.72998046875,4874.18017578125,0
2024-11-20,4884.25,4902.83984375,4813.2998046875,4902.41015625,0
2024-11-21,4963.0498046875,4989.91015625,4842.16015625,4949.39013671875,0
2024-11-22,4955.7998046875,4973.6298828125,4921.56005859375,4956.2998046875,0
2024-11-25,4987.919921875,5031.240234375,4955.10986328125,5001.14990234375,0
2024-11-26,4927.56005859375,5036.27978515625,4892.0498046875,5027.72021484375,0
2024-11-27,4853.009765625,4899.47998046875,4770.2998046875,4897.35009765625,0
2024-11-29,4926.56005859375,4975.60986328125,4887.85986328125,4894.97021484375,0
2024-12-02,5055.31982421875,5084.31005859375,4956.41015625,4957.02001953125,0
2024-12-03,5035.85986328125,5059.83984375,5014.81982421875,5027.740234375,0
2024-12-04,5121.77978515625,5143.8798828125,5076.259765625,5140.77001953125,0
2024-12-05,5026.3701171875,5114.16015625,5015.169921875,5104.2001953125,0
2024-12-06,5061.2998046875,5073.10009765625,5018.97021484375,5029.60986328125,0
2024-12-09,5018.83984375,5085.47998046875,4998.56982421875,5023.7099609375,0
2024-12-10,4894.7001953125,5032.669921875,4863.39990234375,5032.64990234375,0
2024-12-11,5027.7998046875,5055.25,4940.06005859375,4968.83984375,0
2024-12-12,4982.18994140625,5005.81005859375,4946.64990234375,4979.080078125,0
2024-12-13,5149.77978515625,5184.83984375,5070.759765625,5126.60009765625,0
2024-12-16,5256.06005859375,5280.7900390625,5135.18994140625,5175.85009765625,0
2024-12-17,5169.7900390625,5213.22998046875,5135.669921875,5193.02978515625,0
2024-12-18,4970.97998046875,5247.7001953125,4935.5400390625,5207.2001953125,0
2024-12-19,4893.47021484375,4996.919921875,4881.580078125,4984.009765625,0
2024-12-20,4964.91015625,5032.97998046875,4853.2001953125,4862.4599609375,0
2024-12-23,5118.75,5124.18994140625,5013.75,5013.75,0
2024-12-24,5173.56005859375,5173.7998046875,5123.31982421875,5151.02001953125,0
2024-12-26,5175.31005859375,5207.3701171875,5128.759765625,5140.6201171875,0
2024-12-27,5122.97021484375,5153.7900390625,5058.81005859375,5149.5498046875,0
2024-12-30,5026.509765625,5075.60986328125,4988.5498046875,5032.4501953125,0
2024-12-31,4979.93017578125,5059.5,4962.419921875,5041.080078125,0
2025-01-02,5021.5,5094.14013671875,4976.2900390625,5024.580078125,0
2025-01-03,5163.64990234375,5173.39013671875,5059.81005859375,5061.52001953125,0
2025-01-06,5310.14013671875,5381.0400390625,5283.39990234375,5284.509765625,0
2025-01-07,5212.25,5370.830078125,5186.1298828125,5368.43017578125,0
2025-01-08,5162.35009765625,5207.0400390625,5104.64013671875,5204.18994140625,0
2025-01-10,5037.47021484375,5091.4599609375,5001.27001953125,5089.9501953125,0
2025-01-13,5020.0400390625,5026.47021484375,4929.93017578125,4945.97021484375,0
2025-01-14,5045.9501953125,5097.4501953125,4987.43994140625,5064.93994140625,0
2025-01-15,5153.669921875,5179.330078125,5107.2001953125,5128.22021484375,0
2025-01-16,5162.9599609375,5262.009765625,5161.919921875,5246.7998046875,0
2025-01-17,5309.740234375,5319.68017578125,5252.35986328125,5289.60986328125,0
2025-01-21,5378.5,5425.330078125,5307.52001953125,5356.91015625,0
2025-01-22,5469.2900390625,5525.14990234375,5433.7998046875,5436.77001953125,0
2025-01-23,5444.68994140625,5444.740234375,5350.85009765625,5367.52001953125,0
2025-01-24,5341.93994140625,5449.81005859375,5320.60986328125,5447.2900390625,0
2025-01-27,4853.240234375,5045.43017578125,4785.43017578125,5007.83984375,0
2025-01-28,4907.02978515625,4928.18994140625,4776.81982421875,4896.25,0
2025-01-29,4918.10009765625,4964.669921875,4862.31982421875,4949.43017578125,0
2025-01-30,5030.52978515625,5054.43017578125,4959.7001953125,4996.5498046875,0
2025-01-31,5015.85009765625,5161.93017578125,5000.18994140625,5058.47021484375,0
2025-02-03,4924.81005859375,4983.18994140625,4848.72021484375,4866.4501953125,0
2025-02-04,4976.58984375,4999.68994140625,4907.4501953125,4917.6298828125,0
2025-02-05,5091.5,5102.39990234375,4945.66015625,4988.06005859375,0
2025-02-06,5092.58984375,5106.490234375,5041.85986328125,5062.2900390625,0
2025-02-07,5009.33984375,5129.64013671875,4978.56982421875,5115.4501953125,0
2025-02-10,5082.669921875,5097.3701171875,5056.0400390625,5058.0,0
2025-02-11,5079.97021484375,5110.4501953125,5042.5400390625,5043.1201171875,0
2025-02-12,5090.7900390625,5093.10009765625,4992.52001953125,5003.2001953125,0
2025-02-13,5156.39013671875,5158.490234375,5086.33984375,5087.68017578125,0
2025-02-14,5160.93994140625,5176.330078125,5132.93017578125,5149.169921875,0
2025-02-18,5247.85986328125,5259.18017578125,5168.490234375,5209.97998046875,0
2025-02-19,5309.68994140625,5331.9599609375,5223.1201171875,5246.4501953125,0
2025-02-20,5310.6298828125,5366.31982421875,5254.64013671875,5336.9501953125,0
2025-02-21,5136.58984375,5321.2001953125,5120.02978515625,5318.47998046875,0
2025-02-24,5003.5400390625,5167.43994140625,4999.580078125,5155.3701171875,0
2025-02-25,4888.8798828125,5009.18994140625,4876.41015625,4993.5498046875,0
2025-02-26,4990.81982421875,5032.64013671875,4935.330078125,4959.97021484375,0
2025-02-27,4686.75,5041.14990234375,4684.77978515625,5032.8798828125,0
2025-02-28,4766.75,4795.89013671875,4634.9501953125,4684.22021484375,0
2025-03-03,4575.3701171875,4827.56982421875,4533.759765625,4817.669921875,0
2025-03-04,4604.509765625,4726.83984375,4469.68994140625,4564.75,0
2025-03-05,4700.7900390625,4714.52978515625,4565.89013671875,4646.81982421875,0
2025-03-06,4487.85009765625,4623.0,4474.85986328125,4519.10986328125,0
2025-03-07,4629.58984375,4642.56982421875,4455.759765625,4533.35986328125,0
2025-03-10,4405.08984375,4548.72998046875,4343.25,4508.64013671875,0
2025-03-11,4374.06982421875,4470.330078125,4300.490234375,4418.1298828125,0
2025-03-12,4481.02001953125,4537.14013671875,4436.72021484375,4488.06005859375,0
2025-03-13,4453.240234375,4548.5400390625,4413.68017578125,4485.830078125,0
2025-03-14,4598.7900390625,4608.68994140625,4534.7099609375,4542.7099609375,0
2025-03-17,4663.97021484375,4703.77001953125,4587.0498046875,4587.10986328125,0
2025-03-18,4589.02978515625,4628.64990234375,4562.0400390625,4618.0400390625,0
2025-03-19,4634.52978515625,4709.3798828125,4558.58984375,4598.919921875,0
2025-03-20,4601.3701171875,4648.4599609375,4575.4501953125,4579.06005859375,0
2025-03-21,4557.9501953125,4570.41015625,4484.47998046875,4514.39990234375,0
2025-03-24,4694.22021484375,4722.47998046875,4657.330078125,4662.89990234375,0
2025-03-25,4661.33984375,4693.2001953125,4648.7998046875,4679.8798828125,0
2025-03-26,4508.740234375,4649.5400390625,4467.7099609375,4639.919921875,0
2025-03-27,4415.25,4476.3701171875,4394.7998046875,4452.52001953125,0
2025-03-28,4284.91015625,4411.66015625,4259.93017578125,4387.83984375,0
2025-03-31,4270.43017578125,4277.18994140625,4129.60986328125,4193.5,0
2025-04-01,4282.4599609375,4285.9599609375,4179.4501953125,4253.5498046875,0
2025-04-02,4320.75,4374.509765625,4206.66015625,4216.240234375,0
2025-04-03,3893.68994140625,4131.81982421875,3889.6201171875,4115.1298828125,0
2025-04-04,3597.659912109375,3778.780029296875,3529.60009765625,3760.14990234375,0
2025-04-07,3694.949951171875,3896.070068359375,3388.6201171875,3460.449951171875,0
2025-04-08,3562.93994140625,3902.530029296875,3484.27001953125,3863.699951171875,0
2025-04-09,4230.4501953125,4265.02001953125,3572.47998046875,3609.169921875,0
2025-04-10,3893.300048828125,4036.8701171875,3757.52001953125,4020.1298828125,0
2025-04-11,3990.89990234375,4000.3798828125,3822.280029296875,3881.22998046875,0
2025-04-14,4003.219970703125,4098.43994140625,3944.89990234375,4094.639892578125,0
2025-04-15,4021.889892578125,4074.93994140625,4000.929931640625,4019.780029296875,0
2025-04-16,3857.169921875,3905.860107421875,3733.989990234375,3836.89990234375,0
2025-04-17,3832.469970703125,3887.989990234375,3796.530029296875,3886.840087890625,0
2025-04-21,3751.909912109375,3765.080078125,3681.14990234375,3761.860107421875,0
2025-04-22,3832.050048828125,3858.35009765625,3776.969970703125,3787.52001953125,0
2025-04-23,3983.919921875,4070.8701171875,3963.820068359375,4035.010009765625,0
2025-04-24,4208.18994140625,4212.39013671875,4054.669921875,4071.3798828125,0
2025-04-25,4251.60986328125,4279.56005859375,4152.740234375,4167.10986328125,0
2025-04-28,4235.6201171875,4264.60009765625,4144.60009765625,4227.330078125,0
2025-04-29,4196.75,4241.3798828125,4172.7998046875,4184.47021484375,0
2025-04-30,4230.08984375,4238.02978515625,4066.800048828125,4085.239990234375,0
2025-05-01,4247.66015625,4332.06005859375,4243.080078125,4288.02001953125,0
2025-05-02,4397.0498046875,4430.9501953125,4352.58984375,4363.4501953125,0
2025-05-05,4356.18017578125,4399.56005859375,4348.72998046875,4351.35986328125,0
2025-05-06,4311.2001953125,4346.31005859375,4252.669921875,4281.06982421875,0
2025-05-07,4386.35986328125,4400.240234375,4268.93017578125,4304.35009765625,0
2025-05-08,4430.43994140625,4494.8701171875,4392.9599609375,4444.169921875,0
2025-05-09,4466.5,4515.759765625,4433.259765625,4509.31982421875,0
2025-05-12,4780.93017578125,4807.0,4708.14990234375,4769.75,0
2025-05-13,4931.35009765625,4952.89990234375,4798.0400390625,4799.56005859375,0
2025-05-14,4960.72998046875,4996.10009765625,4918.8701171875,4968.9501953125,0
2025-05-15,4932.4501953125,4968.7001953125,4873.5400390625,4909.68994140625,0
2025-05-16,4922.18994140625,4927.81982421875,4868.75,4927.68017578125,0
2025-05-19,4897.7099609375,4907.47021484375,4810.4599609375,4812.77978515625,0
2025-05-20,4890.77978515625,4892.64990234375,4841.830078125,4854.7998046875,0
2025-05-21,4802.7099609375,4949.27001953125,4775.14990234375,4857.06982421875,0
2025-05-22,4775.47021484375,4846.81982421875,4772.5400390625,4798.68017578125,0
2025-05-23,4702.3798828125,4728.3798828125,4647.31982421875,4659.72021484375,0
2025-05-27,4861.08984375,4878.77001953125,4767.77978515625,4795.0400390625,0
2025-05-28,4834.419921875,4889.169921875,4825.68994140625,4868.56005859375,0
2025-05-29,4860.47998046875,4956.240234375,4832.35009765625,4956.240234375,0
2025-05-30,4758.06005859375,4828.25,4673.41015625,4828.25,0
2025-06-02,4832.7900390625,4848.2900390625,4759.02001953125,4762.64990234375,0
2025-06-03,4964.41015625,4970.39990234375,4815.27978515625,4836.259765625,0
2025-06-04,5033.35009765625,5049.56005859375,4959.5498046875,5004.330078125,0
2025-06-05,5010.919921875,5112.16015625,4980.18994140625,5079.39990234375,0
2025-06-06,5038.06005859375,5101.5498046875,5034.77978515625,5066.18017578125,0
2025-06-09,5136.66015625,5185.89990234375,5083.27978515625,5083.75,0
2025-06-10,5242.5,5253.009765625,5149.830078125,5169.2001953125,0
2025-06-11,5232.52978515625,5302.64013671875,5186.85009765625,5270.02001953125,0
2025-06-12,5249.14990234375,5269.5,5200.91015625,5201.2099609375,0
2025-06-13,5112.240234375,5193.85986328125,5101.02978515625,5140.89990234375,0
2025-06-16,5267.2998046875,5293.169921875,5178.35009765625,5178.41015625,0
2025-06-17,5223.64990234375,5311.759765625,5222.3798828125,5243.39013671875,0
2025-06-18,5251.02001953125,5305.240234375,5219.6298828125,5248.27001953125,0
2025-06-20,5211.47998046875,5304.580078125,5143.64990234375,5296.14013671875,0
2025-06-23,5244.2998046875,5267.419921875,5140.3798828125,5209.27001953125,0
2025-06-24,5441.8701171875,5444.39013671875,5335.27001953125,5335.27001953125,0
2025-06-25,5493.2998046875,5494.77978515625,5443.39990234375,5461.14990234375,0
2025-06-26,5541.4599609375,5553.2900390625,5495.22021484375,5530.4599609375,0
2025-06-27,5544.990234375,5588.52001953125,5488.68017578125,5549.4599609375,0
2025-06-30,5546.5400390625,5571.39013671875,5520.27978515625,5564.169921875,0
2025-07-01,5507.5,5543.93017578125,5429.16015625,5512.10986328125,0
2025-07-02,5611.0498046875,5627.64013671875,5490.56005859375,5503.259765625,0
2025-07-03,5647.1201171875,5668.14013671875,5630.240234375,5633.08984375,0
2025-07-07,5541.2001953125,5613.919921875,5519.47998046875,5596.47021484375,0
2025-07-08,5641.22021484375,5676.68017578125,5572.8798828125,5591.43994140625,0
2025-07-09,5665.990234375,5722.3798828125,5618.97021484375,5665.8701171875,0
2025-07-10,5708.27978515625,5724.0498046875,5657.89013671875,5712.2998046875,0
2025-07-11,5696.2900390625,5718.75,5659.08984375,5677.919921875,0
2025-07-14,5646.72021484375,5671.2001953125,5568.490234375,5651.77978515625,0
2025-07-15,5718.60986328125,5791.81005859375,5714.35009765625,5778.02978515625,0
2025-07-16,5696.2099609375,5698.14013671875,5560.06982421875,5659.2998046875,0
2025-07-17,5737.64013671875,5755.080078125,5670.14990234375,5696.7900390625,0
2025-07-18,5732.6201171875,5776.31005859375,5695.0498046875,5754.89013671875,0
2025-07-21,5739.419921875,5808.60009765625,5737.81982421875,5754.740234375,0
2025-07-22,5638.7099609375,5721.02001953125,5580.2998046875,5717.72021484375,0
2025-07-23,5637.7900390625,5642.14990234375,5564.60986328125,5613.68994140625,0
2025-07-24,5644.3701171875,5657.580078125,5595.240234375,5645.33984375,0
2025-07-25,5645.85986328125,5650.16015625,5589.97998046875,5601.52001953125,0
2025-07-28,5737.10009765625,5738.919921875,5695.93017578125,5704.89013671875,0
2025-07-29,5739.7900390625,5819.8701171875,5706.02978515625,5784.02978515625,0
2025-07-30,5787.31982421875,5820.5400390625,5738.64990234375,5788.83984375,0
2025-07-31,5607.919921875,5730.419921875,5558.10986328125,5721.580078125,0
2025-08-01,5527.60986328125,5583.43017578125,5418.31982421875,5501.91015625,0
2025-08-04,5624.41015625,5624.85986328125,5550.1201171875,5575.830078125,0
2025-08-05,5561.68994140625,5651.0,5501.43017578125,5633.06005859375,0
2025-08-06,5550.2998046875,5561.43994140625,5474.509765625,5525.58984375,0
2025-08-07,5633.7001953125,5701.509765625,5588.3701171875,5675.1201171875,0
2025-08-08,5678.02001953125,5682.10009765625,5616.990234375,5629.47021484375,0
2025-08-11,5670.3701171875,5763.31982421875,5660.22998046875,5722.080078125,0
2025-08-12,5840.08984375,5842.52001953125,5682.5400390625,5710.10986328125,0
2025-08-13,5892.60986328125,5907.9599609375,5835.60986328125,5875.4501953125,0
2025-08-14,5885.490234375,5904.60009765625,5787.2099609375,5828.06982421875,0
2025-08-15,5752.740234375,5832.6298828125,5737.02978515625,5830.18017578125,0
2025-08-18,5776.31005859375,5781.0,5738.5498046875,5742.490234375,0
2025-08-19,5671.509765625,5797.9599609375,5664.93017578125,5777.66015625,0
2025-08-20,5630.81982421875,5644.31005859375,5480.0498046875,5642.89990234375,0
2025-08-21,5603.259765625,5643.4501953125,5574.259765625,5607.6201171875,0
2025-08-22,5754.4599609375,5818.22998046875,5598.8798828125,5612.31982421875,0
2025-08-25,5756.2998046875,5784.60009765625,5724.31982421875,5758.77001953125,0
2025-08-26,5807.919921875,5824.06982421875,5777.5498046875,5780.14013671875,0
2025-08-27,5824.60986328125,5831.509765625,5766.77001953125,5789.72021484375,0
2025-08-28,5853.0498046875,5889.06005859375,5808.93994140625,5859.18017578125,0
2025-08-29,5668.93994140625,5758.7001953125,5646.169921875,5757.97021484375,0
2025-09-02,5605.4599609375,5609.41015625,5503.1201171875,5509.41015625,0
2025-09-03,5592.81982421875,5624.759765625,5538.2001953125,5619.10009765625,0
2025-09-04,5667.85986328125,5672.6201171875,5545.60009765625,5566.68994140625,0
2025-09-05,5761.39990234375,5792.97021484375,5687.14013671875,5775.41015625,0
2025-09-08,5809.60986328125,5835.77001953125,5786.33984375,5804.02978515625,0
2025-09-09,5819.830078125,5830.16015625,5776.009765625,5825.0400390625,0
2025-09-10,5958.08984375,5977.60986328125,5911.509765625,5921.9501953125,0
2025-09-11,5995.39013671875,6033.52978515625,5987.52978515625,6008.39013671875,0
2025-09-12,6001.740234375,6021.759765625,5974.58984375,6018.3798828125,0
2025-09-15,6059.830078125,6062.2900390625,5979.990234375,5993.8798828125,0
2025-09-16,6079.22021484375,6098.1201171875,6034.41015625,6085.97021484375,0
2025-09-17,6060.22021484375,6109.080078125,5980.240234375,6067.009765625,0
2025-09-18,6278.16015625,6311.58984375,6201.0498046875,6220.009765625,0
2025-09-19,6232.25,6249.080078125,6184.66015625,6248.39013671875,0
2025-09-22,6330.1201171875,6347.60009765625,6246.7099609375,6247.830078125,0
2025-09-23,6308.2099609375,6374.6201171875,6274.5400390625,6336.52978515625,0
2025-09-24,6297.0,6313.919921875,6216.3701171875,6282.18017578125,0
2025-09-25,6284.669921875,6298.7001953125,6125.009765625,6176.580078125,0
2025-09-26,6305.0498046875,6313.0400390625,6229.72021484375,6279.64013671875,0
2025-09-29,6315.10986328125,6408.259765625,6313.7099609375,6380.02001953125,0
2025-09-30,6369.81982421875,6374.06005859375,6289.4501953125,6322.56982421875,0
2025-10-01,6500.27978515625,6507.02978515625,6317.7900390625,6321.7998046875,0
2025-10-02,6626.3798828125,6643.7099609375,6573.10009765625,6633.3701171875,0
2025-10-03,6583.740234375,6683.43994140625,6547.39990234375,6655.06982421875,0
2025-10-06,6774.06005859375,6881.91015625,6773.259765625,6852.72021484375,0
2025-10-07,6634.759765625,6847.509765625,6622.6298828125,6837.669921875,0
2025-10-08,6860.2001953125,6867.08984375,6624.06982421875,6625.2900390625,0
2025-10-09,6840.2001953125,6869.080078125,6776.830078125,6845.39013671875,0
2025-10-10,6407.60009765625,6867.85986328125,6403.240234375,6853.43017578125,0
2025-10-13,6723.47021484375,6742.3701171875,6612.8798828125,6662.89013671875,0
2025-10-14,6570.330078125,6706.4501953125,6532.740234375,6582.330078125,0
2025-10-15,6767.06005859375,6780.72998046875,6632.14013671875,6723.009765625,0
2025-10-16,6800.02001953125,6880.56982421875,6727.9599609375,6848.22021484375,0
2025-10-17,6777.97998046875,6812.27978515625,6673.580078125,6742.02978515625,0
2025-10-20,6885.02978515625,6935.64990234375,6855.18017578125,6858.6298828125,0
2025-10-21,6839.27001953125,6875.72998046875,6793.1201171875,6864.240234375,0
2025-10-22,6677.56982421875,6819.83984375,6547.3701171875,6764.43994140625,0
2025-10-23,6847.39013671875,6861.4599609375,6648.330078125,6648.330078125,0
2025-10-24,6976.93994140625,7021.3798828125,6961.16015625,6970.16015625,0
2025-10-27,7167.97998046875,7175.52978515625,7083.10009765625,7103.56005859375,0
2025-10-28,7194.7099609375,7223.77001953125,7136.3798828125,7158.16015625,0
2025-10-29,7327.93017578125,7392.64013671875,7257.81982421875,7342.5400390625,0
2025-10-30,7216.0,7351.0498046875,7213.39990234375,7283.08984375,0
2025-10-31,7228.66015625,7345.91015625,7171.740234375,7284.330078125,0
2025-11-03,7270.97021484375,7353.6298828125,7248.68994140625,7342.7998046875,0
2025-11-04,6979.56982421875,7190.58984375,6972.3701171875,7074.4501953125,0
2025-11-05,7190.27001953125,7277.81982421875,7022.9501953125,7024.27978515625,0
2025-11-06,7018.39013671875,7226.06005859375,6974.1201171875,7195.22998046875,0
2025-11-07,6947.35986328125,6949.14990234375,6688.83984375,6917.75,0
2025-11-10,7156.9501953125,7178.35009765625,7066.47998046875,7136.66015625,0
2025-11-11,6979.7001953125,7099.81005859375,6965.759765625,7077.3798828125,0
2025-11-12,7082.1298828125,7130.5498046875,7035.27001953125,7112.16015625,0
2025-11-13,6818.740234375,7008.43994140625,6750.1201171875,7003.169921875,0
2025-11-14,6811.2001953125,6911.919921875,6587.83984375,6634.93994140625,0
2025-11-17,6705.740234375,6886.6298828125,6631.31982421875,6756.56005859375,0
2025-11-18,6551.02978515625,6651.58984375,6479.68017578125,6622.009765625,0
2025-11-19,6670.02978515625,6751.81982421875,6552.97021484375,6577.27978515625,0
2025-11-20,6352.06982421875,6882.990234375,6327.7900390625,6863.1201171875,0
2025-11-21,6406.43017578125,6505.8798828125,6160.0498046875,6351.0498046875,0
2025-11-24,6703.2001953125,6733.02978515625,6475.39013671875,6494.85986328125,0
2025-11-25,6714.18017578125,6730.9599609375,6457.2998046875,6617.14013671875,0
2025-11-26,6899.4599609375,6958.93017578125,6790.27978515625,6801.5498046875,0
2025-11-28,7025.14990234375,7028.14013671875,6907.7998046875,6926.91015625,0
2025-12-01,7020.52978515625,7081.1201171875,6920.669921875,6945.2001953125,0
2025-12-02,7149.47021484375,7211.14013671875,7057.31005859375,7098.60986328125,0
2025-12-03,7280.509765625,7284.35986328125,7099.81005859375,7164.81982421875,0
2025-12-04,7215.97021484375,7267.35986328125,7180.77978515625,7238.72998046875,0
2025-12-05,7294.83984375,7377.2998046875,7282.2900390625,7303.06005859375,0
2025-12-08,7375.22021484375,7410.5,7302.7001953125,7358.16015625,0
2025-12-09,7372.509765625,7386.4501953125,7299.9599609375,7325.830078125,0
2025-12-10,7467.490234375,7490.27978515625,7333.4599609375,7369.72998046875,0
2025-12-11,7411.47998046875,7419.6201171875,7208.22998046875,7353.080078125,0
2025-12-12,7033.56982421875,7331.3798828125,7003.39990234375,7297.85009765625,0
2025-12-15,6990.41015625,7125.9599609375,6971.39990234375,7096.27001953125,0
2025-12-16,6958.43994140625,7019.10986328125,6888.6201171875,6977.89990234375,0
2025-12-17,6695.31005859375,7005.080078125,6680.68017578125,6993.10009765625,0
2025-12-18,6863.6298828125,6970.18994140625,6831.72998046875,6938.919921875,0
2025-12-19,7067.8701171875,7095.009765625,6942.4599609375,6942.4599609375,0
2025-12-22,7145.56982421875,7206.39013671875,7120.0400390625,7204.02001953125,0
2025-12-23,7184.5400390625,7186.39013671875,7091.4599609375,7118.39013671875,0
2025-12-24,7204.3701171875,7212.5498046875,7173.27001953125,7191.72021484375,0
2025-12-26,7207.64013671875,7233.06005859375,7188.580078125,7229.66015625,0
2025-12-29,7178.27001953125,7205.22021484375,7098.77001953125,7116.14990234375,0
2025-12-30,7169.10009765625,7229.759765625,7167.02001953125,7206.0498046875,0
2025-12-31,7083.1298828125,7193.5,7082.64990234375,7184.85009765625,0
2026-01-02,7367.47021484375,7418.25,7286.33984375,7288.669921875,0
2026-01-05,7446.4501953125,7577.27978515625,7415.7001953125,7570.43994140625,0
2026-01-06,7650.93017578125,7665.77001953125,7521.9501953125,7542.60986328125,0
2026-01-07,7574.8701171875,7601.06005859375,7512.85986328125,7554.77978515625,0
2026-01-08,7436.10009765625,7548.31005859375,7372.7900390625,7543.25,0
2026-01-09,7638.77978515625,7678.89013671875,7467.830078125,7471.330078125,0
2026-01-12,7674.83984375,7703.14013671875,7568.06982421875,7574.240234375,0
2026-01-13,7747.990234375,7825.8798828125,7715.8798828125,7725.080078125,0
2026-01-14,7701.47021484375,7707.3798828125,7598.509765625,7688.5,0
2026-01-15,7837.2998046875,7998.1201171875,7833.9501953125,7960.9599609375,0
2026-01-16,7927.41015625,8008.4599609375,7885.91015625,7972.8701171875,0
2026-01-20,7794.18994140625,7931.93017578125,7767.47998046875,7807.89013671875,0
2026-01-21,8042.06982421875,8113.66015625,7869.72021484375,7909.56982421875,0
2026-01-22,8055.169921875,8188.16015625,8032.39990234375,8186.97021484375,0
2026-01-23,7957.93017578125,8032.18994140625,7905.14013671875,8024.2099609375,0
2026-01-26,7927.0400390625,7982.93017578125,7881.43994140625,7917.22998046875,0
2026-01-27,8117.18017578125,8157.35009765625,8009.509765625,8030.39990234375,0
2026-01-28,8306.740234375,8341.83984375,8227.509765625,8287.4599609375,0
2026-01-29,8320.3896484375,8386.98046875,8020.93994140625,8340.0400390625,0
2026-01-30,7998.47021484375,8309.9599609375,7947.89990234375,8206.3203125,0
2026-02-02,8134.490234375,8215.400390625,7954.740234375,7955.1201171875,0
2026-02-03,7966.330078125,8239.6396484375,7796.4599609375,8203.0302734375,0
2026-02-04,7619.16015625,7955.5,7461.740234375,7863.1298828125,0
2026-02-05,7614.64013671875,7727.2900390625,7473.85009765625,7531.919921875,0
2026-02-06,8048.6201171875,8071.490234375,7752.5400390625,7762.10986328125,0
2026-02-09,8162.580078125,8209.6201171875,7948.52978515625,7991.18017578125,0
2026-02-10,8107.1298828125,8197.919921875,8051.91015625,8191.60986328125,0
2026-02-11,8291.8603515625,8345.6904296875,8100.580078125,8263.1796875,0
2026-02-12,8084.7001953125,8400.01953125,8079.7900390625,8358.080078125,0
2026-02-13,8137.85986328125,8209.3095703125,8010.259765625,8090.330078125,0
2026-02-17,8136.0498046875,8210.51953125,7926.97998046875,8021.990234375,0
2026-02-18,8214.349609375,8303.3203125,8137.5,8170.27978515625,0
2026-02-19,8173.2998046875,8182.39990234375,8076.759765625,8133.240234375,0
2026-02-20,8260.419921875,8308.26953125,8106.0400390625,8109.0400390625,0
2026-02-23,8213.4599609375,8291.3896484375,8124.27978515625,8248.4404296875,0
2026-02-24,8332.33984375,8387.6298828125,8225.7197265625,8314.740234375,0
2026-02-25,8467.4296875,8498.099609375,8418.509765625,8442.849609375,0
2026-02-26,8197.259765625,8422.150390625,8062.10986328125,8402.98046875,0
2026-02-27,8098.3701171875,8139.990234375,8009.25,8036.83984375,0
2026-03-02,8137.35986328125,8144.2998046875,7908.759765625,7919.8701171875,0
2026-03-03,7764.8798828125,7855.919921875,7673.080078125,7806.2998046875,0
2026-03-04,7914.47998046875,7959.85009765625,7807.259765625,7891.27978515625,0
2026-03-05,7821.759765625,7965.31005859375,7660.7001953125,7875.93994140625,0
2026-03-06,7514.740234375,7776.72021484375,7466.47021484375,7627.68017578125,0
2026-03-09,7810.39990234375,7826.490234375,7363.169921875,7388.330078125,0
2026-03-10,7865.1201171875,8017.06005859375,7831.10986328125,7846.52978515625,0
2026-03-11,7914.56982421875,8002.93994140625,7881.169921875,7918.27978515625,0
2026-03-12,7643.169921875,7805.25,7612.8701171875,7771.490234375,0
2026-03-13,7646.64013671875,7818.990234375,7617.97998046875,7744.009765625,0
2026-03-16,7796.240234375,7896.77001953125,7762.06005859375,7846.2900390625,0
2026-03-17,7836.830078125,7866.58984375,7763.8701171875,7828.77001953125,0
2026-03-18,7795.1298828125,7913.7001953125,7794.259765625,7883.1298828125,0
2026-03-19,7863.2998046875,7913.35009765625,7548.5,7561.7998046875,0
2026-03-20,7670.60986328125,7880.81005859375,7572.080078125,7862.66015625,0
2026-03-23,7773.1298828125,7958.0,7734.419921875,7825.83984375,0
2026-03-24,7872.7099609375,7924.41015625,7709.47998046875,7732.77978515625,0
2026-03-25,7967.75,8025.64990234375,7896.240234375,7935.72998046875,0
2026-03-26,7585.8701171875,7831.759765625,7582.85986328125,7823.77001953125,0
2026-03-27,7457.669921875,7611.60009765625,7427.10009765625,7545.419921875,0
2026-03-30,7142.330078125,7546.68017578125,7084.1298828125,7517.47021484375,0
2026-03-31,7588.2001953125,7591.330078125,7274.14990234375,7277.8798828125,0
2026-04-01,7802.31005859375,7893.75,7677.5400390625,7680.60986328125,0
2026-04-02,7833.39013671875,7843.740234375,7505.97021484375,7544.93017578125,0
2026-04-06,7916.10986328125,7963.64990234375,7821.77978515625,7917.85986328125,0
2026-04-07,8003.8701171875,8006.33984375,7790.06982421875,7915.169921875,0
2026-04-08,8510.919921875,8526.3896484375,8320.919921875,8497.9296875,0
2026-04-09,8689.5302734375,8699.5,8543.5595703125,8561.1796875,0
2026-04-10,8889.830078125,8962.9501953125,8795.580078125,8812.2197265625,0
2026-04-13,9039.51953125,9044.7900390625,8837.9599609375,8873.3095703125,0
2026-04-14,9224.1201171875,9225.4599609375,9042.150390625,9133.2900390625,0
2026-04-15,9239.2900390625,9249.9599609375,9035.1103515625,9189.23046875,0
2026-04-16,9329.349609375,9356.16015625,9144.98046875,9215.9296875,0
2026-04-17,9555.8798828125,9556.419921875,9419.1298828125,9477.8896484375,0
2026-04-20,9599.2099609375,9612.08984375,9462.9404296875,9604.900390625,0
2026-04-21,9647.2099609375,9721.400390625,9569.7001953125,9676.7802734375,0
2026-04-22,9909.26953125,9914.080078125,9698.9501953125,9817.099609375,0
2026-04-23,10078.5703125,10206.1796875,9923.4296875,9984.73046875,0
2026-04-24,10513.66015625,10564.009765625,10270.9599609375,10463.8095703125,0
2026-04-27,10408.0400390625,10536.8603515625,10251.73046875,10533.3203125,0
2026-04-28,10035.580078125,10184.990234375,9865.3798828125,9979.169921875,0
2026-04-29,10271.2998046875,10272.9501953125,10113.2099609375,10192.330078125,0
2026-04-30,10503.7001953125,10516.3896484375,10229.8896484375,10387.83984375,0
2026-05-01,10595.33984375,10624.2099609375,10364.400390625,10388.8203125,0
2026-05-04,10534.66015625,10690.4697265625,10430.2099609375,10656.0703125,0
2026-05-05,10980.580078125,11058.16015625,10718.490234375,10759.2099609375,0
2026-05-06,11472.75,11477.3798828125,11062.9501953125,11243.830078125,0
2026-05-07,11160.990234375,11404.3701171875,11075.1298828125,11332.1904296875,0
2026-05-08,11775.5,11776.740234375,11388.419921875,11408.009765625,0
2026-05-11,12081.0400390625,12108.669921875,11822.490234375,11875.2900390625,0
2026-05-12,11717.259765625,11919.0,11263.580078125,11741.4697265625,0
2026-05-13,12017.98046875,12106.5498046875,11739.169921875,11988.75,0
2026-05-14,12073.7802734375,12141.5400390625,11892.41015625,11950.1396484375,0
2026-05-15,11588.4599609375,11810.669921875,11522.26953125,11672.5400390625,0
2026-05-18,11302.51953125,11825.8798828125,11097.759765625,11825.8798828125,0
2026-05-19,11305.5,11513.990234375,10895.75,11053.990234375,0
2026-05-20,11813.2900390625,11818.3896484375,11528.1298828125,11580.080078125,0
2026-05-21,11964.080078125,12003.009765625,11739.8095703125,11826.08984375,0
2026-05-22,12202.5400390625,12304.51953125,12069.0400390625,12070.169921875,0
2026-05-26,12876.91015625,12932.8095703125,12548.240234375,12616.6298828125,0
2026-05-27,12702.1904296875,13037.91015625,12452.3603515625,13029.7900390625,0
2026-05-28,12829.1396484375,12961.1904296875,12528.6904296875,12748.58984375,0
2026-05-29,12829.3798828125,13115.2802734375,12737.1904296875,12973.76953125,0
2026-06-01,12965.650390625,13088.009765625,12631.0302734375,12706.6201171875,0
2026-06-02,13726.26953125,13733.7197265625,13202.1796875,13242.7001953125,0
2026-06-03,13916.9599609375,13998.1396484375,13554.3701171875,13971.150390625,0
2026-06-04,13617.5,13819.6201171875,13041.2802734375,13243.66015625,0
2026-06-05,12220.759765625,13111.4404296875,12217.3203125,13062.5498046875,0
2026-06-08,12822.7646484375,12854.2412109375,12770.3798828125,12838.8828125,0
