Date,Close,High,Low,Open,Volume
2000-01-03,101.69000244140625,103.33000183105469,101.30999755859375,102.06999969482422,0
2000-01-04,103.13999938964844,103.31999969482422,101.47000122070312,101.63999938964844,0
2000-01-05,104.08999633789062,104.4800033569336,102.75,103.12999725341797,0
2000-01-06,105.2300033569336,105.55999755859375,103.9000015258789,104.08999633789062,0
2000-01-07,105.33000183105469,105.87999725341797,104.83000183105469,105.26000213623047,0
2000-01-10,105.16000366210938,105.8499984741211,104.27999877929688,105.0999984741211,0
2000-01-11,106.0199966430664,106.30999755859375,105.05000305175781,105.1500015258789,0
2000-01-12,105.70999908447266,107.30999755859375,105.4800033569336,106.01000213623047,0
2000-01-13,106.0199966430664,106.2300033569336,105.38999938964844,105.72000122070312,0
2000-01-14,105.87999725341797,106.58000183105469,105.41000366210938,106.08000183105469,0
2000-01-17,104.88999938964844,105.86000061035156,104.25,105.83999633789062,0
2000-01-18,105.66000366210938,107.4000015258789,104.7300033569336,104.9000015258789,0
2000-01-19,105.26000213623047,106.08999633789062,105.11000061035156,105.62999725341797,0
2000-01-20,105.30999755859375,105.70999908447266,105.0,105.27999877929688,0
2000-01-21,104.72000122070312,105.37999725341797,104.37999725341797,105.3499984741211,0
2000-01-24,105.6500015258789,105.83999633789062,104.72000122070312,105.0,0
2000-01-25,105.87000274658203,106.05999755859375,104.8499984741211,105.55999755859375,0
2000-01-26,105.58000183105469,106.30000305175781,105.25,105.91999816894531,0
2000-01-27,104.98999786376953,105.9000015258789,104.0999984741211,105.58999633789062,0
2000-01-28,107.05999755859375,107.25,104.5,104.9800033569336,0
2000-01-31,107.19999694824219,107.51000213623047,106.54000091552734,106.80000305175781,0
2000-02-01,107.73999786376953,107.91999816894531,107.0,107.19000244140625,0
2000-02-02,108.0999984741211,109.04000091552734,107.52999877929688,107.80000305175781,0
2000-02-03,107.44999694824219,108.7699966430664,107.11000061035156,108.05000305175781,0
2000-02-04,107.18000030517578,108.02999877929688,107.0,107.4000015258789,0
2000-02-07,108.91000366210938,108.95999908447266,107.0999984741211,107.22000122070312,0
2000-02-08,109.4000015258789,109.68000030517578,108.69000244140625,108.94000244140625,0
2000-02-09,108.76000213623047,109.6500015258789,108.51000213623047,109.4000015258789,0
2000-02-10,109.11000061035156,109.30000305175781,108.25,108.75,0
2000-02-11,108.80000305175781,109.75,108.52999877929688,109.12000274658203,0
2000-02-14,108.83000183105469,109.05000305175781,107.97000122070312,108.93000030517578,0
2000-02-15,109.06999969482422,109.31999969482422,107.98999786376953,108.83000183105469,0
2000-02-16,109.3499984741211,109.6500015258789,108.69000244140625,109.05000305175781,0
2000-02-17,110.41000366210938,110.66000366210938,109.08000183105469,109.3499984741211,0
2000-02-18,110.8499984741211,111.2300033569336,110.27999877929688,110.44000244140625,0
2000-02-21,111.25,111.44000244140625,110.3499984741211,110.6500015258789,0
2000-02-22,110.68000030517578,111.7300033569336,110.5,111.3499984741211,0
2000-02-23,111.25,111.33999633789062,110.05999755859375,110.61000061035156,0
2000-02-24,111.30000305175781,111.4800033569336,110.0,111.25,0
2000-02-25,110.1500015258789,111.31999969482422,110.08000183105469,111.30000305175781,0
2000-02-28,109.69999694824219,109.7300033569336,108.37000274658203,109.66999816894531,0
2000-02-29,110.19000244140625,110.41999816894531,109.08000183105469,109.70999908447266,0
2000-03-01,106.94000244140625,110.06999969482422,106.54000091552734,110.06999969482422,0
2000-03-02,107.80000305175781,107.97000122070312,106.54000091552734,107.0,0
2000-03-03,107.68000030517578,107.95999908447266,106.77999877929688,107.73999786376953,0
2000-03-06,107.41999816894531,107.76000213623047,106.69000244140625,107.66999816894531,0
2000-03-07,106.18000030517578,108.0999984741211,105.76000213623047,107.45999908447266,0
2000-03-08,107.16999816894531,107.4800033569336,106.08000183105469,106.19000244140625,0
2000-03-09,106.51000213623047,107.8499984741211,106.1500015258789,106.91999816894531,0
2000-03-10,106.22000122070312,106.62999725341797,106.01000213623047,106.5,0
2000-03-13,105.69000244140625,106.44999694824219,104.76000213623047,106.44999694824219,0
2000-03-14,105.11000061035156,105.8499984741211,104.55999755859375,105.70999908447266,0
2000-03-15,105.62000274658203,106.19999694824219,104.7300033569336,105.12000274658203,0
2000-03-16,105.63999938964844,105.80000305175781,105.06999969482422,105.62999725341797,0
2000-03-17,106.66000366210938,106.79000091552734,105.55000305175781,105.5999984741211,0
2000-03-20,106.36000061035156,107.08000183105469,106.19999694824219,106.83000183105469,0
2000-03-21,106.69999694824219,107.19000244140625,106.30000305175781,106.37999725341797,0
2000-03-22,107.06999969482422,107.16000366210938,106.4800033569336,106.69000244140625,0
2000-03-23,107.27999877929688,107.79000091552734,107.0999984741211,107.12000274658203,0
2000-03-24,106.98999786376953,107.6500015258789,106.66999816894531,107.25,0
2000-03-27,106.69999694824219,107.1500015258789,106.56999969482422,106.73999786376953,0
2000-03-28,105.81999969482422,106.7300033569336,105.63999938964844,106.6500015258789,0
2000-03-29,105.70999908447266,106.29000091552734,104.97000122070312,105.83000183105469,0
2000-03-30,105.63999938964844,105.88999938964844,104.80000305175781,105.66999816894531,0
2000-03-31,102.95999908447266,106.06999969482422,102.01000213623047,105.63999938964844,0
2000-04-03,104.98999786376953,105.5999984741211,102.79000091552734,103.22000122070312,0
2000-04-04,105.20999908447266,105.75,104.11000061035156,105.0,0
2000-04-05,104.81999969482422,105.5199966430664,104.70999908447266,105.19999694824219,0
2000-04-06,104.69000244140625,105.11000061035156,104.52999877929688,104.83999633789062,0
2000-04-07,105.44999694824219,105.5,104.6500015258789,104.69999694824219,0
2000-04-10,106.45999908447266,106.83999633789062,105.27999877929688,105.31999969482422,0
2000-04-11,106.80000305175781,107.13999938964844,106.27999877929688,106.5199966430664,0
2000-04-12,105.75,106.94999694824219,105.20999908447266,106.80000305175781,0
2000-04-13,105.79000091552734,106.0999984741211,105.55999755859375,105.7300033569336,0
2000-04-14,104.76000213623047,106.1500015258789,104.69999694824219,105.77999877929688,0
2000-04-17,104.58999633789062,105.25,103.18000030517578,104.41000366210938,0
2000-04-18,104.66000366210938,104.93000030517578,104.0,104.5199966430664,0
2000-04-19,104.8499984741211,105.02999877929688,104.18000030517578,104.62999725341797,0
2000-04-20,105.70999908447266,105.80000305175781,104.47000122070312,104.75,0
2000-04-21,105.80000305175781,105.87999725341797,105.4000015258789,105.70999908447266,0
2000-04-24,105.69000244140625,105.9800033569336,105.02999877929688,105.81999969482422,0
2000-04-25,106.12999725341797,106.33000183105469,105.18000030517578,105.66999816894531,0
2000-04-26,106.13999938964844,106.7699966430664,105.5,106.05999755859375,0
2000-04-27,106.37999725341797,106.5999984741211,104.69000244140625,106.13999938964844,0
2000-04-28,108.1500015258789,108.30999755859375,106.31999969482422,106.37000274658203,0
2000-05-01,108.62999725341797,109.05999755859375,107.7300033569336,108.12000274658203,0
2000-05-02,108.44999694824219,108.97000122070312,108.19999694824219,108.68000030517578,0
2000-05-03,108.97000122070312,109.47000122070312,108.29000091552734,108.37999725341797,0
2000-05-04,108.0,109.62000274658203,107.62000274658203,108.97000122070312,0
2000-05-05,108.58000183105469,108.72000122070312,107.20999908447266,108.05000305175781,0
2000-05-08,109.1500015258789,109.1500015258789,108.2699966430664,108.80000305175781,0
2000-05-09,109.11000061035156,109.6500015258789,108.55000305175781,109.13999938964844,0
2000-05-10,109.3499984741211,109.58000183105469,108.58000183105469,109.16999816894531,0
2000-05-11,108.37999725341797,110.02999877929688,108.04000091552734,109.43000030517578,0
2000-05-12,108.31999969482422,109.05000305175781,107.66000366210938,108.41999816894531,0
2000-05-15,109.16000366210938,109.58000183105469,108.55000305175781,108.58999633789062,0
2000-05-16,109.7300033569336,109.9000015258789,108.73999786376953,109.19000244140625,0
2000-05-17,108.91000366210938,110.0199966430664,108.77999877929688,109.58000183105469,0
2000-05-18,108.44999694824219,109.44999694824219,108.29000091552734,108.9000015258789,0
2000-05-19,106.91000366210938,108.8499984741211,106.33999633789062,108.43000030517578,0
2000-05-22,107.18000030517578,107.41999816894531,106.70999908447266,106.9800033569336,0
2000-05-23,106.45999908447266,107.2699966430664,106.30999755859375,107.16999816894531,0
2000-05-24,107.66000366210938,107.94000244140625,106.3499984741211,106.44999694824219,0
2000-05-25,107.37999725341797,107.94999694824219,107.23999786376953,107.6500015258789,0
2000-05-26,107.11000061035156,107.81999969482422,106.52999877929688,107.4000015258789,0
2000-05-29,106.91000366210938,107.36000061035156,106.66999816894531,106.91999816894531,0
2000-05-30,106.4800033569336,107.01000213623047,106.01000213623047,106.88999938964844,0
2000-05-31,107.62999725341797,107.91999816894531,106.1500015258789,106.52999877929688,0
2000-06-01,108.5,108.97000122070312,107.55999755859375,107.62000274658203,0
2000-06-02,107.94999694824219,109.0,107.63999938964844,108.55000305175781,0
2000-06-05,107.41000366210938,108.2699966430664,107.2300033569336,107.9000015258789,0
2000-06-06,105.8499984741211,107.5999984741211,105.18000030517578,107.4000015258789,0
2000-06-07,105.58000183105469,106.18000030517578,104.98999786376953,105.81999969482422,0
2000-06-08,105.9000015258789,106.25,105.47000122070312,105.55000305175781,0
2000-06-09,106.8499984741211,107.06999969482422,105.83000183105469,105.91999816894531,0
2000-06-12,106.9000015258789,107.1500015258789,106.31999969482422,106.80000305175781,0
2000-06-13,106.80000305175781,106.9800033569336,106.16000366210938,106.88999938964844,0
2000-06-14,106.56999969482422,107.0999984741211,106.25,106.86000061035156,0
2000-06-15,106.41000366210938,106.7300033569336,105.83000183105469,106.5,0
2000-06-16,106.3499984741211,106.58999633789062,105.97000122070312,106.4800033569336,0
2000-06-19,105.8499984741211,106.48999786376953,105.55999755859375,106.31999969482422,0
2000-06-20,105.4000015258789,105.8499984741211,105.1500015258789,105.77999877929688,0
2000-06-21,105.56999969482422,105.63999938964844,105.12999725341797,105.41999816894531,0
2000-06-22,104.52999877929688,105.6500015258789,104.08000183105469,105.55999755859375,0
2000-06-23,104.61000061035156,104.9000015258789,103.88999938964844,104.5199966430664,0
2000-06-26,105.55000305175781,105.76000213623047,104.2300033569336,104.68000030517578,0
2000-06-27,105.37000274658203,105.80000305175781,105.19000244140625,105.55999755859375,0
2000-06-28,105.37999725341797,105.79000091552734,105.22000122070312,105.30000305175781,0
2000-06-29,105.20999908447266,105.41000366210938,104.33000183105469,105.3499984741211,0
2000-06-30,106.01000213623047,106.37000274658203,104.70999908447266,105.19000244140625,0
2000-07-03,105.77999877929688,106.44999694824219,105.5199966430664,106.05000305175781,0
2000-07-04,106.0999984741211,106.5,105.25,105.68000030517578,0
2000-07-05,106.93000030517578,107.18000030517578,105.77999877929688,106.0999984741211,0
2000-07-06,107.33000183105469,107.47000122070312,106.77999877929688,106.95999908447266,0
2000-07-07,107.87999725341797,107.94000244140625,107.16000366210938,107.29000091552734,0
2000-07-10,106.91999816894531,107.87000274658203,106.54000091552734,107.87000274658203,0
2000-07-11,107.06999969482422,107.16000366210938,106.56999969482422,106.94999694824219,0
2000-07-12,108.12999725341797,108.45999908447266,107.0,107.0,0
2000-07-13,108.05000305175781,108.37000274658203,106.91999816894531,108.12000274658203,0
2000-07-14,107.80999755859375,108.4000015258789,107.54000091552734,108.01000213623047,0
2000-07-17,107.95999908447266,108.77999877929688,107.7699966430664,108.08999633789062,0
2000-07-18,108.22000122070312,108.4000015258789,107.58000183105469,107.94000244140625,0
2000-07-19,108.1500015258789,108.36000061035156,107.69000244140625,108.19999694824219,0
2000-07-20,107.5,108.26000213623047,107.2699966430664,108.0999984741211,0
2000-07-21,108.97000122070312,109.18000030517578,107.37999725341797,107.47000122070312,0
2000-07-24,108.56999969482422,109.12999725341797,108.44999694824219,108.9000015258789,0
2000-07-25,109.12000274658203,109.30000305175781,108.5199966430664,108.55999755859375,0
2000-07-26,109.11000061035156,109.37999725341797,108.87999725341797,109.11000061035156,0
2000-07-27,109.19999694824219,109.33000183105469,108.68000030517578,109.05000305175781,0
2000-07-28,109.62999725341797,109.77999877929688,108.5,109.22000122070312,0
2000-07-31,109.33000183105469,109.79000091552734,109.0999984741211,109.56999969482422,0
2000-08-01,109.2300033569336,109.76000213623047,108.87999725341797,109.2699966430664,0
2000-08-02,108.68000030517578,109.29000091552734,108.3499984741211,109.29000091552734,0
2000-08-03,108.33000183105469,109.12000274658203,107.87999725341797,108.66999816894531,0
2000-08-04,108.58000183105469,108.63999938964844,108.05000305175781,108.33999633789062,0
2000-08-07,109.01000213623047,109.1500015258789,108.5199966430664,108.58000183105469,0
2000-08-08,108.56999969482422,109.2300033569336,108.29000091552734,109.0199966430664,0
2000-08-09,107.91999816894531,108.68000030517578,107.7300033569336,108.55999755859375,0
2000-08-10,107.69999694824219,108.08000183105469,107.44999694824219,107.87999725341797,0
2000-08-11,108.45999908447266,108.91999816894531,108.2699966430664,108.66999816894531,0
2000-08-14,109.43000030517578,109.6500015258789,108.54000091552734,108.62000274658203,0
2000-08-15,109.02999877929688,109.62000274658203,108.83000183105469,109.44000244140625,0
2000-08-16,108.4000015258789,109.31999969482422,108.2699966430664,109.05999755859375,0
2000-08-17,108.54000091552734,108.66000366210938,108.19999694824219,108.66000366210938,0
2000-08-18,108.2699966430664,109.05999755859375,108.06999969482422,108.5999984741211,0
2000-08-21,108.63999938964844,108.75,107.77999877929688,108.19000244140625,0
2000-08-22,108.30000305175781,108.63999938964844,108.08000183105469,108.4800033569336,0
2000-08-23,106.9800033569336,108.30000305175781,106.79000091552734,108.29000091552734,0
2000-08-24,106.98999786376953,107.37000274658203,106.5999984741211,106.94999694824219,0
2000-08-25,106.80000305175781,107.27999877929688,106.61000061035156,106.86000061035156,0
2000-08-28,106.58999633789062,106.91999816894531,106.02999877929688,106.91999816894531,0
2000-08-29,106.12999725341797,106.69999694824219,105.9000015258789,106.56999969482422,0
2000-08-30,106.61000061035156,106.70999908447266,105.83000183105469,106.12000274658203,0
2000-08-31,106.66999816894531,106.81999969482422,106.2300033569336,106.5999984741211,0
2000-09-01,105.94999694824219,106.72000122070312,105.52999877929688,106.66000366210938,0
2000-09-04,106.20999908447266,106.37999725341797,105.55000305175781,105.75,0
2000-09-05,105.86000061035156,106.5,105.72000122070312,106.20999908447266,0
2000-09-06,105.93000030517578,106.11000061035156,105.52999877929688,105.87000274658203,0
2000-09-07,105.13999938964844,106.44999694824219,104.7699966430664,105.93000030517578,0
2000-09-08,106.11000061035156,106.26000213623047,105.05000305175781,105.1500015258789,0
2000-09-11,106.08999633789062,106.5,105.87000274658203,106.0,0
2000-09-12,106.91999816894531,107.02999877929688,106.05999755859375,106.20999908447266,0
2000-09-13,107.05999755859375,107.33000183105469,106.6500015258789,106.77999877929688,0
2000-09-14,107.41000366210938,107.7300033569336,106.83000183105469,107.05000305175781,0
2000-09-15,107.26000213623047,107.7300033569336,107.05000305175781,107.54000091552734,0
2000-09-18,106.88999938964844,107.26000213623047,106.63999938964844,107.11000061035156,0
2000-09-19,106.94999694824219,107.12999725341797,106.66000366210938,106.88999938964844,0
2000-09-20,106.5999984741211,107.37999725341797,106.36000061035156,107.0199966430664,0
2000-09-21,106.63999938964844,106.7699966430664,106.26000213623047,106.55000305175781,0
2000-09-22,108.0,108.12999725341797,106.38999938964844,106.45999908447266,0
2000-09-25,107.6500015258789,108.12000274658203,107.30000305175781,107.93000030517578,0
2000-09-26,107.47000122070312,107.76000213623047,107.12000274658203,107.76000213623047,0
2000-09-27,107.2300033569336,107.87999725341797,107.12000274658203,107.48999786376953,0
2000-09-28,107.6500015258789,107.79000091552734,107.16999816894531,107.20999908447266,0
2000-09-29,108.12999725341797,108.47000122070312,107.47000122070312,107.63999938964844,0
2000-10-02,108.7300033569336,108.93000030517578,108.04000091552734,108.13999938964844,0
2000-10-03,108.88999938964844,108.9800033569336,108.43000030517578,108.72000122070312,0
2000-10-04,109.19000244140625,109.44999694824219,108.55000305175781,108.77999877929688,0
2000-10-05,109.08000183105469,109.58000183105469,109.0,109.19999694824219,0
2000-10-06,108.7300033569336,109.12000274658203,108.62000274658203,109.06999969482422,0
2000-10-09,108.76000213623047,109.11000061035156,108.66000366210938,108.80999755859375,0
2000-10-10,107.72000122070312,108.87000274658203,107.5999984741211,108.7300033569336,0
2000-10-11,107.73999786376953,108.13999938964844,107.43000030517578,107.79000091552734,0
2000-10-12,107.75,108.16000366210938,107.30000305175781,107.69000244140625,0
2000-10-13,107.69999694824219,107.94999694824219,107.43000030517578,107.76000213623047,0
2000-10-16,108.05999755859375,108.33000183105469,107.4800033569336,107.6500015258789,0
2000-10-17,107.91000366210938,108.30000305175781,107.81999969482422,108.05999755859375,0
2000-10-18,107.66000366210938,108.30000305175781,107.4000015258789,107.93000030517578,0
2000-10-19,108.33000183105469,108.56999969482422,107.52999877929688,107.72000122070312,0
2000-10-20,108.83000183105469,109.1500015258789,108.19999694824219,108.33999633789062,0
2000-10-23,108.30999755859375,109.04000091552734,108.12999725341797,108.97000122070312,0
2000-10-24,107.94000244140625,108.47000122070312,107.5999984741211,108.30000305175781,0
2000-10-25,108.20999908447266,108.25,107.73999786376953,107.91000366210938,0
2000-10-26,108.23999786376953,108.62000274658203,107.88999938964844,108.22000122070312,0
2000-10-27,108.52999877929688,108.81999969482422,108.1500015258789,108.22000122070312,0
2000-10-30,108.95999908447266,109.06999969482422,108.38999938964844,108.73999786376953,0
2000-10-31,108.79000091552734,109.2699966430664,108.62999725341797,108.95999908447266,0
2000-11-01,108.25,109.02999877929688,108.08000183105469,108.77999877929688,0
2000-11-02,108.1500015258789,108.43000030517578,107.93000030517578,108.2699966430664,0
2000-11-03,106.94999694824219,108.30000305175781,106.76000213623047,108.12999725341797,0
2000-11-06,107.36000061035156,107.5999984741211,106.83999633789062,107.22000122070312,0
2000-11-07,107.05999755859375,107.4800033569336,106.8499984741211,107.37000274658203,0
2000-11-08,107.2300033569336,107.81999969482422,106.88999938964844,107.12000274658203,0
2000-11-09,107.58000183105469,107.77999877929688,107.05000305175781,107.2300033569336,0
2000-11-10,107.83000183105469,107.9800033569336,107.31999969482422,107.55999755859375,0
2000-11-13,107.54000091552734,108.02999877929688,107.3499984741211,107.97000122070312,0
2000-11-14,108.16000366210938,108.25,107.51000213623047,107.52999877929688,0
2000-11-15,108.76000213623047,108.91999816894531,107.9000015258789,108.1500015258789,0
2000-11-16,108.83999633789062,109.08999633789062,108.61000061035156,108.7699966430664,0
2000-11-17,108.77999877929688,108.94999694824219,108.58000183105469,108.83000183105469,0
2000-11-20,109.69000244140625,110.30999755859375,108.7699966430664,108.87999725341797,0
2000-11-21,109.91999816894531,110.41999816894531,109.61000061035156,109.69000244140625,0
2000-11-22,110.16000366210938,110.27999877929688,109.41999816894531,109.94000244140625,0
2000-11-23,110.3499984741211,110.37999725341797,109.98999786376953,110.13999938964844,0
2000-11-24,111.2300033569336,111.38999938964844,110.33000183105469,110.37000274658203,0
2000-11-27,110.56999969482422,111.5,110.2699966430664,111.41000366210938,0
2000-11-28,110.16999816894531,110.80000305175781,109.98999786376953,110.58999633789062,0
2000-11-29,111.31999969482422,111.33999633789062,109.7699966430664,110.16000366210938,0
2000-11-30,110.37000274658203,111.33000183105469,110.26000213623047,111.30999755859375,0
2000-12-01,111.19000244140625,112.01000213623047,110.27999877929688,110.37999725341797,0
2000-12-04,111.05999755859375,111.33999633789062,110.37000274658203,111.08999633789062,0
2000-12-05,110.73999786376953,111.16000366210938,110.3499984741211,111.05999755859375,0
2000-12-06,110.16000366210938,111.02999877929688,110.11000061035156,110.72000122070312,0
2000-12-07,110.54000091552734,110.81999969482422,110.13999938964844,110.26000213623047,0
2000-12-08,110.9000015258789,111.43000030517578,110.37999725341797,110.55999755859375,0
2000-12-11,110.72000122070312,111.26000213623047,110.5,111.22000122070312,0
2000-12-12,111.56999969482422,111.70999908447266,110.72000122070312,110.75,0
2000-12-13,112.36000061035156,112.72000122070312,111.4000015258789,111.62999725341797,0
2000-12-14,112.12999725341797,112.80999755859375,111.81999969482422,112.37000274658203,0
2000-12-15,112.41999816894531,112.69999694824219,112.08999633789062,112.12000274658203,0
2000-12-18,112.12000274658203,112.7300033569336,111.86000061035156,112.52999877929688,0
2000-12-19,112.6500015258789,112.6500015258789,111.76000213623047,112.18000030517578,0
2000-12-20,112.88999938964844,113.01000213623047,112.36000061035156,112.66999816894531,0
2000-12-21,112.11000061035156,113.1500015258789,111.83999633789062,112.87999725341797,0
2000-12-22,112.80000305175781,112.98999786376953,112.0199966430664,112.13999938964844,0
2000-12-25,113.0199966430664,113.06999969482422,112.68000030517578,112.91000366210938,0
2000-12-26,113.7300033569336,113.73999786376953,112.80000305175781,112.9800033569336,0
2000-12-27,114.26000213623047,114.44999694824219,113.66000366210938,113.73999786376953,0
2000-12-28,114.58999633789062,114.91999816894531,114.08000183105469,114.22000122070312,0
2000-12-29,114.37999725341797,115.08000183105469,114.13999938964844,114.56999969482422,0
2001-01-01,114.56999969482422,114.62999725341797,114.2699966430664,114.61000061035156,0
2001-01-02,114.4000015258789,115.05000305175781,114.20999908447266,114.61000061035156,0
2001-01-03,113.83999633789062,114.66999816894531,113.5,114.4000015258789,0
2001-01-04,116.08999633789062,116.11000061035156,113.58000183105469,113.80999755859375,0
2001-01-05,116.44999694824219,116.87000274658203,115.94000244140625,116.06999969482422,0
2001-01-08,116.0999984741211,116.55999755859375,115.62000274658203,116.51000213623047,0
2001-01-09,117.06999969482422,117.06999969482422,115.61000061035156,116.0199966430664,0
2001-01-10,116.44999694824219,117.1500015258789,115.73999786376953,117.08999633789062,0
2001-01-11,117.91000366210938,118.0199966430664,116.38999938964844,116.48999786376953,0
2001-01-12,118.47000122070312,118.55999755859375,117.36000061035156,117.91999816894531,0
2001-01-15,119.11000061035156,119.36000061035156,118.51000213623047,118.7300033569336,0
2001-01-16,117.70999908447266,119.12999725341797,117.05999755859375,119.11000061035156,0
2001-01-17,119.16999816894531,119.26000213623047,116.87999725341797,117.68000030517578,0
2001-01-18,117.9000015258789,119.8499984741211,117.61000061035156,119.16000366210938,0
2001-01-19,117.12999725341797,118.27999877929688,116.94000244140625,117.81999969482422,0
2001-01-22,116.45999908447266,117.05999755859375,116.12999725341797,116.69000244140625,0
2001-01-23,116.61000061035156,117.4000015258789,116.38999938964844,116.44000244140625,0
2001-01-24,117.9000015258789,118.44999694824219,116.55000305175781,116.62000274658203,0
2001-01-25,116.62000274658203,117.9800033569336,116.33000183105469,117.88999938964844,0
2001-01-26,117.31999969482422,117.55000305175781,116.30999755859375,116.63999938964844,0
2001-01-29,116.73999786376953,117.66999816894531,116.11000061035156,117.66999816894531,0
2001-01-30,115.6500015258789,116.91999816894531,115.58000183105469,116.69000244140625,0
2001-01-31,116.68000030517578,116.7300033569336,115.66999816894531,115.68000030517578,0
2001-02-01,115.41999816894531,116.69999694824219,115.16999816894531,116.58999633789062,0
2001-02-02,115.62999725341797,116.22000122070312,114.9000015258789,115.4000015258789,0
2001-02-05,114.70999908447266,116.04000091552734,114.55999755859375,115.80000305175781,0
2001-02-06,114.73999786376953,115.26000213623047,114.30000305175781,114.72000122070312,0
2001-02-07,116.16000366210938,116.3499984741211,114.69999694824219,114.76000213623047,0
2001-02-08,116.70999908447266,116.80000305175781,115.80999755859375,116.29000091552734,0
2001-02-09,117.5,117.75,116.29000091552734,116.7300033569336,0
2001-02-12,117.30999755859375,117.93000030517578,117.29000091552734,117.44000244140625,0
2001-02-13,116.5999984741211,117.5999984741211,116.5,117.33000183105469,0
2001-02-14,116.19000244140625,116.87000274658203,116.02999877929688,116.5999984741211,0
2001-02-15,115.62000274658203,116.43000030517578,115.31999969482422,116.18000030517578,0
2001-02-16,115.72000122070312,115.9000015258789,114.5,115.61000061035156,0
2001-02-19,116.08000183105469,116.16999816894531,115.58999633789062,116.16999816894531,0
2001-02-20,115.63999938964844,116.19999694824219,115.16999816894531,116.08999633789062,0
2001-02-21,116.37000274658203,116.8499984741211,115.29000091552734,115.66000366210938,0
2001-02-22,117.01000213623047,117.18000030517578,115.80000305175781,116.44999694824219,0
2001-02-23,115.75,117.0,115.56999969482422,117.0,0
2001-02-26,116.4800033569336,116.7699966430664,115.7699966430664,115.87999725341797,0
2001-02-27,116.36000061035156,116.56999969482422,115.9000015258789,116.47000122070312,0
2001-02-28,117.38999938964844,117.5199966430664,115.81999969482422,116.37000274658203,0
2001-03-01,117.5,117.55999755859375,116.9800033569336,117.2699966430664,0
2001-03-02,119.05000305175781,119.29000091552734,117.26000213623047,117.48999786376953,0
2001-03-05,118.91999816894531,119.75,118.5999984741211,119.26000213623047,0
2001-03-06,118.69999694824219,119.01000213623047,118.19999694824219,118.94999694824219,0
2001-03-07,119.5199966430664,120.22000122070312,118.54000091552734,118.70999908447266,0
2001-03-08,119.81999969482422,120.37999725341797,119.25,119.5,0
2001-03-09,119.54000091552734,119.83999633789062,119.04000091552734,119.80999755859375,0
2001-03-12,120.47000122070312,120.69999694824219,119.44000244140625,119.5999984741211,0
2001-03-13,119.61000061035156,120.56999969482422,119.55000305175781,120.44999694824219,0
2001-03-14,120.81999969482422,121.19999694824219,119.2699966430664,119.6500015258789,0
2001-03-15,121.98999786376953,122.5199966430664,120.4800033569336,120.83000183105469,0
2001-03-16,122.91999816894531,123.16000366210938,121.81999969482422,122.01000213623047,0
2001-03-19,122.80000305175781,123.61000061035156,121.9800033569336,123.18000030517578,0
2001-03-20,122.19999694824219,122.9800033569336,121.94999694824219,122.77999877929688,0
2001-03-21,123.0199966430664,123.91999816894531,122.05999755859375,122.11000061035156,0
2001-03-22,123.76000213623047,124.30000305175781,123.0,123.02999877929688,0
2001-03-23,122.83000183105469,123.75,122.47000122070312,123.75,0
2001-03-26,122.66000366210938,123.80000305175781,122.38999938964844,123.0199966430664,0
2001-03-27,122.16000366210938,123.30999755859375,121.68000030517578,122.66999816894531,0
2001-03-28,122.2699966430664,122.7300033569336,121.37000274658203,122.12999725341797,0
2001-03-29,123.68000030517578,123.76000213623047,122.12000274658203,122.27999877929688,0
2001-03-30,126.2300033569336,126.31999969482422,123.19000244140625,123.69000244140625,0
2001-04-02,126.63999938964844,126.81999969482422,125.62999725341797,126.12999725341797,0
2001-04-03,125.52999877929688,126.75,125.19000244140625,126.61000061035156,0
2001-04-04,125.47000122070312,126.2699966430664,124.79000091552734,125.56999969482422,0
2001-04-05,124.26000213623047,125.4800033569336,123.5,125.45999908447266,0
2001-04-06,123.7300033569336,125.5199966430664,123.62999725341797,124.2699966430664,0
2001-04-09,125.27999877929688,125.47000122070312,124.13999938964844,124.19000244140625,0
2001-04-10,124.41999816894531,125.37999725341797,124.1500015258789,125.29000091552734,0
2001-04-11,124.73999786376953,124.98999786376953,123.83999633789062,124.4000015258789,0
2001-04-12,123.5,124.94999694824219,122.91999816894531,124.75,0
2001-04-13,123.5,124.44000244140625,123.5,123.66999816894531,0
2001-04-16,124.5999984741211,124.91999816894531,124.18000030517578,124.2699966430664,0
2001-04-17,123.37999725341797,124.69999694824219,123.05000305175781,124.58999633789062,0
2001-04-18,122.0,123.6500015258789,121.94999694824219,123.3499984741211,0
2001-04-19,121.23999786376953,122.37000274658203,120.8499984741211,122.0199966430664,0
2001-04-20,122.33000183105469,122.69999694824219,121.16999816894531,121.23999786376953,0
2001-04-23,121.18000030517578,122.52999877929688,121.05000305175781,121.6500015258789,0
2001-04-24,122.30000305175781,122.31999969482422,121.05999755859375,121.12999725341797,0
2001-04-25,122.08999633789062,122.66000366210938,121.91999816894531,122.29000091552734,0
2001-04-26,123.16999816894531,123.54000091552734,121.7699966430664,122.08999633789062,0
2001-04-27,124.0199966430664,124.31999969482422,123.12000274658203,123.25,0
2001-04-30,123.37999725341797,124.16999816894531,123.13999938964844,124.16000366210938,0
2001-05-01,122.11000061035156,123.5199966430664,121.80999755859375,123.38999938964844,0
2001-05-02,121.52999877929688,122.52999877929688,121.20999908447266,122.12000274658203,0
2001-05-03,121.33000183105469,121.80999755859375,120.7300033569336,121.5199966430664,0
2001-05-04,121.27999877929688,121.48999786376953,120.4800033569336,121.37999725341797,0
2001-05-07,120.87000274658203,121.80999755859375,120.8499984741211,121.38999938964844,0
2001-05-08,121.27999877929688,122.12000274658203,120.7300033569336,120.91999816894531,0
2001-05-09,122.30999755859375,122.41000366210938,121.16999816894531,121.31999969482422,0
2001-05-10,122.5199966430664,122.73999786376953,121.97000122070312,122.33000183105469,0
2001-05-11,122.37000274658203,122.81999969482422,122.0199966430664,122.48999786376953,0
2001-05-14,123.19999694824219,123.36000061035156,122.38999938964844,122.63999938964844,0
2001-05-15,123.19999694824219,123.6500015258789,123.01000213623047,123.19000244140625,0
2001-05-16,123.2300033569336,124.02999877929688,123.04000091552734,123.23999786376953,0
2001-05-17,122.5999984741211,123.37999725341797,122.38999938964844,123.27999877929688,0
2001-05-18,123.51000213623047,123.80000305175781,122.51000213623047,122.61000061035156,0
2001-05-21,122.66999816894531,123.72000122070312,122.47000122070312,123.62000274658203,0
2001-05-22,122.72000122070312,123.30999755859375,122.41000366210938,122.66000366210938,0
2001-05-23,120.19999694824219,122.80999755859375,119.3499984741211,122.7300033569336,0
2001-05-24,119.97000122070312,120.4000015258789,118.83000183105469,120.20999908447266,0
2001-05-25,120.58999633789062,120.7699966430664,119.83999633789062,120.08000183105469,0
2001-05-28,121.26000213623047,121.26000213623047,120.44000244140625,120.5,0
2001-05-29,120.05999755859375,121.36000061035156,119.91999816894531,121.2300033569336,0
2001-05-30,120.44000244140625,120.58000183105469,119.9000015258789,120.12000274658203,0
2001-05-31,119.2300033569336,120.51000213623047,118.44000244140625,120.44999694824219,0
2001-06-01,119.20999908447266,119.29000091552734,118.26000213623047,119.20999908447266,0
2001-06-04,119.19999694824219,119.8499984741211,118.8499984741211,119.13999938964844,0
2001-06-05,120.18000030517578,120.41999816894531,118.72000122070312,119.20999908447266,0
2001-06-06,120.0,120.81999969482422,119.97000122070312,120.19999694824219,0
2001-06-07,120.33000183105469,120.36000061035156,119.5999984741211,120.04000091552734,0
2001-06-08,120.8499984741211,120.9800033569336,120.02999877929688,120.30999755859375,0
2001-06-11,121.83000183105469,122.05000305175781,120.8499984741211,120.86000061035156,0
2001-06-12,121.58000183105469,122.05999755859375,121.51000213623047,121.81999969482422,0
2001-06-13,122.0199966430664,122.43000030517578,121.5,121.55000305175781,0
2001-06-14,121.30000305175781,122.26000213623047,121.16999816894531,122.04000091552734,0
2001-06-15,122.87000274658203,123.23999786376953,120.81999969482422,121.31999969482422,0
2001-06-18,123.41999816894531,123.47000122070312,122.68000030517578,122.97000122070312,0
2001-06-19,122.80000305175781,123.7300033569336,122.63999938964844,123.12000274658203,0
2001-06-20,123.87000274658203,124.01000213623047,122.51000213623047,122.87999725341797,0
2001-06-21,124.56999969482422,124.66999816894531,123.6500015258789,123.87999725341797,0
2001-06-22,124.45999908447266,124.69999694824219,123.80999755859375,124.55999755859375,0
2001-06-25,123.9000015258789,124.45999908447266,123.66999816894531,124.30000305175781,0
2001-06-26,123.77999877929688,124.01000213623047,123.2300033569336,123.91000366210938,0
2001-06-27,124.22000122070312,124.43000030517578,123.66000366210938,123.7699966430664,0
2001-06-28,124.8499984741211,124.97000122070312,124.20999908447266,124.2300033569336,0
2001-06-29,124.5,124.87000274658203,123.75,124.83000183105469,0
2001-07-02,123.97000122070312,124.9800033569336,123.94999694824219,124.75,0
2001-07-03,124.3499984741211,124.58000183105469,123.58000183105469,124.0,0
2001-07-04,124.43000030517578,125.02999877929688,124.19000244140625,124.41999816894531,0
2001-07-05,125.55999755859375,125.7699966430664,124.38999938964844,124.43000030517578,0
2001-07-06,125.81999969482422,126.12999725341797,125.44000244140625,125.55000305175781,0
2001-07-09,125.26000213623047,125.95999908447266,125.18000030517578,125.81999969482422,0
2001-07-10,125.2699966430664,125.87000274658203,125.16000366210938,125.2699966430664,0
2001-07-11,124.2699966430664,125.75,123.81999969482422,125.27999877929688,0
2001-07-12,123.93000030517578,124.48999786376953,123.44999694824219,124.30999755859375,0
2001-07-13,124.86000061035156,125.0,123.86000061035156,123.91999816894531,0
2001-07-16,125.5,125.52999877929688,124.69999694824219,124.73999786376953,0
2001-07-17,124.80000305175781,125.66000366210938,124.69999694824219,125.4800033569336,0
2001-07-18,124.08000183105469,125.44000244140625,123.7300033569336,124.80999755859375,0
2001-07-19,123.37999725341797,124.1500015258789,123.18000030517578,123.97000122070312,0
2001-07-20,122.86000061035156,123.7699966430664,122.66000366210938,123.38999938964844,0
2001-07-23,124.37999725341797,124.45999908447266,123.16999816894531,123.16999816894531,0
2001-07-24,124.19999694824219,124.47000122070312,123.80000305175781,124.4000015258789,0
2001-07-25,123.56999969482422,124.44000244140625,123.3499984741211,124.20999908447266,0
2001-07-26,123.72000122070312,124.06999969482422,123.12000274658203,123.56999969482422,0
2001-07-27,123.45999908447266,124.12000274658203,123.19000244140625,123.7300033569336,0
2001-07-30,125.16999816894531,125.36000061035156,123.19999694824219,123.30000305175781,0
2001-07-31,125.01000213623047,125.25,124.5999984741211,125.16000366210938,0
2001-08-01,124.38999938964844,125.19999694824219,124.30999755859375,125.0,0
2001-08-02,123.72000122070312,124.69999694824219,123.5,124.37999725341797,0
2001-08-03,123.5999984741211,123.98999786376953,123.2699966430664,123.69999694824219,0
2001-08-06,123.80000305175781,124.25,123.68000030517578,123.7300033569336,0
2001-08-07,123.55999755859375,124.1500015258789,123.36000061035156,123.8499984741211,0
2001-08-08,123.55999755859375,123.70999908447266,122.7699966430664,123.55000305175781,0
2001-08-09,121.95999908447266,123.94999694824219,121.33999633789062,123.55000305175781,0
2001-08-10,121.94999694824219,122.5999984741211,121.69999694824219,121.97000122070312,0
2001-08-13,122.37999725341797,122.52999877929688,121.37000274658203,121.91000366210938,0
2001-08-14,121.83000183105469,123.1500015258789,121.16999816894531,122.41999816894531,0
2001-08-15,119.88999938964844,121.88999938964844,119.05999755859375,121.83000183105469,0
2001-08-16,120.25,120.43000030517578,119.22000122070312,119.87000274658203,0
2001-08-17,120.19000244140625,120.7699966430664,120.0199966430664,120.2300033569336,0
2001-08-20,120.73999786376953,120.86000061035156,120.06999969482422,120.33000183105469,0
2001-08-21,119.7699966430664,120.94000244140625,119.45999908447266,120.69000244140625,0
2001-08-22,120.41999816894531,120.55999755859375,119.30999755859375,119.69999694824219,0
2001-08-23,119.88999938964844,120.66999816894531,119.58000183105469,120.41000366210938,0
2001-08-24,119.9800033569336,120.36000061035156,119.5199966430664,119.9000015258789,0
2001-08-27,119.88999938964844,120.5,119.7699966430664,120.16999816894531,0
2001-08-28,120.0199966430664,120.80000305175781,119.6500015258789,119.8499984741211,0
2001-08-29,120.16000366210938,120.29000091552734,119.04000091552734,120.02999877929688,0
2001-08-30,119.43000030517578,120.22000122070312,119.19999694824219,120.1500015258789,0
2001-08-31,118.75,119.5199966430664,118.43000030517578,119.47000122070312,0
2001-09-03,118.70999908447266,119.0999984741211,118.55999755859375,118.83000183105469,0
2001-09-04,119.4000015258789,119.63999938964844,118.56999969482422,118.72000122070312,0
2001-09-05,120.73999786376953,120.87999725341797,119.2699966430664,119.41999816894531,0
2001-09-06,120.94000244140625,121.5199966430664,120.62000274658203,120.75,0
2001-09-07,120.0,121.41000366210938,119.72000122070312,120.94000244140625,0
2001-09-10,121.0999984741211,121.13999938964844,119.7300033569336,120.23999786376953,0
2001-09-11,119.58000183105469,122.05000305175781,118.33000183105469,121.06999969482422,0
2001-09-12,119.61000061035156,119.80000305175781,118.55000305175781,119.56999969482422,0
2001-09-13,118.80999755859375,119.7300033569336,118.55000305175781,119.52999877929688,0
2001-09-14,117.31999969482422,119.19000244140625,116.86000061035156,118.80000305175781,0
2001-09-17,117.86000061035156,118.3499984741211,116.6500015258789,117.66000366210938,0
2001-09-18,117.26000213623047,118.19999694824219,117.05000305175781,117.87000274658203,0
2001-09-19,117.5,118.0999984741211,117.08000183105469,117.19000244140625,0
2001-09-20,116.43000030517578,117.6500015258789,115.76000213623047,117.51000213623047,0
2001-09-21,116.58999633789062,117.4800033569336,115.9800033569336,116.44000244140625,0
2001-09-24,117.55000305175781,117.62000274658203,116.2699966430664,116.83000183105469,0
2001-09-25,117.51000213623047,117.77999877929688,116.95999908447266,117.54000091552734,0
2001-09-26,117.87999725341797,118.08000183105469,117.05000305175781,117.5199966430664,0
2001-09-27,119.66000366210938,120.01000213623047,117.62000274658203,117.87999725341797,0
2001-09-28,119.4800033569336,119.75,118.6500015258789,119.66999816894531,0
2001-10-01,120.30000305175781,120.43000030517578,119.43000030517578,119.5,0
2001-10-02,120.61000061035156,121.11000061035156,120.05999755859375,120.30999755859375,0
2001-10-03,120.58000183105469,121.44999694824219,120.41999816894531,120.55000305175781,0
2001-10-04,120.47000122070312,120.83000183105469,120.16999816894531,120.5999984741211,0
2001-10-05,120.47000122070312,120.66000366210938,119.91000366210938,120.5,0
2001-10-08,119.72000122070312,120.19999694824219,119.58000183105469,120.11000061035156,0
2001-10-09,120.19999694824219,120.33000183105469,119.69999694824219,119.75,0
2001-10-10,120.26000213623047,120.58000183105469,119.7300033569336,120.19999694824219,0
2001-10-11,121.4000015258789,121.66000366210938,120.06999969482422,120.20999908447266,0
2001-10-12,121.22000122070312,121.76000213623047,120.69000244140625,121.37000274658203,0
2001-10-15,120.80000305175781,121.13999938964844,120.44999694824219,120.9000015258789,0
2001-10-16,121.2699966430664,121.88999938964844,120.58000183105469,120.81999969482422,0
2001-10-17,121.22000122070312,121.79000091552734,120.7300033569336,121.27999877929688,0
2001-10-18,121.13999938964844,121.45999908447266,120.7300033569336,121.22000122070312,0
2001-10-19,121.16999816894531,121.3499984741211,120.79000091552734,121.0999984741211,0
2001-10-22,122.37999725341797,122.56999969482422,121.25,121.27999877929688,0
2001-10-23,122.51000213623047,123.0199966430664,122.19999694824219,122.33999633789062,0
2001-10-24,122.80999755859375,122.95999908447266,122.27999877929688,122.54000091552734,0
2001-10-25,122.87999725341797,123.3499984741211,122.41000366210938,122.80000305175781,0
2001-10-26,122.6500015258789,123.25,122.37999725341797,122.86000061035156,0
2001-10-29,121.88999938964844,122.76000213623047,121.81999969482422,122.76000213623047,0
2001-10-30,122.12000274658203,122.19000244140625,121.54000091552734,121.91000366210938,0
2001-10-31,122.4000015258789,122.62999725341797,121.61000061035156,122.12000274658203,0
2001-11-01,121.97000122070312,122.41000366210938,121.31999969482422,122.4000015258789,0
2001-11-02,121.62000274658203,122.01000213623047,121.38999938964844,121.97000122070312,0
2001-11-05,121.55999755859375,122.12000274658203,121.48999786376953,121.66999816894531,0
2001-11-06,121.16999816894531,121.68000030517578,120.93000030517578,121.55000305175781,0
2001-11-07,121.16000366210938,121.2300033569336,120.68000030517578,121.16000366210938,0
2001-11-08,120.12000274658203,121.36000061035156,119.75,121.1500015258789,0
2001-11-09,120.22000122070312,120.51000213623047,120.0199966430664,120.12999725341797,0
2001-11-12,120.56999969482422,120.83000183105469,119.69000244140625,120.33000183105469,0
2001-11-13,121.41999816894531,121.7699966430664,120.4800033569336,120.58000183105469,0
2001-11-14,121.52999877929688,122.0,121.36000061035156,121.38999938964844,0
2001-11-15,122.44999694824219,122.4800033569336,121.4800033569336,121.52999877929688,0
2001-11-16,122.87000274658203,122.93000030517578,121.97000122070312,122.44999694824219,0
2001-11-19,123.08000183105469,123.5,122.75,122.88999938964844,0
2001-11-20,122.56999969482422,123.20999908447266,122.45999908447266,123.12999725341797,0
2001-11-21,123.1500015258789,123.38999938964844,122.5,122.62999725341797,0
2001-11-22,123.94999694824219,124.0,122.94000244140625,123.12000274658203,0
2001-11-23,124.27999877929688,124.45999908447266,123.62999725341797,123.95999908447266,0
2001-11-26,124.05000305175781,124.38999938964844,123.77999877929688,124.36000061035156,0
2001-11-27,123.97000122070312,124.56999969482422,123.66000366210938,124.05999755859375,0
2001-11-28,123.1500015258789,123.98999786376953,122.97000122070312,123.87999725341797,0
2001-11-29,123.94000244140625,123.94000244140625,122.80999755859375,123.12000274658203,0
2001-11-30,123.44999694824219,124.1500015258789,122.77999877929688,123.94999694824219,0
2001-12-03,124.27999877929688,124.27999877929688,123.2300033569336,123.30999755859375,0
2001-12-04,124.13999938964844,124.37000274658203,123.5999984741211,124.29000091552734,0
2001-12-05,124.16000366210938,124.51000213623047,123.94000244140625,124.13999938964844,0
2001-12-06,124.55000305175781,124.93000030517578,123.73999786376953,124.16999816894531,0
2001-12-07,125.48999786376953,125.73999786376953,124.45999908447266,124.56999969482422,0
2001-12-10,125.94999694824219,126.37999725341797,125.51000213623047,125.69000244140625,0
2001-12-11,125.83000183105469,126.30000305175781,125.63999938964844,125.95999908447266,0
2001-12-12,125.91000366210938,126.55999755859375,125.44999694824219,125.83999633789062,0
2001-12-13,126.12000274658203,126.63999938964844,125.8499984741211,125.91000366210938,0
2001-12-14,127.37000274658203,127.93000030517578,126.06999969482422,126.11000061035156,0
2001-12-17,127.63999938964844,128.0,127.11000061035156,127.26000213623047,0
2001-12-18,128.25999450683594,128.42999267578125,127.52999877929688,127.66000366210938,0
2001-12-19,128.3699951171875,128.38999938964844,127.55999755859375,128.3000030517578,0
2001-12-20,129.1999969482422,129.3000030517578,127.87000274658203,128.3800048828125,0
2001-12-21,129.5,129.72000122070312,129.07000732421875,129.19000244140625,0
2001-12-24,129.85000610351562,130.00999450683594,129.3000030517578,129.61000061035156,0
2001-12-25,130.85000610351562,130.9499969482422,129.72999572753906,129.85000610351562,0
2001-12-26,131.27999877929688,131.30999755859375,130.35000610351562,130.83999633789062,0
2001-12-27,131.80999755859375,132.0500030517578,131.0,131.27000427246094,0
2001-12-28,131.0500030517578,131.8699951171875,130.75999450683594,131.8000030517578,0
2001-12-31,131.6699981689453,131.67999267578125,130.60000610351562,131.3300018310547,0
2002-01-01,131.92999267578125,132.0,131.24000549316406,131.6699981689453,0
2002-01-02,132.13999938964844,132.27000427246094,131.24000549316406,131.94000244140625,0
2002-01-03,131.6999969482422,132.14999389648438,131.32000732421875,132.13999938964844,0
2002-01-04,131.02000427246094,131.72000122070312,130.63999938964844,131.7100067138672,0
2002-01-07,131.25,131.60000610351562,130.36000061035156,130.6999969482422,0
2002-01-08,132.9199981689453,132.97000122070312,131.25,131.27000427246094,0
2002-01-09,132.94000244140625,133.35000610351562,132.17999267578125,132.92999267578125,0
2002-01-10,132.1300048828125,132.97000122070312,131.97999572753906,132.9499969482422,0
2002-01-11,132.14999389648438,132.5399932861328,131.5399932861328,132.14999389648438,0
2002-01-14,131.6300048828125,132.1199951171875,131.42999267578125,131.85000610351562,0
2002-01-15,131.22000122070312,131.80999755859375,130.86000061035156,131.6199951171875,0
2002-01-16,132.19000244140625,132.32000732421875,131.19000244140625,131.22000122070312,0
2002-01-17,132.4499969482422,132.6199951171875,131.77999877929688,132.2100067138672,0
2002-01-18,132.6199951171875,133.00999450683594,132.3699951171875,132.39999389648438,0
2002-01-21,132.9499969482422,132.99000549316406,131.9499969482422,132.4199981689453,0
2002-01-22,133.66000366210938,133.80999755859375,132.83999633789062,132.83999633789062,0
2002-01-23,134.52999877929688,134.6199951171875,133.5800018310547,133.6199951171875,0
2002-01-24,134.85000610351562,134.92999267578125,134.05999755859375,134.5399932861328,0
2002-01-25,134.5500030517578,134.9199981689453,134.05999755859375,134.8699951171875,0
2002-01-28,133.55999755859375,134.8300018310547,133.14999389648438,134.8000030517578,0
2002-01-29,133.44000244140625,133.7100067138672,132.9199981689453,133.5399932861328,0
2002-01-30,132.8699951171875,133.63999938964844,132.3000030517578,133.4499969482422,0
2002-01-31,134.8699951171875,135.16000366210938,132.55999755859375,132.88999938964844,0
2002-02-01,133.10000610351562,134.9199981689453,132.8800048828125,134.88999938964844,0
2002-02-04,132.02999877929688,133.47000122070312,131.92999267578125,132.88999938964844,0
2002-02-05,133.8000030517578,134.25999450683594,131.9600067138672,132.02999877929688,0
2002-02-06,133.63999938964844,134.36000061035156,133.32000732421875,133.77000427246094,0
2002-02-07,133.9499969482422,134.1300048828125,133.33999633789062,133.6300048828125,0
2002-02-08,134.6699981689453,135.0,133.47999572753906,133.92999267578125,0
2002-02-11,133.3699951171875,134.97999572753906,133.13999938964844,134.9499969482422,0
2002-02-12,132.72000122070312,133.7100067138672,132.42999267578125,133.30999755859375,0
2002-02-13,133.0,133.4199981689453,132.1300048828125,132.72000122070312,0
2002-02-14,132.0500030517578,132.97999572753906,131.94000244140625,132.97999572753906,0
2002-02-15,132.58999633789062,133.0500030517578,132.35000610351562,132.8000030517578,0
2002-02-18,132.66000366210938,132.85000610351562,132.41000366210938,132.64999389648438,0
2002-02-19,133.4199981689453,134.0,132.5800018310547,132.66000366210938,0
2002-02-20,133.77000427246094,133.92999267578125,132.97999572753906,133.41000366210938,0
2002-02-21,134.1999969482422,134.47000122070312,133.35000610351562,133.77000427246094,0
2002-02-22,134.11000061035156,134.5,133.49000549316406,134.1699981689453,0
2002-02-25,133.83999633789062,134.10000610351562,133.60000610351562,134.02000427246094,0
2002-02-26,134.52000427246094,134.69000244140625,133.58999633789062,133.85000610351562,0
2002-02-27,134.22000122070312,134.99000549316406,134.05999755859375,134.5500030517578,0
2002-02-28,133.4600067138672,134.38999938964844,133.14999389648438,134.2100067138672,0
2002-03-01,133.32000732421875,133.86000061035156,133.02999877929688,133.42999267578125,0
2002-03-04,131.9499969482422,133.47000122070312,131.85000610351562,133.44000244140625,0
2002-03-05,132.22000122070312,132.5800018310547,131.5399932861328,131.97000122070312,0
2002-03-06,130.74000549316406,132.47000122070312,130.50999450683594,132.25,0
2002-03-07,127.62000274658203,130.8800048828125,126.47000122070312,130.80999755859375,0
2002-03-08,128.6199951171875,128.75,127.26000213623047,127.66999816894531,0
2002-03-11,128.02000427246094,129.17999267578125,127.73999786376953,128.22000122070312,0
2002-03-12,129.02999877929688,129.27999877929688,128.05999755859375,128.05999755859375,0
2002-03-13,129.36000061035156,129.6199951171875,128.9600067138672,129.02999877929688,0
2002-03-14,129.25,129.4199981689453,128.17999267578125,129.35000610351562,0
2002-03-15,129.00999450683594,129.44000244140625,128.82000732421875,129.27000427246094,0
2002-03-18,131.16000366210938,131.52999877929688,129.6699981689453,129.83999633789062,0
2002-03-19,132.1999969482422,132.4499969482422,130.83999633789062,131.14999389648438,0
2002-03-20,131.35000610351562,132.39999389648438,131.22999572753906,132.22000122070312,0
2002-03-21,132.11000061035156,132.22999572753906,131.22999572753906,131.36000061035156,0
2002-03-22,132.89999389648438,132.92999267578125,131.94000244140625,132.11000061035156,0
2002-03-25,133.3000030517578,133.4499969482422,132.63999938964844,132.80999755859375,0
2002-03-26,133.0800018310547,133.44000244140625,132.22999572753906,133.30999755859375,0
2002-03-27,132.72999572753906,133.07000732421875,132.27999877929688,133.05999755859375,0
2002-03-28,132.75,132.85000610351562,132.16000366210938,132.6999969482422,0
2002-03-29,132.6999969482422,133.1999969482422,132.22999572753906,132.77000427246094,0
2002-04-01,133.30999755859375,133.82000732421875,132.83999633789062,132.9499969482422,0
2002-04-02,133.1300048828125,133.60000610351562,132.82000732421875,133.32000732421875,0
2002-04-03,132.7100067138672,133.27000427246094,132.3300018310547,133.1300048828125,0
2002-04-04,132.3300018310547,133.11000061035156,131.55999755859375,132.69000244140625,0
2002-04-05,131.5500030517578,132.42999267578125,131.25999450683594,132.33999633789062,0
2002-04-08,131.52000427246094,131.75999450683594,131.08999633789062,131.64999389648438,0
2002-04-09,130.64999389648438,131.89999389648438,130.5399932861328,131.52000427246094,0
2002-04-10,130.74000549316406,130.85000610351562,130.16000366210938,130.64999389648438,0
2002-04-11,131.52999877929688,131.8300018310547,130.67999267578125,130.72999572753906,0
2002-04-12,131.9199981689453,132.25,131.1999969482422,131.52000427246094,0
2002-04-15,132.05999755859375,132.3800048828125,131.3000030517578,132.0399932861328,0
2002-04-16,131.1699981689453,132.1300048828125,130.85000610351562,132.0500030517578,0
2002-04-17,130.6999969482422,131.27999877929688,130.41000366210938,131.1699981689453,0
2002-04-18,129.97000122070312,130.75999450683594,129.57000732421875,130.6999969482422,0
2002-04-19,130.30999755859375,130.63999938964844,129.82000732421875,129.9600067138672,0
2002-04-22,130.11000061035156,130.60000610351562,129.60000610351562,130.4600067138672,0
2002-04-23,130.22999572753906,130.3000030517578,129.69000244140625,130.0500030517578,0
2002-04-24,129.6199951171875,130.44000244140625,129.44000244140625,130.24000549316406,0
2002-04-25,128.67999267578125,129.64999389648438,128.14999389648438,129.6199951171875,0
2002-04-26,127.81999969482422,128.89999389648438,127.75,128.72000122070312,0
2002-04-29,128.1199951171875,128.25999450683594,127.62000274658203,127.76000213623047,0
2002-04-30,128.52999877929688,128.63999938964844,127.73999786376953,128.1300048828125,0
2002-05-01,127.23999786376953,128.66000366210938,127.12999725341797,128.50999450683594,0
2002-05-02,127.80999755859375,128.13999938964844,126.91999816894531,127.22000122070312,0
2002-05-03,126.9000015258789,128.0,126.80999755859375,127.8499984741211,0
2002-05-06,127.1500015258789,127.5199966430664,126.88999938964844,127.0,0
2002-05-07,128.14999389648438,128.33999633789062,126.73999786376953,127.11000061035156,0
2002-05-08,128.82000732421875,128.97999572753906,127.80000305175781,128.16000366210938,0
2002-05-09,128.4199981689453,129.0800018310547,128.10000610351562,128.83999633789062,0
2002-05-10,127.56999969482422,128.69000244140625,127.48999786376953,128.4499969482422,0
2002-05-13,127.7699966430664,127.91999816894531,127.16000366210938,127.61000061035156,0
2002-05-14,128.50999450683594,128.77999877929688,127.68000030517578,127.76000213623047,0
2002-05-15,127.6500015258789,128.64999389648438,127.55000305175781,128.52000427246094,0
2002-05-16,128.02999877929688,128.41000366210938,127.27999877929688,127.6500015258789,0
2002-05-17,125.93000030517578,128.11000061035156,125.51000213623047,128.02000427246094,0
2002-05-20,125.38999938964844,126.19999694824219,125.16999816894531,125.9000015258789,0
2002-05-21,124.30000305175781,126.05000305175781,123.62000274658203,125.38999938964844,0
2002-05-22,124.3499984741211,125.05999755859375,123.45999908447266,124.29000091552734,0
2002-05-23,125.02999877929688,125.31999969482422,123.8499984741211,124.33000183105469,0
2002-05-24,124.69999694824219,125.26000213623047,124.58999633789062,125.02999877929688,0
2002-05-27,124.75,125.05999755859375,124.6500015258789,124.70999908447266,0
2002-05-28,124.48999786376953,124.9000015258789,124.29000091552734,124.79000091552734,0
2002-05-29,124.3499984741211,124.68000030517578,124.13999938964844,124.44000244140625,0
2002-05-30,123.41999816894531,124.3499984741211,122.77999877929688,124.3499984741211,0
2002-05-31,124.05999755859375,124.58999633789062,122.91999816894531,123.45999908447266,0
2002-06-03,123.62000274658203,124.45999908447266,123.5199966430664,124.23999786376953,0
2002-06-04,124.16999816894531,124.36000061035156,123.23999786376953,123.62999725341797,0
2002-06-05,124.12999725341797,124.72000122070312,123.7300033569336,124.19000244140625,0
2002-06-06,124.12000274658203,125.05000305175781,124.0,124.1500015258789,0
2002-06-07,124.30999755859375,124.66000366210938,124.01000213623047,124.12999725341797,0
2002-06-10,124.73999786376953,124.93000030517578,124.30000305175781,124.44999694824219,0
2002-06-11,125.27999877929688,125.7699966430664,124.38999938964844,124.75,0
2002-06-12,125.58000183105469,125.87000274658203,125.1500015258789,125.26000213623047,0
2002-06-13,124.98999786376953,125.95999908447266,124.7699966430664,125.56999969482422,0
2002-06-14,124.12999725341797,125.08999633789062,123.8499984741211,124.9800033569336,0
2002-06-17,124.26000213623047,124.5199966430664,123.98999786376953,124.30000305175781,0
2002-06-18,124.26000213623047,124.81999969482422,124.19999694824219,124.27999877929688,0
2002-06-19,123.86000061035156,124.36000061035156,123.5999984741211,124.26000213623047,0
2002-06-20,123.44999694824219,124.19999694824219,123.20999908447266,123.8499984741211,0
2002-06-21,121.08999633789062,123.87000274658203,120.79000091552734,123.4800033569336,0
2002-06-24,121.5999984741211,121.88999938964844,121.04000091552734,121.36000061035156,0
2002-06-25,121.1500015258789,121.98999786376953,121.08999633789062,121.5999984741211,0
2002-06-26,119.91999816894531,121.5,118.9000015258789,121.12000274658203,0
2002-06-27,119.54000091552734,120.29000091552734,119.12999725341797,119.94999694824219,0
2002-06-28,119.5199966430664,120.3499984741211,118.31999969482422,119.55000305175781,0
2002-07-01,119.7699966430664,120.19999694824219,119.22000122070312,119.61000061035156,0
2002-07-02,120.0,120.80000305175781,119.61000061035156,119.76000213623047,0
2002-07-03,119.9000015258789,120.55999755859375,119.58000183105469,120.0,0
2002-07-04,120.16999816894531,120.43000030517578,119.81999969482422,119.88999938964844,0
2002-07-05,120.4000015258789,120.62999725341797,119.80999755859375,120.1500015258789,0
2002-07-08,118.56999969482422,120.16000366210938,118.29000091552734,120.1500015258789,0
2002-07-09,118.05999755859375,118.94000244140625,117.69999694824219,118.55999755859375,0
2002-07-10,117.76000213623047,118.31999969482422,117.3499984741211,118.05999755859375,0
2002-07-11,117.02999877929688,117.91999816894531,116.45999908447266,117.75,0
2002-07-12,116.8499984741211,117.22000122070312,116.44000244140625,117.04000091552734,0
2002-07-15,116.22000122070312,116.93000030517578,115.61000061035156,116.91999816894531,0
2002-07-16,115.97000122070312,116.43000030517578,115.43000030517578,116.2300033569336,0
2002-07-17,116.33000183105469,116.7300033569336,115.56999969482422,115.91999816894531,0
2002-07-18,116.52999877929688,117.30999755859375,116.22000122070312,116.33000183105469,0
2002-07-19,115.9000015258789,116.62000274658203,115.5199966430664,116.52999877929688,0
2002-07-22,116.37000274658203,116.66000366210938,115.7300033569336,116.12000274658203,0
2002-07-23,117.37000274658203,117.9000015258789,116.23999786376953,116.36000061035156,0
2002-07-24,116.68000030517578,117.58000183105469,115.86000061035156,117.36000061035156,0
2002-07-25,116.62999725341797,117.02999877929688,116.16000366210938,116.66000366210938,0
2002-07-26,118.7699966430664,119.04000091552734,116.4000015258789,116.61000061035156,0
2002-07-29,119.6500015258789,119.98999786376953,118.4800033569336,118.77999877929688,0
2002-07-30,120.22000122070312,120.27999877929688,119.20999908447266,119.66000366210938,0
2002-07-31,119.77999877929688,120.38999938964844,119.36000061035156,120.23999786376953,0
2002-08-01,119.20999908447266,120.33000183105469,119.01000213623047,119.7699966430664,0
2002-08-02,118.7699966430664,119.36000061035156,118.69999694824219,119.19000244140625,0
2002-08-05,119.61000061035156,119.77999877929688,118.61000061035156,118.8499984741211,0
2002-08-06,120.95999908447266,121.20999908447266,119.44999694824219,119.61000061035156,0
2002-08-07,120.26000213623047,121.08999633789062,120.0,120.97000122070312,0
2002-08-08,121.0999984741211,121.1500015258789,119.94000244140625,120.2699966430664,0
2002-08-09,120.44999694824219,121.33000183105469,120.25,121.11000061035156,0
2002-08-12,119.01000213623047,119.8499984741211,118.73999786376953,119.83000183105469,0
2002-08-13,118.2300033569336,119.23999786376953,118.0999984741211,119.0199966430664,0
2002-08-14,117.19000244140625,118.3499984741211,116.26000213623047,118.19999694824219,0
2002-08-15,117.33999633789062,117.83000183105469,116.8499984741211,117.19000244140625,0
2002-08-16,117.55999755859375,117.87000274658203,117.08000183105469,117.3499984741211,0
2002-08-19,118.44000244140625,118.72000122070312,117.41000366210938,117.5199966430664,0
2002-08-20,118.62999725341797,119.23999786376953,118.41999816894531,118.44999694824219,0
2002-08-21,118.45999908447266,118.72000122070312,117.69999694824219,118.63999938964844,0
2002-08-22,119.79000091552734,119.95999908447266,118.45999908447266,118.45999908447266,0
2002-08-23,119.58999633789062,120.26000213623047,119.44000244140625,119.80000305175781,0
2002-08-26,119.70999908447266,119.87999725341797,119.30999755859375,119.55999755859375,0
2002-08-27,118.1500015258789,119.88999938964844,117.94000244140625,119.70999908447266,0
2002-08-28,118.94999694824219,119.05999755859375,117.8499984741211,118.16000366210938,0
2002-08-29,118.19000244140625,119.0199966430664,117.37000274658203,118.95999908447266,0
2002-08-30,118.43000030517578,118.75,117.69000244140625,118.19999694824219,0
2002-09-02,117.98999786376953,118.80000305175781,117.88999938964844,118.54000091552734,0
2002-09-03,117.1500015258789,118.12000274658203,116.80999755859375,117.98999786376953,0
2002-09-04,117.87000274658203,118.3499984741211,116.9800033569336,117.1500015258789,0
2002-09-05,118.36000061035156,118.5,117.25,117.87000274658203,0
2002-09-06,118.41000366210938,118.86000061035156,117.91000366210938,118.30000305175781,0
2002-09-09,118.87000274658203,119.29000091552734,118.16000366210938,118.5199966430664,0
2002-09-10,119.01000213623047,119.16000366210938,118.30999755859375,118.87000274658203,0
2002-09-11,120.2699966430664,120.69000244140625,119.69000244140625,119.83000183105469,0
2002-09-12,120.08000183105469,120.66999816894531,119.7300033569336,120.27999877929688,0
2002-09-13,121.62999725341797,122.25,119.4000015258789,120.05000305175781,0
2002-09-16,122.30000305175781,122.45999908447266,121.66000366210938,121.72000122070312,0
2002-09-17,122.08000183105469,123.51000213623047,121.9000015258789,122.29000091552734,0
2002-09-18,121.44999694824219,123.06999969482422,121.31999969482422,122.08000183105469,0
2002-09-19,121.45999908447266,121.91999816894531,120.86000061035156,121.44000244140625,0
2002-09-20,123.30000305175781,123.70999908447266,121.4000015258789,121.45999908447266,0
2002-09-23,123.88999938964844,124.19999694824219,122.79000091552734,123.41000366210938,0
2002-09-24,123.37000274658203,124.02999877929688,122.91000366210938,123.9000015258789,0
2002-09-25,122.69999694824219,123.4000015258789,121.98999786376953,123.37999725341797,0
2002-09-26,122.12000274658203,123.05000305175781,121.83000183105469,122.70999908447266,0
2002-09-27,122.52999877929688,123.19000244140625,122.0,122.12999725341797,0
2002-09-30,121.83000183105469,122.77999877929688,121.05000305175781,122.72000122070312,0
2002-10-01,122.5999984741211,122.80000305175781,121.63999938964844,121.83000183105469,0
2002-10-02,122.76000213623047,123.30999755859375,122.55000305175781,122.58000183105469,0
2002-10-03,122.4000015258789,123.08999633789062,122.36000061035156,122.76000213623047,0
2002-10-04,123.19999694824219,123.30000305175781,122.27999877929688,122.4000015258789,0
2002-10-07,124.30000305175781,124.44000244140625,123.01000213623047,123.16999816894531,0
2002-10-08,124.08000183105469,124.5999984741211,123.9000015258789,124.30000305175781,0
2002-10-09,123.01000213623047,124.4000015258789,123.01000213623047,124.06999969482422,0
2002-10-10,123.58999633789062,123.73999786376953,122.9800033569336,122.9800033569336,0
2002-10-11,124.0199966430664,124.4800033569336,123.3499984741211,123.58999633789062,0
2002-10-14,124.33999633789062,124.37000274658203,123.7699966430664,123.97000122070312,0
2002-10-15,124.62999725341797,124.97000122070312,124.16000366210938,124.33999633789062,0
2002-10-16,124.51000213623047,125.05000305175781,123.87000274658203,124.66000366210938,0
2002-10-17,125.0999984741211,125.16999816894531,124.0,124.51000213623047,0
2002-10-18,125.44999694824219,125.55999755859375,124.94000244140625,125.12999725341797,0
2002-10-21,124.86000061035156,125.63999938964844,124.43000030517578,125.52999877929688,0
2002-10-22,125.13999938964844,125.5,124.7300033569336,124.87000274658203,0
2002-10-23,124.5199966430664,125.2300033569336,123.79000091552734,125.13999938964844,0
2002-10-24,124.63999938964844,124.8499984741211,123.86000061035156,124.52999877929688,0
2002-10-25,124.16999816894531,124.6500015258789,123.58000183105469,124.63999938964844,0
2002-10-28,123.44999694824219,124.98999786376953,123.16999816894531,124.1500015258789,0
2002-10-29,122.93000030517578,123.75,122.27999877929688,123.44000244140625,0
2002-10-30,122.88999938964844,123.2300033569336,122.48999786376953,122.91000366210938,0
2002-10-31,122.44999694824219,123.20999908447266,122.27999877929688,122.86000061035156,0
2002-11-01,122.1500015258789,122.83000183105469,121.58000183105469,122.45999908447266,0
2002-11-04,122.20999908447266,122.58000183105469,122.0999984741211,122.19000244140625,0
2002-11-05,122.11000061035156,122.27999877929688,121.33999633789062,122.20999908447266,0
2002-11-06,121.6500015258789,122.63999938964844,121.5,122.11000061035156,0
2002-11-07,121.1500015258789,121.94999694824219,121.08999633789062,121.62999725341797,0
2002-11-08,119.77999877929688,121.33999633789062,119.5,121.1500015258789,0
2002-11-11,119.69999694824219,120.06999969482422,119.05999755859375,119.94000244140625,0
2002-11-12,119.63999938964844,119.86000061035156,119.25,119.68000030517578,0
2002-11-13,120.08000183105469,120.30999755859375,119.52999877929688,119.63999938964844,0
2002-11-14,120.58999633789062,120.66999816894531,119.62000274658203,120.08000183105469,0
2002-11-15,120.45999908447266,120.9000015258789,120.22000122070312,120.58000183105469,0
2002-11-18,120.94000244140625,121.25,120.88999938964844,121.05999755859375,0
2002-11-19,122.16999816894531,122.4800033569336,120.79000091552734,120.94999694824219,0
2002-11-20,122.7300033569336,122.7699966430664,122.12000274658203,122.2300033569336,0
2002-11-21,122.6500015258789,122.94999694824219,121.87000274658203,122.75,0
2002-11-22,122.94999694824219,122.98999786376953,122.41000366210938,122.66000366210938,0
2002-11-25,122.05999755859375,123.18000030517578,121.70999908447266,123.08000183105469,0
2002-11-26,121.5199966430664,122.16999816894531,121.5,122.01000213623047,0
2002-11-27,122.36000061035156,122.41999816894531,121.30000305175781,121.55000305175781,0
2002-11-28,122.18000030517578,122.4000015258789,121.91999816894531,122.37000274658203,0
2002-11-29,122.47000122070312,122.75,122.13999938964844,122.16000366210938,0
2002-12-02,124.37000274658203,125.0,122.69000244140625,122.80999755859375,0
2002-12-03,124.19000244140625,124.80999755859375,124.12999725341797,124.3499984741211,0
2002-12-04,124.44999694824219,124.98999786376953,124.18000030517578,124.18000030517578,0
2002-12-05,124.70999908447266,125.72000122070312,124.38999938964844,124.44000244140625,0
2002-12-06,123.5199966430664,125.48999786376953,122.1500015258789,124.68000030517578,0
2002-12-09,123.36000061035156,123.5199966430664,122.37999725341797,123.30999755859375,0
2002-12-10,123.91999816894531,123.94999694824219,123.04000091552734,123.3499984741211,0
2002-12-11,123.72000122070312,124.05000305175781,123.06999969482422,123.91999816894531,0
2002-12-12,122.4800033569336,123.86000061035156,122.44000244140625,123.69999694824219,0
2002-12-13,120.43000030517578,122.8499984741211,120.30000305175781,122.5,0
2002-12-16,121.33000183105469,121.44999694824219,120.37999725341797,120.7300033569336,0
2002-12-17,121.62000274658203,121.68000030517578,120.19999694824219,121.36000061035156,0
2002-12-18,120.69000244140625,121.69000244140625,120.66000366210938,121.6500015258789,0
2002-12-19,120.52999877929688,121.25,120.33999633789062,120.68000030517578,0
2002-12-20,120.36000061035156,120.97000122070312,120.30000305175781,120.55999755859375,0
2002-12-23,120.38999938964844,120.7699966430664,119.7699966430664,120.44999694824219,0
2002-12-24,120.26000213623047,120.48999786376953,119.94999694824219,120.4000015258789,0
2002-12-25,120.33000183105469,120.47000122070312,120.19000244140625,120.25,0
2002-12-26,120.02999877929688,120.3499984741211,119.87999725341797,120.3499984741211,0
2002-12-27,119.86000061035156,120.16999816894531,119.79000091552734,120.06999969482422,0
2002-12-30,118.5,120.0,118.2699966430664,120.0,0
2002-12-31,118.69999694824219,118.81999969482422,118.37999725341797,118.48999786376953,0
2003-01-01,118.70999908447266,118.79000091552734,118.5999984741211,118.75,0
2003-01-02,120.20999908447266,120.25,118.58000183105469,118.73999786376953,0
2003-01-03,119.66999816894531,120.2699966430664,119.5199966430664,120.20999908447266,0
2003-01-06,119.36000061035156,119.87000274658203,118.51000213623047,119.73999786376953,0
2003-01-07,120.22000122070312,120.56999969482422,119.22000122070312,119.33000183105469,0
2003-01-08,119.11000061035156,120.41999816894531,118.62999725341797,120.20999908447266,0
2003-01-09,119.37999725341797,119.58000183105469,118.69000244140625,119.11000061035156,0
2003-01-10,119.30000305175781,120.02999877929688,119.0199966430664,119.4000015258789,0
2003-01-13,119.23999786376953,119.33000183105469,119.0199966430664,119.12000274658203,0
2003-01-14,118.0,119.16000366210938,117.5199966430664,118.9000015258789,0
2003-01-15,118.11000061035156,118.44000244140625,117.7300033569336,118.01000213623047,0
2003-01-16,117.81999969482422,118.31999969482422,117.62999725341797,118.12999725341797,0
2003-01-17,117.77999877929688,118.16999816894531,117.37999725341797,117.79000091552734,0
2003-01-20,118.01000213623047,118.31999969482422,117.83999633789062,117.94000244140625,0
2003-01-21,118.16000366210938,119.13999938964844,117.9800033569336,118.0199966430664,0
2003-01-22,118.33999633789062,118.5199966430664,117.91999816894531,118.13999938964844,0
2003-01-23,118.12000274658203,118.81999969482422,117.62000274658203,118.33000183105469,0
2003-01-24,117.80999755859375,118.18000030517578,117.51000213623047,118.12000274658203,0
2003-01-27,118.55000305175781,119.26000213623047,117.5,117.79000091552734,0
2003-01-28,118.68000030517578,118.94000244140625,118.30999755859375,118.55999755859375,0
2003-01-29,118.62999725341797,118.68000030517578,117.83000183105469,118.66999816894531,0
2003-01-30,119.04000091552734,119.47000122070312,118.41999816894531,118.62000274658203,0
2003-01-31,119.91000366210938,120.05999755859375,118.83000183105469,119.01000213623047,0
2003-02-03,120.30000305175781,120.87999725341797,119.7699966430664,119.87999725341797,0
2003-02-04,119.83999633789062,120.5,119.58000183105469,120.30999755859375,0
2003-02-05,120.13999938964844,120.31999969482422,119.0199966430664,119.83000183105469,0
2003-02-06,119.88999938964844,120.26000213623047,119.54000091552734,120.12999725341797,0
2003-02-07,120.22000122070312,120.41000366210938,119.56999969482422,119.91000366210938,0
2003-02-10,121.20999908447266,121.37999725341797,120.25,120.44000244140625,0
2003-02-11,120.94999694824219,121.76000213623047,120.9000015258789,121.19999694824219,0
2003-02-12,121.31999969482422,121.45999908447266,120.41999816894531,120.94999694824219,0
2003-02-13,120.33000183105469,121.33000183105469,120.19999694824219,121.30000305175781,0
2003-02-14,120.30000305175781,120.81999969482422,120.08999633789062,120.30999755859375,0
2003-02-17,120.20999908447266,120.77999877929688,119.95999908447266,120.51000213623047,0
2003-02-18,119.04000091552734,120.23999786376953,118.6500015258789,120.16999816894531,0
2003-02-19,118.68000030517578,119.19000244140625,118.54000091552734,119.04000091552734,0
2003-02-20,118.30000305175781,119.06999969482422,118.06999969482422,118.66999816894531,0
2003-02-21,118.61000061035156,118.88999938964844,118.18000030517578,118.31999969482422,0
2003-02-24,118.1500015258789,118.77999877929688,117.55999755859375,118.76000213623047,0
2003-02-25,117.45999908447266,118.2300033569336,116.95999908447266,118.1500015258789,0
2003-02-26,117.08999633789062,117.62000274658203,117.0199966430664,117.47000122070312,0
2003-02-27,117.70999908447266,117.77999877929688,116.77999877929688,117.05000305175781,0
2003-02-28,118.08999633789062,118.2699966430664,117.55000305175781,117.69999694824219,0
2003-03-03,117.6500015258789,118.27999877929688,117.06999969482422,118.25,0
2003-03-04,117.13999938964844,118.06999969482422,117.08999633789062,117.66000366210938,0
2003-03-05,117.29000091552734,117.58999633789062,117.0,117.16000366210938,0
2003-03-06,117.30000305175781,117.58000183105469,117.12000274658203,117.27999877929688,0
2003-03-07,117.05000305175781,117.47000122070312,116.33000183105469,117.30000305175781,0
2003-03-10,116.8499984741211,117.08000183105469,116.37999725341797,117.04000091552734,0
2003-03-11,117.12000274658203,117.29000091552734,116.62000274658203,116.83999633789062,0
2003-03-12,117.48999786376953,117.55000305175781,117.02999877929688,117.12999725341797,0
2003-03-13,118.66000366210938,118.73999786376953,117.47000122070312,117.48999786376953,0
2003-03-14,118.30000305175781,118.69000244140625,118.0,118.63999938964844,0
2003-03-17,118.80999755859375,118.94999694824219,117.54000091552734,117.69999694824219,0
2003-03-18,118.5999984741211,119.18000030517578,118.43000030517578,118.80999755859375,0
2003-03-19,120.05999755859375,120.62000274658203,118.54000091552734,118.58000183105469,0
2003-03-20,120.30000305175781,120.4800033569336,119.70999908447266,120.06999969482422,0
2003-03-21,121.45999908447266,121.86000061035156,120.20999908447266,120.30999755859375,0
2003-03-24,120.68000030517578,121.30000305175781,120.31999969482422,120.94999694824219,0
2003-03-25,119.91000366210938,120.73999786376953,119.41000366210938,120.70999908447266,0
2003-03-26,119.9800033569336,120.47000122070312,119.80999755859375,119.91000366210938,0
2003-03-27,119.97000122070312,120.02999877929688,119.55999755859375,119.9800033569336,0
2003-03-28,119.72000122070312,120.41000366210938,119.43000030517578,119.98999786376953,0
2003-03-31,118.01000213623047,120.1500015258789,117.81999969482422,119.79000091552734,0
2003-04-01,117.79000091552734,118.4800033569336,117.7699966430664,118.0,0
2003-04-02,119.13999938964844,119.23999786376953,117.5999984741211,117.7699966430664,0
2003-04-03,118.7300033569336,119.12999725341797,118.4800033569336,119.04000091552734,0
2003-04-04,119.94999694824219,120.19000244140625,119.12999725341797,119.31999969482422,0
2003-04-07,119.88999938964844,120.88999938964844,119.62999725341797,120.29000091552734,0
2003-04-08,119.70999908447266,120.1500015258789,119.4000015258789,119.86000061035156,0
2003-04-09,120.08000183105469,120.66000366210938,119.61000061035156,119.72000122070312,0
2003-04-10,119.54000091552734,120.27999877929688,119.11000061035156,120.08000183105469,0
2003-04-11,120.5199966430664,120.8499984741211,119.48999786376953,119.54000091552734,0
2003-04-14,120.29000091552734,120.80999755859375,119.91999816894531,120.62999725341797,0
2003-04-15,120.30999755859375,120.69000244140625,119.97000122070312,120.29000091552734,0
2003-04-16,119.55999755859375,120.56999969482422,119.26000213623047,120.30999755859375,0
2003-04-17,119.6500015258789,119.75,118.9000015258789,119.55000305175781,0
2003-04-18,119.80999755859375,119.80999755859375,119.56999969482422,119.66000366210938,0
2003-04-21,120.52999877929688,120.66000366210938,119.55000305175781,119.6500015258789,0
2003-04-22,119.87000274658203,120.73999786376953,119.31999969482422,120.5199966430664,0
2003-04-23,120.47000122070312,120.62000274658203,119.76000213623047,119.87999725341797,0
2003-04-24,119.76000213623047,120.68000030517578,119.47000122070312,120.45999908447266,0
2003-04-25,120.16000366210938,121.11000061035156,119.66999816894531,119.7699966430664,0
2003-04-28,120.4800033569336,120.48999786376953,119.8499984741211,120.27999877929688,0
2003-04-29,119.86000061035156,120.68000030517578,119.5999984741211,120.48999786376953,0
2003-04-30,118.81999969482422,119.94999694824219,118.56999969482422,119.88999938964844,0
2003-05-01,118.44999694824219,118.97000122070312,118.12000274658203,118.83000183105469,0
2003-05-02,119.02999877929688,119.26000213623047,118.37000274658203,118.47000122070312,0
2003-05-05,118.44999694824219,119.05999755859375,118.44000244140625,119.04000091552734,0
2003-05-06,117.58999633789062,118.7300033569336,117.2699966430664,118.47000122070312,0
2003-05-07,116.41999816894531,117.80999755859375,116.04000091552734,117.5999984741211,0
2003-05-08,117.08000183105469,117.19000244140625,115.97000122070312,116.44999694824219,0
2003-05-09,117.3499984741211,117.61000061035156,117.05000305175781,117.08999633789062,0
2003-05-12,117.0,117.11000061035156,116.27999877929688,117.08000183105469,0
2003-05-13,116.7699966430664,117.5199966430664,116.33000183105469,117.01000213623047,0
2003-05-14,116.20999908447266,116.8499984741211,115.55000305175781,116.7699966430664,0
2003-05-15,116.43000030517578,116.62000274658203,115.26000213623047,116.12999725341797,0
2003-05-16,116.01000213623047,116.5999984741211,115.83000183105469,116.44000244140625,0
2003-05-19,117.08000183105469,117.4800033569336,115.02999877929688,115.62999725341797,0
2003-05-20,116.63999938964844,117.38999938964844,116.56999969482422,117.05999755859375,0
2003-05-21,117.5999984741211,117.76000213623047,116.5,116.62999725341797,0
2003-05-22,117.25,117.77999877929688,116.87999725341797,117.58999633789062,0
2003-05-23,116.94999694824219,117.41000366210938,116.70999908447266,117.2699966430664,0
2003-05-26,116.86000061035156,117.38999938964844,116.63999938964844,116.95999908447266,0
2003-05-27,117.2699966430664,117.30999755859375,116.18000030517578,116.8499984741211,0
2003-05-28,118.55000305175781,118.91000366210938,116.93000030517578,117.2699966430664,0
2003-05-29,118.16999816894531,119.13999938964844,117.91000366210938,118.52999877929688,0
2003-05-30,119.30000305175781,119.62999725341797,118.08999633789062,118.1500015258789,0
2003-06-02,118.6500015258789,119.5199966430664,118.29000091552734,119.5,0
2003-06-03,119.13999938964844,119.33000183105469,118.2699966430664,118.63999938964844,0
2003-06-04,118.83000183105469,119.36000061035156,118.30999755859375,119.1500015258789,0
2003-06-05,117.72000122070312,118.91000366210938,117.30999755859375,118.8499984741211,0
2003-06-06,118.62999725341797,118.91000366210938,117.58000183105469,117.72000122070312,0
2003-06-09,118.18000030517578,118.54000091552734,117.69999694824219,118.41999816894531,0
2003-06-10,117.66999816894531,118.37000274658203,117.51000213623047,118.16999816894531,0
2003-06-11,117.69000244140625,118.12999725341797,117.41000366210938,117.69999694824219,0
2003-06-12,117.62000274658203,117.9800033569336,117.45999908447266,117.79000091552734,0
2003-06-13,117.38999938964844,117.87999725341797,117.13999938964844,117.62000274658203,0
2003-06-16,117.63999938964844,117.79000091552734,117.11000061035156,117.30000305175781,0
2003-06-17,118.08999633789062,118.41000366210938,117.4000015258789,117.62999725341797,0
2003-06-18,117.94000244140625,118.70999908447266,117.69999694824219,118.12000274658203,0
2003-06-19,118.44999694824219,119.0999984741211,117.91999816894531,117.91999816894531,0
2003-06-20,118.33000183105469,118.62000274658203,117.95999908447266,118.45999908447266,0
2003-06-23,117.70999908447266,118.5999984741211,117.44000244140625,118.48999786376953,0
2003-06-24,117.91999816894531,118.08999633789062,117.52999877929688,117.68000030517578,0
2003-06-25,117.93000030517578,118.13999938964844,117.29000091552734,117.93000030517578,0
2003-06-26,119.26000213623047,119.3499984741211,117.88999938964844,117.91999816894531,0
2003-06-27,119.52999877929688,119.94999694824219,119.26000213623047,119.76000213623047,0
2003-06-30,119.66999816894531,120.2300033569336,119.58999633789062,119.72000122070312,0
2003-07-01,119.23999786376953,119.94999694824219,118.97000122070312,119.66000366210938,0
2003-07-02,118.1500015258789,119.47000122070312,117.88999938964844,119.23999786376953,0
2003-07-03,118.16999816894531,118.5999984741211,117.83999633789062,118.16000366210938,0
2003-07-04,118.33000183105469,118.45999908447266,118.0999984741211,118.16999816894531,0
2003-07-07,118.08999633789062,118.31999969482422,117.80999755859375,118.0999984741211,0
2003-07-08,118.25,118.69000244140625,117.58999633789062,118.11000061035156,0
2003-07-09,117.80999755859375,118.44000244140625,117.5999984741211,118.29000091552734,0
2003-07-10,117.66999816894531,118.0199966430664,117.33999633789062,117.79000091552734,0
2003-07-11,117.91000366210938,118.0,117.5199966430664,117.6500015258789,0
2003-07-14,117.72000122070312,117.81999969482422,117.30000305175781,117.6500015258789,0
2003-07-15,117.86000061035156,118.0199966430664,116.62000274658203,117.69999694824219,0
2003-07-16,118.0199966430664,118.69000244140625,117.80000305175781,117.8499984741211,0
2003-07-17,118.81999969482422,118.91999816894531,117.81999969482422,118.01000213623047,0
2003-07-18,118.41999816894531,119.26000213623047,118.19999694824219,118.80000305175781,0
2003-07-21,118.55000305175781,118.77999877929688,118.20999908447266,118.70999908447266,0
2003-07-22,119.0199966430664,119.37999725341797,118.87999725341797,119.20999908447266,0
2003-07-23,118.72000122070312,119.11000061035156,118.58000183105469,119.0,0
2003-07-24,118.94999694824219,119.29000091552734,118.55000305175781,118.73999786376953,0
2003-07-25,118.76000213623047,119.27999877929688,118.54000091552734,119.05000305175781,0
2003-07-28,119.41000366210938,119.58000183105469,118.88999938964844,118.9000015258789,0
2003-07-29,119.81999969482422,119.93000030517578,119.0999984741211,119.41999816894531,0
2003-07-30,120.27999877929688,120.72000122070312,119.58999633789062,119.8499984741211,0
2003-07-31,120.55999755859375,120.5999984741211,119.72000122070312,120.26000213623047,0
2003-08-01,120.12999725341797,120.66000366210938,119.79000091552734,120.54000091552734,0
2003-08-04,120.30999755859375,120.58999633789062,119.69000244140625,120.11000061035156,0
2003-08-05,119.9000015258789,120.62999725341797,119.69999694824219,120.31999969482422,0
2003-08-06,120.19999694824219,120.43000030517578,119.69999694824219,119.87000274658203,0
2003-08-07,119.11000061035156,120.19999694824219,118.79000091552734,120.19999694824219,0
2003-08-08,119.02999877929688,119.2300033569336,118.80999755859375,119.12000274658203,0
2003-08-11,118.5,119.13999938964844,118.16999816894531,119.08999633789062,0
2003-08-12,118.5999984741211,118.80999755859375,118.30000305175781,118.48999786376953,0
2003-08-13,119.19999694824219,119.43000030517578,118.48999786376953,118.58000183105469,0
2003-08-14,118.97000122070312,119.66000366210938,118.80000305175781,119.1500015258789,0
2003-08-15,119.12999725341797,119.29000091552734,118.75,118.9800033569336,0
2003-08-18,119.4000015258789,119.73999786376953,119.02999877929688,119.12000274658203,0
2003-08-19,118.56999969482422,119.79000091552734,118.2300033569336,119.37999725341797,0
2003-08-20,118.05999755859375,118.73999786376953,117.77999877929688,118.58000183105469,0
2003-08-21,117.83000183105469,118.19999694824219,117.5199966430664,118.05999755859375,0
2003-08-22,117.48999786376953,118.06999969482422,117.30000305175781,117.83000183105469,0
2003-08-25,117.2300033569336,117.66999816894531,117.13999938964844,117.4800033569336,0
2003-08-26,117.30000305175781,117.7699966430664,117.19999694824219,117.25,0
2003-08-27,117.4800033569336,117.9800033569336,117.20999908447266,117.30999755859375,0
2003-08-28,117.31999969482422,117.5999984741211,117.19999694824219,117.48999786376953,0
2003-08-29,116.88999938964844,117.3499984741211,116.12999725341797,117.33999633789062,0
2003-09-01,116.5,116.77999877929688,116.33000183105469,116.66000366210938,0
2003-09-02,116.44000244140625,117.22000122070312,115.80999755859375,116.51000213623047,0
2003-09-03,115.91000366210938,116.55999755859375,115.83000183105469,116.44999694824219,0
2003-09-04,116.8499984741211,117.06999969482422,115.7300033569336,115.88999938964844,0
2003-09-05,116.79000091552734,117.1500015258789,116.43000030517578,116.83000183105469,0
2003-09-08,116.61000061035156,117.69000244140625,116.33000183105469,117.55000305175781,0
2003-09-09,116.80999755859375,116.95999908447266,116.0999984741211,116.62000274658203,0
2003-09-10,117.06999969482422,117.2300033569336,116.62000274658203,116.80999755859375,0
2003-09-11,117.08000183105469,117.30000305175781,116.66000366210938,117.08999633789062,0
2003-09-12,117.2699966430664,117.48999786376953,116.7300033569336,117.08999633789062,0
2003-09-15,117.41000366210938,117.6500015258789,117.22000122070312,117.2300033569336,0
2003-09-16,116.19000244140625,117.43000030517578,116.0,117.41999816894531,0
2003-09-17,116.11000061035156,116.4800033569336,115.8499984741211,116.19999694824219,0
2003-09-18,115.2300033569336,116.16000366210938,114.75,116.11000061035156,0
2003-09-19,113.91000366210938,115.48999786376953,113.56999969482422,115.22000122070312,0
2003-09-22,112.06999969482422,112.7300033569336,111.38999938964844,111.68000030517578,0
2003-09-23,112.2699966430664,112.36000061035156,110.9000015258789,112.12000274658203,0
2003-09-24,111.88999938964844,112.31999969482422,111.25,112.2699966430664,0
2003-09-25,112.0999984741211,112.31999969482422,111.44999694824219,111.87999725341797,0
2003-09-26,111.69000244140625,112.26000213623047,111.56999969482422,112.0999984741211,0
2003-09-29,110.81999969482422,111.7300033569336,110.61000061035156,111.51000213623047,0
2003-09-30,111.29000091552734,112.05999755859375,110.12000274658203,110.77999877929688,0
2003-10-01,111.2300033569336,111.41000366210938,110.5,111.27999877929688,0
2003-10-02,110.87000274658203,111.2699966430664,110.52999877929688,111.2699966430664,0
2003-10-03,110.80999755859375,111.01000213623047,110.23999786376953,110.91000366210938,0
2003-10-06,110.93000030517578,111.33000183105469,110.77999877929688,110.94000244140625,0
2003-10-07,109.91000366210938,111.1500015258789,109.33999633789062,110.93000030517578,0
2003-10-08,109.5199966430664,109.93000030517578,109.36000061035156,109.91000366210938,0
2003-10-09,109.0999984741211,109.58999633789062,108.91999816894531,109.51000213623047,0
2003-10-10,108.55999755859375,109.29000091552734,108.19999694824219,109.11000061035156,0
2003-10-13,108.9800033569336,109.0199966430664,108.2699966430664,108.44000244140625,0
2003-10-14,108.79000091552734,110.18000030517578,108.61000061035156,108.94999694824219,0
2003-10-15,109.51000213623047,109.76000213623047,108.76000213623047,108.77999877929688,0
2003-10-16,109.7699966430664,110.2699966430664,109.20999908447266,109.5199966430664,0
2003-10-17,109.30000305175781,109.98999786376953,109.23999786376953,109.73999786376953,0
2003-10-20,110.18000030517578,110.55999755859375,108.80000305175781,108.87000274658203,0
2003-10-21,109.55999755859375,110.30999755859375,109.4000015258789,110.19999694824219,0
2003-10-22,108.95999908447266,109.68000030517578,108.79000091552734,109.55999755859375,0
2003-10-23,109.41999816894531,109.80000305175781,108.83000183105469,108.95999908447266,0
2003-10-24,109.2300033569336,109.87999725341797,109.01000213623047,109.44999694824219,0
2003-10-27,108.43000030517578,108.75,108.29000091552734,108.62999725341797,0
2003-10-28,108.1500015258789,108.62000274658203,108.0999984741211,108.45999908447266,0
2003-10-29,108.22000122070312,108.3499984741211,107.83000183105469,108.1500015258789,0
2003-10-30,108.5999984741211,108.83000183105469,107.95999908447266,108.20999908447266,0
2003-10-31,110.0,110.19000244140625,108.61000061035156,108.62999725341797,0
2003-11-03,110.80000305175781,111.47000122070312,109.7300033569336,109.73999786376953,0
2003-11-04,109.55000305175781,110.80000305175781,109.41000366210938,110.77999877929688,0
2003-11-05,109.86000061035156,110.04000091552734,109.41999816894531,109.56999969482422,0
2003-11-06,110.16999816894531,110.30000305175781,109.80999755859375,109.87999725341797,0
2003-11-07,109.33000183105469,110.38999938964844,109.04000091552734,110.11000061035156,0
2003-11-10,108.7300033569336,109.62999725341797,107.83999633789062,109.54000091552734,0
2003-11-11,108.7699966430664,109.13999938964844,108.48999786376953,108.75,0
2003-11-12,108.68000030517578,109.12000274658203,108.44000244140625,108.75,0
2003-11-13,108.02999877929688,108.68000030517578,107.98999786376953,108.68000030517578,0
2003-11-14,108.30000305175781,108.52999877929688,107.9000015258789,108.05000305175781,0
2003-11-17,109.01000213623047,109.69000244140625,108.23999786376953,108.23999786376953,0
2003-11-18,108.05999755859375,109.11000061035156,107.91999816894531,109.0,0
2003-11-19,109.11000061035156,109.43000030517578,107.62000274658203,108.12999725341797,0
2003-11-20,109.0,109.16000366210938,108.6500015258789,109.08000183105469,0
2003-11-21,108.75,109.37999725341797,108.55000305175781,109.04000091552734,0
2003-11-24,109.37999725341797,109.47000122070312,108.77999877929688,108.83999633789062,0
2003-11-25,109.4000015258789,110.0199966430664,109.27999877929688,109.37000274658203,0
2003-11-26,109.05000305175781,109.76000213623047,108.88999938964844,109.37999725341797,0
2003-11-27,109.27999877929688,109.30000305175781,108.87000274658203,109.06999969482422,0
2003-11-28,109.62000274658203,109.63999938964844,109.12999725341797,109.26000213623047,0
2003-12-01,109.16999816894531,109.98999786376953,109.05000305175781,109.83000183105469,0
2003-12-02,108.7300033569336,109.77999877929688,108.4800033569336,109.18000030517578,0
2003-12-03,108.30000305175781,108.79000091552734,108.04000091552734,108.7300033569336,0
2003-12-04,108.2699966430664,108.45999908447266,107.9000015258789,108.30000305175781,0
2003-12-05,107.62000274658203,108.41999816894531,107.48999786376953,108.25,0
2003-12-08,107.41000366210938,107.76000213623047,107.08999633789062,107.54000091552734,0
2003-12-09,107.08999633789062,107.4800033569336,106.80999755859375,107.41999816894531,0
2003-12-10,108.37999725341797,108.66000366210938,107.05000305175781,107.08999633789062,0
2003-12-11,107.9800033569336,108.41999816894531,107.93000030517578,108.37999725341797,0
2003-12-12,107.68000030517578,108.02999877929688,107.61000061035156,107.9800033569336,0
2003-12-15,107.73999786376953,108.16000366210938,107.4000015258789,108.08999633789062,0
2003-12-16,107.51000213623047,107.81999969482422,107.37999725341797,107.7300033569336,0
2003-12-17,107.37999725341797,107.79000091552734,107.16999816894531,107.52999877929688,0
2003-12-18,107.6500015258789,108.05999755859375,107.25,107.37000274658203,0
2003-12-19,107.70999908447266,107.98999786376953,107.4800033569336,107.63999938964844,0
2003-12-22,107.48999786376953,107.91999816894531,107.27999877929688,107.88999938964844,0
2003-12-23,107.43000030517578,107.55000305175781,107.2300033569336,107.45999908447266,0
2003-12-24,107.26000213623047,107.52999877929688,107.11000061035156,107.41000366210938,0
2003-12-25,107.23999786376953,107.3499984741211,107.08999633789062,107.2699966430664,0
2003-12-26,107.44999694824219,107.51000213623047,106.91000366210938,107.22000122070312,0
2003-12-29,107.05000305175781,107.3499984741211,106.83000183105469,107.31999969482422,0
2003-12-30,106.95999908447266,107.16000366210938,106.86000061035156,107.06999969482422,0
2003-12-31,107.4000015258789,107.68000030517578,106.76000213623047,106.95999908447266,0
2004-01-01,107.30000305175781,107.47000122070312,106.94999694824219,106.94999694824219,0
2004-01-02,106.91000366210938,107.48999786376953,106.7300033569336,107.31999969482422,0
2004-01-05,106.23999786376953,107.31999969482422,106.01000213623047,106.93000030517578,0
2004-01-06,106.2300033569336,106.38999938964844,105.9800033569336,106.23999786376953,0
2004-01-07,106.18000030517578,106.41000366210938,105.95999908447266,106.22000122070312,0
2004-01-08,106.16999816894531,106.25,106.04000091552734,106.19000244140625,0
2004-01-09,106.58000183105469,108.20999908447266,106.11000061035156,106.18000030517578,0
2004-01-12,106.5999984741211,106.73999786376953,106.29000091552734,106.61000061035156,0
2004-01-13,106.23999786376953,106.5999984741211,106.12999725341797,106.5999984741211,0
2004-01-14,106.23999786376953,106.31999969482422,105.94999694824219,106.23999786376953,0
2004-01-15,106.2699966430664,106.44999694824219,105.9800033569336,106.19999694824219,0
2004-01-16,106.75,106.97000122070312,105.73999786376953,106.31999969482422,0
2004-01-19,107.2300033569336,107.44000244140625,106.44000244140625,106.63999938964844,0
2004-01-20,107.0,107.88999938964844,106.80999755859375,107.23999786376953,0
2004-01-21,106.80999755859375,107.25,106.62999725341797,107.04000091552734,0
2004-01-22,106.12999725341797,106.98999786376953,105.94000244140625,106.83999633789062,0
2004-01-23,106.75,106.81999969482422,105.7300033569336,106.16999816894531,0
2004-01-26,106.3499984741211,106.63999938964844,105.80000305175781,106.62999725341797,0
2004-01-27,105.62999725341797,106.37999725341797,105.44999694824219,106.37000274658203,0
2004-01-28,106.12999725341797,106.51000213623047,105.45999908447266,105.62999725341797,0
2004-01-29,105.91000366210938,106.20999908447266,105.63999938964844,106.12999725341797,0
2004-01-30,105.72000122070312,106.08999633789062,105.61000061035156,105.94000244140625,0
2004-02-02,105.5199966430664,105.73999786376953,105.37000274658203,105.63999938964844,0
2004-02-03,105.47000122070312,105.81999969482422,105.20999908447266,105.55000305175781,0
2004-02-04,105.44999694824219,105.62999725341797,105.2699966430664,105.48999786376953,0
2004-02-05,105.63999938964844,106.01000213623047,105.3499984741211,105.4800033569336,0
2004-02-06,105.44999694824219,106.7699966430664,105.31999969482422,105.58999633789062,0
2004-02-09,105.81999969482422,105.87000274658203,105.48999786376953,105.63999938964844,0
2004-02-10,105.58000183105469,105.87000274658203,105.25,105.80999755859375,0
2004-02-11,105.33999633789062,105.69000244140625,105.18000030517578,105.61000061035156,0
2004-02-12,105.30000305175781,105.5199966430664,105.2300033569336,105.33999633789062,0
2004-02-13,105.19999694824219,105.58999633789062,105.19000244140625,105.30999755859375,0
2004-02-16,105.44999694824219,105.55999755859375,105.29000091552734,105.44000244140625,0
2004-02-17,105.61000061035156,105.97000122070312,105.41999816894531,105.44999694824219,0
2004-02-18,106.33999633789062,107.11000061035156,105.5,105.58000183105469,0
2004-02-19,106.91000366210938,107.41000366210938,106.33000183105469,106.3499984741211,0
2004-02-20,108.94999694824219,109.25,106.9000015258789,106.94000244140625,0
2004-02-23,108.30000305175781,109.36000061035156,108.05999755859375,108.7699966430664,0
2004-02-24,108.19999694824219,108.7300033569336,107.9800033569336,108.27999877929688,0
2004-02-25,108.97000122070312,109.0999984741211,108.02999877929688,108.19999694824219,0
2004-02-26,109.4800033569336,109.80000305175781,108.76000213623047,108.95999908447266,0
2004-02-27,109.25,109.66999816894531,108.9000015258789,109.54000091552734,0
2004-03-01,108.91000366210938,109.4000015258789,108.86000061035156,109.08999633789062,0
2004-03-02,110.1500015258789,110.38999938964844,108.87000274658203,108.91999816894531,0
2004-03-03,110.11000061035156,110.48999786376953,109.97000122070312,110.13999938964844,0
2004-03-04,111.25,111.2699966430664,110.02999877929688,110.12000274658203,0
2004-03-05,112.0,112.23999786376953,110.91000366210938,111.23999786376953,0
2004-03-08,111.29000091552734,112.26000213623047,111.0999984741211,112.06999969482422,0
2004-03-09,111.45999908447266,111.58999633789062,110.30999755859375,111.33000183105469,0
2004-03-10,110.88999938964844,111.47000122070312,110.69000244140625,111.44999694824219,0
2004-03-11,110.83000183105469,111.06999969482422,110.43000030517578,110.91000366210938,0
2004-03-12,110.6500015258789,111.37000274658203,110.5999984741211,110.81999969482422,0
2004-03-15,110.30999755859375,111.04000091552734,109.36000061035156,110.77999877929688,0
2004-03-16,108.70999908447266,110.33999633789062,108.5999984741211,110.33999633789062,0
2004-03-17,108.26000213623047,108.94999694824219,107.95999908447266,108.66999816894531,0
2004-03-18,106.79000091552734,108.33999633789062,106.43000030517578,108.2699966430664,0
2004-03-19,106.66000366210938,107.29000091552734,106.56999969482422,106.79000091552734,0
2004-03-22,106.76000213623047,107.63999938964844,106.69999694824219,106.91000366210938,0
2004-03-23,106.76000213623047,106.94000244140625,106.47000122070312,106.73999786376953,0
2004-03-24,106.4000015258789,106.91000366210938,106.02999877929688,106.72000122070312,0
2004-03-25,106.12999725341797,106.41999816894531,105.76000213623047,106.41999816894531,0
2004-03-26,106.18000030517578,106.19000244140625,105.54000091552734,106.12999725341797,0
2004-03-29,105.45999908447266,105.91000366210938,105.2699966430664,105.2699966430664,0
2004-03-30,105.83999633789062,106.16000366210938,105.41999816894531,105.45999908447266,0
2004-03-31,104.20999908447266,105.88999938964844,103.54000091552734,105.83000183105469,0
2004-04-01,103.73999786376953,104.44999694824219,103.30000305175781,104.19999694824219,0
2004-04-02,104.61000061035156,104.66999816894531,103.68000030517578,103.72000122070312,0
2004-04-05,105.08999633789062,105.41999816894531,104.13999938964844,104.13999938964844,0
2004-04-06,105.76000213623047,106.97000122070312,104.94999694824219,105.06999969482422,0
2004-04-07,105.22000122070312,106.12000274658203,104.9800033569336,105.73999786376953,0
2004-04-08,106.41999816894531,106.43000030517578,105.13999938964844,105.2300033569336,0
2004-04-09,106.4000015258789,106.73999786376953,105.98999786376953,106.41999816894531,0
2004-04-12,105.3499984741211,106.41999816894531,105.16999816894531,106.2699966430664,0
2004-04-13,106.81999969482422,106.97000122070312,105.05000305175781,105.3499984741211,0
2004-04-14,108.66999816894531,108.95999908447266,106.72000122070312,106.81999969482422,0
2004-04-15,108.20999908447266,109.12000274658203,108.05000305175781,108.6500015258789,0
2004-04-16,107.80000305175781,108.8499984741211,107.56999969482422,108.19000244140625,0
2004-04-19,108.38999938964844,108.6500015258789,107.62999725341797,107.7699966430664,0
2004-04-20,108.95999908447266,109.06999969482422,107.70999908447266,108.19000244140625,0
2004-04-21,109.3499984741211,109.75,108.58000183105469,108.93000030517578,0
2004-04-22,109.37999725341797,109.86000061035156,109.13999938964844,109.33999633789062,0
2004-04-23,109.16000366210938,109.7699966430664,108.62999725341797,109.41999816894531,0
2004-04-26,108.62999725341797,109.31999969482422,108.30000305175781,109.16000366210938,0
2004-04-27,109.5199966430664,109.80000305175781,108.36000061035156,108.5999984741211,0
2004-04-28,110.0199966430664,110.16999816894531,108.76000213623047,109.55000305175781,0
2004-04-29,109.93000030517578,110.86000061035156,109.63999938964844,110.04000091552734,0
2004-04-30,110.37000274658203,110.5999984741211,109.83999633789062,109.94000244140625,0
2004-05-03,110.16000366210938,110.66999816894531,109.80000305175781,110.38999938964844,0
2004-05-04,109.55000305175781,110.55999755859375,109.23999786376953,110.18000030517578,0
2004-05-05,108.81999969482422,109.55999755859375,108.30999755859375,109.51000213623047,0
2004-05-06,109.73999786376953,109.86000061035156,108.63999938964844,108.83999633789062,0
2004-05-07,112.30999755859375,112.44000244140625,109.69999694824219,109.76000213623047,0
2004-05-10,113.7300033569336,114.08999633789062,112.23999786376953,112.23999786376953,0
2004-05-11,112.94000244140625,113.83000183105469,112.87000274658203,113.7300033569336,0
2004-05-12,112.97000122070312,113.44000244140625,112.43000030517578,112.93000030517578,0
2004-05-13,114.58999633789062,114.6500015258789,112.8499984741211,113.0,0
2004-05-14,114.11000061035156,114.83999633789062,114.0199966430664,114.58999633789062,0
2004-05-17,114.43000030517578,114.58000183105469,113.05999755859375,114.37000274658203,0
2004-05-18,114.08999633789062,114.66999816894531,113.38999938964844,114.43000030517578,0
2004-05-19,112.8499984741211,114.0999984741211,112.43000030517578,114.08000183105469,0
2004-05-20,112.7300033569336,113.8499984741211,112.58999633789062,112.86000061035156,0
2004-05-21,112.33999633789062,113.0199966430664,111.75,112.70999908447266,0
2004-05-24,113.12000274658203,113.2300033569336,112.08999633789062,112.36000061035156,0
2004-05-25,111.80999755859375,113.29000091552734,111.66999816894531,113.11000061035156,0
2004-05-26,111.86000061035156,111.97000122070312,111.23999786376953,111.80000305175781,0
2004-05-27,111.06999969482422,112.06999969482422,110.69000244140625,111.87999725341797,0
2004-05-28,109.97000122070312,111.05000305175781,109.97000122070312,111.05000305175781,0
2004-05-31,109.5199966430664,110.4000015258789,109.05000305175781,110.29000091552734,0
2004-06-01,110.41999816894531,110.70999908447266,109.2300033569336,109.5,0
2004-06-02,109.8499984741211,110.87999725341797,109.79000091552734,110.4000015258789,0
2004-06-03,111.16000366210938,111.44000244140625,109.80000305175781,109.83000183105469,0
2004-06-04,111.26000213623047,111.51000213623047,110.56999969482422,111.12999725341797,0
2004-06-07,109.62000274658203,110.9800033569336,109.4800033569336,110.94999694824219,0
2004-06-08,109.52999877929688,110.08999633789062,109.45999908447266,109.63999938964844,0
2004-06-09,110.38999938964844,110.54000091552734,108.63999938964844,109.52999877929688,0
2004-06-10,109.2699966430664,110.51000213623047,109.13999938964844,110.38999938964844,0
2004-06-11,110.12999725341797,110.44000244140625,109.26000213623047,109.26000213623047,0
2004-06-14,110.98999786376953,111.43000030517578,110.06999969482422,110.26000213623047,0
2004-06-15,109.41000366210938,111.3499984741211,109.30999755859375,110.98999786376953,0
2004-06-16,110.08999633789062,110.22000122070312,109.2300033569336,109.41000366210938,0
2004-06-17,109.58000183105469,110.18000030517578,108.94000244140625,110.0999984741211,0
2004-06-18,108.72000122070312,109.69999694824219,108.52999877929688,109.61000061035156,0
2004-06-21,108.68000030517578,108.94999694824219,108.23999786376953,108.68000030517578,0
2004-06-22,109.19000244140625,109.37000274658203,108.37999725341797,108.66000366210938,0
2004-06-23,108.20999908447266,109.18000030517578,108.1500015258789,109.18000030517578,0
2004-06-24,107.19000244140625,108.41999816894531,107.0,108.25,0
2004-06-25,107.5999984741211,107.97000122070312,107.11000061035156,107.19000244140625,0
2004-06-28,107.98999786376953,108.29000091552734,107.44000244140625,107.5,0
2004-06-29,108.19000244140625,108.72000122070312,107.81999969482422,108.0,0
2004-06-30,108.87000274658203,109.5199966430664,108.19000244140625,108.19000244140625,0
2004-07-01,108.47000122070312,108.87000274658203,107.87000274658203,108.8499984741211,0
2004-07-02,108.26000213623047,109.29000091552734,108.06999969482422,108.45999908447266,0
2004-07-05,109.01000213623047,109.19000244140625,108.25,108.25,0
2004-07-06,109.41000366210938,109.68000030517578,108.9000015258789,109.0199966430664,0
2004-07-07,108.5199966430664,109.47000122070312,108.19000244140625,109.41999816894531,0
2004-07-08,108.8499984741211,109.11000061035156,108.37999725341797,108.51000213623047,0
2004-07-09,108.18000030517578,108.93000030517578,107.93000030517578,108.87000274658203,0
2004-07-12,108.30999755859375,108.38999938964844,107.56999969482422,107.68000030517578,0
2004-07-13,108.41999816894531,109.36000061035156,108.18000030517578,108.33000183105469,0
2004-07-14,109.1500015258789,109.4000015258789,108.4000015258789,108.4000015258789,0
2004-07-15,109.76000213623047,109.94999694824219,109.0,109.16000366210938,0
2004-07-16,108.7300033569336,109.97000122070312,108.55999755859375,109.76000213623047,0
2004-07-19,108.2699966430664,108.80000305175781,108.08000183105469,108.77999877929688,0
2004-07-20,108.48999786376953,108.7699966430664,108.0999984741211,108.26000213623047,0
2004-07-21,109.87000274658203,110.26000213623047,108.3499984741211,108.5,0
2004-07-22,109.76000213623047,109.91000366210938,109.2699966430664,109.86000061035156,0
2004-07-23,110.1500015258789,110.2300033569336,109.62000274658203,109.75,0
2004-07-26,109.87000274658203,110.12999725341797,109.44000244140625,110.12000274658203,0
2004-07-27,110.87999725341797,111.16000366210938,109.5999984741211,109.86000061035156,0
2004-07-28,111.75,111.87999725341797,110.80000305175781,110.9000015258789,0
2004-07-29,112.11000061035156,112.47000122070312,111.48999786376953,111.75,0
2004-07-30,111.36000061035156,112.16000366210938,111.11000061035156,112.0999984741211,0
2004-08-02,110.8499984741211,111.38999938964844,110.61000061035156,111.19999694824219,0
2004-08-03,110.6500015258789,111.12999725341797,110.44000244140625,110.83000183105469,0
2004-08-04,111.0,111.69000244140625,110.5199966430664,110.6500015258789,0
2004-08-05,111.75,111.81999969482422,110.81999969482422,110.94000244140625,0
2004-08-06,110.51000213623047,111.87000274658203,109.86000061035156,111.75,0
2004-08-09,110.6500015258789,110.9000015258789,110.12000274658203,110.54000091552734,0
2004-08-10,111.22000122070312,111.43000030517578,110.41000366210938,110.6500015258789,0
2004-08-11,110.76000213623047,111.41999816894531,110.62999725341797,111.22000122070312,0
2004-08-12,110.87999725341797,111.22000122070312,110.44999694824219,110.7699966430664,0
2004-08-13,110.69999694824219,111.97000122070312,110.5,110.87999725341797,0
2004-08-16,110.38999938964844,110.95999908447266,110.3499984741211,110.5,0
2004-08-17,109.94999694824219,110.58999633789062,109.80000305175781,110.4000015258789,0
2004-08-18,109.43000030517578,110.13999938964844,109.27999877929688,109.97000122070312,0
2004-08-19,109.36000061035156,109.58999633789062,109.05999755859375,109.43000030517578,0
2004-08-20,109.11000061035156,109.69000244140625,108.9800033569336,109.37000274658203,0
2004-08-23,109.73999786376953,109.88999938964844,109.12000274658203,109.27999877929688,0
2004-08-24,109.69000244140625,110.0199966430664,109.41999816894531,109.73999786376953,0
2004-08-25,110.0999984741211,110.44000244140625,109.43000030517578,109.69000244140625,0
2004-08-26,109.62000274658203,110.25,109.3499984741211,110.06999969482422,0
2004-08-27,109.66000366210938,109.73999786376953,109.08000183105469,109.63999938964844,0
2004-08-30,109.91999816894531,110.37000274658203,109.54000091552734,109.7300033569336,0
2004-08-31,109.16999816894531,110.19000244140625,108.76000213623047,109.94000244140625,0
2004-09-01,109.36000061035156,109.66000366210938,108.94999694824219,109.16000366210938,0
2004-09-02,109.5,109.5999984741211,109.2300033569336,109.37000274658203,0
2004-09-03,110.41000366210938,110.69000244140625,109.12000274658203,109.5,0
2004-09-06,110.1500015258789,110.55000305175781,109.94000244140625,110.55000305175781,0
2004-09-07,109.37000274658203,110.18000030517578,109.23999786376953,110.18000030517578,0
2004-09-08,109.20999908447266,109.7699966430664,109.08000183105469,109.37999725341797,0
2004-09-09,109.38999938964844,110.0,109.13999938964844,109.19000244140625,0
2004-09-10,109.58000183105469,110.27999877929688,109.19999694824219,109.4000015258789,0
2004-09-13,110.05000305175781,110.30999755859375,109.30000305175781,109.3499984741211,0
2004-09-14,109.54000091552734,110.0999984741211,109.36000061035156,110.02999877929688,0
2004-09-15,110.0199966430664,110.37999725341797,109.30000305175781,109.52999877929688,0
2004-09-16,109.61000061035156,110.05999755859375,109.4800033569336,110.05000305175781,0
2004-09-17,109.69999694824219,110.22000122070312,109.36000061035156,109.58000183105469,0
2004-09-20,109.91000366210938,110.13999938964844,109.69000244140625,109.9800033569336,0
2004-09-21,109.77999877929688,110.16000366210938,109.58999633789062,109.91000366210938,0
2004-09-22,110.5999984741211,110.70999908447266,109.5999984741211,109.76000213623047,0
2004-09-23,110.73999786376953,110.87000274658203,110.26000213623047,110.58999633789062,0
2004-09-24,110.54000091552734,110.8499984741211,110.33000183105469,110.70999908447266,0
2004-09-27,111.16999816894531,111.3499984741211,110.4800033569336,110.62999725341797,0
2004-09-28,111.30999755859375,111.68000030517578,111.13999938964844,111.18000030517578,0
2004-09-29,111.0199966430664,111.37999725341797,110.66999816894531,111.30999755859375,0
2004-09-30,110.08000183105469,111.2300033569336,109.81999969482422,111.02999877929688,0
2004-10-01,110.4800033569336,110.55999755859375,109.83999633789062,110.06999969482422,0
2004-10-04,110.8499984741211,111.19000244140625,110.5,110.66000366210938,0
2004-10-05,111.05999755859375,111.33000183105469,110.68000030517578,110.87000274658203,0
2004-10-06,111.33999633789062,111.44000244140625,110.98999786376953,111.05000305175781,0
2004-10-07,111.11000061035156,111.41000366210938,110.97000122070312,111.31999969482422,0
2004-10-08,109.5,111.25,109.30999755859375,111.12999725341797,0
2004-10-11,109.37000274658203,109.56999969482422,109.12999725341797,109.48999786376953,0
2004-10-12,109.66999816894531,110.04000091552734,109.33999633789062,109.4000015258789,0
2004-10-13,109.66999816894531,110.16000366210938,109.41000366210938,109.6500015258789,0
2004-10-14,109.6500015258789,109.81999969482422,109.18000030517578,109.69000244140625,0
2004-10-15,109.37000274658203,109.6500015258789,108.80000305175781,109.62999725341797,0
2004-10-18,109.3499984741211,109.55999755859375,109.13999938964844,109.22000122070312,0
2004-10-19,108.3499984741211,109.43000030517578,108.23999786376953,109.3499984741211,0
2004-10-20,108.30000305175781,108.66000366210938,108.11000061035156,108.33999633789062,0
2004-10-21,107.41000366210938,108.37999725341797,107.33000183105469,108.26000213623047,0
2004-10-22,107.5199966430664,107.7300033569336,107.1500015258789,107.43000030517578,0
2004-10-25,106.5999984741211,107.2300033569336,106.20999908447266,107.20999908447266,0
2004-10-26,106.68000030517578,106.97000122070312,106.43000030517578,106.5999984741211,0
2004-10-27,106.6500015258789,107.11000061035156,106.25,106.68000030517578,0
2004-10-29,105.72000122070312,106.83999633789062,105.69999694824219,106.62000274658203,0
2004-11-01,106.44999694824219,106.5999984741211,105.77999877929688,105.80000305175781,0
2004-11-02,106.06999969482422,106.70999908447266,105.9800033569336,106.44000244140625,0
2004-11-03,106.12000274658203,106.87999725341797,105.97000122070312,106.06999969482422,0
2004-11-04,106.08000183105469,106.47000122070312,105.73999786376953,106.12999725341797,0
2004-11-05,105.48999786376953,106.5,105.48999786376953,106.13999938964844,0
2004-11-08,105.62000274658203,105.76000213623047,105.29000091552734,105.54000091552734,0
2004-11-09,105.75,105.87999725341797,105.5,105.62999725341797,0
2004-11-10,106.97000122070312,107.27999877929688,105.69999694824219,105.75,0
2004-11-11,106.68000030517578,107.04000091552734,106.41000366210938,106.94999694824219,0
2004-11-12,105.6500015258789,106.73999786376953,105.30999755859375,106.70999908447266,0
2004-11-15,105.41000366210938,105.58000183105469,105.13999938964844,105.43000030517578,0
2004-11-16,105.41999816894531,105.61000061035156,105.19000244140625,105.38999938964844,0
2004-11-17,104.05000305175781,105.47000122070312,103.80000305175781,105.41999816894531,0
2004-11-18,104.30000305175781,104.41000366210938,103.62999725341797,104.05999755859375,0
2004-11-19,103.08000183105469,104.3499984741211,102.72000122070312,104.31999969482422,0
2004-11-22,103.16000366210938,103.37000274658203,102.9800033569336,103.16000366210938,0
2004-11-23,103.33000183105469,103.6500015258789,102.91000366210938,103.13999938964844,0
2004-11-24,102.83999633789062,103.66999816894531,102.55999755859375,103.30999755859375,0
2004-11-25,102.5199966430664,102.98999786376953,102.36000061035156,102.83000183105469,0
2004-11-26,102.52999877929688,103.29000091552734,102.16999816894531,102.51000213623047,0
2004-11-29,103.02999877929688,103.0999984741211,102.5,102.75,0
2004-11-30,102.9000015258789,103.33999633789062,102.47000122070312,103.02999877929688,0
2004-12-01,102.51000213623047,102.98999786376953,102.48999786376953,102.88999938964844,0
2004-12-02,103.0999984741211,103.30000305175781,101.9000015258789,102.5,0
2004-12-03,102.08999633789062,103.58000183105469,102.0199966430664,103.08999633789062,0
2004-12-06,103.12999725341797,103.3499984741211,102.04000091552734,102.04000091552734,0
2004-12-07,102.86000061035156,103.1500015258789,102.41000366210938,103.12999725341797,0
2004-12-08,104.02999877929688,104.77999877929688,102.8499984741211,102.8499984741211,0
2004-12-09,104.68000030517578,104.95999908447266,103.87000274658203,104.01000213623047,0
2004-12-10,105.0199966430664,106.16000366210938,104.68000030517578,104.69000244140625,0
2004-12-13,104.69000244140625,105.41999816894531,104.5199966430664,105.41999816894531,0
2004-12-14,105.19999694824219,105.75,104.62999725341797,104.63999938964844,0
2004-12-15,104.25,105.68000030517578,103.98999786376953,105.19000244140625,0
2004-12-16,104.58000183105469,104.95999908447266,103.45999908447266,104.26000213623047,0
2004-12-17,104.1500015258789,104.69999694824219,104.06999969482422,104.58999633789062,0
2004-12-20,104.1500015258789,104.47000122070312,103.87000274658203,104.18000030517578,0
2004-12-21,104.30000305175781,104.62999725341797,103.7300033569336,104.12999725341797,0
2004-12-22,104.16000366210938,104.44000244140625,103.9000015258789,104.30999755859375,0
2004-12-23,103.55000305175781,104.1500015258789,103.52999877929688,104.13999938964844,0
2004-12-24,103.6500015258789,103.77999877929688,103.44000244140625,103.54000091552734,0
2004-12-27,102.88999938964844,104.05999755859375,102.70999908447266,103.72000122070312,0
2004-12-28,103.19000244140625,103.30999755859375,102.88999938964844,102.88999938964844,0
2004-12-29,103.94000244140625,104.2300033569336,103.13999938964844,103.16999816894531,0
2004-12-30,102.91000366210938,104.19999694824219,102.86000061035156,103.91999816894531,0
2004-12-31,102.51000213623047,102.94999694824219,102.30999755859375,102.9000015258789,0
2005-01-03,102.73999786376953,103.43000030517578,102.3499984741211,102.5199966430664,0
2005-01-04,104.33999633789062,104.73999786376953,102.45999908447266,102.7300033569336,0
2005-01-05,103.93000030517578,104.97000122070312,103.7699966430664,104.33000183105469,0
2005-01-06,104.88999938964844,105.12999725341797,103.95999908447266,103.95999908447266,0
2005-01-07,104.88999938964844,105.11000061035156,103.88999938964844,104.87000274658203,0
2005-01-10,104.16999816894531,104.80000305175781,104.06999969482422,104.68000030517578,0
2005-01-11,103.41999816894531,104.26000213623047,103.12000274658203,104.18000030517578,0
2005-01-12,102.44000244140625,103.52999877929688,102.18000030517578,103.41999816894531,0
2005-01-13,102.45999908447266,102.75,102.2300033569336,102.44999694824219,0
2005-01-14,101.9800033569336,103.11000061035156,101.80000305175781,102.45999908447266,0
2005-01-17,102.26000213623047,102.30000305175781,101.66000366210938,102.0199966430664,0
2005-01-18,102.26000213623047,102.97000122070312,102.1500015258789,102.26000213623047,0
2005-01-19,102.91000366210938,102.95999908447266,102.01000213623047,102.23999786376953,0
2005-01-20,103.37000274658203,103.54000091552734,102.4800033569336,102.87999725341797,0
2005-01-21,102.61000061035156,103.91000366210938,102.58999633789062,103.3499984741211,0
2005-01-24,102.58000183105469,102.9800033569336,102.48999786376953,102.80999755859375,0
2005-01-25,104.0199966430664,104.29000091552734,102.55999755859375,102.55999755859375,0
2005-01-26,103.06999969482422,104.0199966430664,102.76000213623047,104.01000213623047,0
2005-01-27,102.8499984741211,103.48999786376953,102.37999725341797,103.08000183105469,0
2005-01-28,102.7300033569336,103.61000061035156,102.83000183105469,102.86000061035156,0
2005-01-31,103.5999984741211,103.77999877929688,103.3499984741211,103.58999633789062,0
2005-02-01,103.63999938964844,104.06999969482422,103.48999786376953,103.61000061035156,0
2005-02-02,103.66000366210938,104.05999755859375,103.3499984741211,103.63999938964844,0
2005-02-03,104.45999908447266,104.69000244140625,103.63999938964844,103.6500015258789,0
2005-02-04,104.04000091552734,104.58999633789062,103.51000213623047,104.47000122070312,0
2005-02-07,104.81999969482422,105.0,104.05999755859375,104.30999755859375,0
2005-02-08,105.70999908447266,105.93000030517578,104.79000091552734,104.81999969482422,0
2005-02-09,105.58999633789062,105.94999694824219,105.33000183105469,105.68000030517578,0
2005-02-10,105.81999969482422,106.69000244140625,105.37999725341797,105.61000061035156,0
2005-02-11,105.75,105.86000061035156,105.48999786376953,105.81999969482422,0
2005-02-14,105.0999984741211,105.44999694824219,104.63999938964844,105.44999694824219,0
2005-02-15,104.55000305175781,105.36000061035156,104.29000091552734,105.0999984741211,0
2005-02-16,105.4800033569336,105.66999816894531,104.55000305175781,104.55000305175781,0
2005-02-17,105.4800033569336,105.7699966430664,105.18000030517578,105.5,0
2005-02-18,105.62999725341797,105.86000061035156,105.19999694824219,105.48999786376953,0
2005-02-21,105.44000244140625,105.77999877929688,105.4000015258789,105.61000061035156,0
2005-02-22,104.2300033569336,105.58999633789062,103.81999969482422,105.44000244140625,0
2005-02-23,105.05000305175781,105.08000183105469,104.16000366210938,104.22000122070312,0
2005-02-24,105.5,105.55999755859375,104.5999984741211,105.04000091552734,0
2005-02-25,105.23999786376953,105.4800033569336,105.02999877929688,105.43000030517578,0
2005-02-28,104.52999877929688,104.8499984741211,104.08999633789062,104.83000183105469,0
2005-03-01,104.44999694824219,104.73999786376953,104.18000030517578,104.55000305175781,0
2005-03-02,104.7699966430664,105.08000183105469,104.41999816894531,104.47000122070312,0
2005-03-03,105.29000091552734,105.36000061035156,104.7300033569336,104.76000213623047,0
2005-03-04,104.79000091552734,105.51000213623047,104.33000183105469,105.30999755859375,0
2005-03-07,105.08999633789062,105.3499984741211,104.5199966430664,104.58999633789062,0
2005-03-08,104.56999969482422,105.16000366210938,104.33000183105469,105.08000183105469,0
2005-03-09,104.01000213623047,104.7300033569336,103.6500015258789,104.55000305175781,0
2005-03-10,103.93000030517578,104.2699966430664,103.70999908447266,104.01000213623047,0
2005-03-11,104.08000183105469,104.27999877929688,103.72000122070312,103.93000030517578,0
2005-03-14,104.93000030517578,105.16999816894531,103.80000305175781,103.80999755859375,0
2005-03-15,104.54000091552734,104.97000122070312,104.13999938964844,104.91999816894531,0
2005-03-16,104.19000244140625,104.66999816894531,103.9000015258789,104.54000091552734,0
2005-03-17,104.52999877929688,104.83999633789062,104.12000274658203,104.19999694824219,0
2005-03-18,104.70999908447266,105.0,104.54000091552734,104.54000091552734,0
2005-03-21,105.20999908447266,105.4800033569336,104.63999938964844,104.66000366210938,0
2005-03-22,105.5999984741211,105.66000366210938,104.8499984741211,105.19999694824219,0
2005-03-23,105.91000366210938,106.1500015258789,105.25,105.5999984741211,0
2005-03-24,106.41999816894531,106.54000091552734,105.9000015258789,105.91999816894531,0
2005-03-25,106.36000061035156,106.48999786376953,106.26000213623047,106.41999816894531,0
2005-03-28,107.23999786376953,107.31999969482422,106.3499984741211,106.3499984741211,0
2005-03-29,107.33000183105469,107.58999633789062,106.97000122070312,107.2300033569336,0
2005-03-30,107.52999877929688,107.62999725341797,107.11000061035156,107.33999633789062,0
2005-03-31,107.13999938964844,107.55000305175781,106.62999725341797,107.5199966430664,0
2005-04-01,107.66000366210938,107.75,106.7699966430664,107.1500015258789,0
2005-04-04,108.27999877929688,108.37999725341797,107.58000183105469,107.6500015258789,0
2005-04-05,108.2699966430664,108.83000183105469,108.05999755859375,108.29000091552734,0
2005-04-06,108.68000030517578,108.76000213623047,107.83999633789062,108.25,0
2005-04-07,108.58999633789062,108.7699966430664,108.08999633789062,108.66999816894531,0
2005-04-08,108.16000366210938,108.86000061035156,108.13999938964844,108.61000061035156,0
2005-04-11,107.7300033569336,108.5,107.62000274658203,108.3499984741211,0
2005-04-12,107.80000305175781,108.44999694824219,107.51000213623047,107.7300033569336,0
2005-04-13,107.31999969482422,107.81999969482422,107.12999725341797,107.79000091552734,0
2005-04-14,108.30000305175781,108.4000015258789,107.26000213623047,107.31999969482422,0
2005-04-15,107.70999908447266,108.4800033569336,107.43000030517578,108.29000091552734,0
2005-04-18,107.43000030517578,108.0199966430664,107.26000213623047,107.66999816894531,0
2005-04-19,106.86000061035156,107.5,106.69999694824219,107.41999816894531,0
2005-04-20,106.8499984741211,107.4800033569336,106.5999984741211,106.87999725341797,0
2005-04-21,106.7699966430664,107.4000015258789,106.68000030517578,106.86000061035156,0
2005-04-22,105.94999694824219,106.94000244140625,105.73999786376953,106.7699966430664,0
2005-04-25,105.70999908447266,106.04000091552734,105.52999877929688,105.56999969482422,0
2005-04-26,106.12000274658203,106.13999938964844,105.56999969482422,105.69999694824219,0
2005-04-27,105.93000030517578,106.3499984741211,105.68000030517578,106.08999633789062,0
2005-04-28,106.04000091552734,106.26000213623047,105.6500015258789,105.93000030517578,0
2005-04-29,104.6500015258789,106.0999984741211,104.5999984741211,106.04000091552734,0
2005-05-02,105.0999984741211,105.41000366210938,104.9000015258789,105.12000274658203,0
2005-05-03,104.87000274658203,105.31999969482422,104.83999633789062,105.08999633789062,0
2005-05-04,104.5199966430664,104.98999786376953,104.19999694824219,104.8499984741211,0
2005-05-05,104.51000213623047,104.66999816894531,104.25,104.51000213623047,0
2005-05-06,105.06999969482422,105.06999969482422,104.5,104.51000213623047,0
2005-05-09,105.70999908447266,105.72000122070312,105.16000366210938,105.2300033569336,0
2005-05-10,105.45999908447266,105.94999694824219,105.36000061035156,105.73999786376953,0
2005-05-11,105.75,105.91000366210938,105.01000213623047,105.47000122070312,0
2005-05-12,106.81999969482422,106.9000015258789,105.68000030517578,105.76000213623047,0
2005-05-13,107.30999755859375,107.41000366210938,106.66000366210938,106.80999755859375,0
2005-05-16,106.8499984741211,107.76000213623047,106.69999694824219,107.38999938964844,0
2005-05-17,107.43000030517578,107.54000091552734,106.55000305175781,106.83999633789062,0
2005-05-18,107.01000213623047,107.76000213623047,106.75,107.43000030517578,0
2005-05-19,107.5999984741211,107.66999816894531,106.94000244140625,107.02999877929688,0
2005-05-20,108.1500015258789,108.27999877929688,107.33999633789062,107.58000183105469,0
2005-05-23,107.76000213623047,108.2699966430664,107.52999877929688,108.12000274658203,0
2005-05-24,107.58999633789062,107.77999877929688,107.22000122070312,107.75,0
2005-05-25,107.68000030517578,107.86000061035156,107.26000213623047,107.5999984741211,0
2005-05-26,108.02999877929688,108.25,107.62999725341797,107.69000244140625,0
2005-05-27,107.9800033569336,108.06999969482422,107.7300033569336,108.0199966430664,0
2005-05-30,107.95999908447266,108.13999938964844,107.7300033569336,108.06999969482422,0
2005-05-31,108.4000015258789,108.55999755859375,107.69999694824219,107.94999694824219,0
2005-06-01,108.66000366210938,108.83000183105469,108.12999725341797,108.41000366210938,0
2005-06-02,108.20999908447266,108.68000030517578,108.0999984741211,108.6500015258789,0
2005-06-03,107.63999938964844,108.2699966430664,107.48999786376953,108.20999908447266,0
2005-06-06,106.87000274658203,107.81999969482422,106.69999694824219,107.75,0
2005-06-07,106.62999725341797,107.0199966430664,106.48999786376953,106.87000274658203,0
2005-06-08,107.22000122070312,107.37000274658203,106.52999877929688,106.63999938964844,0
2005-06-09,107.4800033569336,107.70999908447266,107.06999969482422,107.22000122070312,0
2005-06-10,108.6500015258789,108.69000244140625,107.30999755859375,107.44000244140625,0
2005-06-13,109.44999694824219,109.66000366210938,108.43000030517578,108.58999633789062,0
2005-06-14,109.4000015258789,109.58000183105469,109.06999969482422,109.44999694824219,0
2005-06-15,109.16999816894531,109.69000244140625,109.12000274658203,109.41999816894531,0
2005-06-16,108.95999908447266,109.37999725341797,108.72000122070312,109.16999816894531,0
2005-06-17,108.52999877929688,109.05000305175781,108.5,108.95999908447266,0
2005-06-20,109.3499984741211,109.55999755859375,108.61000061035156,108.8499984741211,0
2005-06-21,108.41000366210938,109.47000122070312,108.13999938964844,109.36000061035156,0
2005-06-22,108.76000213623047,109.11000061035156,108.36000061035156,108.4000015258789,0
2005-06-23,108.91999816894531,108.9800033569336,108.4000015258789,108.7699966430664,0
2005-06-24,108.97000122070312,109.36000061035156,108.87000274658203,108.94000244140625,0
2005-06-27,109.27999877929688,109.41999816894531,109.12999725341797,109.18000030517578,0
2005-06-28,109.7699966430664,110.05000305175781,109.54000091552734,109.61000061035156,0
2005-06-29,110.44000244140625,110.5999984741211,109.94999694824219,110.08999633789062,0
2005-06-30,110.86000061035156,110.97000122070312,110.06999969482422,110.22000122070312,0
2005-07-01,111.73999786376953,111.77999877929688,110.63999938964844,110.87999725341797,0
2005-07-04,111.55999755859375,111.66999816894531,111.33000183105469,111.62000274658203,0
2005-07-05,111.55000305175781,112.0999984741211,111.44999694824219,111.55000305175781,0
2005-07-06,112.25,112.26000213623047,111.44999694824219,111.55000305175781,0
2005-07-07,112.0,112.30999755859375,111.52999877929688,112.2300033569336,0
2005-07-08,112.26000213623047,112.51000213623047,111.81999969482422,112.0,0
2005-07-11,111.69999694824219,112.22000122070312,111.63999938964844,112.1500015258789,0
2005-07-12,110.95999908447266,111.77999877929688,110.76000213623047,111.69999694824219,0
2005-07-13,112.01000213623047,112.20999908447266,110.91999816894531,110.94999694824219,0
2005-07-14,112.27999877929688,112.36000061035156,111.62999725341797,112.01000213623047,0
2005-07-15,112.20999908447266,112.36000061035156,111.7300033569336,112.25,0
2005-07-18,111.88999938964844,112.3499984741211,111.4800033569336,112.23999786376953,0
2005-07-19,112.9000015258789,112.97000122070312,111.83999633789062,111.91000366210938,0
2005-07-20,112.7300033569336,113.63999938964844,112.55999755859375,112.88999938964844,0
2005-07-21,110.43000030517578,112.81999969482422,109.91000366210938,112.73999786376953,0
2005-07-22,111.30000305175781,111.41999816894531,110.37999725341797,110.41999816894531,0
2005-07-25,111.63999938964844,111.94999694824219,111.30000305175781,111.62000274658203,0
2005-07-26,112.51000213623047,112.5999984741211,111.5199966430664,111.62999725341797,0
2005-07-27,112.44999694824219,112.77999877929688,112.12999725341797,112.51000213623047,0
2005-07-28,112.2699966430664,112.83999633789062,111.9800033569336,112.45999908447266,0
2005-07-29,112.44000244140625,112.52999877929688,111.97000122070312,112.29000091552734,0
2005-08-01,112.22000122070312,112.76000213623047,111.72000122070312,112.69999694824219,0
2005-08-02,111.38999938964844,112.25,111.12999725341797,112.19999694824219,0
2005-08-03,111.0999984741211,111.9000015258789,110.9800033569336,111.41000366210938,0
2005-08-04,111.2300033569336,111.55999755859375,110.7699966430664,111.0999984741211,0
2005-08-05,111.80000305175781,112.18000030517578,111.18000030517578,111.20999908447266,0
2005-08-08,112.08000183105469,112.5199966430664,111.52999877929688,112.27999877929688,0
2005-08-09,111.77999877929688,112.19999694824219,111.66000366210938,112.05000305175781,0
2005-08-10,110.6500015258789,111.81999969482422,110.41000366210938,111.80000305175781,0
2005-08-11,109.69999694824219,110.66000366210938,109.55999755859375,110.6500015258789,0
2005-08-12,109.33999633789062,109.91000366210938,109.30999755859375,109.70999908447266,0
2005-08-15,109.33000183105469,109.76000213623047,109.19000244140625,109.33999633789062,0
2005-08-16,109.5999984741211,109.66999816894531,109.02999877929688,109.31999969482422,0
2005-08-17,109.8499984741211,110.05999755859375,109.38999938964844,109.62000274658203,0
2005-08-18,110.45999908447266,110.6500015258789,109.83000183105469,109.83999633789062,0
2005-08-19,110.44000244140625,110.79000091552734,110.30999755859375,110.45999908447266,0
2005-08-22,109.69000244140625,110.5199966430664,109.4000015258789,110.5,0
2005-08-23,109.86000061035156,110.16000366210938,109.5999984741211,109.69999694824219,0
2005-08-24,110.2300033569336,110.70999908447266,109.86000061035156,109.86000061035156,0
2005-08-25,110.06999969482422,110.41999816894531,109.75,110.23999786376953,0
2005-08-26,110.16000366210938,110.36000061035156,109.4000015258789,110.0999984741211,0
2005-08-29,110.66999816894531,110.77999877929688,109.83000183105469,109.93000030517578,0
2005-08-30,111.3499984741211,111.58000183105469,110.47000122070312,110.66999816894531,0
2005-08-31,110.6500015258789,111.7300033569336,110.41999816894531,111.37000274658203,0
2005-09-01,109.88999938964844,110.88999938964844,109.6500015258789,110.62999725341797,0
2005-09-02,109.80000305175781,110.04000091552734,109.2300033569336,109.9000015258789,0
2005-09-05,109.31999969482422,109.7699966430664,108.79000091552734,109.7300033569336,0
2005-09-06,109.61000061035156,109.77999877929688,109.12999725341797,109.33999633789062,0
2005-09-07,110.02999877929688,110.26000213623047,109.41000366210938,109.62999725341797,0
2005-09-08,110.51000213623047,110.5999984741211,109.98999786376953,110.02999877929688,0
2005-09-09,109.62000274658203,110.73999786376953,109.48999786376953,110.48999786376953,0
2005-09-12,110.25,110.37000274658203,109.16000366210938,109.29000091552734,0
2005-09-13,110.70999908447266,110.97000122070312,110.12000274658203,110.25,0
2005-09-14,110.47000122070312,110.80000305175781,109.87000274658203,110.69999694824219,0
2005-09-15,110.5999984741211,110.69999694824219,110.16000366210938,110.47000122070312,0
2005-09-16,111.31999969482422,111.44999694824219,110.45999908447266,110.61000061035156,0
2005-09-19,111.47000122070312,111.6500015258789,111.1500015258789,111.4000015258789,0
2005-09-20,111.95999908447266,112.01000213623047,111.12999725341797,111.45999908447266,0
2005-09-22,111.62999725341797,111.86000061035156,110.98999786376953,111.83999633789062,0
2005-09-23,112.4800033569336,112.62000274658203,111.19999694824219,111.62000274658203,0
2005-09-26,112.31999969482422,112.56999969482422,112.08000183105469,112.41999816894531,0
2005-09-27,113.25,113.4800033569336,112.27999877929688,112.30000305175781,0
2005-09-28,112.91000366210938,113.44000244140625,112.87999725341797,113.25,0
2005-09-29,113.19999694824219,113.26000213623047,112.63999938964844,112.94999694824219,0
2005-09-30,113.45999908447266,113.68000030517578,112.91000366210938,113.20999908447266,0
2005-10-03,114.25,114.33999633789062,113.5,113.63999938964844,0
2005-10-04,114.3499984741211,114.37999725341797,114.01000213623047,114.26000213623047,0
2005-10-05,114.0999984741211,114.37999725341797,113.55999755859375,114.33000183105469,0
2005-10-06,113.33999633789062,114.13999938964844,113.02999877929688,114.08999633789062,0
2005-10-07,113.77999877929688,113.98999786376953,113.23999786376953,113.33999633789062,0
2005-10-10,114.22000122070312,114.27999877929688,113.52999877929688,113.73999786376953,0
2005-10-11,114.55000305175781,114.61000061035156,113.80999755859375,114.23999786376953,0
2005-10-12,114.37000274658203,114.72000122070312,114.19999694824219,114.55999755859375,0
2005-10-13,114.4800033569336,115.05999755859375,114.27999877929688,114.36000061035156,0
2005-10-14,114.05000305175781,114.87000274658203,113.83999633789062,114.4800033569336,0
2005-10-17,115.0999984741211,115.12999725341797,113.7699966430664,114.25,0
2005-10-18,115.79000091552734,115.91999816894531,115.06999969482422,115.08999633789062,0
2005-10-19,115.5199966430664,115.97000122070312,115.23999786376953,115.7699966430664,0
2005-10-20,115.30999755859375,115.73999786376953,115.25,115.5199966430664,0
2005-10-21,115.9000015258789,115.95999908447266,114.98999786376953,115.30999755859375,0
2005-10-24,115.47000122070312,115.93000030517578,115.04000091552734,115.83999633789062,0
2005-10-25,115.11000061035156,115.70999908447266,114.5999984741211,115.44999694824219,0
2005-10-26,115.91000366210938,115.91999816894531,114.88999938964844,115.12000274658203,0
2005-10-27,115.36000061035156,116.18000030517578,114.8499984741211,115.91000366210938,0
2005-10-28,115.56999969482422,115.69999694824219,115.08999633789062,115.31999969482422,0
2005-10-31,116.44000244140625,116.6500015258789,115.52999877929688,115.7300033569336,0
2005-11-01,116.76000213623047,116.81999969482422,116.4000015258789,116.44000244140625,0
2005-11-02,116.80000305175781,116.97000122070312,116.55000305175781,116.7699966430664,0
2005-11-03,117.22000122070312,117.37999725341797,116.79000091552734,116.80000305175781,0
2005-11-04,118.30999755859375,118.36000061035156,117.23999786376953,117.26000213623047,0
2005-11-07,117.62000274658203,118.23999786376953,117.45999908447266,118.2300033569336,0
2005-11-08,117.4000015258789,117.94999694824219,117.08000183105469,117.62000274658203,0
2005-11-09,117.73999786376953,117.76000213623047,116.83999633789062,117.37000274658203,0
2005-11-10,117.95999908447266,118.25,117.47000122070312,117.76000213623047,0
2005-11-11,118.04000091552734,118.18000030517578,117.5999984741211,117.98999786376953,0
2005-11-14,118.79000091552734,118.88999938964844,117.83999633789062,117.91999816894531,0
2005-11-15,118.8499984741211,119.38999938964844,118.72000122070312,118.80000305175781,0
2005-11-16,119.0999984741211,119.54000091552734,118.83000183105469,118.86000061035156,0
2005-11-17,118.80999755859375,119.13999938964844,118.47000122070312,119.0999984741211,0
2005-11-18,119.08999633789062,119.36000061035156,118.7300033569336,118.80999755859375,0
2005-11-21,119.08000183105469,119.41000366210938,118.52999877929688,119.18000030517578,0
2005-11-22,118.86000061035156,119.47000122070312,118.63999938964844,119.08000183105469,0
2005-11-23,118.76000213623047,118.9800033569336,118.2300033569336,118.87999725341797,0
2005-11-24,119.11000061035156,119.13999938964844,118.55999755859375,118.75,0
2005-11-25,119.63999938964844,119.68000030517578,119.12000274658203,119.13999938964844,0
2005-11-28,118.9000015258789,119.91999816894531,118.38999938964844,119.72000122070312,0
2005-11-29,119.75,119.7699966430664,118.77999877929688,118.88999938964844,0
2005-11-30,119.72000122070312,119.83000183105469,119.23999786376953,119.76000213623047,0
2005-12-01,120.41000366210938,120.69000244140625,119.66999816894531,119.69999694824219,0
2005-12-02,120.44999694824219,121.16000366210938,120.16000366210938,120.41999816894531,0
2005-12-05,120.83999633789062,121.37000274658203,120.69999694824219,121.02999877929688,0
2005-12-06,120.68000030517578,121.23999786376953,120.58000183105469,120.8499984741211,0
2005-12-07,121.02999877929688,121.13999938964844,120.66999816894531,120.66999816894531,0
2005-12-08,120.38999938964844,121.02999877929688,119.9800033569336,121.02999877929688,0
2005-12-09,120.63999938964844,120.70999908447266,120.30999755859375,120.4000015258789,0
2005-12-12,119.9000015258789,121.01000213623047,119.5199966430664,120.81999969482422,0
2005-12-13,120.04000091552734,120.41999816894531,119.68000030517578,119.93000030517578,0
2005-12-14,117.55000305175781,120.06999969482422,116.70999908447266,120.04000091552734,0
2005-12-15,116.31999969482422,117.6500015258789,115.83999633789062,117.52999877929688,0
2005-12-16,115.63999938964844,116.4800033569336,115.56999969482422,116.30999755859375,0
2005-12-19,116.05000305175781,116.52999877929688,115.51000213623047,115.56999969482422,0
2005-12-20,117.23999786376953,117.30999755859375,115.95999908447266,116.05999755859375,0
2005-12-21,117.4800033569336,117.4800033569336,116.77999877929688,117.25,0
2005-12-22,116.66999816894531,117.62999725341797,116.41999816894531,117.4800033569336,0
2005-12-23,116.36000061035156,116.8499984741211,116.12999725341797,116.68000030517578,0
2005-12-26,116.5999984741211,116.55000305175781,116.05000305175781,116.25,0
2005-12-27,117.31999969482422,117.45999908447266,116.62000274658203,116.62000274658203,0
2005-12-28,117.72000122070312,117.93000030517578,116.98999786376953,117.33999633789062,0
2005-12-29,117.80999755859375,117.97000122070312,117.69000244140625,117.72000122070312,0
2005-12-30,117.9800033569336,118.16000366210938,117.0999984741211,117.81999969482422,0
2006-01-02,117.80000305175781,118.01000213623047,117.54000091552734,117.87000274658203,0
2006-01-03,115.9800033569336,117.86000061035156,115.83999633789062,117.80000305175781,0
2006-01-04,116.22000122070312,116.43000030517578,115.61000061035156,116.01000213623047,0
2006-01-05,116.0,116.44000244140625,115.76000213623047,116.19999694824219,0
2006-01-06,114.38999938964844,116.2699966430664,114.2300033569336,116.0,0
2006-01-09,114.54000091552734,114.72000122070312,113.76000213623047,114.48999786376953,0
2006-01-10,114.44999694824219,114.76000213623047,114.11000061035156,114.52999877929688,0
2006-01-11,114.27999877929688,114.86000061035156,113.91999816894531,114.44999694824219,0
2006-01-12,114.62999725341797,114.66999816894531,113.48999786376953,114.26000213623047,0
2006-01-13,114.22000122070312,114.75,114.13999938964844,114.6500015258789,0
2006-01-16,115.12000274658203,115.19000244140625,113.83999633789062,113.9000015258789,0
2006-01-17,115.58499908447266,115.9000015258789,114.61000061035156,115.12000274658203,0
2006-01-18,115.26000213623047,115.87999725341797,114.81999969482422,115.6050033569336,0
2006-01-19,115.5,115.55999755859375,114.91999816894531,115.23999786376953,0
2006-01-20,115.2699966430664,115.6500015258789,114.97000122070312,115.5,0
2006-01-23,114.47000122070312,115.26000213623047,114.1500015258789,115.16999816894531,0
2006-01-24,115.04000091552734,115.12000274658203,114.37000274658203,114.44000244140625,0
2006-01-25,115.7699966430664,115.87999725341797,114.62999725341797,115.05000305175781,0
2006-01-26,116.29000091552734,116.55000305175781,115.48999786376953,115.76000213623047,0
2006-01-27,117.4000015258789,117.4000015258789,116.11000061035156,116.31500244140625,0
2006-01-30,117.62000274658203,117.80000305175781,117.0199966430664,117.02999877929688,0
2006-01-31,117.30999755859375,117.7699966430664,116.69000244140625,117.6500015258789,0
2006-02-01,117.97000122070312,118.1449966430664,117.06999969482422,117.31999969482422,0
2006-02-02,118.51499938964844,118.62999725341797,117.8499984741211,117.95500183105469,0
2006-02-03,118.88999938964844,119.3499984741211,118.30999755859375,118.4800033569336,0
2006-02-06,119.06999969482422,119.12000274658203,118.48999786376953,118.83000183105469,0
2006-02-07,117.7300033569336,119.15499877929688,117.54000091552734,119.08499908447266,0
2006-02-08,118.48999786376953,118.76000213623047,117.62999725341797,117.73999786376953,0
2006-02-09,118.70999908447266,118.9000015258789,118.31999969482422,118.4800033569336,0
2006-02-10,117.83000183105469,118.88500213623047,116.91000366210938,118.70999908447266,0
2006-02-13,117.52999877929688,118.23999786376953,117.41000366210938,117.68000030517578,0
2006-02-14,117.5999984741211,117.68000030517578,117.12000274658203,117.51000213623047,0
2006-02-15,117.94000244140625,118.05999755859375,116.80000305175781,117.55999755859375,0
2006-02-16,117.45999908447266,118.2300033569336,117.36000061035156,117.94000244140625,0
2006-02-17,118.13999938964844,118.8499984741211,117.46499633789062,117.4800033569336,0
2006-02-20,118.36000061035156,118.33999633789062,117.91999816894531,118.05999755859375,0
2006-02-21,118.78500366210938,118.97000122070312,118.3499984741211,118.3499984741211,0
2006-02-22,118.41000366210938,118.87999725341797,118.27999877929688,118.80999755859375,0
2006-02-23,117.06999969482422,118.47000122070312,116.83000183105469,118.41999816894531,0
2006-02-24,116.83999633789062,117.08000183105469,116.4800033569336,117.08000183105469,0
2006-02-27,116.20999908447266,117.04000091552734,115.80999755859375,117.02999877929688,0
2006-02-28,115.79000091552734,116.44999694824219,115.4800033569336,116.20999908447266,0
2006-03-01,116.05999755859375,116.30999755859375,115.61000061035156,115.77999877929688,0
2006-03-02,115.83999633789062,116.37999725341797,115.62000274658203,116.05000305175781,0
2006-03-03,116.41000366210938,116.69999694824219,115.80999755859375,115.83999633789062,0
2006-03-06,117.58999633789062,117.66500091552734,116.08000183105469,116.09500122070312,0
2006-03-07,117.7699966430664,117.97000122070312,117.3499984741211,117.55999755859375,0
2006-03-08,117.81999969482422,118.0,117.31999969482422,117.7699966430664,0
2006-03-09,118.19999694824219,118.33000183105469,117.0999984741211,117.80000305175781,0
2006-03-10,119.0,119.12000274658203,118.0199966430664,118.19999694824219,0
2006-03-13,118.66000366210938,119.18000030517578,118.56999969482422,118.9800033569336,0
2006-03-14,117.68000030517578,118.73999786376953,117.23999786376953,118.66999816894531,0
2006-03-15,117.5199966430664,117.7699966430664,117.16000366210938,117.66999816894531,0
2006-03-16,116.87999725341797,117.88500213623047,116.7699966430664,117.52999877929688,0
2006-03-17,115.91000366210938,116.87999725341797,115.73999786376953,116.87999725341797,0
2006-03-20,116.37000274658203,116.47000122070312,115.5199966430664,116.08999633789062,0
2006-03-21,117.22000122070312,117.31999969482422,116.25,116.36000061035156,0
2006-03-22,116.87000274658203,117.37999725341797,116.58000183105469,117.25,0
2006-03-23,117.83000183105469,117.94000244140625,116.75,116.87999725341797,0
2006-03-24,117.44999694824219,118.47000122070312,117.38999938964844,117.83000183105469,0
2006-03-27,116.7300033569336,117.61000061035156,116.38999938964844,117.58000183105469,0
2006-03-28,117.76000213623047,118.02999877929688,116.27999877929688,116.73999786376953,0
2006-03-29,117.7699966430664,118.19000244140625,117.5,117.79000091552734,0
2006-03-30,117.30999755859375,117.91999816894531,117.16000366210938,117.76000213623047,0
2006-03-31,117.76000213623047,118.12000274658203,117.23999786376953,117.30999755859375,0
2006-04-03,117.80000305175781,118.76000213623047,117.62000274658203,117.68000030517578,0
2006-04-04,117.44000244140625,117.93000030517578,117.2300033569336,117.79000091552734,0
2006-04-05,117.44000244140625,117.73999786376953,116.69000244140625,117.41999816894531,0
2006-04-06,117.77999877929688,117.94000244140625,117.27999877929688,117.45999908447266,0
2006-04-07,118.23999786376953,118.38999938964844,117.47000122070312,117.80000305175781,0
2006-04-10,118.41000366210938,118.68499755859375,117.90499877929688,118.12000274658203,0
2006-04-11,118.20999908447266,118.87000274658203,118.16000366210938,118.41999816894531,0
2006-04-12,118.41000366210938,118.58000183105469,117.80999755859375,118.22000122070312,0
2006-04-13,118.54000091552734,118.80999755859375,118.30999755859375,118.41999816894531,0
2006-04-14,118.68000030517578,118.72000122070312,118.52999877929688,118.55000305175781,0
2006-04-17,117.80999755859375,118.5,117.54000091552734,118.48999786376953,0
2006-04-18,116.87999725341797,118.16999816894531,116.83999633789062,117.81999969482422,0
2006-04-19,117.36000061035156,117.91000366210938,116.73999786376953,116.87000274658203,0
2006-04-20,117.41000366210938,117.7750015258789,117.30000305175781,117.33999633789062,0
2006-04-21,116.58000183105469,117.7300033569336,116.51000213623047,117.43000030517578,0
2006-04-24,114.5999984741211,115.91999816894531,114.2300033569336,115.72000122070312,0
2006-04-25,114.91000366210938,114.9800033569336,114.30999755859375,114.5999984741211,0
2006-04-26,114.76000213623047,115.30999755859375,114.62000274658203,114.9000015258789,0
2006-04-27,114.18000030517578,115.0199966430664,113.80999755859375,114.76000213623047,0
2006-04-28,113.81999969482422,114.43000030517578,113.63999938964844,114.19000244140625,0
2006-05-01,113.55000305175781,113.80500030517578,112.41000366210938,113.69999694824219,0
2006-05-02,113.36000061035156,113.97000122070312,113.0999984741211,113.56500244140625,0
2006-05-03,113.79000091552734,113.80000305175781,112.87999725341797,113.36000061035156,0
2006-05-04,113.58499908447266,114.15499877929688,113.25,113.79000091552734,0
2006-05-05,112.55999755859375,113.98500061035156,112.2699966430664,113.55999755859375,0
2006-05-08,111.68000030517578,112.18000030517578,110.98999786376953,112.06999969482422,0
2006-05-09,111.01000213623047,111.9000015258789,110.91999816894531,111.68499755859375,0
2006-05-10,110.83000183105469,111.22000122070312,110.08999633789062,111.01000213623047,0
2006-05-11,110.41999816894531,111.47000122070312,110.11000061035156,110.83999633789062,0
2006-05-12,109.97000122070312,110.55000305175781,109.33000183105469,110.41999816894531,0
2006-05-15,110.69999694824219,110.72000122070312,109.33999633789062,109.48999786376953,0
2006-05-16,109.76000213623047,110.83999633789062,109.61000061035156,110.68000030517578,0
2006-05-17,110.91000366210938,111.23999786376953,109.0,109.7699966430664,0
2006-05-18,110.9000015258789,111.22000122070312,110.36000061035156,110.91999816894531,0
2006-05-19,111.66000366210938,112.16000366210938,110.44000244140625,110.91000366210938,0
2006-05-22,111.45999908447266,112.91999816894531,111.29000091552734,111.5999984741211,0
2006-05-23,112.13999938964844,112.37999725341797,110.9800033569336,111.45999908447266,0
2006-05-24,112.73999786376953,112.94000244140625,111.63999938964844,112.12999725341797,0
2006-05-25,111.76000213623047,112.83999633789062,111.62999725341797,112.73999786376953,0
2006-05-26,112.6500015258789,112.75,111.4800033569336,111.75,0
2006-05-29,112.55999755859375,112.66999816894531,112.12999725341797,112.41000366210938,0
2006-05-30,112.1500015258789,112.76000213623047,111.62999725341797,112.55000305175781,0
2006-05-31,112.52999877929688,112.66000366210938,111.55000305175781,112.1449966430664,0
2006-06-01,112.4800033569336,113.33000183105469,112.37000274658203,112.55000305175781,0
2006-06-02,111.7300033569336,112.91000366210938,111.33999633789062,112.47000122070312,0
2006-06-05,112.33999633789062,112.33999633789062,111.5,111.62999725341797,0
2006-06-06,113.21499633789062,113.51000213623047,112.06999969482422,112.3499984741211,0
2006-06-07,113.43000030517578,113.67500305175781,112.91000366210938,113.20999908447266,0
2006-06-08,113.93499755859375,114.63999938964844,113.36000061035156,113.41000366210938,0
2006-06-09,113.95999908447266,114.27999877929688,113.5999984741211,113.94000244140625,0
2006-06-12,114.37999725341797,114.48999786376953,113.94999694824219,114.19999694824219,0
2006-06-13,115.23999786376953,115.41000366210938,114.26000213623047,114.38999938964844,0
2006-06-14,114.86000061035156,115.36000061035156,114.4800033569336,115.23999786376953,0
2006-06-15,114.71499633789062,115.12999725341797,114.6500015258789,114.86499786376953,0
2006-06-16,115.13999938964844,115.18000030517578,114.55000305175781,114.70999908447266,0
2006-06-19,115.37999725341797,115.73999786376953,115.1500015258789,115.3499984741211,0
2006-06-20,114.9000015258789,115.5999984741211,114.5999984741211,115.38999938964844,0
2006-06-21,114.83499908447266,115.19000244140625,114.41999816894531,114.91000366210938,0
2006-06-22,116.08000183105469,116.2699966430664,114.66999816894531,114.8499984741211,0
2006-06-23,116.54000091552734,116.58000183105469,115.75,116.05000305175781,0
2006-06-26,116.22000122070312,116.54000091552734,116.08999633789062,116.43000030517578,0
2006-06-27,116.31999969482422,116.68499755859375,115.87000274658203,116.22000122070312,0
2006-06-28,116.4000015258789,116.4800033569336,116.05999755859375,116.30999755859375,0
2006-06-29,115.1500015258789,116.61000061035156,114.81999969482422,116.41000366210938,0
2006-06-30,114.48999786376953,115.19000244140625,114.18000030517578,115.1500015258789,0
2006-07-03,114.75,114.93000030517578,114.0999984741211,114.30000305175781,0
2006-07-04,115.09500122070312,115.16000366210938,114.38999938964844,114.73999786376953,0
2006-07-05,115.56999969482422,115.7699966430664,114.5999984741211,115.08000183105469,0
2006-07-06,115.26000213623047,115.66500091552734,114.9000015258789,115.56999969482422,0
2006-07-07,113.95999908447266,115.27999877929688,113.81999969482422,115.25,0
2006-07-10,114.30000305175781,114.30999755859375,113.44999694824219,114.0,0
2006-07-11,114.30000305175781,114.58999633789062,113.91999816894531,114.31999969482422,0
2006-07-12,115.30999755859375,115.70999908447266,114.16999816894531,114.2699966430664,0
2006-07-13,115.33999633789062,115.48999786376953,115.0,115.30000305175781,0
2006-07-14,116.08000183105469,116.37999725341797,115.33000183105469,115.33999633789062,0
2006-07-17,117.08000183105469,117.26499938964844,116.13999938964844,116.25,0
2006-07-18,117.33000183105469,117.55999755859375,116.70999908447266,117.08000183105469,0
2006-07-19,116.83000183105469,117.8499984741211,116.63999938964844,117.31999969482422,0
2006-07-20,116.95999908447266,117.11000061035156,116.56500244140625,116.81999969482422,0
2006-07-21,116.12000274658203,117.0,115.80000305175781,116.95999908447266,0
2006-07-24,116.75,116.9000015258789,116.19000244140625,116.19999694824219,0
2006-07-25,117.1500015258789,117.37999725341797,116.54000091552734,116.73999786376953,0
2006-07-26,116.3499984741211,117.16999816894531,116.19000244140625,117.13999938964844,0
2006-07-27,115.75,116.37999725341797,115.29000091552734,116.36000061035156,0
2006-07-28,114.73999786376953,115.97000122070312,114.58999633789062,115.76000213623047,0
2006-07-31,114.51000213623047,114.83000183105469,114.1500015258789,114.80000305175781,0
2006-08-01,114.55999755859375,115.3499984741211,114.4800033569336,114.51000213623047,0
2006-08-02,114.55999755859375,114.83999633789062,114.20999908447266,114.56999969482422,0
2006-08-03,115.04000091552734,115.29000091552734,114.54000091552734,114.56999969482422,0
2006-08-04,114.4800033569336,115.5199966430664,114.00499725341797,115.05000305175781,0
2006-08-07,115.11000061035156,115.20999908447266,114.16000366210938,114.29000091552734,0
2006-08-08,115.69000244140625,115.70999908447266,114.5999984741211,115.11000061035156,0
2006-08-09,115.36000061035156,115.72000122070312,114.81999969482422,115.69999694824219,0
2006-08-10,115.16000366210938,115.5999984741211,114.68000030517578,115.36499786376953,0
2006-08-11,116.27999877929688,116.41000366210938,115.16000366210938,115.16000366210938,0
2006-08-14,116.5999984741211,116.7300033569336,116.16000366210938,116.19999694824219,0
2006-08-15,115.94000244140625,116.69499969482422,115.83999633789062,116.58000183105469,0
2006-08-16,115.875,116.3499984741211,115.63999938964844,115.97000122070312,0
2006-08-17,115.9000015258789,116.13999938964844,115.18000030517578,115.87999725341797,0
2006-08-18,115.7699966430664,116.06999969482422,115.44999694824219,115.91999816894531,0
2006-08-21,115.97000122070312,116.05999755859375,115.41000366210938,115.69999694824219,0
2006-08-22,116.47000122070312,116.83000183105469,115.9000015258789,115.97000122070312,0
2006-08-23,116.38999938964844,116.62000274658203,116.08999633789062,116.4800033569336,0
2006-08-24,116.45999908447266,116.58000183105469,116.22000122070312,116.3499984741211,0
2006-08-25,117.26000213623047,117.38999938964844,116.43000030517578,116.44499969482422,0
2006-08-28,117.16999816894531,117.31999969482422,116.86000061035156,117.2699966430664,0
2006-08-29,116.70500183105469,117.19999694824219,116.5199966430664,117.16999816894531,0
2006-08-30,117.0199966430664,117.2699966430664,116.6500015258789,116.69999694824219,0
2006-08-31,117.36000061035156,117.47000122070312,116.94999694824219,117.01000213623047,0
2006-09-01,117.05999755859375,117.47000122070312,116.93000030517578,117.36000061035156,0
2006-09-04,116.16999816894531,116.97000122070312,115.86000061035156,116.91999816894531,0
2006-09-05,116.16999816894531,116.19000244140625,115.58000183105469,116.16000366210938,0
2006-09-06,116.55999755859375,116.87000274658203,115.97000122070312,116.18000030517578,0
2006-09-07,116.44000244140625,117.01000213623047,115.9800033569336,116.54000091552734,0
2006-09-08,116.94999694824219,116.98999786376953,116.0999984741211,116.44000244140625,0
2006-09-11,117.55000305175781,117.76000213623047,116.5999984741211,116.95999908447266,0
2006-09-12,117.81999969482422,118.0999984741211,117.43000030517578,117.55000305175781,0
2006-09-13,117.44999694824219,118.0,117.37000274658203,117.83999633789062,0
2006-09-14,117.56999969482422,117.76000213623047,117.31999969482422,117.48999786376953,0
2006-09-15,117.47000122070312,118.08999633789062,117.37000274658203,117.56999969482422,0
2006-09-18,117.88999938964844,118.2699966430664,117.68000030517578,117.7300033569336,0
2006-09-19,117.5999984741211,118.06999969482422,116.98999786376953,117.87999725341797,0
2006-09-20,117.45999908447266,117.63999938964844,116.97000122070312,117.5999984741211,0
2006-09-21,116.36000061035156,117.45999908447266,116.2300033569336,117.44000244140625,0
2006-09-22,116.69999694824219,116.69999694824219,116.08000183105469,116.36000061035156,0
2006-09-25,116.4749984741211,116.7249984741211,116.11000061035156,116.5199966430664,0
2006-09-26,117.13999938964844,117.22000122070312,116.2699966430664,116.46499633789062,0
2006-09-27,117.44000244140625,117.62999725341797,116.88999938964844,117.13999938964844,0
2006-09-28,117.7300033569336,117.91999816894531,117.31999969482422,117.44000244140625,0
2006-09-29,117.95999908447266,118.18000030517578,117.55000305175781,117.73999786376953,0
2006-10-02,117.66000366210938,118.37000274658203,117.5199966430664,118.08000183105469,0
2006-10-03,118.05000305175781,118.1500015258789,117.37999725341797,117.66999816894531,0
2006-10-04,117.81999969482422,118.25,117.76000213623047,118.05000305175781,0
2006-10-05,117.8499984741211,117.86000061035156,117.41999816894531,117.80999755859375,0
2006-10-06,119.01000213623047,119.06999969482422,117.76000213623047,117.8550033569336,0
2006-10-09,118.98999786376953,119.27999877929688,118.80999755859375,118.95999908447266,0
2006-10-10,119.66999816894531,119.75499725341797,118.88999938964844,118.98999786376953,0
2006-10-11,119.73999786376953,119.80000305175781,119.33000183105469,119.66999816894531,0
2006-10-12,119.37999725341797,119.7699966430664,119.26000213623047,119.7300033569336,0
2006-10-13,119.5999984741211,119.86000061035156,119.08999633789062,119.37000274658203,0
2006-10-16,118.95999908447266,119.77999877929688,118.97000122070312,119.73999786376953,0
2006-10-17,118.58999633789062,119.12000274658203,118.36000061035156,118.95999908447266,0
2006-10-18,118.91999816894531,119.16000366210938,118.30999755859375,118.61000061035156,0
2006-10-19,118.27999877929688,119.0,118.04000091552734,118.94000244140625,0
2006-10-20,118.72000122070312,118.77999877929688,118.16000366210938,118.27999877929688,0
2006-10-23,119.30000305175781,119.37999725341797,118.56999969482422,118.62000274658203,0
2006-10-24,119.33999633789062,119.62999725341797,119.11499786376953,119.31999969482422,0
2006-10-25,118.94000244140625,119.4000015258789,118.91000366210938,119.4000015258789,0
2006-10-26,118.37999725341797,118.98999786376953,118.2699966430664,118.97000122070312,0
2006-10-27,117.58000183105469,118.69999694824219,117.25499725341797,118.37000274658203,0
2006-10-30,117.61000061035156,117.62999725341797,117.20500183105469,117.5199966430664,0
2006-10-31,116.79000091552734,118.02999877929688,116.62999725341797,117.61000061035156,0
2006-11-01,117.22000122070312,117.26000213623047,116.61000061035156,116.80000305175781,0
2006-11-02,117.0999984741211,117.3499984741211,116.69000244140625,117.20999908447266,0
2006-11-03,117.9800033569336,118.18000030517578,116.98999786376953,117.12000274658203,0
2006-11-06,118.16999816894531,118.44999694824219,117.8499984741211,117.8949966430664,0
2006-11-07,117.58999633789062,118.23999786376953,117.2699966430664,118.18000030517578,0
2006-11-08,117.83000183105469,117.9800033569336,117.37999725341797,117.58000183105469,0
2006-11-09,117.79000091552734,118.58999633789062,117.70999908447266,117.80999755859375,0
2006-11-10,117.5199966430664,117.86000061035156,117.25,117.79499816894531,0
2006-11-13,117.62999725341797,118.26000213623047,117.13999938964844,117.54000091552734,0
2006-11-14,117.62999725341797,117.91999816894531,117.26000213623047,117.62999725341797,0
2006-11-15,117.87999725341797,118.16999816894531,117.55000305175781,117.63999938964844,0
2006-11-16,118.22000122070312,118.26000213623047,117.73999786376953,117.9000015258789,0
2006-11-17,117.54000091552734,118.44000244140625,117.5199966430664,118.23999786376953,0
2006-11-20,118.04000091552734,118.18000030517578,117.76000213623047,117.875,0
2006-11-21,117.86000061035156,118.22000122070312,117.7300033569336,118.06999969482422,0
2006-11-22,116.76000213623047,117.87000274658203,116.33999633789062,117.83999633789062,0
2006-11-23,116.27999877929688,117.87000274658203,116.04000091552734,117.83999633789062,0
2006-11-24,115.88999938964844,116.47000122070312,115.58999633789062,116.2699966430664,0
2006-11-27,116.11000061035156,116.33999633789062,115.4800033569336,115.48999786376953,0
2006-11-28,116.05000305175781,116.37999725341797,115.9000015258789,116.06999969482422,0
2006-11-29,116.43000030517578,116.43000030517578,115.58999633789062,116.02999877929688,0
2006-11-30,115.68000030517578,116.5,115.51000213623047,116.4000015258789,0
2006-12-01,115.2300033569336,116.36499786376953,114.9800033569336,115.6500015258789,0
2006-12-04,115.37000274658203,115.76000213623047,115.19000244140625,115.2300033569336,0
2006-12-05,114.94999694824219,115.41999816894531,114.45999908447266,115.36000061035156,0
2006-12-06,115.31999969482422,115.3499984741211,114.51000213623047,114.94499969482422,0
2006-12-07,115.13999938964844,115.33999633789062,114.7699966430664,115.31999969482422,0
2006-12-08,116.29000091552734,116.47000122070312,114.91999816894531,115.17500305175781,0
2006-12-11,116.76000213623047,117.22000122070312,116.26000213623047,116.27999877929688,0
2006-12-12,116.69999694824219,117.18000030517578,116.66000366210938,116.77999877929688,0
2006-12-13,117.4000015258789,117.63999938964844,116.69999694824219,116.69999694824219,0
2006-12-14,117.76000213623047,117.86000061035156,117.2699966430664,117.41000366210938,0
2006-12-15,118.1500015258789,118.29499816894531,117.48999786376953,117.81500244140625,0
2006-12-18,118.05000305175781,118.26000213623047,117.69000244140625,118.03500366210938,0
2006-12-19,118.01000213623047,118.2699966430664,117.81999969482422,118.05999755859375,0
2006-12-20,118.33999633789062,118.48999786376953,117.94000244140625,118.01000213623047,0
2006-12-21,118.29000091552734,118.4800033569336,117.94999694824219,118.32499694824219,0
2006-12-22,118.98999786376953,118.98999786376953,118.20999908447266,118.27999877929688,0
2006-12-25,118.83999633789062,118.94999694824219,118.68000030517578,118.75,0
2006-12-26,119.12000274658203,119.19999694824219,118.80999755859375,118.83999633789062,0
2006-12-27,118.7699966430664,119.12999725341797,118.29000091552734,119.11000061035156,0
2006-12-28,118.8949966430664,119.01000213623047,118.51000213623047,118.77999877929688,0
2006-12-29,118.9800033569336,119.13999938964844,118.73999786376953,118.9000015258789,0
2007-01-01,118.87999725341797,119.08000183105469,118.8499984741211,119.04000091552734,0
2007-01-02,118.83000183105469,118.91999816894531,118.48999786376953,118.91000366210938,0
2007-01-03,119.33999633789062,119.66000366210938,118.66000366210938,118.83999633789062,0
2007-01-04,118.83000183105469,119.48999786376953,118.73999786376953,119.33999633789062,0
2007-01-05,118.69000244140625,119.0,117.99500274658203,118.80999755859375,0
2007-01-08,118.69000244140625,118.81999969482422,118.12999725341797,118.58000183105469,0
2007-01-09,119.30000305175781,119.5199966430664,118.69499969482422,118.69999694824219,0
2007-01-10,119.51000213623047,119.7699966430664,119.13999938964844,119.30000305175781,0
2007-01-11,120.30000305175781,120.62000274658203,119.48999786376953,119.52999877929688,0
2007-01-12,120.30000305175781,120.69000244140625,120.19000244140625,120.32499694824219,0
2007-01-15,120.41999816894531,120.58999633789062,120.05999755859375,120.26000213623047,0
2007-01-16,120.79000091552734,120.83000183105469,120.22000122070312,120.44000244140625,0
2007-01-17,120.62000274658203,120.86000061035156,120.3499984741211,120.79000091552734,0
2007-01-18,121.26000213623047,121.55999755859375,120.47000122070312,120.61499786376953,0
2007-01-19,121.20999908447266,121.46499633789062,121.06999969482422,121.2699966430664,0
2007-01-22,121.62000274658203,121.77999877929688,121.2699966430664,121.31999969482422,0
2007-01-23,121.68000030517578,121.73500061035156,121.0999984741211,121.62000274658203,0
2007-01-24,120.87999725341797,121.7699966430664,120.66000366210938,121.66000366210938,0
2007-01-25,121.62000274658203,121.62000274658203,120.2750015258789,120.87999725341797,0
2007-01-26,121.41000366210938,121.62999725341797,121.25,121.58999633789062,0
2007-01-29,121.7300033569336,122.08999633789062,121.48999786376953,121.48999786376953,0
2007-01-30,121.68000030517578,121.9800033569336,121.45999908447266,121.69999694824219,0
2007-01-31,120.73999786376953,121.71499633789062,120.62999725341797,121.66999816894531,0
2007-02-01,120.80000305175781,120.87999725341797,120.1500015258789,120.76000213623047,0
2007-02-02,121.12999725341797,121.30999755859375,120.6500015258789,120.80999755859375,0
2007-02-05,120.19000244140625,121.04000091552734,120.0999984741211,120.99500274658203,0
2007-02-06,120.05000305175781,120.5199966430664,119.98999786376953,120.18000030517578,0
2007-02-07,120.58499908447266,120.80000305175781,120.0,120.0,0
2007-02-08,121.12999725341797,121.41999816894531,120.56999969482422,120.58999633789062,0
2007-02-09,121.70999908447266,122.55000305175781,121.05000305175781,121.1500015258789,0
2007-02-12,121.7699966430664,122.04000091552734,121.58000183105469,121.83999633789062,0
2007-02-13,121.2699966430664,121.7750015258789,121.05999755859375,121.7750015258789,0
2007-02-14,120.30999755859375,121.3499984741211,120.25,121.2699966430664,0
2007-02-15,119.38999938964844,120.36000061035156,119.1500015258789,120.31999969482422,0
2007-02-16,119.41000366210938,119.54000091552734,118.98999786376953,119.37000274658203,0
2007-02-19,119.69000244140625,119.70999908447266,119.31999969482422,119.3499984741211,0
2007-02-20,120.01499938964844,120.33499908447266,119.58000183105469,119.69000244140625,0
2007-02-21,120.94000244140625,121.16000366210938,119.75,120.0199966430664,0
2007-02-22,121.48999786376953,121.62000274658203,120.91999816894531,120.94999694824219,0
2007-02-23,121.08999633789062,121.62000274658203,120.91999816894531,121.47000122070312,0
2007-02-26,120.63999938964844,120.98999786376953,120.3499984741211,120.95999908447266,0
2007-02-27,118.08999633789062,120.63500213623047,117.62000274658203,120.62000274658203,0
2007-02-28,118.7300033569336,118.79000091552734,117.9800033569336,118.0999984741211,0
2007-03-01,117.72000122070312,118.8499984741211,117.04000091552734,118.75,0
2007-03-02,117.19000244140625,117.80500030517578,116.41999816894531,117.69999694824219,0
2007-03-05,115.58999633789062,116.2300033569336,115.1500015258789,116.05999755859375,0
2007-03-06,116.77999877929688,116.87999725341797,115.59500122070312,115.59500122070312,0
2007-03-07,115.69000244140625,116.80999755859375,115.55000305175781,116.7750015258789,0
2007-03-08,117.1500015258789,117.44999694824219,115.62000274658203,115.68000030517578,0
2007-03-09,118.31999969482422,118.33000183105469,117.16000366210938,117.16000366210938,0
2007-03-12,117.56999969482422,118.4800033569336,117.20999908447266,118.19499969482422,0
2007-03-13,116.0199966430664,117.73999786376953,115.88999938964844,117.56999969482422,0
2007-03-14,117.26000213623047,117.41000366210938,115.76000213623047,116.01499938964844,0
2007-03-15,117.1500015258789,117.76000213623047,117.02999877929688,117.25499725341797,0
2007-03-16,116.73999786376953,117.22000122070312,115.4800033569336,117.12000274658203,0
2007-03-19,117.61000061035156,117.73999786376953,116.38999938964844,116.38999938964844,0
2007-03-20,117.25,117.96499633789062,116.9800033569336,117.61000061035156,0
2007-03-21,117.41000366210938,117.94000244140625,117.18000030517578,117.23500061035156,0
2007-03-22,118.08999633789062,118.29000091552734,117.26000213623047,117.38999938964844,0
2007-03-23,118.05000305175781,118.2300033569336,117.4000015258789,118.08999633789062,0
2007-03-26,118.12000274658203,118.41100311279297,117.6500015258789,118.05599975585938,0
2007-03-27,117.75,118.37000274658203,117.68000030517578,118.11000061035156,0
2007-03-28,116.87000274658203,117.9800033569336,116.37999725341797,117.73999786376953,0
2007-03-29,117.9800033569336,118.08999633789062,116.7300033569336,116.83000183105469,0
2007-03-30,117.80999755859375,118.37999725341797,117.2699966430664,117.9800033569336,0
2007-04-02,117.76000213623047,118.0199966430664,117.51000213623047,117.7300033569336,0
2007-04-03,118.87000274658203,118.97000122070312,117.72000122070312,117.76000213623047,0
2007-04-04,118.7699966430664,119.06999969482422,118.55999755859375,118.86100006103516,0
2007-04-05,118.69200134277344,118.95999908447266,118.4800033569336,118.7699966430664,0
2007-04-06,119.06999969482422,119.37999725341797,118.66000366210938,118.68000030517578,0
2007-04-09,119.22000122070312,119.37999725341797,119.18000030517578,119.3290023803711,0
2007-04-10,119.12000274658203,119.30000305175781,118.78500366210938,119.22000122070312,0
2007-04-11,119.29000091552734,119.48999786376953,118.87999725341797,119.13700103759766,0
2007-04-12,119.0,119.47000122070312,118.81800079345703,119.30000305175781,0
2007-04-13,119.2300033569336,119.44300079345703,118.20999908447266,119.01000213623047,0
2007-04-16,119.76000213623047,119.86000061035156,119.01000213623047,119.5,0
2007-04-17,118.94999694824219,119.80999755859375,118.80999755859375,119.79000091552734,0
2007-04-18,118.44999694824219,119.0,118.12999725341797,118.9800033569336,0
2007-04-19,118.25,118.54000091552734,117.66000366210938,118.44999694824219,0
2007-04-20,118.66000366210938,118.94400024414062,118.25,118.26000213623047,0
2007-04-23,118.56999969482422,118.9800033569336,118.23999786376953,118.76000213623047,0
2007-04-24,118.4800033569336,118.91100311279297,118.23999786376953,118.56999969482422,0
2007-04-25,118.68000030517578,118.8270034790039,118.29000091552734,118.4800033569336,0
2007-04-26,119.52999877929688,119.62999725341797,118.5199966430664,118.66000366210938,0
2007-04-27,119.4800033569336,119.73999786376953,118.96900177001953,119.54000091552734,0
2007-04-30,119.36000061035156,119.7300033569336,119.29000091552734,119.3499984741211,0
2007-05-01,119.80000305175781,119.875,119.10299682617188,119.36000061035156,0
2007-05-02,120.16000366210938,120.23999786376953,119.66000366210938,119.77999877929688,0
2007-05-03,120.36000061035156,120.44000244140625,119.97000122070312,120.16999816894531,0
2007-05-04,120.2699966430664,120.43000030517578,119.93000030517578,120.37000274658203,0
2007-05-07,120.05000305175781,120.125,119.77999877929688,120.0250015258789,0
2007-05-08,119.98999786376953,120.12999725341797,119.52999877929688,120.05000305175781,0
2007-05-09,120.11000061035156,120.12100219726562,119.63999938964844,119.9800033569336,0
2007-05-10,119.83999633789062,120.51000213623047,119.70999908447266,120.12999725341797,0
2007-05-11,120.19000244140625,120.26000213623047,119.52999877929688,119.8499984741211,0
2007-05-14,120.31999969482422,120.44000244140625,120.04000091552734,120.16000366210938,0
2007-05-15,120.22000122070312,120.55999755859375,120.12000274658203,120.33999633789062,0
2007-05-16,120.72000122070312,120.83000183105469,120.16000366210938,120.23500061035156,0
2007-05-17,121.29100036621094,121.33999633789062,120.66999816894531,120.73999786376953,0
2007-05-18,121.05999755859375,121.37000274658203,120.73999786376953,121.29000091552734,0
2007-05-21,121.47000122070312,121.61399841308594,121.08999633789062,121.11000061035156,0
2007-05-22,121.63999938964844,121.61499786376953,121.22000122070312,121.4800033569336,0
2007-05-23,121.5199966430664,121.8499984741211,121.34500122070312,121.62999725341797,0
2007-05-24,121.35800170898438,121.66500091552734,121.26000213623047,121.52999877929688,0
2007-05-25,121.76000213623047,121.8499984741211,120.87999725341797,121.3550033569336,0
2007-05-28,121.69999694824219,121.80500030517578,121.61000061035156,121.76000213623047,0
2007-05-29,121.58999633789062,121.80000305175781,121.18000030517578,121.70999908447266,0
2007-05-30,121.58999633789062,121.76000213623047,121.33000183105469,121.5999984741211,0
2007-05-31,121.75,121.95999908447266,121.44999694824219,121.5999984741211,0
2007-06-01,122.12999725341797,122.1500015258789,121.66999816894531,121.75499725341797,0
2007-06-04,121.72000122070312,122.08999633789062,121.55000305175781,122.05000305175781,0
2007-06-05,121.33999633789062,121.91000366210938,121.12000274658203,121.7300033569336,0
2007-06-06,121.01000213623047,121.4800033569336,120.88999938964844,121.34700012207031,0
2007-06-07,120.87999725341797,121.5199966430664,120.77999877929688,121.01000213623047,0
2007-06-08,121.70999908447266,121.81999969482422,120.77999877929688,120.87000274658203,0
2007-06-11,121.76000213623047,121.83000183105469,121.51000213623047,121.66999816894531,0
2007-06-12,121.62000274658203,121.83999633789062,121.58999633789062,121.73999786376953,0
2007-06-13,122.56999969482422,122.75,121.48999786376953,121.62000274658203,0
2007-06-14,122.95500183105469,123.0999984741211,122.52999877929688,122.58000183105469,0
2007-06-15,123.4000015258789,123.65499877929688,122.91000366210938,122.9520034790039,0
2007-06-18,123.68000030517578,123.7300033569336,123.30999755859375,123.51000213623047,0
2007-06-19,123.41999816894531,123.71800231933594,123.31999969482422,123.68000030517578,0
2007-06-20,123.47000122070312,123.66999816894531,123.0999984741211,123.41000366210938,0
2007-06-21,123.73999786376953,123.73999786376953,123.44000244140625,123.45999908447266,0
2007-06-22,123.69000244140625,124.12000274658203,123.69000244140625,123.73999786376953,0
2007-06-25,123.58000183105469,123.93000030517578,123.30999755859375,123.87999725341797,0
2007-06-26,123.04000091552734,123.5999984741211,122.79000091552734,123.56999969482422,0
2007-06-27,123.1500015258789,123.19999694824219,122.2300033569336,123.05000305175781,0
2007-06-28,123.16000366210938,123.3219985961914,122.80999755859375,123.18000030517578,0
2007-06-29,123.16000366210938,123.51399993896484,122.94999694824219,123.16000366210938,0
2007-07-02,122.2300033569336,123.2699966430664,122.0999984741211,123.0999984741211,0
2007-07-03,122.47000122070312,122.66000366210938,122.13999938964844,122.2300033569336,0
2007-07-04,122.66000366210938,122.7300033569336,122.23300170898438,122.47000122070312,0
2007-07-05,122.94999694824219,123.0,122.33999633789062,122.6500015258789,0
2007-07-06,123.36000061035156,123.5199966430664,122.8499984741211,122.94999694824219,0
2007-07-09,123.37000274658203,123.66000366210938,123.2249984741211,123.44000244140625,0
2007-07-10,121.29000091552734,123.44000244140625,120.98999786376953,123.37999725341797,0
2007-07-11,122.2699966430664,122.5,121.08599853515625,121.30999755859375,0
2007-07-12,122.4000015258789,122.54000091552734,121.83000183105469,122.27999877929688,0
2007-07-13,121.9000015258789,122.58000183105469,121.9000015258789,122.38999938964844,0
2007-07-16,121.80000305175781,122.18000030517578,121.55000305175781,122.09700012207031,0
2007-07-17,122.0,122.4000015258789,121.70999908447266,121.80000305175781,0
2007-07-18,121.9000015258789,122.26000213623047,121.5999984741211,122.01000213623047,0
2007-07-19,122.10900115966797,122.1500015258789,121.77999877929688,121.91000366210938,0
2007-07-20,121.2699966430664,122.41000366210938,121.00399780273438,122.12000274658203,0
2007-07-23,121.05000305175781,121.41999816894531,120.80999755859375,121.33999633789062,0
2007-07-24,120.11000061035156,121.06999969482422,119.98999786376953,121.06999969482422,0
2007-07-25,120.45999908447266,120.62999725341797,119.83999633789062,120.22000122070312,0
2007-07-26,118.45999908447266,120.69000244140625,118.08000183105469,120.44000244140625,0
2007-07-27,118.95999908447266,119.25,118.41000366210938,118.4800033569336,0
2007-07-30,119.1500015258789,119.23999786376953,118.08999633789062,118.33000183105469,0
2007-07-31,118.41999816894531,119.4800033569336,118.33999633789062,119.1500015258789,0
2007-08-01,118.9800033569336,119.11000061035156,117.63999938964844,118.44000244140625,0
2007-08-02,119.13999938964844,119.33000183105469,118.33999633789062,119.01000213623047,0
2007-08-03,118.04000091552734,119.30000305175781,117.83999633789062,119.13999938964844,0
2007-08-06,118.81999969482422,119.08000183105469,117.4000015258789,117.56999969482422,0
2007-08-07,118.80000305175781,118.93000030517578,118.0199966430664,118.80500030517578,0
2007-08-08,119.69000244140625,119.80999755859375,118.7300033569336,118.79000091552734,0
2007-08-09,118.29000091552734,119.76000213623047,118.11000061035156,119.68000030517578,0
2007-08-10,118.51000213623047,118.58999633789062,117.04000091552734,118.2760009765625,0
2007-08-13,118.20999908447266,118.48999786376953,117.7699966430664,118.36000061035156,0
2007-08-14,117.41999816894531,118.48999786376953,117.37999725341797,118.19000244140625,0
2007-08-15,116.31999969482422,117.61000061035156,116.2300033569336,117.43000030517578,0
2007-08-16,114.05999755859375,116.6500015258789,112.0,116.33000183105469,0
2007-08-17,114.25,114.86000061035156,111.80000305175781,114.04000091552734,0
2007-08-20,114.83999633789062,115.44000244140625,113.66000366210938,113.81999969482422,0
2007-08-21,114.1500015258789,115.19000244140625,113.9800033569336,114.8499984741211,0
2007-08-22,115.62000274658203,115.62999725341797,114.12000274658203,114.12999725341797,0
2007-08-23,116.0199966430664,117.06999969482422,115.5999984741211,115.62000274658203,0
2007-08-24,116.37999725341797,116.44999694824219,115.52999877929688,116.01499938964844,0
2007-08-27,115.55000305175781,116.7300033569336,115.38999938964844,116.69000244140625,0
2007-08-28,114.33999633789062,115.73500061035156,114.12000274658203,115.56999969482422,0
2007-08-29,115.83999633789062,116.20999908447266,113.9000015258789,114.31999969482422,0
2007-08-30,115.94000244140625,116.01000213623047,115.2300033569336,115.83000183105469,0
2007-08-31,115.7699966430664,116.55999755859375,115.52999877929688,115.94000244140625,0
2007-09-03,115.77999877929688,116.08999633789062,115.6500015258789,115.87999725341797,0
2007-09-04,116.23999786376953,116.37999725341797,115.33000183105469,115.80000305175781,0
2007-09-05,115.12000274658203,116.44999694824219,115.0199966430664,116.2300033569336,0
2007-09-06,115.38999938964844,115.5199966430664,114.80999755859375,115.12999725341797,0
2007-09-07,113.38999938964844,115.55999755859375,113.1500015258789,115.41000366210938,0
2007-09-11,114.26000213623047,114.36000061035156,113.4000015258789,113.52999877929688,0
2007-09-12,114.12000274658203,114.37000274658203,113.77999877929688,114.22000122070312,0
2007-09-13,114.58999633789062,115.45999908447266,114.12000274658203,114.12000274658203,0
2007-09-14,115.26000213623047,115.37000274658203,114.4000015258789,114.61000061035156,0
2007-09-17,115.02999877929688,115.36000061035156,114.6500015258789,115.18000030517578,0
2007-09-18,115.91000366210938,116.30000305175781,114.77999877929688,115.0199966430664,0
2007-09-19,116.01000213623047,116.27999877929688,115.69999694824219,115.9000015258789,0
2007-09-20,114.63999938964844,116.01000213623047,114.08000183105469,116.0,0
2007-09-21,115.4800033569336,115.8270034790039,114.63999938964844,114.66000366210938,0
2007-09-24,114.86000061035156,115.33000183105469,114.66999816894531,115.31900024414062,0
2007-09-25,114.66000366210938,114.94999694824219,114.04000091552734,114.87999725341797,0
2007-09-26,115.44000244140625,115.70600128173828,114.54000091552734,114.69599914550781,0
2007-09-27,115.55000305175781,115.83999633789062,115.12000274658203,115.43000030517578,0
2007-09-28,114.73999786376953,115.59500122070312,114.69000244140625,115.54000091552734,0
2007-10-01,115.80000305175781,115.98100280761719,114.76000213623047,114.81999969482422,0
2007-10-02,115.70999908447266,115.97000122070312,115.29000091552734,115.80000305175781,0
2007-10-03,116.55999755859375,116.7699966430664,115.55999755859375,115.69999694824219,0
2007-10-04,116.41000366210938,116.75,116.2699966430664,116.55999755859375,0
2007-10-05,116.87999725341797,117.11499786376953,116.36000061035156,116.41000366210938,0
2007-10-08,117.31999969482422,117.56999969482422,116.94000244140625,116.94999694824219,0
2007-10-09,117.19000244140625,117.44000244140625,116.7699966430664,117.30999755859375,0
2007-10-10,117.14800262451172,117.5199966430664,116.98600006103516,117.16999816894531,0
2007-10-11,117.37000274658203,117.76000213623047,117.0,117.1500015258789,0
2007-10-12,117.58999633789062,117.66999816894531,117.13999938964844,117.33999633789062,0
2007-10-15,117.31999969482422,117.91999816894531,117.11000061035156,117.56999969482422,0
2007-10-16,116.94000244140625,117.44999694824219,116.4800033569336,117.31999969482422,0
2007-10-17,116.48999786376953,117.1500015258789,116.19999694824219,116.95500183105469,0
2007-10-18,115.45999908447266,116.62100219726562,115.33000183105469,116.48999786376953,0
2007-10-19,114.55999755859375,115.67900085449219,114.45999908447266,115.45999908447266,0
2007-10-22,114.44200134277344,114.62999725341797,113.26499938964844,113.70999908447266,0
2007-10-23,114.86000061035156,114.98999786376953,114.2300033569336,114.43000030517578,0
2007-10-24,114.18000030517578,114.93000030517578,113.80999755859375,114.86000061035156,0
2007-10-25,113.96299743652344,114.55000305175781,113.77999877929688,114.16000366210938,0
2007-10-26,114.20999908447266,114.51699829101562,113.94000244140625,114.01000213623047,0
2007-10-29,114.69999694824219,114.87000274658203,114.05000305175781,114.19999694824219,0
2007-10-30,114.77999877929688,114.91000366210938,114.37999725341797,114.6989974975586,0
2007-10-31,115.38999938964844,115.47000122070312,114.55000305175781,114.75,0
2007-11-01,114.45999908447266,115.91000366210938,114.36000061035156,115.4000015258789,0
2007-11-02,114.72000122070312,115.33000183105469,114.43000030517578,114.4800033569336,0
2007-11-05,114.30000305175781,114.79000091552734,114.04000091552734,114.56999969482422,0
2007-11-06,114.70999908447266,114.76000213623047,114.27999877929688,114.30999755859375,0
2007-11-07,112.61000061035156,114.76000213623047,112.2300033569336,114.69999694824219,0
2007-11-08,112.70999908447266,113.33999633789062,112.22000122070312,112.66000366210938,0
2007-11-09,110.66000366210938,112.86000061035156,110.5199966430664,112.70999908447266,0
2007-11-12,109.62000274658203,110.76399993896484,109.16000366210938,110.62000274658203,0
2007-11-13,111.13999938964844,111.20999908447266,109.58999633789062,109.6500015258789,0
2007-11-14,111.2699966430664,111.7239990234375,110.8499984741211,111.0999984741211,0
2007-11-15,110.4800033569336,111.62000274658203,110.19999694824219,111.2699966430664,0
2007-11-16,110.9800033569336,111.2699966430664,109.8499984741211,110.45999908447266,0
2007-11-19,109.7699966430664,111.05000305175781,109.5999984741211,110.83999633789062,0
2007-11-20,109.72000122070312,110.5199966430664,109.55000305175781,109.7300033569336,0
2007-11-21,108.3499984741211,109.78900146484375,108.2699966430664,109.72000122070312,0
2007-11-22,108.48999786376953,109.12000274658203,108.31999969482422,108.31999969482422,0
2007-11-23,108.12000274658203,108.58999633789062,107.52999877929688,108.4800033569336,0
2007-11-27,108.80000305175781,109.12000274658203,107.30999755859375,107.41999816894531,0
2007-11-28,109.95999908447266,110.41999816894531,108.29000091552734,108.81500244140625,0
2007-11-29,109.76000213623047,110.27899932861328,109.48999786376953,109.95999908447266,0
2007-11-30,111.76000213623047,111.23999786376953,109.73999786376953,109.76000213623047,0
2007-12-03,110.44000244140625,111.01000213623047,110.13999938964844,110.91999816894531,0
2007-12-04,109.86000061035156,110.48999786376953,109.55999755859375,110.4800033569336,0
2007-12-05,110.91000366210938,110.95999908447266,109.76000213623047,109.85399627685547,0
2007-12-06,111.36000061035156,111.43800354003906,110.66000366210938,110.86000061035156,0
2007-12-07,111.66000366210938,111.79000091552734,111.16000366210938,111.36000061035156,0
2007-12-10,111.79000091552734,111.88999938964844,111.47000122070312,111.58999633789062,0
2007-12-11,110.87999725341797,112.12000274658203,110.5199966430664,111.79000091552734,0
2007-12-12,111.98999786376953,112.41000366210938,110.79000091552734,110.86000061035156,0
2007-12-13,112.30999755859375,112.44000244140625,111.44000244140625,112.00399780273438,0
2007-12-14,113.26000213623047,113.56999969482422,112.27999877929688,112.30000305175781,0
2007-12-17,112.8499984741211,113.47000122070312,112.75,113.3499984741211,0
2007-12-19,113.29000091552734,113.44999694824219,112.73999786376953,113.30000305175781,0
2007-12-20,113.16000366210938,113.3499984741211,112.80999755859375,113.27999877929688,0
2007-12-21,114.05000305175781,114.19000244140625,112.95999908447266,113.16999816894531,0
2007-12-24,114.16000366210938,114.47000122070312,114.0,114.11000061035156,0
2007-12-25,114.19999694824219,114.36000061035156,113.94999694824219,114.19000244140625,0
2007-12-26,114.22000122070312,114.33999633789062,113.94999694824219,114.19000244140625,0
2007-12-27,113.83999633789062,114.62000274658203,113.56999969482422,114.22000122070312,0
2007-12-28,112.37000274658203,113.98999786376953,112.26000213623047,113.83999633789062,0
2007-12-31,111.6500015258789,112.29000091552734,111.31999969482422,112.27999877929688,0
2008-01-01,111.81999969482422,111.96800231933594,111.19999694824219,111.19999694824219,0
2008-01-02,109.26300048828125,111.87999725341797,109.2300033569336,111.81999969482422,0
2008-01-03,109.51000213623047,109.72599792480469,108.25,109.26399993896484,0
2008-01-04,108.62999725341797,109.52999877929688,107.98999786376953,109.5,0
2008-01-07,109.2300033569336,109.69999694824219,108.58000183105469,108.58000183105469,0
2008-01-08,107.66000366210938,107.9000015258789,107.2699966430664,107.81800079345703,0
2008-01-09,109.87999725341797,110.08999633789062,108.83999633789062,108.98999786376953,0
2008-01-10,109.62000274658203,110.05400085449219,109.12999725341797,109.87699890136719,0
2008-01-11,108.95999908447266,109.68599700927734,108.68000030517578,109.63999938964844,0
2008-01-14,108.25,108.91999816894531,107.37000274658203,108.88500213623047,0
2008-01-15,106.7699966430664,108.24099731445312,106.5999984741211,108.24099731445312,0
2008-01-16,107.34500122070312,107.9000015258789,105.93000030517578,106.74500274658203,0
2008-01-17,106.4000015258789,107.80000305175781,106.38999938964844,107.33000183105469,0
2008-01-18,106.83000183105469,107.5199966430664,106.4000015258789,106.4000015258789,0
2008-01-21,105.62000274658203,106.93000030517578,105.62999725341797,106.89199829101562,0
2008-01-22,107.05999755859375,107.16999816894531,105.63999938964844,105.63999938964844,0
2008-01-23,106.75,107.33000183105469,105.04000091552734,107.05999755859375,0
2008-01-24,107.1500015258789,107.20999908447266,105.94999694824219,106.73400115966797,0
2008-01-25,106.80000305175781,107.87000274658203,106.61000061035156,107.12999725341797,0
2008-01-28,106.97000122070312,107.11000061035156,105.98999786376953,106.75,0
2008-01-29,107.04000091552734,107.13999938964844,106.41999816894531,106.98999786376953,0
2008-01-30,106.2300033569336,107.43000030517578,106.02999877929688,107.052001953125,0
2008-01-31,106.2509994506836,106.85600280761719,105.7300033569336,106.2300033569336,0
2008-02-01,106.51000213623047,106.69000244140625,105.79000091552734,106.30000305175781,0
2008-02-04,106.69000244140625,107.06999969482422,106.55000305175781,106.55999755859375,0
2008-02-05,106.53099822998047,107.71600341796875,106.41999816894531,106.70999908447266,0
2008-02-06,106.37999725341797,106.7699966430664,106.19000244140625,106.5199966430664,0
2008-02-07,107.30999755859375,107.80000305175781,105.94000244140625,106.37999725341797,0
2008-02-08,107.73999786376953,107.73999786376953,107.73999786376953,107.73999786376953,0
2008-02-11,106.83000183105469,107.45999908447266,106.37000274658203,107.45999908447266,0
2008-02-12,107.33999633789062,107.5,106.79000091552734,106.86000061035156,0
2008-02-13,108.28199768066406,108.3499984741211,106.9800033569336,107.33999633789062,0
2008-02-14,107.79000091552734,108.55999755859375,107.70999908447266,108.26000213623047,0
2008-02-15,107.80000305175781,108.29499816894531,107.30000305175781,107.79000091552734,0
2008-02-18,108.16000366210938,108.27999877929688,107.76000213623047,107.80000305175781,0
2008-02-19,107.91999816894531,108.27999877929688,107.23999786376953,108.16000366210938,0
2008-02-20,108.05000305175781,108.33000183105469,107.4800033569336,107.93000030517578,0
2008-02-21,107.41000366210938,108.30000305175781,107.13999938964844,108.05000305175781,0
2008-02-22,107.19000244140625,107.52999877929688,106.76000213623047,107.4000015258789,0
2008-02-25,108.02999877929688,108.19000244140625,107.22000122070312,107.30999755859375,0
2008-02-26,107.3499984741211,108.0999984741211,107.13999938964844,108.04299926757812,0
2008-02-27,106.37000274658203,107.37000274658203,106.05000305175781,107.36000061035156,0
2008-02-28,104.94999694824219,106.5999984741211,104.76000213623047,106.38999938964844,0
2008-02-29,103.7699966430664,104.98999786376953,103.62000274658203,104.97000122070312,0
2008-03-03,103.5199966430664,103.63200378417969,102.62000274658203,103.04000091552734,0
2008-03-04,103.37000274658203,103.54199981689453,102.63999938964844,103.52799987792969,0
2008-03-05,103.91000366210938,104.16000366210938,103.30999755859375,103.4000015258789,0
2008-03-06,102.58000183105469,103.9800033569336,102.4800033569336,103.91000366210938,0
2008-03-07,102.69999694824219,103.20999908447266,101.56999969482422,102.58999633789062,0
2008-03-10,101.41999816894531,102.43000030517578,101.44000244140625,102.29000091552734,0
2008-03-11,103.2699966430664,103.55000305175781,101.41999816894531,101.43000030517578,0
2008-03-12,101.4800033569336,103.30999755859375,101.125,103.2699966430664,0
2008-03-13,100.68000030517578,101.66999816894531,99.91000366210938,101.5,0
2008-03-14,99.02999877929688,101.08999633789062,98.88999938964844,100.69999694824219,0
2008-03-17,97.0999984741211,98.16000366210938,95.83999633789062,98.13999938964844,0
2008-03-18,99.81999969482422,100.43000030517578,96.9000015258789,97.06999969482422,0
2008-03-19,98.62000274658203,100.05000305175781,97.80000305175781,99.76000213623047,0
2008-03-20,99.37999725341797,100.16500091552734,98.48999786376953,98.6500015258789,0
2008-03-21,99.56999969482422,99.7249984741211,99.29000091552734,99.37999725341797,0
2008-03-24,100.73999786376953,100.87999725341797,99.58999633789062,99.61000061035156,0
2008-03-25,100.08000183105469,100.99500274658203,99.64700317382812,100.72000122070312,0
2008-03-26,99.16000366210938,100.29000091552734,98.80000305175781,100.06199645996094,0
2008-03-27,99.52999877929688,100.0999984741211,98.58000183105469,99.13999938964844,0
2008-03-28,99.12000274658203,100.31999969482422,99.08999633789062,99.55000305175781,0
2008-03-31,99.8499984741211,100.0999984741211,98.94000244140625,98.94000244140625,0
2008-04-02,102.29000091552734,102.80000305175781,101.55999755859375,101.66000366210938,0
2008-04-03,102.29000091552734,102.93000030517578,102.0999984741211,102.30000305175781,0
2008-04-04,101.5199966430664,102.6500015258789,101.43000030517578,102.28399658203125,0
2008-04-07,102.44000244140625,102.80000305175781,101.55999755859375,101.61000061035156,0
2008-04-08,108.18000030517578,108.27999877929688,107.44000244140625,107.51000213623047,0
2008-04-09,101.8219985961914,102.80000305175781,101.48999786376953,102.77999877929688,0
2008-04-10,102.05999755859375,102.0999984741211,100.08000183105469,101.81999969482422,0
2008-04-11,100.94999694824219,102.21199798583984,100.66000366210938,102.0999984741211,0
2008-04-14,101.16000366210938,101.44000244140625,100.33000183105469,101.25,0
2008-04-15,101.81999969482422,101.91000366210938,100.80000305175781,101.1500015258789,0
2008-04-16,101.80000305175781,101.87000274658203,100.83000183105469,101.81999969482422,0
2008-04-17,102.4800033569336,102.69999694824219,101.70999908447266,101.82499694824219,0
2008-04-18,103.75,104.61000061035156,102.27999877929688,102.44999694824219,0
2008-04-21,103.3030014038086,104.04000091552734,103.02999877929688,104.0,0
2008-04-22,102.87000274658203,103.4800033569336,102.67900085449219,103.31999969482422,0
2008-04-23,103.4520034790039,103.73999786376953,102.80000305175781,102.87999725341797,0
2008-04-24,104.24700164794922,104.50199890136719,103.30999755859375,103.45999908447266,0
2008-04-25,104.4000015258789,104.80999755859375,103.91999816894531,104.23999786376953,0
2008-04-28,104.20999908447266,104.77999877929688,104.05999755859375,104.44000244140625,0
2008-04-29,104.0,104.3479995727539,103.2300033569336,104.19999694824219,0
2008-04-30,103.94300079345703,104.76000213623047,103.70999908447266,104.00199890136719,0
2008-05-02,105.30000305175781,105.62999725341797,104.33000183105469,104.4000015258789,0
2008-05-05,104.91000366210938,105.58000183105469,104.73999786376953,105.30000305175781,0
2008-05-06,104.68399810791016,105.07599639892578,104.02999877929688,104.91999816894531,0
2008-05-07,104.77899932861328,105.55000305175781,104.5999984741211,104.72200012207031,0
2008-05-08,108.2699966430664,108.41000366210938,107.6500015258789,108.16999816894531,0
2008-05-09,102.80000305175781,103.91999816894531,102.61799621582031,103.88999938964844,0
2008-05-12,103.7699966430664,104.01000213623047,102.58000183105469,102.88999938964844,0
2008-05-13,104.62000274658203,104.9000015258789,103.43099975585938,103.7699966430664,0
2008-05-14,105.05000305175781,105.43000030517578,104.56999969482422,104.64299774169922,0
2008-05-15,104.80000305175781,105.29000091552734,104.45999908447266,105.05999755859375,0
2008-05-16,104.0199966430664,105.06999969482422,103.58999633789062,104.79000091552734,0
2008-05-19,104.39099884033203,104.66999816894531,103.6500015258789,104.12200164794922,0
2008-05-20,103.56999969482422,104.46499633789062,103.4800033569336,104.37999725341797,0
2008-05-21,103.04000091552734,103.66300201416016,102.95999908447266,103.57099914550781,0
2008-05-22,104.04000091552734,104.37000274658203,102.7300033569336,103.06199645996094,0
2008-05-23,103.30000305175781,104.20999908447266,103.06999969482422,104.0,0
2008-05-26,103.33999633789062,103.4800033569336,103.12999725341797,103.3499984741211,0
2008-05-27,104.19100189208984,104.31999969482422,103.25,103.3499984741211,0
2008-05-28,104.6500015258789,105.26000213623047,103.9000015258789,104.18000030517578,0
2008-05-29,105.48999786376953,105.8499984741211,104.5999984741211,104.66000366210938,0
2008-05-30,105.5,105.7229995727539,105.25,105.48999786376953,0
2008-06-02,104.4800033569336,105.51000213623047,104.11000061035156,105.4000015258789,0
2008-06-03,105.12999725341797,105.51300048828125,103.91000366210938,104.45999908447266,0
2008-06-04,105.23999786376953,105.31999969482422,104.54900360107422,105.12000274658203,0
2008-06-05,105.91999816894531,106.36100006103516,105.18000030517578,105.20700073242188,0
2008-06-06,104.9000015258789,106.2699966430664,104.8499984741211,105.93000030517578,0
2008-06-09,106.31999969482422,106.3499984741211,104.61000061035156,104.61000061035156,0
2008-06-10,107.33999633789062,107.44000244140625,106.20999908447266,106.33000183105469,0
2008-06-11,106.95999908447266,107.73100280761719,106.58000183105469,107.33999633789062,0
2008-06-12,107.80000305175781,108.05999755859375,106.79000091552734,106.95999908447266,0
2008-06-13,108.1500015258789,108.36000061035156,107.6500015258789,107.82099914550781,0
2008-06-16,108.13999938964844,108.56999969482422,107.91000366210938,108.22000122070312,0
2008-06-17,107.97000122070312,108.35199737548828,107.62000274658203,108.1500015258789,0
2008-06-18,107.81999969482422,108.38099670410156,107.70999908447266,107.9469985961914,0
2008-06-19,107.91999816894531,108.05000305175781,107.44999694824219,107.81999969482422,0
2008-06-20,107.30999755859375,108.04000091552734,107.13999938964844,107.91000366210938,0
2008-06-23,107.83000183105469,108.0199966430664,107.16000366210938,107.43299865722656,0
2008-06-24,107.77999877929688,108.16999816894531,107.37000274658203,107.83000183105469,0
2008-06-25,107.80000305175781,108.31999969482422,107.62999725341797,107.7699966430664,0
2008-06-26,106.9469985961914,108.16500091552734,106.62000274658203,107.8010025024414,0
2008-06-27,106.12000274658203,107.16000366210938,105.86199951171875,106.9469985961914,0
2008-06-30,106.12000274658203,106.43000030517578,105.02999877929688,106.26000213623047,0
2008-07-02,105.94000244140625,106.7490005493164,105.79000091552734,106.02100372314453,0
2008-07-03,106.73999786376953,106.89299774169922,105.81999969482422,105.94000244140625,0
2008-07-04,106.80999755859375,106.8499984741211,106.58999633789062,106.7300033569336,0
2008-07-07,107.16000366210938,107.72599792480469,106.6500015258789,106.75,0
2008-07-08,109.41000366210938,109.69000244140625,109.0999984741211,109.61000061035156,0
2008-07-09,106.87100219726562,107.62000274658203,106.69000244140625,107.427001953125,0
2008-07-10,107.06600189208984,107.33999633789062,106.70500183105469,106.83999633789062,0
2008-07-11,106.20999908447266,107.27999877929688,105.71800231933594,107.07099914550781,0
2008-07-14,106.22000122070312,106.79000091552734,106.0469970703125,106.41999816894531,0
2008-07-15,104.80999755859375,106.2300033569336,104.17400360107422,106.2300033569336,0
2008-07-16,105.18000030517578,105.2699966430664,103.80000305175781,104.81999969482422,0
2008-07-17,106.22799682617188,106.97000122070312,104.76899719238281,105.16000366210938,0
2008-07-18,106.94999694824219,106.98999786376953,105.97799682617188,106.22000122070312,0
2008-07-21,106.49600219726562,107.11000061035156,106.37000274658203,106.93000030517578,0
2008-07-22,107.2300033569336,107.37000274658203,106.0739974975586,106.5,0
2008-07-23,107.88999938964844,107.97000122070312,107.1500015258789,107.22000122070312,0
2008-07-24,107.37999725341797,107.94100189208984,107.16999816894531,107.9000015258789,0
2008-07-25,107.8499984741211,107.93000030517578,106.58899688720703,107.4000015258789,0
2008-07-28,107.45999908447266,108.01000213623047,107.34600067138672,107.8239974975586,0
2008-07-29,108.08000183105469,108.23999786376953,107.29000091552734,107.45999908447266,0
2008-07-30,108.1500015258789,108.30999755859375,107.72000122070312,108.08999633789062,0
2008-07-31,107.80999755859375,108.36000061035156,107.5999984741211,108.13999938964844,0
2008-08-08,110.16999816894531,110.36199951171875,109.27999877929688,109.41999816894531,0
2008-08-26,109.61000061035156,109.91000366210938,109.20999908447266,109.87999725341797,0
2008-08-27,109.54000091552734,109.87999725341797,108.69000244140625,109.61299896240234,0
2008-08-28,109.41999816894531,109.69999694824219,108.79000091552734,109.54000091552734,0
2008-08-29,108.79000091552734,109.54000091552734,108.44999694824219,109.43000030517578,0
2008-09-01,108.05599975585938,108.63999938964844,107.62799835205078,108.44000244140625,0
2008-09-02,108.6500015258789,109.16000366210938,107.9000015258789,108.05999755859375,0
2008-09-03,108.3499984741211,109.08000183105469,108.0999984741211,108.62999725341797,0
2008-09-04,106.7300033569336,108.51300048828125,105.69999694824219,108.33999633789062,0
2008-09-05,107.68000030517578,107.83000183105469,105.80000305175781,106.76899719238281,0
2008-09-08,108.11000061035156,109.04000091552734,107.76000213623047,108.4800033569336,0
2008-09-09,107.27999877929688,108.1500015258789,106.66000366210938,108.0999984741211,0
2008-09-10,107.72000122070312,107.91000366210938,106.69000244140625,107.30999755859375,0
2008-09-11,106.9800033569336,107.7699966430664,106.11000061035156,107.7699966430664,0
2008-09-12,107.94000244140625,107.95999908447266,106.80999755859375,107.01000213623047,0
2008-09-15,104.2509994506836,106.81300354003906,104.2300033569336,106.31999969482422,0
2008-09-16,105.5199966430664,106.30400085449219,103.58000183105469,104.26000213623047,0
2008-09-17,104.31900024414062,106.62000274658203,104.12000274658203,105.62999725341797,0
2008-09-18,105.5,105.74299621582031,104.1520004272461,104.31099700927734,0
2008-09-19,107.41999816894531,107.95999908447266,105.41300201416016,105.48999786376953,0
2008-09-22,105.55999755859375,106.9020004272461,105.1500015258789,106.83999633789062,0
2008-09-23,105.71900177001953,105.98600006103516,105.18000030517578,105.5999984741211,0
2008-09-24,106.08000183105469,106.30000305175781,105.37000274658203,105.69999694824219,0
2008-09-25,106.31999969482422,106.97000122070312,105.47000122070312,106.08000183105469,0
2008-09-26,106.05000305175781,106.44999694824219,105.05999755859375,106.32099914550781,0
2008-09-29,103.84300231933594,106.92400360107422,103.63999938964844,106.2699966430664,0
2008-09-30,106.06999969482422,106.45999908447266,103.66999816894531,103.83999633789062,0
2008-10-01,105.94000244140625,106.51000213623047,105.36000061035156,106.05999755859375,0
2008-10-02,105.20999908447266,106.26000213623047,105.08000183105469,105.93000030517578,0
2008-10-03,105.30000305175781,106.11000061035156,104.73999786376953,105.19999694824219,0
2008-10-06,101.87999725341797,105.05999755859375,100.31999969482422,105.04000091552734,0
2008-10-07,101.45999908447266,103.19400024414062,101.16000366210938,101.91999816894531,0
2008-10-08,110.08999633789062,110.38999938964844,110.05999755859375,110.19000244140625,0
2008-10-09,99.51000213623047,101.44599914550781,99.4229965209961,99.447998046875,0
2008-10-10,101.0999984741211,101.16999816894531,98.1500015258789,99.47000122070312,0
2008-10-13,102.27999877929688,102.33799743652344,99.63600158691406,100.68399810791016,0
2008-10-14,101.95999908447266,102.99099731445312,101.52300262451172,102.31700134277344,0
2008-10-15,99.72000122070312,102.01000213623047,99.41600036621094,101.9800033569336,0
2008-10-16,101.23999786376953,101.72000122070312,99.30000305175781,99.7300033569336,0
2008-10-17,101.6500015258789,101.77899932861328,100.61000061035156,101.2699966430664,0
2008-10-20,101.97000122070312,102.37000274658203,101.4020004272461,101.44000244140625,0
2008-10-21,100.3270034790039,102.12999725341797,100.08999633789062,101.96199798583984,0
2008-10-22,97.86000061035156,100.5199966430664,97.2300033569336,100.33000183105469,0
2008-10-23,97.47799682617188,98.25,95.94000244140625,97.88999938964844,0
2008-10-24,94.2699966430664,97.80000305175781,91.01699829101562,97.5,0
2008-10-27,93.19400024414062,94.33999633789062,92.18900299072266,93.68000030517578,0
2008-10-28,98.19999694824219,99.55999755859375,92.72000122070312,93.27999877929688,0
2008-10-29,97.5199966430664,98.23999786376953,96.13999938964844,98.23999786376953,0
2008-10-30,98.79000091552734,99.0,97.5,97.5270004272461,0
2008-10-31,98.44000244140625,99.07099914550781,96.48999786376953,98.81600189208984,0
2008-11-03,99.0,99.62000274658203,98.33999633789062,98.54000091552734,0
2008-11-04,99.73300170898438,100.51000213623047,98.47000122070312,98.97000122070312,0
2008-11-05,98.22000122070312,99.83300018310547,97.78099822998047,99.72000122070312,0
2008-11-06,97.2760009765625,98.5999984741211,97.2699966430664,98.20999908447266,0
2008-11-07,98.08999633789062,98.5199966430664,96.80999755859375,97.29000091552734,0
2008-11-10,97.97000122070312,99.45700073242188,97.5999984741211,98.94999694824219,0
2008-11-11,97.29100036621094,98.27999877929688,97.16000366210938,97.9800033569336,0
2008-11-12,94.80000305175781,98.05000305175781,94.55000305175781,97.27999877929688,0
2008-11-13,97.56999969482422,98.0479965209961,94.97000122070312,94.97000122070312,0
2008-11-14,97.0199966430664,97.6500015258789,96.20999908447266,97.60399627685547,0
2008-11-17,96.41000366210938,97.52999877929688,96.16999816894531,96.2300033569336,0
2008-11-18,96.74600219726562,97.37000274658203,96.05999755859375,96.41000366210938,0
2008-11-19,96.00299835205078,97.052001953125,95.56999969482422,96.70899963378906,0
2008-11-20,94.05000305175781,96.1500015258789,93.55999755859375,96.0260009765625,0
2008-11-21,95.91000366210938,95.94000244140625,93.86000061035156,93.97899627685547,0
2008-11-24,96.87000274658203,97.3499984741211,94.97000122070312,95.87999725341797,0
2008-11-25,95.4469985961914,96.91000366210938,94.97000122070312,96.88999938964844,0
2008-11-26,95.60700225830078,95.86000061035156,94.69999694824219,95.47000122070312,0
2008-11-27,95.42900085449219,95.68000030517578,94.97000122070312,95.62000274658203,0
2008-11-28,95.5,95.69999694824219,95.13999938964844,95.4000015258789,0
2008-12-01,93.13999938964844,95.38999938964844,92.87699890136719,95.31999969482422,0
2008-12-02,93.1510009765625,93.76000213623047,92.73999786376953,93.19000244140625,0
2008-12-03,93.13999938964844,93.5,92.55999755859375,93.16000366210938,0
2008-12-04,92.44999694824219,93.38200378417969,92.08200073242188,93.13700103759766,0
2008-12-05,92.81999969482422,93.31800079345703,91.6500015258789,92.44000244140625,0
2008-12-08,109.23999786376953,110.3499984741211,109.11000061035156,110.08999633789062,0
2008-12-09,92.3030014038086,93.0199966430664,91.93000030517578,92.98300170898438,0
2008-12-10,92.83999633789062,92.98999786376953,92.2969970703125,92.31300354003906,0
2008-12-11,91.52999877929688,92.83100128173828,91.1500015258789,92.83100128173828,0
2008-12-12,91.06999969482422,91.79199981689453,88.86000061035156,91.5199966430664,0
2008-12-15,90.5,91.30000305175781,90.25,90.72000122070312,0
2008-12-16,88.68000030517578,90.58999633789062,88.73799896240234,90.4800033569336,0
2008-12-17,87.31999969482422,89.16000366210938,87.18000030517578,88.66999816894531,0
2008-12-18,89.50499725341797,89.98999786376953,87.26000213623047,87.31999969482422,0
2008-12-19,89.2699966430664,89.80000305175781,88.5,89.4800033569336,0
2008-12-22,90.16000366210938,90.36399841308594,89.5199966430664,89.5199966430664,0
2008-12-23,90.83999633789062,90.97000122070312,89.93900299072266,90.13999938964844,0
2008-12-24,90.5,90.88400268554688,90.22000122070312,90.86000061035156,0
2008-12-25,90.51399993896484,90.56999969482422,90.20999908447266,90.4800033569336,0
2008-12-26,90.7699966430664,90.81999969482422,90.33999633789062,90.52999877929688,0
2008-12-29,90.6520004272461,90.75,89.81999969482422,90.62999725341797,0
2008-12-30,90.29000091552734,90.80000305175781,90.0199966430664,90.6500015258789,0
2008-12-31,90.6500015258789,90.93000030517578,90.12699890136719,90.30999755859375,0
2009-01-01,90.66699981689453,91.25,87.55999755859375,90.6500015258789,0
2009-01-02,91.79000091552734,92.37000274658203,90.66000366210938,90.66000366210938,0
2009-01-05,93.21700286865234,93.52999877929688,91.75,92.05000305175781,0
2009-01-06,93.37999725341797,94.56600189208984,92.87000274658203,93.22000122070312,0
2009-01-07,92.68000030517578,94.05999755859375,92.41999816894531,93.36599731445312,0
2009-01-08,91.36000061035156,92.88600158691406,90.8499984741211,92.72100067138672,0
2009-01-09,90.37000274658203,91.55000305175781,90.1500015258789,91.37000274658203,0
2009-01-12,89.43000030517578,90.2239990234375,88.89099884033203,90.12699890136719,0
2009-01-13,89.34100341796875,89.84200286865234,88.81999969482422,89.41999816894531,0
2009-01-14,89.16000366210938,89.94999694824219,88.62000274658203,89.36000061035156,0
2009-01-15,89.94000244140625,90.0,88.52999877929688,89.16799926757812,0
2009-01-16,90.9000015258789,90.9000015258789,89.8499984741211,89.94999694824219,0
2009-01-19,90.62000274658203,91.2300033569336,90.16899871826172,91.19599914550781,0
2009-01-20,89.80999755859375,90.94300079345703,89.68000030517578,90.62000274658203,0
2009-01-21,89.05000305175781,90.06600189208984,87.27999877929688,89.80999755859375,0
2009-01-22,89.1259994506836,89.47100067138672,88.09400177001953,89.0719985961914,0
2009-01-23,88.76000213623047,89.43599700927734,88.05999755859375,89.13400268554688,0
2009-01-26,89.23999786376953,89.60600280761719,88.44000244140625,88.51300048828125,0
2009-01-27,89.33000183105469,90.04100036621094,88.48999786376953,89.2300033569336,0
2009-01-28,90.46199798583984,90.58000183105469,88.94000244140625,89.33100128173828,0
2009-01-29,89.91000366210938,90.58000183105469,89.54000091552734,90.45500183105469,0
2009-01-30,89.9000015258789,90.02999877929688,89.19999694824219,89.91100311279297,0
2009-02-02,89.36000061035156,89.97000122070312,88.8239974975586,89.67900085449219,0
2009-02-03,89.37000274658203,89.91999816894531,88.58999633789062,89.36000061035156,0
2009-02-04,89.41999816894531,89.76000213623047,88.86000061035156,89.38999938964844,0
2009-02-05,91.1500015258789,91.9469985961914,89.2300033569336,89.41999816894531,0
2009-02-06,91.91999816894531,92.18000030517578,90.7699966430664,91.1510009765625,0
2009-02-09,91.30999755859375,92.08999633789062,90.91000366210938,92.02999877929688,0
2009-02-10,90.44400024414062,91.61900329589844,90.13800048828125,91.322998046875,0
2009-02-11,90.29000091552734,90.69999694824219,89.74199676513672,90.41999816894531,0
2009-02-12,90.66999816894531,91.05400085449219,89.76000213623047,90.24600219726562,0
2009-02-13,91.86000061035156,92.13999938964844,90.54000091552734,90.66400146484375,0
2009-02-16,91.70999908447266,92.04000091552734,91.44000244140625,91.45500183105469,0
2009-02-17,92.2760009765625,92.72000122070312,91.62000274658203,91.72000122070312,0
2009-02-18,93.62999725341797,93.91000366210938,92.10199737548828,92.27999877929688,0
2009-02-19,94.01100158691406,94.43000030517578,93.30999755859375,93.63099670410156,0
2009-02-20,93.33999633789062,94.35299682617188,92.63999938964844,94.04000091552734,0
2009-02-23,94.4000015258789,94.91500091552734,92.76000213623047,93.45099639892578,0
2009-02-24,96.55000305175781,96.93000030517578,94.25,94.38899993896484,0
2009-02-25,97.38999938964844,97.76799774169922,96.3949966430664,96.55999755859375,0
2009-02-26,98.33399963378906,98.7030029296875,97.33999633789062,97.41000366210938,0
2009-02-27,97.62000274658203,98.30999755859375,96.94400024414062,98.2979965209961,0
2009-03-02,97.05400085449219,97.8499984741211,96.91999816894531,97.20999908447266,0
2009-03-03,98.53500366210938,98.57099914550781,97.05999755859375,97.06999969482422,0
2009-03-04,98.99199676513672,99.45999908447266,98.21299743652344,98.4530029296875,0
2009-03-05,98.12999725341797,99.66000366210938,97.80000305175781,99.0199966430664,0
2009-03-06,98.33999633789062,98.46399688720703,96.5780029296875,98.12000274658203,0
2009-03-09,98.91999816894531,99.16000366210938,97.94999694824219,97.95500183105469,0
2009-03-10,98.77999877929688,99.06400299072266,97.93000030517578,98.94000244140625,0
2009-03-11,97.25,98.8030014038086,97.13999938964844,98.8030014038086,0
2009-03-12,97.31999969482422,98.38999938964844,95.66999816894531,97.25700378417969,0
2009-03-13,97.94000244140625,98.572998046875,97.16999816894531,97.33899688720703,0
2009-03-16,98.19999694824219,98.60600280761719,98.0,98.08000183105469,0
2009-03-17,98.78099822998047,98.94999694824219,98.16999816894531,98.2300033569336,0
2009-03-18,96.4010009765625,98.7760009765625,95.6760025024414,98.7699966430664,0
2009-03-19,94.44999694824219,96.58000183105469,93.61299896240234,96.4000015258789,0
2009-03-20,95.93000030517578,96.2300033569336,94.18299865722656,94.447998046875,0
2009-03-23,97.09200286865234,97.30000305175781,95.68000030517578,95.96399688720703,0
2009-03-24,98.33999633789062,98.4800033569336,97.02999877929688,97.1050033569336,0
2009-03-25,97.7300033569336,98.30899810791016,97.00700378417969,98.30699920654297,0
2009-03-26,98.69999694824219,98.84700012207031,97.6050033569336,97.75,0
2009-03-27,97.8499984741211,98.7300033569336,97.23300170898438,98.69000244140625,0
2009-03-30,97.43199920654297,98.30000305175781,96.05400085449219,98.18000030517578,0
2009-03-31,98.97000122070312,99.33000183105469,97.30999755859375,97.41000366210938,0
2009-04-01,98.66000366210938,99.41000366210938,98.37999725341797,98.9800033569336,0
2009-04-02,99.55999755859375,99.8759994506836,98.41899871826172,98.6500015258789,0
2009-04-03,100.30000305175781,100.3499984741211,99.3499984741211,99.55999755859375,0
2009-04-06,100.76000213623047,101.4260025024414,100.37999725341797,100.44000244140625,0
2009-04-07,100.69000244140625,100.84500122070312,99.91100311279297,100.7969970703125,0
2009-04-08,99.73999786376953,100.72200012207031,99.3949966430664,100.69000244140625,0
2009-04-09,100.44000244140625,100.55000305175781,99.68000030517578,99.73999786376953,0
2009-04-10,100.26000213623047,100.68699645996094,100.16999816894531,100.4800033569336,0
2009-04-13,100.0199966430664,100.69999694824219,99.89600372314453,100.33999633789062,0
2009-04-14,98.97000122070312,100.4000015258789,98.75,100.0199966430664,0
2009-04-15,99.2300033569336,99.5999984741211,98.16000366210938,98.9800033569336,0
2009-04-16,99.33000183105469,99.48699951171875,98.54399871826172,99.26000213623047,0
2009-04-17,99.08000183105469,99.68800354003906,98.75,99.34500122070312,0
2009-04-20,98.06600189208984,99.37999725341797,97.66000366210938,99.26599884033203,0
2009-04-21,98.63999938964844,98.87000274658203,97.70999908447266,98.05999755859375,0
2009-04-22,98.12999725341797,98.69999694824219,97.62999725341797,98.63999938964844,0
2009-04-23,97.91999816894531,98.41500091552734,97.62000274658203,98.15799713134766,0
2009-04-24,97.20999908447266,97.92900085449219,96.64099884033203,97.9229965209961,0
2009-04-27,96.52999877929688,97.08999633789062,96.41999816894531,96.69999694824219,0
2009-04-28,96.52999877929688,96.63999938964844,95.63999938964844,96.51300048828125,0
2009-04-29,97.47000122070312,97.87999725341797,96.51100158691406,96.54000091552734,0
2009-04-30,98.69000244140625,98.94200134277344,97.16000366210938,97.47000122070312,0
2009-05-01,99.19000244140625,99.52300262451172,98.68000030517578,98.69000244140625,0
2009-05-04,98.83000183105469,99.54000091552734,98.72000122070312,99.43000030517578,0
2009-05-05,98.91999816894531,99.18000030517578,98.61000061035156,98.82099914550781,0
2009-05-06,98.41000366210938,99.01000213623047,97.94999694824219,98.93000030517578,0
2009-05-07,99.12799835205078,99.66000366210938,98.4000015258789,98.41000366210938,0
2009-05-08,98.44999694824219,99.54000091552734,98.33000183105469,99.12000274658203,0
2009-05-11,97.5,98.80500030517578,97.25,98.63999938964844,0
2009-05-12,96.45999908447266,97.81999969482422,96.0999984741211,97.51100158691406,0
2009-05-13,95.37000274658203,96.66799926757812,95.13999938964844,96.44999694824219,0
2009-05-14,96.0,96.1510009765625,95.12799835205078,95.4000015258789,0
2009-05-15,95.11000061035156,96.0999984741211,94.75399780273438,96.02999877929688,0
2009-05-18,96.37300109863281,96.4540023803711,94.55000305175781,95.1259994506836,0
2009-05-19,96.11699676513672,96.6709976196289,95.91000366210938,96.37999725341797,0
2009-05-20,94.91100311279297,96.20700073242188,94.68299865722656,96.11000061035156,0
2009-05-21,94.12999725341797,95.20999908447266,93.96299743652344,94.91100311279297,0
2009-05-22,94.73999786376953,94.89700317382812,93.86000061035156,94.12999725341797,0
2009-05-25,94.81999969482422,95.16999816894531,94.41999816894531,94.68000030517578,0
2009-05-26,95.05000305175781,95.12000274658203,94.5199966430664,94.82099914550781,0
2009-05-27,95.37999725341797,95.4800033569336,94.69499969482422,95.05599975585938,0
2009-05-28,96.7979965209961,97.22100067138672,95.38400268554688,95.38400268554688,0
2009-05-29,95.43000030517578,96.87200164794922,95.0199966430664,96.80000305175781,0
2009-06-01,96.52200317382812,96.78299713134766,94.45999908447266,95.31700134277344,0
2009-06-02,95.60099792480469,96.57599639892578,95.31999969482422,96.52999877929688,0
2009-06-03,96.06999969482422,96.41000366210938,95.37999725341797,95.59300231933594,0
2009-06-04,96.64299774169922,96.94999694824219,95.94000244140625,96.06199645996094,0
2009-06-05,98.80999755859375,98.87000274658203,96.55999755859375,96.62999725341797,0
2009-06-08,98.45700073242188,98.8499984741211,98.20099639892578,98.7699966430664,0
2009-06-09,97.47699737548828,98.55000305175781,97.25,98.45999908447266,0
2009-06-10,98.14900207519531,98.43699645996094,97.0999984741211,97.45999908447266,0
2009-06-11,97.62999725341797,98.51000213623047,97.30599975585938,98.13999938964844,0
2009-06-12,98.37000274658203,98.41100311279297,97.47200012207031,97.65399932861328,0
2009-06-15,97.81900024414062,98.56099700927734,97.56999969482422,98.41000366210938,0
2009-06-16,96.5,97.81999969482422,96.08999633789062,97.81999969482422,0
2009-06-17,95.73999786376953,96.75,95.51000213623047,96.4800033569336,0
2009-06-18,96.56999969482422,96.69999694824219,95.63999938964844,95.76000213623047,0
2009-06-19,96.76000213623047,97.16000366210938,95.9800033569336,96.58200073242188,0
2009-06-22,95.8499984741211,96.25,95.70999908447266,96.12000274658203,0
2009-06-23,95.11900329589844,95.87000274658203,94.88800048828125,95.87000274658203,0
2009-06-24,95.8479995727539,95.88999938964844,95.05999755859375,95.13800048828125,0
2009-06-25,95.94300079345703,96.55000305175781,95.61799621582031,95.83000183105469,0
2009-06-26,95.20999908447266,96.03900146484375,95.02999877929688,95.93299865722656,0
2009-06-29,96.09200286865234,96.14299774169922,95.16000366210938,95.35299682617188,0
2009-06-30,96.33100128173828,96.4729995727539,95.22000122070312,96.09100341796875,0
2009-07-01,96.62000274658203,96.9530029296875,96.177001953125,96.3219985961914,0
2009-07-02,95.9520034790039,96.87000274658203,95.73100280761719,96.62699890136719,0
2009-07-03,96.13999938964844,96.13999938964844,95.69999694824219,95.95099639892578,0
2009-07-06,95.16999816894531,95.9520034790039,94.63999938964844,95.9520034790039,0
2009-07-07,94.76899719238281,95.41000366210938,94.70999908447266,95.1760025024414,0
2009-07-08,92.77200317382812,94.76899719238281,91.87999725341797,94.76899719238281,0
2009-07-09,93.04000091552734,93.58599853515625,92.39800262451172,92.79000091552734,0
2009-07-10,92.52999877929688,93.16999816894531,91.86100006103516,93.04000091552734,0
2009-07-13,93.02200317382812,93.13999938964844,91.77999877929688,92.4000015258789,0
2009-07-14,93.4209976196289,93.73999786376953,92.73400115966797,92.9800033569336,0
2009-07-15,94.177001953125,94.44000244140625,93.25599670410156,93.38999938964844,0
2009-07-16,93.7760009765625,94.41000366210938,93.31700134277344,94.16999816894531,0
2009-07-17,94.20999908447266,94.36499786376953,93.47000122070312,93.77999877929688,0
2009-07-20,94.13999938964844,94.19999694824219,94.06600189208984,94.19999694824219,0
2009-07-21,93.53299713134766,93.73100280761719,93.52999877929688,93.69000244140625,0
2009-07-22,93.56900024414062,93.58799743652344,93.52999877929688,93.57599639892578,0
2009-07-23,94.93000030517578,95.12999725341797,94.93000030517578,95.0989990234375,0
2009-07-24,94.87000274658203,95.12999725341797,94.58699798583984,95.0989990234375,0
2009-07-27,95.16000366210938,95.26200103759766,95.14700317382812,95.14700317382812,0
2009-07-28,94.37999725341797,94.46099853515625,94.34400177001953,94.36000061035156,0
2009-07-29,95.0999984741211,95.13999938964844,94.9800033569336,94.9800033569336,0
2009-07-30,95.55999755859375,95.61299896240234,95.41999816894531,95.51899719238281,0
2009-07-31,94.63999938964844,95.80999755859375,94.51200103759766,95.51899719238281,0
2009-08-03,95.16699981689453,95.27999877929688,95.16100311279297,95.19999694824219,0
2009-08-04,95.29000091552734,95.37999725341797,95.23999786376953,95.23999786376953,0
2009-08-05,94.7959976196289,94.94999694824219,94.79000091552734,94.94000244140625,0
2009-08-06,95.48400115966797,95.53099822998047,95.41999816894531,95.44999694824219,0
2009-08-07,97.43000030517578,97.7770004272461,95.06800079345703,95.44999694824219,0
2009-08-10,97.01000213623047,97.01000213623047,96.86599731445312,97.0,0
2009-08-11,95.91999816894531,96.0719985961914,95.91999816894531,96.02999877929688,0
2009-08-12,96.15699768066406,96.19999694824219,96.0780029296875,96.16000366210938,0
2009-08-13,95.2699966430664,95.39299774169922,95.25,95.37100219726562,0
2009-08-14,94.86000061035156,95.4489974975586,94.43699645996094,95.37100219726562,0
2009-08-17,94.43000030517578,94.44000244140625,94.33999633789062,94.37000274658203,0
2009-08-18,94.83999633789062,94.94000244140625,94.80000305175781,94.80999755859375,0
2009-08-19,94.11000061035156,94.12000274658203,93.95999908447266,94.05999755859375,0
2009-08-20,94.25700378417969,94.2699966430664,94.13999938964844,94.16000366210938,0
2009-08-21,94.37000274658203,94.6780014038086,93.4000015258789,94.16000366210938,0
2009-08-24,94.38999938964844,94.45600128173828,94.33999633789062,94.41999816894531,0
2009-08-25,93.9000015258789,94.20999908447266,93.87999725341797,94.16400146484375,0
2009-08-26,94.08000183105469,94.22000122070312,94.05000305175781,94.22000122070312,0
2009-08-27,93.62999725341797,93.6989974975586,93.5,93.52999877929688,0
2009-08-28,93.55999755859375,93.55999755859375,93.55999755859375,93.55999755859375,0
2009-08-31,92.87000274658203,93.04000091552734,92.87000274658203,92.94999694824219,0
2009-09-01,92.70700073242188,92.80000305175781,92.55000305175781,92.7750015258789,0
2009-09-02,92.20899963378906,92.25299835205078,92.11000061035156,92.11799621582031,0
2009-09-03,92.68699645996094,92.7229995727539,92.6500015258789,92.7020034790039,0
2009-09-04,92.97000122070312,93.2300033569336,92.31999969482422,92.7020034790039,0
2009-09-07,92.91999816894531,93.01300048828125,92.91999816894531,92.98999786376953,0
2009-09-08,92.30999755859375,92.33000183105469,92.23600006103516,92.28199768066406,0
2009-09-09,92.12999725341797,92.13999938964844,92.05999755859375,92.08000183105469,0
2009-09-10,91.68699645996094,91.73999786376953,91.61000061035156,91.73999786376953,0
2009-09-11,90.66000366210938,91.73999786376953,90.21600341796875,91.73999786376953,0
2009-09-14,90.87000274658203,90.88999938964844,90.7699966430664,90.84700012207031,0
2009-09-15,90.89800262451172,90.98999786376953,90.8499984741211,90.9800033569336,0
2009-09-16,91.0199966430664,91.02999877929688,90.83000183105469,90.83999633789062,0
2009-09-17,91.20600128173828,91.22000122070312,91.12000274658203,91.19999694824219,0
2009-09-18,91.2699966430664,91.51000213623047,91.0199966430664,91.19999694824219,0
2009-09-21,92.0260009765625,92.0530014038086,91.94999694824219,92.01000213623047,0
2009-09-22,90.70999908447266,91.13500213623047,90.5199966430664,91.12000274658203,0
2009-09-23,91.3270034790039,91.54499816894531,91.30000305175781,91.48999786376953,0
2009-09-24,90.822998046875,91.33000183105469,90.76000213623047,91.2699966430664,0
2009-09-25,89.80999755859375,91.33000183105469,89.50299835205078,91.2699966430664,0
2009-09-28,89.86199951171875,89.88800048828125,89.61199951171875,89.66600036621094,0
2009-09-29,90.22100067138672,90.22100067138672,90.04000091552734,90.08999633789062,0
2009-09-30,89.87000274658203,89.93900299072266,89.83999633789062,89.83999633789062,0
2009-10-01,89.5469970703125,89.56999969482422,89.45800018310547,89.48999786376953,0
2009-10-02,89.61000061035156,89.61000061035156,89.61000061035156,89.61000061035156,0
2009-10-05,89.62000274658203,89.64299774169922,89.4800033569336,89.51000213623047,0
2009-10-06,88.80000305175781,88.80000305175781,88.63999938964844,88.70999908447266,0
2009-10-07,88.53800201416016,88.68000030517578,88.4800033569336,88.68000030517578,0
2009-10-08,88.76899719238281,88.76899719238281,88.4800033569336,88.4800033569336,0
2009-10-09,89.73999786376953,89.85700225830078,88.4800033569336,88.4800033569336,0
2009-10-12,89.70999908447266,89.7300033569336,89.61000061035156,89.70999908447266,0
2009-10-13,89.81999969482422,89.87000274658203,89.7300033569336,89.74400329589844,0
2009-10-14,89.41000366210938,89.45999908447266,89.38999938964844,89.41000366210938,0
2009-10-15,90.8270034790039,90.95999908447266,90.59600067138672,90.63999938964844,0
2009-10-16,90.91000366210938,91.30000305175781,90.5790023803711,90.63999938964844,0
2009-10-19,90.77300262451172,90.77300262451172,90.62999725341797,90.66000366210938,0
2009-10-20,90.7979965209961,90.87799835205078,90.69000244140625,90.69999694824219,0
2009-10-21,90.87999725341797,90.93699645996094,90.77999877929688,90.91000366210938,0
2009-10-22,91.39600372314453,91.43199920654297,91.33000183105469,91.3499984741211,0
2009-10-23,92.05000305175781,92.10399627685547,91.33000183105469,91.3499984741211,0
2009-10-26,92.19999694824219,92.27999877929688,91.55999755859375,92.08999633789062,0
2009-10-27,91.6240005493164,92.31999969482422,91.58999633789062,92.21700286865234,0
2009-10-28,90.56999969482422,91.70999908447266,90.5479965209961,91.6500015258789,0
2009-10-29,91.48999786376953,91.5999984741211,90.24199676513672,90.6500015258789,0
2009-10-30,90.08999633789062,91.48999786376953,89.91999816894531,91.48999786376953,0
2009-11-02,90.38999938964844,90.66999816894531,89.72200012207031,89.72200012207031,0
2009-11-03,90.38999938964844,90.56700134277344,89.86000061035156,90.4000015258789,0
2009-11-04,90.697998046875,91.22899627685547,90.05999755859375,90.41999816894531,0
2009-11-05,90.7699966430664,90.83999633789062,90.01000213623047,90.66100311279297,0
2009-11-06,89.87999725341797,90.77999877929688,89.62999725341797,90.77999877929688,0
2009-11-09,89.8290023803711,90.25700378417969,89.73600006103516,89.86000061035156,0
2009-11-10,89.70999908447266,90.15299987792969,89.68000030517578,89.8499984741211,0
2009-11-11,89.91000366210938,90.00299835205078,89.29199981689453,89.5199966430664,0
2009-11-12,90.27999877929688,90.55500030517578,89.64900207519531,89.88999938964844,0
2009-11-13,89.66000366210938,90.4000015258789,89.45999908447266,90.27999877929688,0
2009-11-16,89.01000213623047,89.7020034790039,88.77300262451172,89.5999984741211,0
2009-11-17,89.2300033569336,89.51699829101562,88.75,89.0199966430664,0
2009-11-18,89.39800262451172,89.46299743652344,89.0,89.25199890136719,0
2009-11-19,88.9000015258789,89.41999816894531,88.64700317382812,89.39099884033203,0
2009-11-20,88.83000183105469,89.10700225830078,88.6760025024414,88.91000366210938,0
2009-11-23,88.9000015258789,89.16400146484375,88.56999969482422,88.88999938964844,0
2009-11-24,88.59300231933594,88.9209976196289,88.3499984741211,88.87000274658203,0
2009-11-25,87.36000061035156,88.6259994506836,87.20999908447266,88.58000183105469,0
2009-11-26,85.13999938964844,87.44499969482422,84.88999938964844,87.34500122070312,0
2009-11-27,86.4800033569336,86.9800033569336,85.12300109863281,85.12300109863281,0
2009-11-30,86.25,86.83000183105469,85.87000274658203,86.61000061035156,0
2009-12-01,86.6500015258789,87.51499938964844,86.29000091552734,86.29000091552734,0
2009-12-02,87.55999755859375,87.6500015258789,86.58999633789062,86.6500015258789,0
2009-12-03,88.25900268554688,88.4469985961914,87.5770034790039,87.62000274658203,0
2009-12-04,90.5199966430664,90.73100280761719,87.99700164794922,88.2699966430664,0
2009-12-07,89.29000091552734,90.1729965209961,89.14700317382812,90.05999755859375,0
2009-12-08,88.37999725341797,89.41999816894531,88.19000244140625,89.33999633789062,0
2009-12-09,88.08999633789062,88.68000030517578,87.37000274658203,88.37000274658203,0
2009-12-10,88.2300033569336,88.43000030517578,87.73999786376953,88.06099700927734,0
2009-12-11,89.08999633789062,89.79499816894531,88.27400207519531,88.27400207519531,0
2009-12-14,88.69000244140625,89.27899932861328,88.33000183105469,89.27899932861328,0
2009-12-15,89.51100158691406,89.93599700927734,88.60299682617188,88.68000030517578,0
2009-12-16,89.8499984741211,89.96099853515625,89.4000015258789,89.48999786376953,0
2009-12-17,89.63999938964844,90.3499984741211,89.55999755859375,89.86100006103516,0
2009-12-18,90.44000244140625,90.8479995727539,89.05000305175781,89.66999816894531,0
2009-12-21,91.05699920654297,91.23400115966797,90.25,90.37999725341797,0
2009-12-22,91.80500030517578,91.86000061035156,91.00199890136719,91.08000183105469,0
2009-12-23,91.63999938964844,91.85399627685547,91.30000305175781,91.80000305175781,0
2009-12-24,91.44400024414062,91.75700378417969,91.12799835205078,91.5999984741211,0
2009-12-25,91.11000061035156,91.61399841308594,91.0999984741211,91.4000015258789,0
2009-12-28,91.69000244140625,91.73699951171875,91.41999816894531,91.4540023803711,0
2009-12-29,91.97000122070312,92.05999755859375,91.52999877929688,91.70999908447266,0
2009-12-30,92.41999816894531,92.75399780273438,91.97000122070312,91.98999786376953,0
2009-12-31,92.91000366210938,93.13999938964844,91.94999694824219,92.43000030517578,0
2010-01-01,92.91999816894531,93.08999633789062,92.91999816894531,92.94000244140625,0
2010-01-04,92.49500274658203,93.20099639892578,92.1969985961914,92.76000213623047,0
2010-01-05,91.58499908447266,92.48600006103516,91.28299713134766,92.47000122070312,0
2010-01-06,92.35600280761719,92.70999908447266,91.52200317382812,91.55000305175781,0
2010-01-07,93.38999938964844,93.73500061035156,92.11000061035156,92.33599853515625,0
2010-01-08,92.66000366210938,93.66000366210938,92.32099914550781,93.43900299072266,0
2010-01-11,92.09200286865234,92.62999725341797,91.79000091552734,92.37899780273438,0
2010-01-12,91.08000183105469,92.39199829101562,90.7300033569336,92.0999984741211,0
2010-01-13,91.43299865722656,91.53500366210938,90.90799713134766,91.08999633789062,0
2010-01-14,91.26699829101562,92.0270004272461,90.83999633789062,91.37000274658203,0
2010-01-15,90.75,91.30500030517578,90.60199737548828,91.26000213623047,0
2010-01-18,90.70500183105469,91.052001953125,90.58000183105469,90.8290023803711,0
2010-01-19,91.1989974975586,91.25499725341797,90.29000091552734,90.70999908447266,0
2010-01-20,91.19200134277344,91.45500183105469,90.80699920654297,91.16999816894531,0
2010-01-21,90.39299774169922,91.85800170898438,89.97799682617188,91.20999908447266,0
2010-01-22,89.80999755859375,90.53099822998047,89.78600311279297,90.43099975585938,0
2010-01-25,90.41500091552734,90.45500183105469,89.81999969482422,89.9800033569336,0
2010-01-26,89.62999725341797,90.54000091552734,89.33999633789062,90.39900207519531,0
2010-01-27,89.94999694824219,90.0510025024414,89.13300323486328,89.61000061035156,0
2010-01-28,89.77799987792969,90.52999877929688,89.65599822998047,89.95999908447266,0
2010-01-29,90.2699966430664,90.87899780273438,89.61000061035156,89.79000091552734,0
2010-02-01,90.76000213623047,90.91000366210938,89.99400329589844,90.26000213623047,0
2010-02-02,90.4280014038086,90.9000015258789,90.25800323486328,90.73999786376953,0
2010-02-03,90.83999633789062,91.25,90.09100341796875,90.44000244140625,0
2010-02-04,89.41000366210938,91.05000305175781,88.6449966430664,90.83999633789062,0
2010-02-05,89.22000122070312,89.8010025024414,88.81999969482422,89.36699676513672,0
2010-02-08,89.22000122070312,89.5479965209961,89.13999938964844,89.26000213623047,0
2010-02-09,89.76799774169922,89.927001953125,89.19999694824219,89.20999908447266,0
2010-02-10,89.93000030517578,90.04000091552734,89.2699966430664,89.79000091552734,0
2010-02-11,89.80999755859375,90.13500213623047,89.56900024414062,89.91799926757812,0
2010-02-12,89.94999694824219,90.37899780273438,89.56999969482422,89.81300354003906,0
2010-02-15,90.05000305175781,90.20999908447266,89.91000366210938,90.06800079345703,0
2010-02-16,90.24400329589844,90.47200012207031,89.70999908447266,90.04000091552734,0
2010-02-17,91.05000305175781,91.3759994506836,90.1520004272461,90.25800323486328,0
2010-02-18,91.97699737548828,92.06999969482422,90.58000183105469,91.06999969482422,0
2010-02-19,91.54000091552734,92.12000274658203,91.4800033569336,91.91400146484375,0
2010-02-22,91.23500061035156,91.86000061035156,91.01000213623047,91.62899780273438,0
2010-02-23,90.16000366210938,91.26699829101562,89.91000366210938,91.26000213623047,0
2010-02-24,90.27899932861328,90.35199737548828,89.79299926757812,90.1500015258789,0
2010-02-25,89.2699966430664,90.28199768066406,88.80000305175781,90.27899932861328,0
2010-02-26,88.9209976196289,89.44999694824219,88.77400207519531,89.26200103759766,0
2010-03-01,89.1500015258789,89.46800231933594,88.81999969482422,88.84400177001953,0
2010-03-02,88.73999786376953,89.36000061035156,88.56999969482422,89.20999908447266,0
2010-03-03,88.56999969482422,88.95800018310547,88.31999969482422,88.7300033569336,0
2010-03-04,89.16000366210938,89.23999786376953,88.12999725341797,88.5979995727539,0
2010-03-05,90.22000122070312,90.55999755859375,89.1500015258789,89.15899658203125,0
2010-03-08,90.28600311279297,90.61199951171875,90.13999938964844,90.61000061035156,0
2010-03-09,89.98899841308594,90.29000091552734,89.62999725341797,90.29000091552734,0
2010-03-10,90.47000122070312,90.79000091552734,89.92900085449219,90.0199966430664,0
2010-03-11,90.64800262451172,90.72899627685547,90.19999694824219,90.48999786376953,0
2010-03-12,90.54000091552734,91.04900360107422,90.16699981689453,90.66000366210938,0
2010-03-15,90.31999969482422,90.79100036621094,90.31999969482422,90.7030029296875,0
2010-03-16,90.29000091552734,90.71600341796875,89.9800033569336,90.34100341796875,0
2010-03-17,90.40299987792969,90.69000244140625,90.05999755859375,90.30000305175781,0
2010-03-18,90.4800033569336,90.7509994506836,89.76100158691406,90.38999938964844,0
2010-03-19,90.5199966430664,90.69300079345703,90.33000183105469,90.48799896240234,0
2010-03-22,90.33999633789062,90.75299835205078,89.86799621582031,90.43900299072266,0
2010-03-23,90.36599731445312,90.45099639892578,90.12000274658203,90.30999755859375,0
2010-03-24,92.01399993896484,92.36599731445312,90.3759994506836,90.38300323486328,0
2010-03-25,92.51300048828125,92.93599700927734,91.75,91.98999786376953,0
2010-03-26,92.50700378417969,92.88300323486328,92.29000091552734,92.51599884033203,0
2010-03-29,92.48999786376953,92.7770004272461,92.36000061035156,92.43000030517578,0
2010-03-30,92.81999969482422,92.99099731445312,92.11699676513672,92.48999786376953,0
2010-03-31,93.5199966430664,93.61000061035156,92.79000091552734,92.80500030517578,0
2010-04-01,93.8499984741211,93.99500274658203,93.2760009765625,93.58999633789062,0
2010-04-02,94.52999877929688,94.68000030517578,93.66999816894531,93.83000183105469,0
2010-04-05,94.33000183105469,94.58899688720703,94.06999969482422,94.55000305175781,0
2010-04-06,93.79399871826172,94.37000274658203,93.66000366210938,94.34700012207031,0
2010-04-07,93.30899810791016,94.25299835205078,93.13999938964844,93.79000091552734,0
2010-04-08,93.41999816894531,93.4729995727539,92.83000183105469,93.2699966430664,0
2010-04-09,93.16000366210938,93.76000213623047,93.11000061035156,93.41999816894531,0
2010-04-12,93.18299865722656,93.58000183105469,93.0199966430664,93.12000274658203,0
2010-04-13,93.18000030517578,93.39299774169922,92.59600067138672,93.1729965209961,0
2010-04-14,93.31800079345703,93.69000244140625,92.83000183105469,93.18299865722656,0
2010-04-15,93.04000091552734,93.51000213623047,92.9000015258789,93.30500030517578,0
2010-04-16,92.1500015258789,93.12799835205078,91.91000366210938,93.0459976196289,0
2010-04-19,92.45999908447266,92.50199890136719,91.58999633789062,91.93000030517578,0
2010-04-20,93.1709976196289,93.37999725341797,92.37999725341797,92.44000244140625,0
2010-04-21,93.05400085449219,93.37999725341797,92.93299865722656,93.15399932861328,0
2010-04-22,93.39800262451172,93.58000183105469,92.7300033569336,93.05699920654297,0
2010-04-23,93.94999694824219,94.28800201416016,93.302001953125,93.4010009765625,0
2010-04-26,93.9000015258789,94.34300231933594,93.88400268554688,94.08000183105469,0
2010-04-27,93.14399719238281,94.00800323486328,92.83200073242188,93.88999938964844,0
2010-04-28,93.95999908447266,94.29100036621094,93.0,93.16999816894531,0
2010-04-29,94.01300048828125,94.24800109863281,93.83000183105469,94.01000213623047,0
2010-04-30,93.83000183105469,94.57099914550781,93.81999969482422,94.01000213623047,0
2010-05-03,94.69200134277344,94.7699966430664,93.83799743652344,94.00800323486328,0
2010-05-04,94.70999908447266,94.96399688720703,94.31999969482422,94.69000244140625,0
2010-05-05,93.78099822998047,94.95999908447266,93.55999755859375,94.69000244140625,0
2010-05-06,90.83000183105469,93.95999908447266,88.26000213623047,93.76899719238281,0
2010-05-07,91.58000183105469,93.05999755859375,90.59400177001953,90.83799743652344,0
2010-05-10,93.18000030517578,93.48600006103516,91.85900115966797,92.0999984741211,0
2010-05-11,92.48999786376953,93.24800109863281,92.21499633789062,93.19000244140625,0
2010-05-12,93.16899871826172,93.2699966430664,92.45099639892578,92.54199981689453,0
2010-05-13,92.7770004272461,93.58599853515625,92.5999984741211,93.1709976196289,0
2010-05-14,92.45999908447266,93.02999877929688,91.8010025024414,92.79000091552734,0
2010-05-17,92.55000305175781,92.6719970703125,91.75299835205078,92.33200073242188,0
2010-05-18,91.9010009765625,92.93000030517578,91.9010009765625,92.52999877929688,0
2010-05-19,91.54000091552734,92.13300323486328,90.98699951171875,91.91999816894531,0
2010-05-20,89.37000274658203,91.86599731445312,89.03900146484375,91.54199981689453,0
2010-05-21,89.98600006103516,90.45700073242188,89.22000122070312,89.4000015258789,0
2010-05-24,90.19000244140625,90.61000061035156,89.75,90.12000274658203,0
2010-05-25,90.33200073242188,90.44300079345703,89.24800109863281,90.19200134277344,0
2010-05-26,89.97000122070312,90.64399719238281,89.80999755859375,90.33000183105469,0
2010-05-27,90.87899780273438,91.06999969482422,89.90599822998047,89.95800018310547,0
2010-05-28,91.052001953125,91.39600372314453,90.58999633789062,90.87999725341797,0
2010-05-31,91.19000244140625,91.58999633789062,90.94000244140625,90.94000244140625,0
2010-06-01,91.0999984741211,91.44000244140625,90.52999877929688,91.18000030517578,0
2010-06-02,92.19000244140625,92.34700012207031,91.01000213623047,91.08999633789062,0
2010-06-03,92.62300109863281,92.77100372314453,92.04000091552734,92.19000244140625,0
2010-06-04,91.87999725341797,92.86799621582031,91.427001953125,92.59300231933594,0
2010-06-07,91.51599884033203,92.06400299072266,90.98999786376953,91.56999969482422,0
2010-06-08,91.41000366210938,91.90699768066406,90.88500213623047,91.48999786376953,0
2010-06-09,91.36499786376953,91.65499877929688,91.04000091552734,91.41000366210938,0
2010-06-10,91.30899810791016,91.44100189208984,90.8550033569336,91.32099914550781,0
2010-06-11,91.62000274658203,91.75599670410156,91.26200103759766,91.33100128173828,0
2010-06-14,91.62000274658203,92.07599639892578,91.41000366210938,91.70999908447266,0
2010-06-15,91.4739990234375,91.68000030517578,91.0999984741211,91.62999725341797,0
2010-06-16,91.39600372314453,91.76100158691406,91.1500015258789,91.48999786376953,0
2010-06-17,90.83999633789062,91.41999816894531,90.51000213623047,91.4000015258789,0
2010-06-18,90.69999694824219,90.92400360107422,90.4540023803711,90.86000061035156,0
2010-06-21,90.99500274658203,91.4520034790039,90.31999969482422,90.4000015258789,0
2010-06-22,90.54000091552734,91.08000183105469,90.33300018310547,91.01000213623047,0
2010-06-23,89.91000366210938,90.56199645996094,89.74800109863281,90.54900360107422,0
2010-06-24,89.62999725341797,89.95999908447266,89.22000122070312,89.91999816894531,0
2010-06-25,89.1500015258789,89.75,89.1500015258789,89.5999984741211,0
2010-06-28,89.31300354003906,89.44499969482422,89.05000305175781,89.37000274658203,0
2010-06-29,88.64900207519531,89.4000015258789,88.29900360107422,89.31999969482422,0
2010-06-30,88.43000030517578,88.75599670410156,88.3499984741211,88.66000366210938,0
2010-07-01,87.5999984741211,88.54000091552734,86.9800033569336,88.4260025024414,0
2010-07-02,87.79000091552734,88.18900299072266,87.33999633789062,87.62999725341797,0
2010-07-05,87.625,87.9990005493164,87.625,87.7509994506836,0
2010-07-06,87.4800033569336,87.97100067138672,87.33999633789062,87.63899993896484,0
2010-07-07,87.68000030517578,87.7969970703125,87.02549743652344,87.51000213623047,0
2010-07-08,88.41000366210938,88.6050033569336,87.66000366210938,87.66000366210938,0
2010-07-09,88.56999969482422,88.68099975585938,88.36000061035156,88.41000366210938,0
2010-07-12,88.63899993896484,89.13700103759766,88.37899780273438,88.64900207519531,0
2010-07-13,88.79299926757812,88.85600280761719,88.04000091552734,88.6500015258789,0
2010-07-14,88.2699966430664,89.09300231933594,88.07499694824219,88.8219985961914,0
2010-07-15,87.33999633789062,88.38899993896484,87.24099731445312,88.28399658203125,0
2010-07-16,86.55999755859375,87.48200225830078,86.27999877929688,87.37300109863281,0
2010-07-19,86.76000213623047,87.18099975585938,86.4800033569336,86.52400207519531,0
2010-07-20,87.24199676513672,87.55899810791016,86.68000030517578,86.73999786376953,0
2010-07-21,86.86100006103516,87.43099975585938,86.79199981689453,87.2699966430664,0
2010-07-22,87.1240005493164,87.18099975585938,86.33999633789062,86.87999725341797,0
2010-07-23,87.5199966430664,87.5199966430664,86.73600006103516,87.1500015258789,0
2010-07-26,86.99800109863281,87.69999694824219,86.81999969482422,87.51000213623047,0
2010-07-27,87.81600189208984,87.96399688720703,86.83000183105469,87.00800323486328,0
2010-07-28,87.4520034790039,88.09100341796875,87.28600311279297,87.00800323486328,0
2010-07-29,86.68299865722656,87.48400115966797,86.58000183105469,87.45600128173828,0
2010-07-30,86.44000244140625,86.79000091552734,85.99800109863281,86.66999816894531,0
2010-08-02,86.5979995727539,86.86100006103516,86.31999969482422,86.37999725341797,0
2010-08-03,85.77999877929688,86.60600280761719,85.677001953125,86.58000183105469,0
2010-08-04,85.77999877929688,86.36000061035156,85.30999755859375,85.79000091552734,0
2010-08-05,86.30000305175781,86.43000030517578,85.78199768066406,86.27999877929688,0
2010-08-06,85.83300018310547,86.17400360107422,85.03600311279297,85.81999969482422,0
2010-08-09,85.34400177001953,85.87999725341797,85.33000183105469,85.34400177001953,0
2010-08-10,85.89700317382812,86.19599914550781,85.63200378417969,85.88800048828125,0
2010-08-11,85.36000061035156,85.44499969482422,84.74800109863281,85.35700225830078,0
2010-08-12,85.1719970703125,85.95999908447266,84.927001953125,85.19999694824219,0
2010-08-13,86.0739974975586,86.33399963378906,85.5790023803711,86.06500244140625,0
2010-08-16,86.13999938964844,86.1500015258789,85.2300033569336,86.14099884033203,0
2010-08-17,85.30699920654297,85.66799926757812,85.12100219726562,85.30699920654297,0
2010-08-18,85.59500122070312,85.67500305175781,85.19000244140625,85.58000183105469,0
2010-08-19,85.44000244140625,85.9000015258789,84.87999725341797,85.4469985961914,0
2010-08-20,85.34400177001953,85.80999755859375,85.19000244140625,85.31999969482422,0
2010-08-23,85.55999755859375,85.63300323486328,85.08699798583984,85.55000305175781,0
2010-08-24,85.14099884033203,85.17900085449219,83.61900329589844,85.1510009765625,0
2010-08-25,84.1780014038086,84.6729965209961,84.06999969482422,84.18000030517578,0
2010-08-26,84.68399810791016,84.8740005493164,84.4000015258789,84.66000366210938,0
2010-08-27,84.34600067138672,85.12000274658203,84.26000213623047,84.3499984741211,0
2010-08-30,85.5009994506836,85.89199829101562,84.5479965209961,85.49800109863281,0
2010-08-31,84.53199768066406,84.6520004272461,83.99400329589844,84.55799865722656,0
2010-09-01,84.13999938964844,84.65899658203125,83.73200225830078,84.13999938964844,0
2010-09-02,84.40699768066406,84.55000305175781,84.02200317382812,84.37000274658203,0
2010-09-03,84.25,85.19200134277344,84.16999816894531,84.2699966430664,0
2010-09-06,84.43000030517578,84.48200225830078,84.02999877929688,84.41999816894531,0
2010-09-07,84.12000274658203,84.25199890136719,83.5199966430664,84.12999725341797,0
2010-09-08,83.73200225830078,84.00199890136719,83.35099792480469,83.7300033569336,0
2010-09-09,83.94999694824219,84.0199966430664,83.50399780273438,83.97000122070312,0
2010-09-10,83.93000030517578,84.37899780273438,83.75399780273438,83.93000030517578,0
2010-09-13,84.30699920654297,84.33999633789062,83.50499725341797,84.33399963378906,0
2010-09-14,83.68099975585938,83.70999908447266,82.91999816894531,83.69599914550781,0
2010-09-15,83.0479965209961,85.74099731445312,82.87000274658203,83.05699920654297,0
2010-09-16,85.69999694824219,85.81199645996094,85.21700286865234,85.69000244140625,0
2010-09-17,85.8479995727539,85.91000366210938,85.58999633789062,85.84100341796875,0
2010-09-20,85.69000244140625,85.78700256347656,85.5,85.69000244140625,0
2010-09-21,85.7020034790039,85.76000213623047,85.27400207519531,85.72000122070312,0
2010-09-22,85.11299896240234,85.13999938964844,84.27999877929688,85.11799621582031,0
2010-09-23,84.4800033569336,84.65599822998047,84.26000213623047,84.48999786376953,0
2010-09-24,84.51000213623047,85.31999969482422,84.12200164794922,84.52999877929688,0
2010-09-27,84.31600189208984,84.37999725341797,84.12000274658203,84.31199645996094,0
2010-09-28,84.2750015258789,84.3280029296875,83.80000305175781,84.26000213623047,0
2010-09-29,83.89199829101562,84.06600189208984,83.50700378417969,83.88300323486328,0
2010-09-30,83.76599884033203,83.79000091552734,83.18099975585938,83.76000213623047,0
2010-10-01,83.56999969482422,83.55999755859375,83.12999725341797,83.55000305175781,0
2010-10-04,83.33300018310547,83.84600067138672,83.16999816894531,83.3499984741211,0
2010-10-05,83.50299835205078,83.94200134277344,83.01300048828125,83.50199890136719,0
2010-10-06,83.19000244140625,83.2699966430664,82.7699966430664,83.20999908447266,0
2010-10-07,82.96700286865234,83.00700378417969,82.18000030517578,82.97000122070312,0
2010-10-08,82.37999725341797,82.5510025024414,81.7509994506836,82.37899780273438,0
2010-10-11,81.81999969482422,82.12200164794922,81.7750015258789,81.802001953125,0
2010-10-12,82.08899688720703,82.32599639892578,81.68099975585938,82.08699798583984,0
2010-10-13,81.77999877929688,81.99600219726562,81.70999908447266,81.7979965209961,0
2010-10-14,81.7979965209961,81.83499908447266,80.86000061035156,81.80599975585938,0
2010-10-15,81.47000122070312,81.61000061035156,80.93699645996094,81.48699951171875,0
2010-10-18,81.37799835205078,81.38999938964844,81.12000274658203,81.37000274658203,0
2010-10-19,81.197998046875,81.90599822998047,81.13999938964844,81.20999908447266,0
2010-10-20,81.54199981689453,81.58399963378906,80.88300323486328,81.54000091552734,0
2010-10-21,81.05500030517578,81.77100372314453,80.93000030517578,81.05999755859375,0
2010-10-22,81.30000305175781,81.49299621582031,81.00599670410156,81.30799865722656,0
2010-10-25,81.30899810791016,81.33999633789062,80.45600128173828,81.31999969482422,0
2010-10-26,80.82499694824219,81.40899658203125,80.5999984741211,80.80799865722656,0
2010-10-27,81.33699798583984,81.97200012207031,81.30999755859375,81.31999969482422,0
2010-10-28,81.67900085449219,81.7300033569336,80.83999633789062,81.67500305175781,0
2010-10-29,81.67900085449219,81.7300033569336,80.44999694824219,81.67500305175781,0
2010-11-01,80.40599822998047,81.11100006103516,80.31999969482422,80.572998046875,0
2010-11-02,80.55899810791016,80.93699645996094,80.4800033569336,80.51000213623047,0
2010-11-03,80.66799926757812,81.46700286865234,80.58999633789062,80.65599822998047,0
2010-11-04,81.05000305175781,81.19999694824219,80.58799743652344,81.05799865722656,0
2010-11-05,80.7760009765625,81.43000030517578,80.61900329589844,80.7699966430664,0
2010-11-08,81.13999938964844,81.38999938964844,81.00199890136719,81.16899871826172,0
2010-11-09,81.08999633789062,81.21099853515625,80.5199966430664,81.12100219726562,0
2010-11-10,81.58300018310547,82.77200317382812,81.5530014038086,81.5530014038086,0
2010-11-11,82.2040023803711,82.5,82.02999877929688,82.19999694824219,0
2010-11-12,82.41000366210938,82.43900299072266,81.6780014038086,82.41500091552734,0
2010-11-15,82.47000122070312,83.197998046875,82.38999938964844,82.4800033569336,0
2010-11-16,83.16200256347656,83.33000183105469,82.84700012207031,83.15699768066406,0
2010-11-17,83.37999725341797,83.5270004272461,83.0199966430664,83.36699676513672,0
2010-11-18,83.0999984741211,83.66999816894531,83.0979995727539,83.1510009765625,0
2010-11-19,83.54000091552734,83.6259994506836,83.13999938964844,83.53800201416016,0
2010-11-22,83.48500061035156,83.5530014038086,83.33000183105469,83.46399688720703,0
2010-11-23,83.29000091552734,83.83499908447266,82.79000091552734,83.31700134277344,0
2010-11-24,83.26899719238281,83.46600341796875,82.94000244140625,83.25,0
2010-11-25,83.5199966430664,83.68299865722656,83.4000015258789,83.52999877929688,0
2010-11-26,83.62999725341797,84.1719970703125,83.63800048828125,83.63800048828125,0
2010-11-29,84.15699768066406,84.38999938964844,83.8489990234375,84.1729965209961,0
2010-11-30,84.25399780273438,84.26000213623047,83.44599914550781,84.23100280761719,0
2010-12-01,83.6780014038086,84.37799835205078,83.38300323486328,83.66600036621094,0
2010-12-02,84.12300109863281,84.3499984741211,83.9020004272461,84.11000061035156,0
2010-12-03,83.7490005493164,83.83300018310547,82.53299713134766,83.73999786376953,0
2010-12-06,82.77999877929688,82.97599792480469,82.62000274658203,82.7699966430664,0
2010-12-07,82.66999816894531,83.17500305175781,82.31999969482422,82.66999816894531,0
2010-12-08,83.47899627685547,84.28700256347656,83.47100067138672,83.4800033569336,0
2010-12-09,84.0999984741211,84.10399627685547,83.66400146484375,84.09300231933594,0
2010-12-10,83.81600189208984,83.9800033569336,83.45999908447266,83.83999633789062,0
2010-12-13,83.9729995727539,84.33999633789062,83.54000091552734,83.96800231933594,0
2010-12-14,83.44000244140625,83.62999725341797,82.83000183105469,83.44000244140625,0
2010-12-15,83.79000091552734,84.06400299072266,83.6449966430664,83.79000091552734,0
2010-12-16,84.26899719238281,84.39700317382812,83.95999908447266,84.27999877929688,0
2010-12-17,84.05000305175781,84.14800262451172,83.69000244140625,84.03600311279297,0
2010-12-20,84.01000213623047,84.10299682617188,83.62000274658203,84.01599884033203,0
2010-12-21,83.77100372314453,83.78299713134766,83.49700164794922,83.77100372314453,0
2010-12-22,83.79000091552734,83.84300231933594,83.41000366210938,83.77999877929688,0
2010-12-23,83.55999755859375,83.55999755859375,82.86000061035156,83.55999755859375,0
2010-12-24,83.0199966430664,83.14299774169922,82.86000061035156,83.0,0
2010-12-27,82.91899871826172,82.96399688720703,82.64800262451172,82.90899658203125,0
2010-12-28,82.72000122070312,82.74600219726562,81.8219985961914,82.73999786376953,0
2010-12-29,82.35600280761719,82.36499786376953,81.9000015258789,82.35399627685547,0
2010-12-30,81.61799621582031,81.84300231933594,81.28399658203125,81.61000061035156,0
2010-12-31,81.4800033569336,81.52999877929688,80.95999908447266,81.49400329589844,0
2011-01-03,81.12300109863281,81.70899963378906,81.12000274658203,81.13999938964844,0
2011-01-04,81.66999816894531,82.26799774169922,81.5999984741211,81.6719970703125,0
2011-01-05,82.03800201416016,83.31999969482422,81.88300323486328,82.01000213623047,0
2011-01-06,83.18900299072266,83.37699890136719,82.87999725341797,83.16000366210938,0
2011-01-07,83.30000305175781,83.65799713134766,82.947998046875,83.2699966430664,0
2011-01-10,83.02999877929688,83.27300262451172,82.72899627685547,83.06900024414062,0
2011-01-11,82.70999908447266,83.48300170898438,82.7300033569336,82.7300033569336,0
2011-01-12,83.33999633789062,83.4489974975586,82.9800033569336,83.3550033569336,0
2011-01-13,83.06999969482422,83.13999938964844,82.56600189208984,83.08999633789062,0
2011-01-14,82.76200103759766,82.97000122070312,82.40899658203125,82.75,0
2011-01-17,82.88700103759766,82.99400329589844,82.3489990234375,82.88899993896484,0
2011-01-18,82.66999816894531,82.79100036621094,82.322998046875,82.63999938964844,0
2011-01-19,82.61199951171875,82.6780014038086,82.00900268554688,82.61699676513672,0
2011-01-20,82.15499877929688,83.04000091552734,82.04000091552734,82.13999938964844,0
2011-01-21,82.91999816894531,83.0790023803711,82.5199966430664,82.93399810791016,0
2011-01-24,82.58599853515625,82.91000366210938,82.41999816894531,82.58000183105469,0
2011-01-25,82.54199981689453,82.64299774169922,82.27200317382812,82.53500366210938,0
2011-01-26,82.26000213623047,82.31400299072266,81.98899841308594,82.25900268554688,0
2011-01-27,82.16300201416016,83.15899658203125,82.0250015258789,82.16000366210938,0
2011-01-28,82.88500213623047,82.88999938964844,82.12999725341797,82.88700103759766,0
2011-01-31,82.08899688720703,82.23100280761719,81.93000030517578,82.09700012207031,0
2011-02-01,82.06999969482422,82.13300323486328,81.47000122070312,82.08699798583984,0
2011-02-02,81.39099884033203,81.61399841308594,81.3499984741211,81.38999938964844,0
2011-02-03,81.49299621582031,82.04399871826172,81.49400329589844,81.49400329589844,0
2011-02-04,81.6500015258789,81.9749984741211,81.48999786376953,81.65699768066406,0
2011-02-07,82.22000122070312,82.45800018310547,82.1500015258789,82.22000122070312,0
2011-02-08,82.28900146484375,82.35800170898438,81.76799774169922,82.2979965209961,0
2011-02-09,82.3030014038086,82.64900207519531,82.2490005493164,82.2699966430664,0
2011-02-10,82.41899871826172,83.26899719238281,82.36000061035156,82.4000015258789,0
2011-02-11,83.33999633789062,83.66200256347656,83.2300033569336,83.33999633789062,0
2011-02-14,83.44400024414062,83.48699951171875,83.0989990234375,83.41999816894531,0
2011-02-15,83.41300201416016,83.90799713134766,83.19300079345703,83.4000015258789,0
2011-02-16,83.71600341796875,83.95500183105469,83.58000183105469,83.72000122070312,0
2011-02-17,83.61000061035156,83.66600036621094,83.15599822998047,83.61299896240234,0
2011-02-18,83.29000091552734,83.49400329589844,83.20700073242188,83.28700256347656,0
2011-02-21,83.08000183105469,83.25800323486328,83.04000091552734,83.10600280761719,0
2011-02-22,83.06600189208984,83.4010009765625,82.78600311279297,83.06900024414062,0
2011-02-23,82.76000213623047,82.87000274658203,82.51000213623047,82.77300262451172,0
2011-02-24,82.43800354003906,82.44999694824219,81.64900207519531,82.44999694824219,0
2011-02-25,82.0469970703125,82.02300262451172,81.6500015258789,82.0199966430664,0
2011-02-28,81.62200164794922,81.91999816894531,81.5999984741211,81.62000274658203,0
2011-03-01,81.87300109863281,82.22000122070312,81.83000183105469,81.8740005493164,0
2011-03-02,81.89800262451172,82.0999984741211,81.5999984741211,81.89800262451172,0
2011-03-03,81.8280029296875,82.36199951171875,81.71800231933594,81.80999755859375,0
2011-03-04,82.36699676513672,82.91000366210938,82.23600006103516,82.36000061035156,0
2011-03-07,82.34300231933594,82.38200378417969,81.93000030517578,82.3499984741211,0
2011-03-08,82.29199981689453,82.84300231933594,82.20099639892578,82.2979965209961,0
2011-03-09,82.80000305175781,82.9229965209961,82.61000061035156,82.80999755859375,0
2011-03-10,82.83300018310547,83.16000366210938,82.69100189208984,82.83100128173828,0
2011-03-11,82.91799926757812,83.27999877929688,81.78099822998047,82.88899993896484,0
2011-03-14,81.28399658203125,82.37000274658203,81.30000305175781,81.30000305175781,0
2011-03-15,81.81999969482422,81.91000366210938,80.73999786376953,81.83999633789062,0
2011-03-16,81.05599975585938,81.15399932861328,80.22000122070312,81.01000213623047,0
2011-03-17,79.12799835205078,79.70999908447266,78.25,79.08899688720703,0
2011-03-18,79.5,81.95999908447266,79.2300033569336,79.2300033569336,0
2011-03-21,81.01499938964844,81.302001953125,80.81199645996094,80.95999908447266,0
2011-03-22,81.20899963378906,81.20999908447266,80.8499984741211,81.18000030517578,0
2011-03-23,81.03900146484375,81.05599975585938,80.69999694824219,81.03199768066406,0
2011-03-24,80.86699676513672,81.05000305175781,80.77999877929688,80.86000061035156,0
2011-03-25,81.01399993896484,81.36599731445312,80.91000366210938,81.01799774169922,0
2011-03-28,81.4489974975586,81.83699798583984,81.43599700927734,81.45099639892578,0
2011-03-29,81.76000213623047,82.44999694824219,81.53700256347656,81.74600219726562,0
2011-03-30,82.41100311279297,83.1719970703125,82.37999725341797,82.40799713134766,0
2011-03-31,83.1500015258789,83.20500183105469,82.54000091552734,83.14600372314453,0
2011-04-01,83.36000061035156,84.69000244140625,83.27999877929688,83.36000061035156,0
2011-04-04,84.22000122070312,84.28099822998047,83.8499984741211,84.21900177001953,0
2011-04-05,84.12999725341797,84.69000244140625,84.0999984741211,84.12799835205078,0
2011-04-06,85.16000366210938,85.4800033569336,84.83000183105469,85.1500015258789,0
2011-04-07,85.31999969482422,85.48999786376953,84.61100006103516,85.30999755859375,0
2011-04-08,84.95999908447266,85.37999725341797,84.86000061035156,84.95999908447266,0
2011-04-11,85.04000091552734,85.14900207519531,84.52999877929688,85.04100036621094,0
2011-04-12,84.62999725341797,84.62999725341797,83.5,84.62999725341797,0
2011-04-13,83.5999984741211,84.23699951171875,83.4800033569336,83.58000183105469,0
2011-04-14,83.78299713134766,83.80599975585938,82.95999908447266,83.78299713134766,0
2011-04-18,83.14700317382812,83.2490005493164,82.197998046875,83.1500015258789,0
2011-04-19,82.33399963378906,82.72000122070312,82.33999633789062,82.33999633789062,0
2011-04-20,82.58000183105469,83.08999633789062,82.30000305175781,82.5739974975586,0
2011-04-21,82.44000244140625,82.5199966430664,81.5999984741211,82.43699645996094,0
2011-04-22,81.89700317382812,82.08899688720703,81.65799713134766,81.89099884033203,0
2011-04-25,81.87000274658203,82.40899658203125,81.88999938964844,81.88999938964844,0
2011-04-26,81.83999633789062,81.95700073242188,81.56999969482422,81.85199737548828,0
2011-04-27,81.51100158691406,82.71800231933594,81.30999755859375,81.47000122070312,0
2011-04-28,82.2040023803711,82.26399993896484,81.39399719238281,82.18900299072266,0
2011-04-29,81.52999877929688,81.62999725341797,81.11699676513672,81.55000305175781,0
2011-05-02,81.22699737548828,81.68099975585938,80.98999786376953,81.2300033569336,0
2011-05-03,81.18000030517578,81.25,80.69400024414062,81.19100189208984,0
2011-05-04,80.96900177001953,81.1760025024414,80.5199966430664,80.97000122070312,0
2011-05-05,80.63999938964844,80.6510009765625,79.5979995727539,80.63999938964844,0
2011-05-06,80.41699981689453,80.88800048828125,80.19999694824219,80.4000015258789,0
2011-05-09,80.73400115966797,80.822998046875,80.50700378417969,80.69999694824219,0
2011-05-10,80.24199676513672,80.83499908447266,80.16999816894531,80.26000213623047,0
2011-05-11,81.01100158691406,81.29100036621094,80.62000274658203,81.00399780273438,0
2011-05-12,81.01000213623047,81.31099700927734,80.69000244140625,81.0260009765625,0
2011-05-13,81.04000091552734,81.06999969482422,80.37999725341797,81.06999969482422,0
2011-05-16,80.81700134277344,81.04100036621094,80.66000366210938,80.80999755859375,0
2011-05-17,80.78199768066406,81.76300048828125,80.76000213623047,80.7699966430664,0
2011-05-18,81.4209976196289,81.53600311279297,80.93800354003906,81.447998046875,0
2011-05-19,81.66100311279297,82.21299743652344,81.48999786376953,81.66999816894531,0
2011-05-20,81.71399688720703,81.83999633789062,81.47599792480469,81.7040023803711,0
2011-05-23,81.73999786376953,82.01399993896484,81.30000305175781,81.7300033569336,0
2011-05-24,81.95700073242188,82.18000030517578,81.5999984741211,81.97100067138672,0
2011-05-25,82.0479965209961,82.15299987792969,81.79000091552734,82.05999755859375,0
2011-05-26,82.02200317382812,82.03299713134766,81.1760025024414,82.0199966430664,0
2011-05-27,81.2699966430664,81.28600311279297,80.70999908447266,81.2770004272461,0
2011-05-30,80.83100128173828,80.96299743652344,80.73999786376953,80.83300018310547,0
2011-05-31,80.87999725341797,81.74800109863281,80.71199798583984,80.86599731445312,0
2011-06-01,81.4530029296875,81.47599792480469,80.68000030517578,81.41999816894531,0
2011-06-02,80.89399719238281,81.30000305175781,80.5999984741211,80.91000366210938,0
2011-06-03,80.97000122070312,80.97000122070312,80.05999755859375,80.9530029296875,0
2011-06-06,80.22000122070312,80.37000274658203,79.99700164794922,80.23999786376953,0
2011-06-07,80.12000274658203,80.31999969482422,80.08300018310547,80.12999725341797,0
2011-06-08,80.16999816894531,80.24500274658203,79.70999908447266,80.16999816894531,0
2011-06-09,79.88999938964844,80.28900146484375,79.83000183105469,79.90699768066406,0
2011-06-10,80.29000091552734,80.38700103759766,79.97000122070312,80.27799987792969,0
2011-06-13,80.33999633789062,80.66999816894531,80.13999938964844,80.33200073242188,0
2011-06-14,80.1760025024414,80.5989990234375,80.08000183105469,80.16999816894531,0
2011-06-15,80.54000091552734,81.03600311279297,80.3759994506836,80.54100036621094,0
2011-06-16,80.87999725341797,81.01300048828125,80.49400329589844,80.88999938964844,0
2011-06-17,80.5770034790039,80.66999816894531,80.02100372314453,80.60399627685547,0
2011-06-20,80.07599639892578,80.35199737548828,80.0270004272461,80.05500030517578,0
2011-06-21,80.23400115966797,80.25,80.05000305175781,80.23999786376953,0
2011-06-22,80.22100067138672,80.31199645996094,80.00800323486328,80.22699737548828,0
2011-06-23,80.38300323486328,80.7699966430664,80.3499984741211,80.37999725341797,0
2011-06-24,80.44000244140625,80.5989990234375,80.13099670410156,80.4489974975586,0
2011-06-27,80.45999908447266,80.96499633789062,80.41999816894531,80.46399688720703,0
2011-06-28,80.8499984741211,80.89600372314453,80.66400146484375,80.8499984741211,0
2011-06-29,81.08000183105469,81.1760025024414,80.55599975585938,81.07099914550781,0
2011-06-30,80.70999908447266,80.80899810791016,80.26000213623047,80.7300033569336,0
2011-07-01,80.5999984741211,81.12000274658203,80.54000091552734,80.61900329589844,0
2011-07-04,80.87999725341797,80.86299896240234,80.54000091552734,80.8479995727539,0
2011-07-05,80.73300170898438,81.18099975585938,80.73999786376953,80.73999786376953,0
2011-07-06,81.06999969482422,81.11000061035156,80.78600311279297,81.08000183105469,0
2011-07-07,80.93800354003906,81.39600372314453,80.79000091552734,80.94000244140625,0
2011-07-08,81.2300033569336,81.45899963378906,80.5,81.2300033569336,0
2011-07-11,80.6500015258789,80.81099700927734,80.30999755859375,80.6500015258789,0
2011-07-12,80.29000091552734,80.36499786376953,79.25199890136719,80.30699920654297,0
2011-07-13,79.31800079345703,79.5510025024414,78.88600158691406,79.30000305175781,0
2011-07-14,78.91999816894531,79.58399963378906,78.50299835205078,78.91000366210938,0
2011-07-15,79.18000030517578,79.26000213623047,78.9000015258789,79.16999816894531,0
2011-07-18,79.11299896240234,79.14099884033203,78.94000244140625,79.11799621582031,0
2011-07-19,79.05000305175781,79.12000274658203,78.80000305175781,79.05000305175781,0
2011-07-20,79.1259994506836,79.29900360107422,78.70899963378906,79.12699890136719,0
2011-07-21,78.75399780273438,78.99700164794922,78.36000061035156,78.76100158691406,0
2011-07-22,78.58399963378906,78.69300079345703,78.2699966430664,78.56500244140625,0
2011-07-25,78.37999725341797,78.50499725341797,78.04000091552734,78.37999725341797,0
2011-07-26,78.30000305175781,78.37899780273438,77.93000030517578,78.30400085449219,0
2011-07-27,77.91400146484375,78.02400207519531,77.55999755859375,77.91400146484375,0
2011-07-28,77.93000030517578,78.00499725341797,77.5999984741211,77.93800354003906,0
2011-07-29,77.7300033569336,77.83999633789062,77.01000213623047,77.7300033569336,0
2011-08-01,77.21299743652344,77.98500061035156,76.36900329589844,77.20999908447266,0
2011-08-02,77.45999908447266,77.62999725341797,77.0790023803711,77.4000015258789,0
2011-08-03,77.33499908447266,77.38999938964844,76.79900360107422,77.33000183105469,0
2011-08-04,77.11199951171875,80.22599792480469,77.01200103759766,77.10900115966797,0
2011-08-05,79.29000091552734,79.322998046875,78.33999633789062,79.28600311279297,0
2011-08-08,78.25399780273438,78.38999938964844,77.5199966430664,78.24500274658203,0
2011-08-09,77.58499908447266,77.82099914550781,76.97200012207031,77.5780029296875,0
2011-08-10,77.05000305175781,77.13099670410156,76.3479995727539,77.05000305175781,0
2011-08-11,76.75900268554688,77.1989974975586,76.30999755859375,76.75700378417969,0
2011-08-12,76.86000061035156,77.00199890136719,76.5,76.86000061035156,0
2011-08-15,76.81999969482422,77.06999969482422,76.58000183105469,76.81900024414062,0
2011-08-16,76.83999633789062,76.91899871826172,76.6500015258789,76.83999633789062,0
2011-08-17,76.75399780273438,76.79000091552734,76.41000366210938,76.76000213623047,0
2011-08-18,76.5469970703125,76.68499755859375,76.44000244140625,76.53900146484375,0
2011-08-19,76.63700103759766,76.88400268554688,76.0199966430664,76.63300323486328,0
2011-08-22,76.78600311279297,77.16300201416016,76.52999877929688,76.77999877929688,0
2011-08-23,76.83200073242188,76.9260025024414,76.45999908447266,76.83699798583984,0
2011-08-24,76.66000366210938,76.86199951171875,76.45999908447266,76.6500015258789,0
2011-08-25,77.0530014038086,77.44999694824219,76.84100341796875,77.03700256347656,0
2011-08-26,77.43499755859375,77.45999908447266,76.5,77.41000366210938,0
2011-08-29,76.68199920654297,76.99800109863281,76.56800079345703,76.697998046875,0
2011-08-30,76.93299865722656,76.9800033569336,76.64700317382812,76.9469985961914,0
2011-08-31,76.70099639892578,76.82499694824219,76.4219970703125,76.69000244140625,0
2011-09-01,76.7300033569336,77.19100189208984,76.69599914550781,76.74600219726562,0
2011-09-02,76.86000061035156,76.9520034790039,76.55999755859375,76.85900115966797,0
2011-09-05,76.9020004272461,76.96199798583984,76.68000030517578,76.89199829101562,0
2011-09-06,76.9020004272461,77.56300354003906,76.70999908447266,76.9000015258789,0
2011-09-07,77.61799621582031,77.62300109863281,77.07099914550781,77.62000274658203,0
2011-09-08,77.3010025024414,77.44000244140625,77.12999725341797,77.31900024414062,0
2011-09-09,77.50800323486328,77.84500122070312,77.09700012207031,77.50199890136719,0
2011-09-12,77.46299743652344,77.58000183105469,76.73999786376953,77.47000122070312,0
2011-09-13,77.18000030517578,77.23799896240234,76.77999877929688,77.18599700927734,0
2011-09-14,76.93199920654297,77.01799774169922,76.6500015258789,76.93000030517578,0
2011-09-15,76.677001953125,77.07599639892578,76.55000305175781,76.66999816894531,0
2011-09-16,76.73400115966797,76.96099853515625,76.66000366210938,76.72200012207031,0
2011-09-19,76.91000366210938,76.96900177001953,76.34600067138672,76.91000366210938,0
2011-09-20,76.59600067138672,76.75299835205078,76.40299987792969,76.56999969482422,0
2011-09-21,76.46299743652344,76.60099792480469,76.13400268554688,76.44999694824219,0
2011-09-22,76.53800201416016,76.93000030517578,76.13999938964844,76.53600311279297,0
2011-09-23,76.30599975585938,76.34600067138672,76.12999725341797,76.30699920654297,0
2011-09-26,76.54000091552734,76.75199890136719,76.2300033569336,76.51000213623047,0
2011-09-27,76.33599853515625,76.69000244140625,76.26000213623047,76.31999969482422,0
2011-09-28,76.80799865722656,76.85399627685547,76.30999755859375,76.82099914550781,0
2011-09-29,76.54000091552734,76.947998046875,76.41100311279297,76.54900360107422,0
2011-09-30,76.76499938964844,77.12999725341797,76.50199890136719,76.75,0
2011-10-03,77.19000244140625,77.23100280761719,76.5199966430664,77.20999908447266,0
2011-10-04,76.59200286865234,76.91000366210938,76.51000213623047,76.5999984741211,0
2011-10-05,76.76000213623047,77.03600311279297,76.61000061035156,76.77999877929688,0
2011-10-06,76.78199768066406,76.83000183105469,76.56999969482422,76.78199768066406,0
2011-10-07,76.65799713134766,76.90499877929688,76.58000183105469,76.65799713134766,0
2011-10-10,76.7699966430664,76.83999633789062,76.56300354003906,76.7699966430664,0
2011-10-11,76.66000366210938,76.74500274658203,76.58000183105469,76.66799926757812,0
2011-10-12,76.66699981689453,77.4729995727539,76.35600280761719,76.66999816894531,0
2011-10-13,77.18000030517578,77.22000122070312,76.6729965209961,77.19100189208984,0
2011-10-14,76.87999725341797,77.41799926757812,76.8499984741211,76.89800262451172,0
2011-10-17,77.22000122070312,77.43199920654297,76.63999938964844,77.22000122070312,0
2011-10-18,76.83100128173828,76.87100219726562,76.61000061035156,76.83200073242188,0
2011-10-19,76.7770004272461,76.8499984741211,76.63999938964844,76.7699966430664,0
2011-10-20,76.80000305175781,77.0739974975586,76.66000366210938,76.802001953125,0
2011-10-21,76.86000061035156,76.9000015258789,75.95999908447266,76.85900115966797,0
2011-10-24,76.20999908447266,76.43499755859375,76.00900268554688,76.23999786376953,0
2011-10-25,76.13200378417969,76.26000213623047,75.76200103759766,76.13700103759766,0
2011-10-26,76.10900115966797,76.1500015258789,75.72000122070312,76.10700225830078,0
2011-10-27,76.18399810791016,76.26000213623047,75.6500015258789,76.18800354003906,0
2011-10-28,75.93000030517578,75.9739990234375,75.68000030517578,75.91999816894531,0
2011-10-31,75.73999786376953,79.5199966430664,75.56999969482422,75.75,0
2011-11-01,78.30799865722656,78.9489974975586,78.0270004272461,78.3239974975586,0
2011-11-02,78.30599975585938,78.31300354003906,77.96399688720703,78.27999877929688,0
2011-11-03,78.13899993896484,78.15799713134766,77.9000015258789,78.1240005493164,0
2011-11-04,78.0530014038086,78.25399780273438,77.97000122070312,78.02999877929688,0
2011-11-07,78.12999725341797,78.17500305175781,77.9800033569336,78.16000366210938,0
2011-11-08,78.0770034790039,78.08000183105469,77.62699890136719,78.072998046875,0
2011-11-09,77.70800018310547,77.76000213623047,77.52999877929688,77.71700286865234,0
2011-11-10,77.75800323486328,77.86199951171875,77.5199966430664,77.77300262451172,0
2011-11-11,77.6520004272461,77.66100311279297,77.05400085449219,77.64900207519531,0
2011-11-14,77.15599822998047,77.23699951171875,76.8030014038086,77.14299774169922,0
2011-11-15,77.0790023803711,77.3239974975586,76.90899658203125,77.08999633789062,0
2011-11-16,77.05999755859375,77.12999725341797,76.86000061035156,77.06300354003906,0
2011-11-17,77.06099700927734,77.08000183105469,76.87999725341797,77.08000183105469,0
2011-11-18,76.95800018310547,77.02200317382812,76.56099700927734,76.9739990234375,0
2011-11-21,76.83899688720703,76.97000122070312,76.73999786376953,76.8499984741211,0
2011-11-22,76.9000015258789,77.27999877929688,76.81999969482422,76.93000030517578,0
2011-11-23,76.97000122070312,77.4229965209961,76.91999816894531,76.97599792480469,0
2011-11-24,77.27200317382812,77.25299835205078,76.98999786376953,77.25299835205078,0
2011-11-25,77.16600036621094,77.72799682617188,77.16000366210938,77.1709976196289,0
2011-11-28,77.66699981689453,78.2239990234375,77.56999969482422,77.66799926757812,0
2011-11-29,78.08100128173828,78.27799987792969,77.62000274658203,78.0780029296875,0
2011-11-30,77.95999908447266,78.1500015258789,77.3239974975586,77.96900177001953,0
2011-12-01,77.58300018310547,77.80000305175781,77.4800033569336,77.56300354003906,0
2011-12-02,77.75,78.00800323486328,77.72000122070312,77.75599670410156,0
2011-12-05,78.08000183105469,78.08999633789062,77.78299713134766,78.08999633789062,0
2011-12-06,77.81199645996094,77.84500122070312,77.63999938964844,77.80000305175781,0
2011-12-07,77.75,77.77799987792969,77.62000274658203,77.73999786376953,0
2011-12-08,77.6729965209961,77.69000244140625,77.16300201416016,77.6500015258789,0
2011-12-09,77.68000030517578,77.7699966430664,77.54000091552734,77.67900085449219,0
2011-12-12,77.61199951171875,77.98799896240234,77.58300018310547,77.61000061035156,0
2011-12-13,77.93900299072266,77.95099639892578,77.63999938964844,77.9260025024414,0
2011-12-14,77.96099853515625,78.13999938964844,77.9000015258789,77.97000122070312,0
2011-12-15,78.10800170898438,78.12000274658203,77.70999908447266,78.0999984741211,0
2011-12-16,77.83999633789062,77.95500183105469,77.7300033569336,77.81500244140625,0
2011-12-19,77.80999755859375,78.14900207519531,77.78700256347656,77.80999755859375,0
2011-12-20,78.01000213623047,78.05500030517578,77.71700286865234,78.00399780273438,0
2011-12-21,77.83999633789062,77.93499755859375,77.68199920654297,77.83999633789062,0
2011-12-22,78.06999969482422,78.19000244140625,77.99400329589844,78.06999969482422,0
2011-12-23,78.16000366210938,78.22000122070312,77.98999786376953,78.16000366210938,0
2011-12-26,78.08000183105469,78.0999984741211,77.87000274658203,78.08000183105469,0
2011-12-27,78.02999877929688,78.01000213623047,77.77999877929688,77.98799896240234,0
2011-12-28,77.87000274658203,77.9000015258789,77.55899810791016,77.86599731445312,0
2011-12-29,77.94599914550781,77.93000030517578,77.66999816894531,77.93000030517578,0
2011-12-30,77.65899658203125,77.7300033569336,76.9530029296875,77.65899658203125,0
2012-01-02,77.0199966430664,77.08999633789062,76.87000274658203,77.05000305175781,0
2012-01-03,76.93000030517578,76.9540023803711,76.65299987792969,76.93399810791016,0
2012-01-04,76.72200012207031,76.81400299072266,76.5999984741211,76.73200225830078,0
2012-01-05,76.70999908447266,77.12999725341797,76.66999816894531,76.71099853515625,0
2012-01-06,77.1510009765625,77.30899810791016,77.01599884033203,77.15899658203125,0
2012-01-09,76.91000366210938,77.0,76.75900268554688,76.93299865722656,0
2012-01-10,76.86000061035156,76.9010009765625,76.76000213623047,76.87000274658203,0
2012-01-11,76.8499984741211,77.03199768066406,76.84700012207031,76.8489990234375,0
2012-01-12,76.85800170898438,76.9729995727539,76.6709976196289,76.87100219726562,0
2012-01-13,76.77899932861328,76.99600219726562,76.6500015258789,76.77999877929688,0
2012-01-16,76.91000366210938,76.91999816894531,76.66999816894531,76.91999816894531,0
2012-01-17,76.81999969482422,76.87000274658203,76.56900024414062,76.80999755859375,0
2012-01-18,76.81999969482422,76.86199951171875,76.63999938964844,76.80999755859375,0
2012-01-19,76.76699829101562,77.06999969482422,76.69000244140625,76.77999877929688,0
2012-01-20,77.08000183105469,77.29000091552734,77.05699920654297,77.07599639892578,0
2012-01-23,76.95999908447266,77.07599639892578,76.85900115966797,76.97000122070312,0
2012-01-24,77.0,77.83000183105469,76.94000244140625,76.98899841308594,0
2012-01-25,77.68699645996094,78.27999877929688,77.66999816894531,77.66999816894531,0
2012-01-26,77.7699966430664,77.802001953125,77.29299926757812,77.78199768066406,0
2012-01-27,77.45999908447266,77.46299743652344,76.70700073242188,77.46299743652344,0
2012-01-30,76.73200225830078,76.77300262451172,76.30000305175781,76.7300033569336,0
2012-01-31,76.36000061035156,76.41000366210938,76.1500015258789,76.37999725341797,0
2012-02-01,76.2699966430664,76.41000366210938,76.1500015258789,76.37999725341797,0
2012-02-02,76.18900299072266,76.19999694824219,76.05000305175781,76.19999694824219,0
2012-02-03,76.18000030517578,76.7300033569336,76.12999725341797,76.18000030517578,0
2012-02-06,76.5510025024414,76.79000091552734,76.48899841308594,76.55000305175781,0
2012-02-07,76.55000305175781,76.94200134277344,76.51899719238281,76.55000305175781,0
2012-02-08,76.79000091552734,77.16999816894531,76.73999786376953,76.76699829101562,0
2012-02-09,77.05999755859375,77.40899658203125,77.03299713134766,77.05699920654297,0
2012-02-10,77.63200378417969,77.80999755859375,77.53600311279297,77.6520004272461,0
2012-02-13,77.69999694824219,77.7750015258789,77.38999938964844,77.69300079345703,0
2012-02-14,77.51000213623047,78.44000244140625,77.50199890136719,77.50199890136719,0
2012-02-15,78.36000061035156,78.62999725341797,78.1969985961914,78.39199829101562,0
2012-02-16,78.4800033569336,78.9260025024414,78.35199737548828,78.48999786376953,0
2012-02-17,78.8239974975586,79.37999725341797,78.82099914550781,78.83499908447266,0
2012-02-20,79.78800201416016,79.79000091552734,79.36699676513672,79.79000091552734,0
2012-02-21,79.58599853515625,79.83999633789062,79.55000305175781,79.5999984741211,0
2012-02-22,79.83000183105469,80.36799621582031,79.76000213623047,79.83999633789062,0
2012-02-23,80.27999877929688,80.33499908447266,80.04000091552734,80.25800323486328,0
2012-02-24,79.93000030517578,80.77100372314453,79.93699645996094,79.94300079345703,0
2012-02-27,81.47100067138672,81.47000122070312,80.14600372314453,81.47000122070312,0
2012-02-28,80.46399688720703,80.77799987792969,80.03199768066406,80.47000122070312,0
2012-02-29,80.4800033569336,80.86199951171875,80.23999786376953,80.4800033569336,0
2012-03-01,81.2760009765625,81.31999969482422,80.85900115966797,81.27999877929688,0
2012-03-02,81.12000274658203,81.69000244140625,81.08000183105469,81.08000183105469,0
2012-03-05,81.62699890136719,81.7760009765625,81.16000366210938,81.58599853515625,0
2012-03-06,81.51799774169922,81.56999969482422,80.72000122070312,81.53099822998047,0
2012-03-07,80.66000366210938,80.95500183105469,80.58599853515625,80.62000274658203,0
2012-03-08,81.33799743652344,81.72000122070312,81.18000030517578,81.31999969482422,0
2012-03-09,81.58000183105469,82.47899627685547,81.47799682617188,81.58300018310547,0
2012-03-12,82.37300109863281,82.41999816894531,82.0999984741211,82.36000061035156,0
2012-03-13,82.36299896240234,82.8499984741211,81.98600006103516,82.3740005493164,0
2012-03-14,82.95999908447266,83.76000213623047,82.95700073242188,82.96299743652344,0
2012-03-15,83.83999633789062,84.1520004272461,83.1969985961914,83.81199645996094,0
2012-03-16,83.49199676513672,83.93800354003906,83.24299621582031,83.49500274658203,0
2012-03-19,83.44999694824219,83.55000305175781,83.0199966430664,83.44000244140625,0
2012-03-20,83.37000274658203,83.81500244140625,83.33000183105469,83.37799835205078,0
2012-03-21,83.6500015258789,84.08100128173828,83.53700256347656,83.66999816894531,0
2012-03-22,83.2030029296875,83.45099639892578,82.55000305175781,83.19200134277344,0
2012-03-23,82.51000213623047,82.93399810791016,82.0199966430664,82.52200317382812,0
2012-03-26,82.58899688720703,82.98200225830078,82.55000305175781,82.58100128173828,0
2012-03-27,82.98699951171875,83.375,82.65299987792969,83.01499938964844,0
2012-03-28,83.0479965209961,83.1729965209961,82.62999725341797,83.05799865722656,0
2012-03-29,82.83200073242188,82.86499786376953,81.97799682617188,82.8270034790039,0
2012-03-30,82.27300262451172,82.4219970703125,81.8499984741211,82.29199981689453,0
2012-04-02,82.87000274658203,83.28099822998047,81.91200256347656,82.86499786376953,0
2012-04-03,81.54000091552734,82.39199829101562,81.66600036621094,81.66600036621094,0
2012-04-04,82.83000183105469,82.93000030517578,82.10299682617188,82.84200286865234,0
2012-04-05,82.44000244140625,82.43000030517578,81.83000183105469,82.41600036621094,0
2012-04-06,82.2699966430664,82.54000091552734,81.35600280761719,82.19999694824219,0
2012-04-09,81.33000183105469,81.53600311279297,81.22000122070312,81.28199768066406,0
2012-04-10,81.64299774169922,81.83999633789062,80.8499984741211,81.63600158691406,0
2012-04-11,80.69400024414062,81.10700225830078,80.58399963378906,80.66999816894531,0
2012-04-12,81.00800323486328,81.11399841308594,80.80400085449219,80.99800109863281,0
2012-04-13,80.93000030517578,81.16799926757812,80.83999633789062,80.91999816894531,0
2012-04-16,80.9020004272461,80.9800033569336,80.33000183105469,80.91000366210938,0
2012-04-17,80.38099670410156,80.79100036621094,80.36599731445312,80.38999938964844,0
2012-04-18,81.05999755859375,81.5459976196289,81.00599670410156,81.05999755859375,0
2012-04-19,81.30000305175781,81.71700286865234,81.27999877929688,81.30999755859375,0
2012-04-20,81.60900115966797,81.77200317382812,81.48999786376953,81.6259994506836,0
2012-04-23,81.5999984741211,81.5999984741211,80.97000122070312,81.5999984741211,0
2012-04-24,81.08000183105469,81.25299835205078,80.84700012207031,81.08000183105469,0
2012-04-25,81.38999938964844,81.55400085449219,81.0989990234375,81.38600158691406,0
2012-04-26,81.30000305175781,81.40799713134766,80.66999816894531,81.32099914550781,0
2012-04-27,81.05799865722656,81.41699981689453,80.41000366210938,81.06700134277344,0
2012-04-30,80.3499984741211,80.37000274658203,79.7239990234375,80.3499984741211,0
2012-05-01,79.9209976196289,80.28800201416016,79.62999725341797,79.93000030517578,0
2012-05-02,80.20999908447266,80.58100128173828,80.04900360107422,80.22000122070312,0
2012-05-03,80.12100219726562,80.52899932861328,80.0989990234375,80.12000274658203,0
2012-05-04,80.20999908447266,80.36799621582031,79.80999755859375,80.21199798583984,0
2012-05-07,79.81800079345703,79.9739990234375,79.72000122070312,79.81900024414062,0
2012-05-08,79.91999816894531,80.0719985961914,79.70099639892578,79.91200256347656,0
2012-05-09,79.86000061035156,79.93000030517578,79.43699645996094,79.87100219726562,0
2012-05-10,79.70999908447266,79.96600341796875,79.59400177001953,79.6989974975586,0
2012-05-11,79.86900329589844,79.98500061035156,79.73699951171875,79.89299774169922,0
2012-05-14,80.02999877929688,80.16999816894531,79.6780014038086,80.0199966430664,0
2012-05-15,79.8499984741211,80.13400268554688,79.80000305175781,79.86599731445312,0
2012-05-16,80.32499694824219,80.54000091552734,80.2699966430664,80.30999755859375,0
2012-05-17,80.3499984741211,80.37200164794922,79.19999694824219,80.36799621582031,0
2012-05-18,79.40799713134766,79.45999908447266,79.03900146484375,79.40399932861328,0
2012-05-21,79.16999816894531,79.43900299072266,79.11399841308594,79.16100311279297,0
2012-05-22,79.41000366210938,79.9800033569336,79.29900360107422,79.41000366210938,0
2012-05-23,80.00399780273438,80.0459976196289,79.2300033569336,80.00199890136719,0
2012-05-24,79.41999816894531,79.55000305175781,79.33599853515625,79.45700073242188,0
2012-05-25,79.66000366210938,79.81500244140625,79.48600006103516,79.66200256347656,0
2012-05-28,79.58999633789062,79.61799621582031,79.32599639892578,79.59200286865234,0
2012-05-29,79.56099700927734,79.62999725341797,79.38300323486328,79.58000183105469,0
2012-05-30,79.5,79.55999755859375,78.85900115966797,79.51699829101562,0
2012-05-31,78.98200225830078,78.9749984741211,78.21399688720703,78.96600341796875,0
2012-06-01,78.52799987792969,78.62200164794922,77.66000366210938,78.53700256347656,0
2012-06-04,78.0999984741211,78.3550033569336,77.97000122070312,78.06300354003906,0
2012-06-05,78.36100006103516,78.89700317382812,78.14600372314453,78.3479995727539,0
2012-06-06,78.7300033569336,79.25800323486328,78.61299896240234,78.7300033569336,0
2012-06-07,79.2699966430664,79.76300048828125,79.20899963378906,79.27100372314453,0
2012-06-08,79.69000244140625,79.70999908447266,79.12799835205078,79.6989974975586,0
2012-06-11,79.55999755859375,79.72000122070312,79.35099792480469,79.55999755859375,0
2012-06-12,79.30699920654297,79.68000030517578,79.15899658203125,79.31199645996094,0
2012-06-13,79.5270004272461,79.73500061035156,79.31999969482422,79.53099822998047,0
2012-06-14,79.37200164794922,79.45999908447266,79.16300201416016,79.37699890136719,0
2012-06-15,79.4219970703125,79.49199676513672,78.60600280761719,79.41000366210938,0
2012-06-18,79.052001953125,79.28800201416016,78.86599731445312,79.06600189208984,0
2012-06-19,79.0,79.04499816894531,78.85099792480469,79.01899719238281,0
2012-06-20,79.03399658203125,79.56500244140625,78.78099822998047,79.05999755859375,0
2012-06-21,79.4209976196289,80.3010025024414,79.37999725341797,79.42400360107422,0
2012-06-22,80.0199966430664,80.55699920654297,80.05699920654297,80.05999755859375,0
2012-06-25,80.55999755859375,80.56700134277344,79.43099975585938,80.56700134277344,0
2012-06-26,79.6500015258789,79.78199768066406,79.24500274658203,79.63999938964844,0
2012-06-27,79.45999908447266,79.8499984741211,79.35700225830078,79.4520034790039,0
2012-06-28,79.68499755859375,79.68000030517578,79.22000122070312,79.68000030517578,0
2012-06-29,79.31300354003906,79.95099639892578,79.16999816894531,79.30500030517578,0
2012-07-02,79.83899688720703,79.85199737548828,79.30500030517578,79.8489990234375,0
2012-07-03,79.44000244140625,79.91799926757812,79.42900085449219,79.44300079345703,0
2012-07-04,79.83999633789062,79.87000274658203,79.59600067138672,79.8499984741211,0
2012-07-05,79.94000244140625,80.09300231933594,79.56400299072266,79.93399810791016,0
2012-07-06,79.86000061035156,80.01000213623047,79.50199890136719,79.85700225830078,0
2012-07-09,79.47799682617188,79.73600006103516,79.46800231933594,79.49199676513672,0
2012-07-10,79.55799865722656,79.56700134277344,79.20800018310547,79.56700134277344,0
2012-07-11,79.3499984741211,79.74199676513672,79.12999725341797,79.33999633789062,0
2012-07-12,79.61000061035156,79.83999633789062,79.18000030517578,79.59300231933594,0
2012-07-13,79.30999755859375,79.38999938964844,79.11599731445312,79.30699920654297,0
2012-07-16,79.16999816894531,79.19999694824219,78.70099639892578,79.18000030517578,0
2012-07-17,78.81999969482422,79.16100311279297,78.80699920654297,78.83000183105469,0
2012-07-18,79.09600067138672,79.11100006103516,78.77999877929688,79.08499908447266,0
2012-07-19,78.79900360107422,78.79399871826172,78.46800231933594,78.79399871826172,0
2012-07-20,78.73999786376953,78.80000305175781,78.46600341796875,78.72799682617188,0
2012-07-23,78.44999694824219,78.47000122070312,77.97000122070312,78.47000122070312,0
2012-07-24,78.31099700927734,78.33399963378906,78.0999984741211,78.26899719238281,0
2012-07-25,78.10700225830078,78.2750015258789,78.05999755859375,78.12200164794922,0
2012-07-26,78.10299682617188,78.2699966430664,78.03600311279297,78.11299896240234,0
2012-07-27,78.3239974975586,78.62999725341797,78.05999755859375,78.30799865722656,0
2012-07-30,78.5,78.5199966430664,78.11199951171875,78.48999786376953,0
2012-07-31,78.10099792480469,78.30000305175781,78.02999877929688,78.12100219726562,0
2012-08-01,78.12000274658203,78.25,77.91999816894531,78.11699676513672,0
2012-08-02,78.37999725341797,78.5270004272461,78.13999938964844,78.36900329589844,0
2012-08-03,78.22000122070312,78.76000213623047,78.05999755859375,78.22000122070312,0
2012-08-06,78.61000061035156,78.5999984741211,78.1500015258789,78.5999984741211,0
2012-08-07,78.19999694824219,78.72100067138672,78.14700317382812,78.19999694824219,0
2012-08-08,78.61000061035156,78.62699890136719,78.2300033569336,78.61000061035156,0
2012-08-09,78.4000015258789,78.77999877929688,78.28299713134766,78.40699768066406,0
2012-08-10,78.61000061035156,78.63300323486328,78.15699768066406,78.58000183105469,0
2012-08-13,78.25,78.35900115966797,78.15299987792969,78.25,0
2012-08-14,78.33000183105469,78.91200256347656,78.31600189208984,78.31999969482422,0
2012-08-15,78.81500244140625,79.0469970703125,78.61599731445312,78.83000183105469,0
2012-08-16,78.98999786376953,79.38200378417969,78.98999786376953,78.99400329589844,0
2012-08-17,79.25,79.55999755859375,79.2239990234375,79.26000213623047,0
2012-08-20,79.51000213623047,79.64700317382812,79.31800079345703,79.5199966430664,0
2012-08-21,79.33000183105469,79.5199966430664,79.23999786376953,79.33999633789062,0
2012-08-22,79.24199676513672,79.35299682617188,79.14700317382812,79.25299835205078,0
2012-08-23,78.53900146484375,78.68099975585938,78.35800170898438,78.5199966430664,0
2012-08-24,78.5999984741211,78.69999694824219,78.44000244140625,78.58999633789062,0
2012-08-27,78.7300033569336,78.83899688720703,78.63999938964844,78.69400024414062,0
2012-08-28,78.75,78.76200103759766,78.447998046875,78.75,0
2012-08-29,78.56999969482422,78.77999877929688,78.46900177001953,78.55699920654297,0
2012-08-30,78.72000122070312,78.7300033569336,78.48600006103516,78.7300033569336,0
2012-08-31,78.52999877929688,78.5999984741211,78.22200012207031,78.52899932861328,0
2012-09-03,78.29000091552734,78.39199829101562,78.197998046875,78.30000305175781,0
2012-09-04,78.33899688720703,78.45999908447266,78.28800201416016,78.3280029296875,0
2012-09-05,78.47000122070312,78.5250015258789,78.29100036621094,78.46800231933594,0
2012-09-06,78.41999816894531,79.01100158691406,78.36000061035156,78.41000366210938,0
2012-09-07,78.88999938964844,79.00399780273438,78.02400207519531,78.88999938964844,0
2012-09-10,78.21900177001953,78.31999969482422,78.18099975585938,78.24299621582031,0
2012-09-11,78.22599792480469,78.23999786376953,77.72799682617188,78.2300033569336,0
2012-09-12,77.75,77.95899963378906,77.74400329589844,77.76300048828125,0
2012-09-13,77.83000183105469,77.83000183105469,77.37000274658203,77.80799865722656,0
2012-09-14,77.64800262451172,78.33000183105469,77.51200103759766,77.63999938964844,0
2012-09-17,78.33300018310547,78.91200256347656,78.15699768066406,78.3280029296875,0
2012-09-18,78.6729965209961,78.75900268554688,78.5199966430664,78.66400146484375,0
2012-09-19,78.7699966430664,79.19999694824219,78.25299835205078,78.76599884033203,0
2012-09-20,78.39700317382812,78.44000244140625,78.01000213623047,78.38999938964844,0
2012-09-21,78.19999694824219,78.35800170898438,78.12000274658203,78.2030029296875,0
2012-09-24,78.08000183105469,78.1500015258789,77.81999969482422,78.11299896240234,0
2012-09-25,77.86399841308594,77.91999816894531,77.6500015258789,77.86000061035156,0
2012-09-26,77.72799682617188,77.86499786376953,77.58000183105469,77.72699737548828,0
2012-09-27,77.697998046875,77.73600006103516,77.59400177001953,77.68499755859375,0
2012-09-28,77.61000061035156,77.96299743652344,77.43099975585938,77.61000061035156,0
2012-10-01,77.95899963378906,78.12999725341797,77.76599884033203,77.95999908447266,0
2012-10-02,78.04100036621094,78.19000244140625,77.96600341796875,78.0479965209961,0
2012-10-03,78.21499633789062,78.58300018310547,78.12100219726562,78.20099639892578,0
2012-10-04,78.41500091552734,78.71199798583984,78.37000274658203,78.44000244140625,0
2012-10-05,78.48400115966797,78.85700225830078,78.27999877929688,78.51399993896484,0
2012-10-08,78.7020034790039,78.69100189208984,78.08000183105469,78.69100189208984,0
2012-10-09,78.28600311279297,78.43000030517578,78.13899993896484,78.28900146484375,0
2012-10-10,78.21900177001953,78.36799621582031,78.15899658203125,78.21299743652344,0
2012-10-11,78.07499694824219,78.5739974975586,77.92900085449219,78.06999969482422,0
2012-10-12,78.4020004272461,78.5199966430664,78.26699829101562,78.41000366210938,0
2012-10-15,78.46800231933594,78.83699798583984,78.30999755859375,78.47599792480469,0
2012-10-16,78.78900146484375,78.9530029296875,78.71800231933594,78.77400207519531,0
2012-10-17,78.82499694824219,78.85900115966797,78.58999633789062,78.85900115966797,0
2012-10-18,79.05999755859375,79.44300079345703,78.99400329589844,79.05000305175781,0
2012-10-19,79.30799865722656,79.40599822998047,79.10099792480469,79.31600189208984,0
2012-10-22,79.25700378417969,79.86699676513672,79.20999908447266,79.25,0
2012-10-23,79.98999786376953,79.97699737548828,79.70500183105469,79.97699737548828,0
2012-10-24,79.81999969482422,79.91400146484375,79.70099639892578,79.83200073242188,0
2012-10-25,79.83799743652344,80.32599639892578,79.80999755859375,79.81999969482422,0
2012-10-26,80.23500061035156,80.26000213623047,79.48699951171875,80.20899963378906,0
2012-10-29,79.6500015258789,79.78099822998047,79.53099822998047,79.61100006103516,0
2012-10-30,79.76399993896484,79.99400329589844,79.28399658203125,79.76399993896484,0
2012-10-31,79.68399810791016,79.94999694824219,79.50900268554688,79.66999816894531,0
2012-11-01,79.86000061035156,80.16400146484375,79.83999633789062,79.86000061035156,0
2012-11-02,80.22000122070312,80.66400146484375,80.18599700927734,80.21600341796875,0
2012-11-05,80.5,80.56199645996094,80.19000244140625,80.49600219726562,0
2012-11-06,80.16000366210938,80.31099700927734,79.97000122070312,80.1500015258789,0
2012-11-07,80.29000091552734,80.39600372314453,79.80000305175781,80.28099822998047,0
2012-11-08,79.97000122070312,79.9990005493164,79.7699966430664,79.97000122070312,0
2012-11-09,79.47899627685547,79.60700225830078,79.07499694824219,79.46299743652344,0
2012-11-12,79.45999908447266,79.55000305175781,79.34700012207031,79.46399688720703,0
2012-11-13,79.5979995727539,79.63500213623047,79.197998046875,79.60399627685547,0
2012-11-14,79.45999908447266,80.30999755859375,79.38999938964844,79.45099639892578,0
2012-11-15,80.19999694824219,81.42400360107422,80.12999725341797,80.19000244140625,0
2012-11-16,81.12000274658203,81.29000091552734,80.90699768066406,81.11100006103516,0
2012-11-19,81.5260009765625,81.56800079345703,81.0780029296875,81.55500030517578,0
2012-11-20,81.3499984741211,81.72000122070312,81.12999725341797,81.35900115966797,0
2012-11-21,81.75499725341797,82.51699829101562,81.72899627685547,81.73500061035156,0
2012-11-22,82.5739974975586,82.83000183105469,82.2699966430664,82.57499694824219,0
2012-11-23,82.35900115966797,82.4800033569336,82.0739974975586,82.36900329589844,0
2012-11-26,82.5459976196289,82.61000061035156,81.927001953125,82.55999755859375,0
2012-11-27,81.87300109863281,82.30400085449219,81.88800048828125,81.88800048828125,0
2012-11-28,82.08000183105469,82.20999908447266,81.70700073242188,82.09300231933594,0
2012-11-29,82.1500015258789,82.20700073242188,81.91799926757812,82.16300201416016,0
2012-11-30,82.1510009765625,82.72899627685547,82.05000305175781,82.14199829101562,0
2012-12-03,82.45600128173828,82.45800018310547,82.0009994506836,82.4540023803711,0
2012-12-04,82.13300323486328,82.17500305175781,81.80000305175781,82.1500015258789,0
2012-12-05,81.81600189208984,82.322998046875,81.80699920654297,81.81700134277344,0
2012-12-06,82.43599700927734,82.5999984741211,82.31099700927734,82.43000030517578,0
2012-12-07,82.43000030517578,82.80500030517578,82.21800231933594,82.44999694824219,0
2012-12-10,82.55999755859375,82.58399963378906,82.11799621582031,82.56999969482422,0
2012-12-11,82.3499984741211,82.54100036621094,82.2979965209961,82.37000274658203,0
2012-12-12,82.5199966430664,82.93299865722656,82.49299621582031,82.5270004272461,0
2012-12-13,83.20999908447266,83.66000366210938,83.18699645996094,83.21700286865234,0
2012-12-14,83.66699981689453,83.95500183105469,83.34700012207031,83.6729965209961,0
2012-12-17,84.15799713134766,84.14199829101562,83.5999984741211,84.12300109863281,0
2012-12-18,83.90299987792969,84.06099700927734,83.80999755859375,83.9260025024414,0
2012-12-19,84.36100006103516,84.60900115966797,84.20800018310547,84.35199737548828,0
2012-12-20,84.22599792480469,84.4229965209961,83.87000274658203,84.2040023803711,0
2012-12-21,84.41999816894531,84.43499755859375,83.86199951171875,84.41999816894531,0
2012-12-24,84.41000366210938,84.76100158691406,84.31400299072266,84.40899658203125,0
2012-12-25,84.83999633789062,84.87999725341797,84.6760025024414,84.77999877929688,0
2012-12-26,85.0,85.62000274658203,84.75800323486328,85.0199966430664,0
2012-12-27,85.66799926757812,86.1240005493164,85.60199737548828,85.677001953125,0
2012-12-28,86.50700378417969,86.53700256347656,85.94000244140625,86.4990005493164,0
2012-12-31,85.95999908447266,86.46399688720703,85.86000061035156,85.96099853515625,0
2013-01-01,86.72000122070312,86.75,86.63999938964844,86.64199829101562,0
2013-01-02,86.5999984741211,87.30000305175781,86.53199768066406,86.61000061035156,0
2013-01-03,87.2750015258789,87.302001953125,86.77300262451172,87.2509994506836,0
2013-01-04,87.73999786376953,88.38099670410156,87.55699920654297,87.7040023803711,0
2013-01-07,88.197998046875,88.21399688720703,87.61399841308594,88.20800018310547,0
2013-01-08,87.25299835205078,87.73999786376953,87.03900146484375,87.27799987792969,0
2013-01-09,86.86799621582031,87.86000061035156,86.90699768066406,86.90699768066406,0
2013-01-10,88.13300323486328,88.31400299072266,87.98999786376953,88.11599731445312,0
2013-01-11,89.24600219726562,89.40899658203125,88.75,89.29000091552734,0
2013-01-14,89.52300262451172,89.62999725341797,89.0719985961914,89.49199676513672,0
2013-01-15,89.45999908447266,89.61699676513672,88.30500030517578,89.44999694824219,0
2013-01-16,88.75,88.76000213623047,87.79900360107422,88.74600219726562,0
2013-01-17,88.62999725341797,89.54299926757812,88.13999938964844,88.66699981689453,0
2013-01-18,89.82099914550781,90.16100311279297,89.63700103759766,89.80999755859375,0
2013-01-21,90.18099975585938,90.17400360107422,89.35700225830078,90.17400360107422,0
2013-01-22,89.5999984741211,90.0270004272461,88.375,89.6259994506836,0
2013-01-23,88.52899932861328,88.76100158691406,88.05000305175781,88.52799987792969,0
2013-01-24,88.58000183105469,89.98300170898438,88.40699768066406,88.56999969482422,0
2013-01-25,90.55799865722656,91.18000030517578,90.28900146484375,90.54000091552734,0
2013-01-28,91.17900085449219,91.18099975585938,90.55400085449219,91.18099975585938,0
2013-01-29,90.45999908447266,90.98999786376953,90.33300018310547,90.43000030517578,0
2013-01-30,90.79000091552734,91.39800262451172,90.7490005493164,90.7699966430664,0
2013-01-31,91.02100372314453,91.22100067138672,90.73899841308594,91.0,0
2013-02-01,91.70700073242188,92.5530014038086,91.61399841308594,91.69999694824219,0
2013-02-04,92.7699966430664,93.16999816894531,92.51799774169922,92.77200317382812,0
2013-02-05,92.15299987792969,93.50199890136719,92.11900329589844,92.1500015258789,0
2013-02-06,93.56999969482422,94.0250015258789,93.30799865722656,93.56999969482422,0
2013-02-07,93.43499755859375,93.9000015258789,93.09300231933594,93.43000030517578,0
2013-02-08,93.63300323486328,93.71199798583984,92.20099639892578,93.60800170898438,0
2013-02-11,92.53500366210938,93.49400329589844,92.44999694824219,92.54000091552734,0
2013-02-12,94.19100189208984,94.38800048828125,92.97899627685547,94.18000030517578,0
2013-02-13,93.30500030517578,93.75,92.8280029296875,93.30000305175781,0
2013-02-14,93.25599670410156,93.6989974975586,92.95999908447266,93.22200012207031,0
2013-02-15,92.95700073242188,93.7969970703125,92.22000122070312,92.94999694824219,0
2013-02-18,93.72200012207031,94.18199920654297,93.7020034790039,93.75,0
2013-02-19,93.6500015258789,93.90399932861328,93.35800170898438,93.61000061035156,0
2013-02-20,93.70800018310547,93.75199890136719,93.13999938964844,93.70800018310547,0
2013-02-21,93.66000366210938,93.8479995727539,92.80999755859375,93.6500015258789,0
2013-02-22,93.1500015258789,93.48500061035156,92.91999816894531,93.1500015258789,0
2013-02-25,94.22000122070312,94.302001953125,93.69499969482422,94.23100280761719,0
2013-02-26,92.39700317382812,92.73300170898438,91.42400360107422,92.36000061035156,0
2013-02-27,92.11000061035156,92.23799896240234,91.18599700927734,92.0999984741211,0
2013-02-28,92.3030014038086,92.6510009765625,92.00299835205078,92.30999755859375,0
2013-03-01,92.58200073242188,93.47200012207031,92.4520034790039,92.56999969482422,0
2013-03-04,93.56400299072266,93.71800231933594,93.28099822998047,93.5530014038086,0
2013-03-05,93.4010009765625,93.50499725341797,92.93000030517578,93.39700317382812,0
2013-03-06,93.28900146484375,93.65699768066406,93.0199966430664,93.2699966430664,0
2013-03-07,93.927001953125,94.73999786376953,93.80999755859375,93.91999816894531,0
2013-03-08,94.9280014038086,96.48699951171875,94.84300231933594,94.89800262451172,0
2013-03-11,96.16999816894531,96.23300170898438,95.9800033569336,96.18499755859375,0
2013-03-12,96.61900329589844,96.677001953125,95.64600372314453,96.62999725341797,0
2013-03-13,95.81999969482422,96.23899841308594,95.4800033569336,95.83000183105469,0
2013-03-14,96.0199966430664,96.56400299072266,95.7040023803711,96.0199966430664,0
2013-03-15,95.96199798583984,96.25700378417969,95.16000366210938,95.94999694824219,0
2013-03-18,94.88899993896484,95.18000030517578,94.31999969482422,94.91100311279297,0
2013-03-19,95.34300231933594,95.71800231933594,94.7699966430664,95.34400177001953,0
2013-03-20,95.05000305175781,95.63999938964844,94.83200073242188,95.05999755859375,0
2013-03-21,95.95500183105469,96.02400207519531,95.072998046875,95.93000030517578,0
2013-03-22,94.91000366210938,95.05500030517578,94.22100067138672,94.91000366210938,0
2013-03-25,94.8280029296875,94.94999694824219,94.36399841308594,94.8489990234375,0
2013-03-26,93.96299743652344,94.44000244140625,93.87000274658203,93.94200134277344,0
2013-03-27,94.63500213623047,94.88099670410156,94.0719985961914,94.62000274658203,0
2013-03-28,94.31600189208984,94.42400360107422,93.87000274658203,94.30999755859375,0
2013-03-29,94.19000244140625,94.25499725341797,93.99199676513672,94.18299865722656,0
2013-04-01,94.28199768066406,94.34600067138672,93.18000030517578,94.26200103759766,0
2013-04-02,93.18000030517578,93.52899932861328,92.61499786376953,93.16000366210938,0
2013-04-03,93.36199951171875,93.6719970703125,92.80000305175781,93.33000183105469,0
2013-04-04,92.88899993896484,96.4000015258789,92.73799896240234,92.85900115966797,0
2013-04-05,96.43699645996094,97.19999694824219,95.81700134277344,96.42900085449219,0
2013-04-08,98.7509994506836,99.01599884033203,98.30000305175781,98.78500366210938,0
2013-04-09,99.27999877929688,99.48600006103516,98.63899993896484,99.31999969482422,0
2013-04-10,98.94999694824219,99.69400024414062,98.9229965209961,98.98200225830078,0
2013-04-11,99.66600036621094,99.76000213623047,99.14299774169922,99.66300201416016,0
2013-04-12,99.62100219726562,99.72000122070312,98.72699737548828,99.63800048828125,0
2013-04-15,98.40599822998047,98.68399810791016,97.62300109863281,98.44100189208984,0
2013-04-16,96.80000305175781,98.1510009765625,96.58899688720703,96.8010025024414,0
2013-04-17,97.61000061035156,98.41999816894531,97.52400207519531,97.60700225830078,0
2013-04-18,98.02899932861328,98.50199890136719,97.63999938964844,98.05999755859375,0
2013-04-19,98.2030029296875,99.3290023803711,98.11499786376953,98.22200012207031,0
2013-04-22,99.7969970703125,99.87999725341797,99.06600189208984,99.81400299072266,0
2013-04-23,99.16000366210938,99.51599884033203,98.49700164794922,99.18699645996094,0
2013-04-24,99.677001953125,99.73100280761719,99.20999908447266,99.63600158691406,0
2013-04-25,99.41999816894531,99.5530014038086,99.0,99.41799926757812,0
2013-04-26,99.34200286865234,99.3499984741211,97.56099700927734,99.3280029296875,0
2013-04-29,97.84200286865234,98.1520004272461,97.36299896240234,97.86399841308594,0
2013-04-30,97.86399841308594,98.11299896240234,97.0780029296875,97.88200378417969,0
2013-05-01,97.26899719238281,97.66100311279297,97.0260009765625,97.26000213623047,0
2013-05-02,97.13200378417969,98.34700012207031,97.0989990234375,97.12000274658203,0
2013-05-03,97.94599914550781,99.21700286865234,97.93900299072266,97.94000244140625,0
2013-05-06,99.0999984741211,99.43900299072266,99.04000091552734,99.10600280761719,0
2013-05-07,99.34400177001953,99.37200164794922,98.86000061035156,99.36399841308594,0
2013-05-08,98.7760009765625,99.12699890136719,98.61000061035156,98.77999877929688,0
2013-05-09,98.87799835205078,99.37899780273438,98.63899993896484,98.87100219726562,0
2013-05-10,100.76499938964844,101.9489974975586,100.74199676513672,100.83799743652344,0
2013-05-13,101.9229965209961,102.02899932861328,101.51599884033203,101.94000244140625,0
2013-05-14,101.66699981689453,102.26100158691406,101.29000091552734,101.66999816894531,0
2013-05-15,102.20999908447266,102.76000213623047,101.9010009765625,102.18299865722656,0
2013-05-16,102.25800323486328,102.6760025024414,101.8499984741211,102.21299743652344,0
2013-05-17,102.13500213623047,103.08799743652344,102.11299896240234,102.11799621582031,0
2013-05-20,102.70099639892578,102.87999725341797,102.33300018310547,102.73200225830078,0
2013-05-21,102.16600036621094,102.87200164794922,102.15699768066406,102.15699768066406,0
2013-05-22,102.44200134277344,103.5479965209961,102.36000061035156,102.43499755859375,0
2013-05-23,103.1760025024414,103.55000305175781,100.87699890136719,103.177001953125,0
2013-05-24,102.41000366210938,102.55699920654297,100.8759994506836,102.41400146484375,0
2013-05-27,101.06099700927734,101.19400024414062,100.75499725341797,101.10099792480469,0
2013-05-28,101.1050033569336,102.48400115966797,101.11699676513672,101.11699676513672,0
2013-05-29,102.44599914550781,102.50499725341797,100.74700164794922,102.50499725341797,0
2013-05-30,100.91600036621094,101.78199768066406,100.5,100.9530029296875,0
2013-05-31,101.0999984741211,101.26100158691406,100.2770004272461,101.09500122070312,0
2013-06-03,100.47599792480469,100.70700073242188,98.86299896240234,100.4739990234375,0
2013-06-04,99.73799896240234,100.39800262451172,99.35299682617188,99.72599792480469,0
2013-06-05,100.25,100.41400146484375,99.0719985961914,100.25800323486328,0
2013-06-06,98.9520034790039,99.45099639892578,97.39900207519531,99.0199966430664,0
2013-06-07,97.3270034790039,97.77300262451172,95.20600128173828,97.35600280761719,0
2013-06-10,98.23799896240234,99.2699966430664,97.7300033569336,98.2760009765625,0
2013-06-11,98.8489990234375,98.96299743652344,96.5790023803711,98.84400177001953,0
2013-06-12,96.10199737548828,97.01100158691406,95.19599914550781,96.10600280761719,0
2013-06-13,95.92900085449219,95.93000030517578,93.82499694824219,95.93000030517578,0
2013-06-14,95.49400329589844,95.65699768066406,94.16300201416016,95.51399993896484,0
2013-06-17,94.24199676513672,95.10600280761719,94.18099975585938,94.25900268554688,0
2013-06-18,94.68000030517578,95.75299835205078,94.44100189208984,94.68000030517578,0
2013-06-19,95.51699829101562,95.63999938964844,94.83000183105469,95.51000213623047,0
2013-06-20,96.58999633789062,98.23899841308594,96.21099853515625,96.61699676513672,0
2013-06-21,97.14099884033203,98.11399841308594,96.85700225830078,97.14700317382812,0
2013-06-24,98.4229965209961,98.69400024414062,97.23699951171875,98.41999816894531,0
2013-06-25,97.53099822998047,98.04000091552734,97.03900146484375,97.50599670410156,0
2013-06-26,98.14700317382812,98.22000122070312,97.25900268554688,98.18000030517578,0
2013-06-27,97.7699966430664,98.56600189208984,97.58999633789062,97.80000305175781,0
2013-06-28,98.47599792480469,99.39700317382812,98.45899963378906,98.46800231933594,0
2013-07-01,99.37999725341797,99.83999633789062,99.18699645996094,99.41100311279297,0
2013-07-02,99.65699768066406,100.43800354003906,99.5,99.65399932861328,0
2013-07-03,100.73300170898438,100.83599853515625,99.25800323486328,100.75900268554688,0
2013-07-04,99.95600128173828,100.13200378417969,99.49400329589844,99.96199798583984,0
2013-07-05,100.22000122070312,101.09600067138672,99.90499877929688,100.25,0
2013-07-08,101.38600158691406,101.52400207519531,100.93099975585938,101.37200164794922,0
2013-07-09,100.8499984741211,101.29000091552734,100.83599853515625,100.84200286865234,0
2013-07-10,101.15299987792969,101.1989974975586,99.7699966430664,101.1510009765625,0
2013-07-11,98.5510025024414,99.58999633789062,98.2979965209961,98.552001953125,0
2013-07-12,99.04000091552734,99.6780014038086,98.70800018310547,99.04399871826172,0
2013-07-15,99.1969985961914,100.4540023803711,99.072998046875,99.2030029296875,0
2013-07-16,99.94599914550781,100.05400085449219,99.25,99.94100189208984,0
2013-07-17,99.16000366210938,99.92400360107422,99.08100128173828,99.16000366210938,0
2013-07-18,99.66000366210938,100.6500015258789,99.47899627685547,99.6719970703125,0
2013-07-19,100.52200317382812,100.85299682617188,99.87000274658203,100.5,0
2013-07-22,100.38899993896484,100.3489990234375,99.33100128173828,100.3489990234375,0
2013-07-23,99.3239974975586,100.16999816894531,99.21399688720703,99.31300354003906,0
2013-07-24,99.49700164794922,100.39600372314453,99.43199920654297,99.5009994506836,0
2013-07-25,100.4520034790039,100.41600036621094,99.45600128173828,100.41600036621094,0
2013-07-26,99.2750015258789,99.35299682617188,97.98400115966797,99.24700164794922,0
2013-07-29,97.95999908447266,98.19100189208984,97.63999938964844,97.98100280761719,0
2013-07-30,98.04299926757812,98.4489974975586,97.76399993896484,98.06199645996094,0
2013-07-31,98.01599884033203,98.46199798583984,97.59100341796875,97.99199676513672,0
2013-08-01,97.83300018310547,99.37100219726562,97.64800262451172,97.84300231933594,0
2013-08-02,99.41999816894531,99.93000030517578,98.6719970703125,99.43599700927734,0
2013-08-05,98.93499755859375,99.14399719238281,98.28299713134766,98.89199829101562,0
2013-08-06,98.23200225830078,98.57099914550781,97.5459976196289,98.26399993896484,0
2013-08-07,97.30799865722656,97.50399780273438,96.42400360107422,97.2969970703125,0
2013-08-08,96.56999969482422,96.9260025024414,95.80699920654297,96.55999755859375,0
2013-08-09,96.73999786376953,96.94000244140625,96.18000030517578,96.76300048828125,0
2013-08-12,96.04399871826172,96.9020004272461,96.01300048828125,96.02300262451172,0
2013-08-13,97.19999694824219,98.23999786376953,97.14600372314453,97.1719970703125,0
2013-08-14,98.15299987792969,98.41999816894531,97.86799621582031,98.11900329589844,0
2013-08-15,97.85299682617188,98.60099792480469,97.58999633789062,97.81300354003906,0
2013-08-16,97.05500030517578,97.73600006103516,97.09500122070312,97.09500122070312,0
2013-08-19,97.66699981689453,98.10800170898438,97.36000061035156,97.66400146484375,0
2013-08-20,97.5790023803711,97.85099792480469,96.9000015258789,97.61699676513672,0
2013-08-21,97.30999755859375,97.74099731445312,97.12200164794922,97.3030014038086,0
2013-08-22,97.80999755859375,98.7770004272461,97.76799774169922,97.79399871826172,0
2013-08-23,98.87899780273438,99.125,98.41000366210938,98.87100219726562,0
2013-08-26,98.70500183105469,98.8280029296875,98.27200317382812,98.70800018310547,0
2013-08-27,98.25800323486328,98.38300323486328,97.15599822998047,98.26699829101562,0
2013-08-28,96.89199829101562,97.802001953125,96.91000366210938,96.91000366210938,0
2013-08-29,97.72799682617188,98.50599670410156,97.45700073242188,97.73600006103516,0
2013-08-30,98.29199981689453,98.4520034790039,97.90599822998047,98.28600311279297,0
2013-09-02,98.38500213623047,99.4000015258789,98.35399627685547,98.35399627685547,0
2013-09-03,99.56999969482422,99.85900115966797,99.18199920654297,99.5719985961914,0
2013-09-04,99.55400085449219,99.79299926757812,99.33200073242188,99.58000183105469,0
2013-09-05,99.72799682617188,100.14800262451172,99.59600067138672,99.73200225830078,0
2013-09-06,100.11599731445312,100.11000061035156,98.58399963378906,100.0999984741211,0
2013-09-09,99.97699737548828,100.04499816894531,99.33999633789062,100.01899719238281,0
2013-09-10,99.71900177001953,100.44300079345703,99.47000122070312,99.7229995727539,0
2013-09-11,100.28500366210938,100.58000183105469,99.89600372314453,100.30400085449219,0
2013-09-12,99.83000183105469,99.88099670410156,99.08999633789062,99.80599975585938,0
2013-09-13,99.5780029296875,99.97100067138672,99.26000213623047,99.552001953125,0
2013-09-16,99.01499938964844,99.0999984741211,98.64800262451172,99.01699829101562,0
2013-09-17,99.06999969482422,99.3759994506836,99.05000305175781,99.09100341796875,0
2013-09-18,99.12799835205078,99.3280029296875,98.80999755859375,99.125,0
2013-09-19,98.20999908447266,99.55000305175781,98.0,98.22899627685547,0
2013-09-20,99.38999938964844,99.6500015258789,99.1719970703125,99.39399719238281,0
2013-09-23,99.2770004272461,99.29399871826172,98.66000366210938,99.27999877929688,0
2013-09-24,98.73999786376953,99.16000366210938,98.5,98.7699966430664,0
2013-09-25,98.74500274658203,98.79399871826172,98.39299774169922,98.7300033569336,0
2013-09-26,98.43499755859375,99.11699676513672,98.2750015258789,98.44200134277344,0
2013-09-27,98.90499877929688,98.97699737548828,98.19300079345703,98.89900207519531,0
2013-09-30,97.8270034790039,98.3010025024414,97.50900268554688,97.79900360107422,0
2013-10-01,98.4000015258789,98.69300079345703,97.66799926757812,98.38600158691406,0
2013-10-02,97.9260025024414,98.06999969482422,97.1500015258789,97.93399810791016,0
2013-10-03,97.30000305175781,97.86100006103516,97.03600311279297,97.34600067138672,0
2013-10-04,97.25900268554688,97.37300109863281,96.96800231933594,97.25399780273438,0
2013-10-07,97.29000091552734,97.27300262451172,96.82099914550781,97.25599670410156,0
2013-10-09,96.9010009765625,97.45999908447266,96.91600036621094,96.91600036621094,0
2013-10-10,97.47899627685547,98.19999694824219,97.46099853515625,97.4749984741211,0
2013-10-11,98.18499755859375,98.54499816894531,98.21199798583984,98.23999786376953,0
2013-10-14,98.31400299072266,98.33499908447266,98.08999633789062,98.33499908447266,0
2013-10-15,98.6500015258789,98.69000244140625,98.36000061035156,98.63899993896484,0
2013-10-16,98.54399871826172,98.93599700927734,98.2490005493164,98.56300354003906,0
2013-10-17,98.94000244140625,98.97899627685547,97.73300170898438,98.96600341796875,0
2013-10-18,97.98999786376953,98.1500015258789,97.55000305175781,97.97699737548828,0
2013-10-21,97.927001953125,98.23699951171875,97.91600036621094,97.96299743652344,0
2013-10-22,98.19400024414062,98.4800033569336,97.91400146484375,98.19300079345703,0
2013-10-23,98.13300323486328,98.18399810791016,97.16999816894531,98.12000274658203,0
2013-10-24,97.41999816894531,97.5989990234375,97.177001953125,97.4000015258789,0
2013-10-25,97.38500213623047,97.4749984741211,96.95800018310547,97.38600158691406,0
2013-10-28,97.56999969482422,97.7760009765625,97.45600128173828,97.61299896240234,0
2013-10-29,97.62000274658203,98.072998046875,97.45999908447266,97.62699890136719,0
2013-10-30,98.19400024414062,98.30999755859375,98.10099792480469,98.18499755859375,0
2013-10-31,98.50700378417969,98.49800109863281,98.12100219726562,98.47599792480469,0
2013-11-01,98.32099914550781,98.83200073242188,97.83000183105469,98.33200073242188,0
2013-11-04,98.69200134277344,98.82599639892578,98.58000183105469,98.7040023803711,0
2013-11-05,98.62699890136719,98.63400268554688,98.16999816894531,98.62999725341797,0
2013-11-06,98.45600128173828,98.73999786376953,98.40599822998047,98.45800018310547,0
2013-11-07,98.6500015258789,99.39099884033203,98.55500030517578,98.65299987792969,0
2013-11-08,98.1709976196289,99.2020034790039,97.99199676513672,98.16500091552734,0
2013-11-11,99.1989974975586,99.2969970703125,98.92400360107422,99.197998046875,0
2013-11-12,99.13800048828125,99.79100036621094,99.14600372314453,99.15299987792969,0
2013-11-13,99.61699676513672,99.6520004272461,99.30000305175781,99.5770034790039,0
2013-11-14,99.21800231933594,100.12300109863281,99.12000274658203,99.21800231933594,0
2013-11-15,100.23999786376953,100.42500305175781,99.96800231933594,100.20800018310547,0
2013-11-18,100.35399627685547,100.33300018310547,99.80000305175781,100.33300018310547,0
2013-11-19,99.86299896240234,100.2229995727539,99.55999755859375,99.84300231933594,0
2013-11-20,100.18099975585938,100.20500183105469,99.8010025024414,100.14399719238281,0
2013-11-21,100.20700073242188,101.05999755859375,100.16200256347656,100.23799896240234,0
2013-11-22,101.31900024414062,101.3479995727539,100.95500183105469,101.27799987792969,0
2013-11-25,101.29000091552734,101.89700317382812,101.13899993896484,101.26899719238281,0
2013-11-26,101.3499984741211,101.64199829101562,101.33599853515625,101.38800048828125,0
2013-11-27,101.23400115966797,102.16100311279297,101.2300033569336,101.2300033569336,0
2013-11-28,102.20999908447266,102.36299896240234,101.94300079345703,102.20099639892578,0
2013-11-29,102.29199981689453,102.58200073242188,102.12000274658203,102.2760009765625,0
2013-12-02,102.47100067138672,103.01000213623047,102.2300033569336,102.48400115966797,0
2013-12-03,102.93299865722656,103.36900329589844,102.36399841308594,102.947998046875,0
2013-12-04,102.35099792480469,102.81400299072266,102.23699951171875,102.34200286865234,0
2013-12-05,102.40399932861328,102.43000030517578,101.8499984741211,102.36100006103516,0
2013-12-06,101.74199676513672,102.88800048828125,101.72000122070312,101.72699737548828,0
2013-12-09,103.13099670410156,103.16400146484375,102.88800048828125,103.10700225830078,0
2013-12-10,103.26599884033203,103.37999725341797,102.61399841308594,103.25700378417969,0
2013-12-11,102.7979965209961,102.93000030517578,102.3499984741211,102.79199981689453,0
2013-12-12,102.50800323486328,103.0770034790039,102.45800018310547,102.50599670410156,0
2013-12-13,103.54000091552734,103.90799713134766,102.98799896240234,103.52300262451172,0
2013-12-16,103.2699966430664,103.25499725341797,102.66999816894531,103.25,0
2013-12-17,103.0270004272461,103.09300231933594,102.7300033569336,103.00800323486328,0
2013-12-18,102.6240005493164,103.26100158691406,102.63800048828125,102.64099884033203,0
2013-12-19,104.21299743652344,104.3280029296875,103.822998046875,104.22200012207031,0
2013-12-20,104.2760009765625,104.63200378417969,104.0199966430664,104.29399871826172,0
2013-12-23,104.02999877929688,104.09400177001953,103.7750015258789,104.0199966430664,0
2013-12-24,104.1760025024414,104.40399932861328,104.13700103759766,104.15499877929688,0
2013-12-25,104.30000305175781,104.4800033569336,104.19999694824219,104.26200103759766,0
2013-12-26,104.52400207519531,104.83000183105469,104.51100158691406,104.51100158691406,0
2013-12-27,104.87899780273438,104.99800109863281,104.6500015258789,104.91300201416016,0
2013-12-30,105.31999969482422,105.40299987792969,105.0270004272461,105.2979965209961,0
2013-12-31,104.93399810791016,105.12300109863281,104.8499984741211,104.91799926757812,0
2014-01-01,105.30000305175781,105.30000305175781,105.26000213623047,105.30000305175781,0
2014-01-02,105.3239974975586,105.43000030517578,104.71499633789062,105.31700134277344,0
2014-01-03,104.83300018310547,104.85800170898438,104.0719985961914,104.8239974975586,0
2014-01-06,104.91200256347656,104.92500305175781,104.16000366210938,104.9000015258789,0
2014-01-07,104.20999908447266,104.71199798583984,104.2020034790039,104.22100067138672,0
2014-01-08,104.71199798583984,105.10900115966797,104.65299987792969,104.697998046875,0
2014-01-09,104.84400177001953,105.04100036621094,104.76000213623047,104.83799743652344,0
2014-01-10,104.83000183105469,105.05799865722656,103.86599731445312,104.81999969482422,0
2014-01-13,103.9489974975586,104.02100372314453,103.02300262451172,103.91899871826172,0
2014-01-14,103.11599731445312,103.74600219726562,103.02200317382812,103.11000061035156,0
2014-01-15,104.17900085449219,104.5780029296875,104.08300018310547,104.15899658203125,0
2014-01-16,104.57099914550781,104.91799926757812,104.1500015258789,104.59200286865234,0
2014-01-17,104.29499816894531,104.46299743652344,104.19999694824219,104.31700134277344,0
2014-01-20,104.23799896240234,104.25299835205078,103.86599731445312,104.24500274658203,0
2014-01-21,104.2249984741211,104.74099731445312,104.18900299072266,104.24700164794922,0
2014-01-22,104.2229995727539,104.53900146484375,103.98899841308594,104.22100067138672,0
2014-01-23,104.63500213623047,104.81300354003906,103.49099731445312,104.6500015258789,0
2014-01-24,103.37000274658203,103.57499694824219,102.00900268554688,103.34500122070312,0
2014-01-27,102.05000305175781,102.91100311279297,102.072998046875,102.072998046875,0
2014-01-28,102.66100311279297,103.24500274658203,102.53199768066406,102.66500091552734,0
2014-01-29,103.23100280761719,103.35900115966797,102.02999877929688,103.23200225830078,0
2014-01-30,102.30000305175781,102.77999877929688,102.08799743652344,102.23999786376953,0
2014-01-31,102.75800323486328,102.90799713134766,102.01499938964844,102.72799682617188,0
2014-02-03,102.19200134277344,102.39399719238281,101.25599670410156,102.23799896240234,0
2014-02-04,101.14199829101562,101.56700134277344,100.78399658203125,101.15699768066406,0
2014-02-05,101.68900299072266,101.6719970703125,100.82099914550781,101.66999816894531,0
2014-02-06,101.46600341796875,101.9800033569336,101.24800109863281,101.46199798583984,0
2014-02-07,102.03900146484375,102.52799987792969,101.54499816894531,102.02999877929688,0
2014-02-10,102.52400207519531,102.51200103759766,101.99400329589844,102.48100280761719,0
2014-02-11,102.13300323486328,102.62699890136719,102.0719985961914,102.13500213623047,0
2014-02-12,102.5199966430664,102.63600158691406,102.23300170898438,102.51899719238281,0
2014-02-13,102.46900177001953,102.51799774169922,101.70999908447266,102.46299743652344,0
2014-02-14,102.18800354003906,102.38600158691406,101.58699798583984,102.16899871826172,0
2014-02-17,101.56400299072266,101.96499633789062,101.39900207519531,101.56300354003906,0
2014-02-18,102.06199645996094,102.73799896240234,101.75900268554688,102.05699920654297,0
2014-02-19,102.33200073242188,102.31700134277344,101.8479995727539,102.302001953125,0
2014-02-20,102.31099700927734,102.39399719238281,101.68800354003906,102.2959976196289,0
2014-02-21,102.31199645996094,102.79900360107422,102.32499694824219,102.32499694824219,0
2014-02-24,102.51300048828125,102.66500091552734,102.17400360107422,102.52999877929688,0
2014-02-25,102.48200225830078,102.61799621582031,102.02200317382812,102.50199890136719,0
2014-02-26,102.1500015258789,102.3949966430664,102.10700225830078,102.13999938964844,0
2014-02-27,102.29900360107422,102.38300323486328,101.73300170898438,102.29299926757812,0
2014-02-28,102.11000061035156,102.25599670410156,101.56800079345703,102.11599731445312,0
2014-03-03,101.30500030517578,101.53399658203125,101.19999694824219,101.3290023803711,0
2014-03-04,101.41200256347656,102.12000274658203,101.4219970703125,101.4219970703125,0
2014-03-05,102.1780014038086,102.53399658203125,102.11000061035156,102.19200134277344,0
2014-03-06,102.36699676513672,103.1510009765625,102.3239974975586,102.36100006103516,0
2014-03-07,103.03199768066406,103.7300033569336,102.83999633789062,103.0469970703125,0
2014-03-10,103.19000244140625,103.38999938964844,102.93599700927734,103.18299865722656,0
2014-03-11,103.23600006103516,103.40299987792969,103.16799926757812,103.25199890136719,0
2014-03-12,102.83999633789062,103.08699798583984,102.56500244140625,102.85299682617188,0
2014-03-13,102.78299713134766,102.85199737548828,102.14700317382812,102.81999969482422,0
2014-03-14,101.77999877929688,101.84100341796875,101.20999908447266,101.76000213623047,0
2014-03-17,101.33000183105469,101.86199951171875,101.34500122070312,101.35800170898438,0
2014-03-18,101.85900115966797,101.93000030517578,101.33100128173828,101.88999938964844,0
2014-03-19,101.44000244140625,101.68199920654297,101.29499816894531,101.4749984741211,0
2014-03-20,102.46800231933594,102.53099822998047,102.2030029296875,102.43199920654297,0
2014-03-21,102.40699768066406,102.4020004272461,102.0250015258789,102.4020004272461,0
2014-03-24,102.24099731445312,102.62999725341797,102.16000366210938,102.26100158691406,0
2014-03-25,102.20700073242188,102.45899963378906,102.0999984741211,102.2300033569336,0
2014-03-26,102.28500366210938,102.45600128173828,102.23999786376953,102.30000305175781,0
2014-03-27,101.90299987792969,102.41000366210938,101.73999786376953,101.91500091552734,0
2014-03-28,102.14700317382812,102.93399810791016,102.03199768066406,102.15499877929688,0
2014-03-31,102.88899993896484,103.42500305175781,102.79399871826172,102.8550033569336,0
2014-04-01,103.21399688720703,103.59200286865234,103.08799743652344,103.22000122070312,0
2014-04-02,103.63300323486328,103.92900085449219,103.58899688720703,103.62699890136719,0
2014-04-03,103.86699676513672,104.08999633789062,103.80999755859375,103.8270034790039,0
2014-04-04,103.89600372314453,104.11299896240234,103.3030014038086,103.89299774169922,0
2014-04-07,103.31999969482422,103.33200073242188,103.0,103.3239974975586,0
2014-04-08,103.06900024414062,103.05799865722656,102.06400299072266,103.05799865722656,0
2014-04-09,101.95500183105469,102.13999938964844,101.75800323486328,101.94300079345703,0
2014-04-10,102.10700225830078,102.12999725341797,101.3489990234375,102.11699676513672,0
2014-04-11,101.37999725341797,101.85600280761719,101.33499908447266,101.36000061035156,0
2014-04-14,101.44200134277344,101.98899841308594,101.41500091552734,101.48799896240234,0
2014-04-15,101.90399932861328,101.97599792480469,101.55899810791016,101.9020004272461,0
2014-04-16,101.87699890136719,102.36199951171875,101.87000274658203,101.87000274658203,0
2014-04-17,102.20099639892578,102.2699966430664,101.87699890136719,102.18900299072266,0
2014-04-18,102.44300079345703,102.55999755859375,102.36000061035156,102.44000244140625,0
2014-04-21,102.55999755859375,102.69000244140625,102.49500274658203,102.55500030517578,0
2014-04-22,102.66999816894531,102.7229995727539,102.41699981689453,102.68699645996094,0
2014-04-23,102.62100219726562,102.68299865722656,102.19000244140625,102.61900329589844,0
2014-04-24,102.4800033569336,102.63800048828125,102.0999984741211,102.47799682617188,0
2014-04-25,102.302001953125,102.48100280761719,101.97000122070312,102.30999755859375,0
2014-04-28,102.1050033569336,102.5999984741211,102.0530014038086,102.09600067138672,0
2014-04-29,102.51599884033203,102.7699966430664,102.46600341796875,102.50700378417969,0
2014-04-30,102.56400299072266,102.6050033569336,102.0510025024414,102.55699920654297,0
2014-05-01,102.22000122070312,102.34200286865234,102.12999725341797,102.24199676513672,0
2014-05-02,102.26599884033203,102.99400329589844,102.16000366210938,102.28099822998047,0
2014-05-05,102.19999694824219,102.21700286865234,101.86000061035156,102.1989974975586,0
2014-05-06,102.13999938964844,102.1500015258789,101.5,102.14199829101562,0
2014-05-07,101.69300079345703,101.96700286865234,101.4280014038086,101.72200012207031,0
2014-05-08,101.87200164794922,101.94999694824219,101.58899688720703,101.86599731445312,0
2014-05-09,101.59300231933594,101.83999633789062,101.55000305175781,101.5989990234375,0
2014-05-12,101.9000015258789,102.16000366210938,101.8489990234375,101.87000274658203,0
2014-05-13,102.18499755859375,102.35399627685547,102.0479965209961,102.1780014038086,0
2014-05-14,102.23200225830078,102.21600341796875,101.72000122070312,102.21499633789062,0
2014-05-15,101.81500244140625,102.11199951171875,101.3550033569336,101.76499938964844,0
2014-05-16,101.4990005493164,101.62699890136719,101.36000061035156,101.48699951171875,0
2014-05-19,101.54199981689453,101.58999633789062,101.0999984741211,101.53800201416016,0
2014-05-20,101.5,101.58999633789062,101.22000122070312,101.47000122070312,0
2014-05-21,101.26200103759766,101.53800201416016,100.83000183105469,101.26000213623047,0
2014-05-22,101.41999816894531,101.79000091552734,101.3499984741211,101.41999816894531,0
2014-05-23,101.76499938964844,101.95800018310547,101.61000061035156,101.77999877929688,0
2014-05-26,101.96199798583984,102.03500366210938,101.83799743652344,101.97799682617188,0
2014-05-27,101.89399719238281,102.12300109863281,101.72000122070312,101.87999725341797,0
2014-05-28,101.97699737548828,102.01799774169922,101.65899658203125,101.96900177001953,0
2014-05-29,101.7300033569336,101.7699966430664,101.43900299072266,101.7239990234375,0
2014-05-30,101.72000122070312,101.83300018310547,101.5,101.70999908447266,0
2014-06-02,101.8759994506836,102.33300018310547,101.86100006103516,101.87000274658203,0
2014-06-03,102.41999816894531,102.48999786376953,102.2699966430664,102.41999816894531,0
2014-06-04,102.54000091552734,102.79000091552734,102.44300079345703,102.55999755859375,0
2014-06-05,102.68099975585938,102.70899963378906,102.35600280761719,102.677001953125,0
2014-06-06,102.4229965209961,102.60399627685547,102.12999725341797,102.41400146484375,0
2014-06-09,102.4800033569336,102.58999633789062,102.36000061035156,102.51200103759766,0
2014-06-10,102.4800033569336,102.4990005493164,102.19999694824219,102.47799682617188,0
2014-06-11,102.31400299072266,102.38700103759766,101.86799621582031,102.30000305175781,0
2014-06-12,102.0,102.13500213623047,101.80899810791016,102.0009994506836,0
2014-06-13,101.69999694824219,102.13700103759766,101.72000122070312,101.72000122070312,0
2014-06-16,101.96700286865234,101.96600341796875,101.72000122070312,101.95800018310547,0
2014-06-17,101.87000274658203,102.2300033569336,101.86000061035156,101.8759994506836,0
2014-06-18,102.17400360107422,102.302001953125,102.05000305175781,102.16600036621094,0
2014-06-19,101.88999938964844,101.98999786376953,101.7300033569336,101.91200256347656,0
2014-06-20,101.93000030517578,102.18199920654297,101.80000305175781,101.91300201416016,0
2014-06-23,102.06600189208984,102.12699890136719,101.80999755859375,102.0999984741211,0
2014-06-24,101.87000274658203,102.16600036621094,101.80999755859375,101.87100219726562,0
2014-06-25,101.91000366210938,101.9489974975586,101.62000274658203,101.91300201416016,0
2014-06-26,101.80000305175781,101.81999969482422,101.50499725341797,101.81199645996094,0
2014-06-27,101.63700103759766,101.63999938964844,101.30999755859375,101.63999938964844,0
2014-06-30,101.44300079345703,101.45600128173828,101.23999786376953,101.43599700927734,0
2014-07-01,101.29000091552734,101.58599853515625,101.27999877929688,101.27999877929688,0
2014-07-02,101.54000091552734,101.77999877929688,101.38999938964844,101.55000305175781,0
2014-07-03,101.83000183105469,102.25800323486328,101.7699966430664,101.8290023803711,0
2014-07-04,102.18000030517578,102.21299743652344,101.97000122070312,102.1969985961914,0
2014-07-07,102.11000061035156,102.19200134277344,101.81900024414062,102.10700225830078,0
2014-07-08,101.80000305175781,101.8499984741211,101.4800033569336,101.80999755859375,0
2014-07-09,101.45999908447266,101.73200225830078,101.44999694824219,101.45999908447266,0
2014-07-10,101.53500366210938,101.56300354003906,101.07099914550781,101.54299926757812,0
2014-07-11,101.28299713134766,101.37999725341797,101.20899963378906,101.30000305175781,0
2014-07-14,101.37000274658203,101.62100219726562,101.33599853515625,101.3499984741211,0
2014-07-15,101.5199966430664,101.73600006103516,101.47599792480469,101.53700256347656,0
2014-07-16,101.66000366210938,101.78399658203125,101.62999725341797,101.68000030517578,0
2014-07-17,101.62999725341797,101.65499877929688,101.28099822998047,101.63099670410156,0
2014-07-18,101.2300033569336,101.44000244140625,101.18499755859375,101.21099853515625,0
2014-07-21,101.33999633789062,101.3740005493164,101.19000244140625,101.34300231933594,0
2014-07-22,101.4000015258789,101.58599853515625,101.34100341796875,101.41899871826172,0
2014-07-23,101.47000122070312,101.53399658203125,101.31900024414062,101.47000122070312,0
2014-07-24,101.5199966430664,101.8270034790039,101.40599822998047,101.5199966430664,0
2014-07-25,101.76000213623047,101.93199920654297,101.69999694824219,101.76000213623047,0
2014-07-28,101.7490005493164,101.89600372314453,101.74600219726562,101.7490005493164,0
2014-07-29,101.80999755859375,102.1240005493164,101.80999755859375,101.80999755859375,0
2014-07-30,102.07599639892578,102.90899658203125,102.02999877929688,102.06900024414062,0
2014-07-31,102.83999633789062,102.98999786376953,102.71800231933594,102.83999633789062,0
2014-08-01,102.77300262451172,102.99600219726562,102.36799621582031,102.76599884033203,0
2014-08-04,102.56300354003906,102.71900177001953,102.40599822998047,102.56999969482422,0
2014-08-05,102.54199981689453,102.91600036621094,102.45999908447266,102.54000091552734,0
2014-08-06,102.58899688720703,102.61299896240234,102.25599670410156,102.58999633789062,0
2014-08-07,102.11299896240234,102.44400024414062,102.03099822998047,102.13500213623047,0
2014-08-08,102.12899780273438,102.13999938964844,101.51000213623047,102.11399841308594,0
2014-08-11,102.15499877929688,102.18199920654297,102.01699829101562,102.1510009765625,0
2014-08-12,102.20500183105469,102.35600280761719,102.0979995727539,102.21299743652344,0
2014-08-13,102.28199768066406,102.52899932861328,102.22200012207031,102.2699966430664,0
2014-08-14,102.40799713134766,102.63999938964844,102.30000305175781,102.4219970703125,0
2014-08-15,102.49600219726562,102.69599914550781,102.15899658203125,102.4990005493164,0
2014-08-18,102.41000366210938,102.58999633789062,102.23999786376953,102.4000015258789,0
2014-08-19,102.61000061035156,102.86799621582031,102.53399658203125,102.61000061035156,0
2014-08-20,102.91000366210938,103.4010009765625,102.88999938964844,102.93800354003906,0
2014-08-21,103.70099639892578,103.94999694824219,103.61599731445312,103.70099639892578,0
2014-08-22,103.8489990234375,104.18399810791016,103.50399780273438,103.84500122070312,0
2014-08-25,104.20099639892578,104.24700164794922,103.86499786376953,104.19000244140625,0
2014-08-26,104.06999969482422,104.1500015258789,103.75499725341797,104.06999969482422,0
2014-08-27,104.08999633789062,104.1500015258789,103.77400207519531,104.08499908447266,0
2014-08-28,103.87799835205078,103.86699676513672,103.55999755859375,103.86699676513672,0
2014-08-29,103.69599914550781,104.0199966430664,103.68099975585938,103.70800018310547,0
2014-09-01,104.16799926757812,104.29499816894531,104.08999633789062,104.16899871826172,0
2014-09-02,104.33999633789062,105.19499969482422,104.32599639892578,104.33899688720703,0
2014-09-03,105.23699951171875,105.2959976196289,104.84700012207031,105.20800018310547,0
2014-09-04,104.87100219726562,105.23999786376953,104.77300262451172,104.8740005493164,0
2014-09-05,105.58200073242188,105.57599639892578,104.69499969482422,105.56999969482422,0
2014-09-08,105.18000030517578,105.66999816894531,104.99700164794922,105.14900207519531,0
2014-09-09,106.16000366210938,106.37999725341797,105.95800018310547,106.09400177001953,0
2014-09-10,106.12300109863281,106.81999969482422,106.03800201416016,106.12699890136719,0
2014-09-11,106.82599639892578,107.19300079345703,106.66000366210938,106.83100128173828,0
2014-09-12,107.1050033569336,107.39299774169922,107.05500030517578,107.0979995727539,0
2014-09-15,107.33000183105469,107.36000061035156,107.0199966430664,107.33000183105469,0
2014-09-16,107.13800048828125,107.32499694824219,106.8759994506836,107.13800048828125,0
2014-09-17,107.1500015258789,107.64600372314453,107.12999725341797,107.14299774169922,0
2014-09-18,108.51599884033203,108.94000244140625,108.39199829101562,108.48999786376953,0
2014-09-19,108.80000305175781,109.4469985961914,108.60800170898438,108.8010025024414,0
2014-09-22,108.94000244140625,109.17900085449219,108.66999816894531,108.93199920654297,0
2014-09-23,108.75,108.92500305175781,108.2770004272461,108.73999786376953,0
2014-09-24,108.54199981689453,108.98100280761719,108.49400329589844,108.54000091552734,0
2014-09-25,109.31600189208984,109.34400177001953,108.5270004272461,109.32099914550781,0
2014-09-26,108.61000061035156,109.31199645996094,108.49500274658203,108.62000274658203,0
2014-09-29,109.41100311279297,109.73799896240234,109.13600158691406,109.40299987792969,0
2014-09-30,109.38999938964844,109.83699798583984,109.2020034790039,109.41200256347656,0
2014-10-01,109.66000366210938,110.05799865722656,109.25,109.62200164794922,0
2014-10-02,109.0199966430664,109.06600189208984,108.0999984741211,108.98100280761719,0
2014-10-03,108.52300262451172,109.87999725341797,108.52799987792969,108.52799987792969,0
2014-10-06,109.802001953125,109.77799987792969,109.03399658203125,109.77799987792969,0
2014-10-07,108.86799621582031,109.20999908447266,108.10600280761719,108.89800262451172,0
2014-10-08,108.0719985961914,108.53199768066406,107.83999633789062,108.0530014038086,0
2014-10-09,108.12699890136719,108.30500030517578,107.52999877929688,108.14700317382812,0
2014-10-10,107.83000183105469,108.14299774169922,107.62799835205078,107.8550033569336,0
2014-10-13,107.33799743652344,107.55899810791016,107.06199645996094,107.33999633789062,0
2014-10-14,107.06300354003906,107.29199981689453,106.6989974975586,107.06999969482422,0
2014-10-15,107.31400299072266,107.4749984741211,105.64099884033203,107.26000213623047,0
2014-10-16,105.9800033569336,106.3290023803711,105.5,106.0199966430664,0
2014-10-17,106.40499877929688,106.76499938964844,106.13800048828125,106.37999725341797,0
2014-10-20,107.14399719238281,107.375,106.79100036621094,107.1259994506836,0
2014-10-21,106.91000366210938,106.91000366210938,106.2699966430664,106.91000366210938,0
2014-10-22,107.02100372314453,107.35900115966797,106.80799865722656,107.01100158691406,0
2014-10-23,107.14800262451172,108.18699645996094,107.11000061035156,107.11799621582031,0
2014-10-24,108.16100311279297,108.26599884033203,107.78900146484375,108.11499786376953,0
2014-10-27,108.2020034790039,108.15399932861328,107.65599822998047,108.1510009765625,0
2014-10-28,107.84300231933594,108.16200256347656,107.72000122070312,107.85099792480469,0
2014-10-29,108.11199951171875,108.23300170898438,107.947998046875,108.12000274658203,0
2014-10-30,108.84600067138672,109.2979965209961,108.80699920654297,108.83599853515625,0
2014-10-31,109.21299743652344,112.46299743652344,109.1969985961914,109.2229995727539,0
2014-11-03,112.84100341796875,114.18499755859375,112.58999633789062,112.8219985961914,0
2014-11-04,113.64800262451172,113.76799774169922,113.1969985961914,113.68699645996094,0
2014-11-05,113.4800033569336,114.81300354003906,113.46800231933594,113.51200103759766,0
2014-11-06,114.65499877929688,115.46600341796875,114.11100006103516,114.6500015258789,0
2014-11-07,115.1760025024414,115.46099853515625,114.50199890136719,115.19200134277344,0
2014-11-10,114.53299713134766,114.7490005493164,113.8759994506836,114.5250015258789,0
2014-11-11,114.75299835205078,116.0719985961914,114.63300323486328,114.78099822998047,0
2014-11-12,115.72100067138672,115.85700225830078,114.9520034790039,115.7020034790039,0
2014-11-13,115.56999969482422,115.85700225830078,115.35800170898438,115.6259994506836,0
2014-11-14,115.8239974975586,116.80899810791016,115.75,115.83000183105469,0
2014-11-17,116.89600372314453,116.82499694824219,115.4800033569336,116.82499694824219,0
2014-11-18,116.64600372314453,116.9990005493164,116.38700103759766,116.6259994506836,0
2014-11-19,116.86900329589844,117.75599670410156,116.85700225830078,116.85700225830078,0
2014-11-20,118.14800262451172,118.96900177001953,117.7760009765625,118.13899993896484,0
2014-11-21,118.23600006103516,118.23999786376953,117.38099670410156,118.23999786376953,0
2014-11-24,117.74400329589844,118.47200012207031,117.59700012207031,117.7300033569336,0
2014-11-25,118.4540023803711,118.42400360107422,117.69400024414062,118.40799713134766,0
2014-11-26,117.8010025024414,117.88200378417969,117.44400024414062,117.81999969482422,0
2014-11-27,117.62999725341797,117.8219985961914,117.26000213623047,117.61599731445312,0
2014-11-28,117.83999633789062,118.68399810791016,117.86000061035156,117.87200164794922,0
2014-12-01,118.86399841308594,119.08499908447266,117.88999938964844,118.8740005493164,0
2014-12-02,118.30799865722656,119.28600311279297,118.22000122070312,118.34200286865234,0
2014-12-03,119.19400024414062,119.74400329589844,119.12999725341797,119.16000366210938,0
2014-12-04,119.86100006103516,120.197998046875,119.69300079345703,119.87899780273438,0
2014-12-05,119.81199645996094,121.6709976196289,119.69599914550781,119.78099822998047,0
2014-12-08,121.56099700927734,121.66899871826172,120.68000030517578,121.59500122070312,0
2014-12-09,120.6500015258789,120.99500274658203,118.0009994506836,120.66000366210938,0
2014-12-10,119.34200286865234,119.90799713134766,118.31900024414062,119.4229965209961,0
2014-12-11,117.70899963378906,119.43099975585938,117.47000122070312,117.65699768066406,0
2014-12-12,119.00700378417969,119.1780014038086,118.08999633789062,119.00199890136719,0
2014-12-15,118.16500091552734,119.01100158691406,117.98300170898438,118.11100006103516,0
2014-12-16,117.74099731445312,117.94599914550781,115.58000183105469,117.75199890136719,0
2014-12-17,116.61299896240234,117.49700164794922,116.46399688720703,116.5469970703125,0
2014-12-18,118.7959976196289,119.28800201416016,118.26300048828125,118.74400329589844,0
2014-12-19,118.93800354003906,119.48899841308594,118.83000183105469,118.90299987792969,0
2014-12-22,119.49700164794922,119.99199676513672,119.31800079345703,119.49500274658203,0
2014-12-23,120.1500015258789,120.78800201416016,120.04399871826172,120.14199829101562,0
2014-12-24,120.69000244140625,120.6989974975586,120.2770004272461,120.6760025024414,0
2014-12-25,120.45899963378906,120.45899963378906,119.9990005493164,120.39900207519531,0
2014-12-26,120.37000274658203,120.45600128173828,120.16000366210938,120.41200256347656,0
2014-12-29,120.42400360107422,120.67900085449219,120.18000030517578,120.40599822998047,0
2014-12-30,120.63200378417969,120.66400146484375,118.89700317382812,120.62000274658203,0
2014-12-31,119.45800018310547,119.86000061035156,119.2490005493164,119.4749984741211,0
2015-01-01,119.6729965209961,119.6729965209961,119.6729965209961,119.6729965209961,0
2015-01-02,119.87000274658203,120.73600006103516,119.83599853515625,119.88999938964844,0
2015-01-05,120.43399810791016,120.60800170898438,119.41100311279297,120.38899993896484,0
2015-01-06,119.42500305175781,119.49700164794922,118.68000030517578,119.41600036621094,0
2015-01-07,118.6729965209961,119.63899993896484,118.67400360107422,118.67400360107422,0
2015-01-08,119.28900146484375,119.94100189208984,119.19000244140625,119.31600189208984,0
2015-01-09,119.79199981689453,119.84300231933594,118.77899932861328,119.76399993896484,0
2015-01-12,118.21199798583984,119.29100036621094,118.10900115966797,118.2229995727539,0
2015-01-13,118.3280029296875,118.83799743652344,117.74099731445312,118.28500366210938,0
2015-01-14,117.79499816894531,117.91300201416016,116.09600067138672,117.77999877929688,0
2015-01-15,117.38999938964844,117.93399810791016,116.29900360107422,117.43900299072266,0
2015-01-16,116.12999725341797,117.7300033569336,115.86499786376953,116.11199951171875,0
2015-01-19,117.55999755859375,117.66400146484375,116.93499755859375,117.52799987792969,0
2015-01-20,117.71199798583984,118.75399780273438,117.70099639892578,117.73999786376953,0
2015-01-21,118.64900207519531,118.74700164794922,117.19400024414062,118.62799835205078,0
2015-01-22,117.86000061035156,118.33000183105469,117.2770004272461,117.83999633789062,0
2015-01-23,118.7509994506836,118.70999908447266,117.55000305175781,118.70999908447266,0
2015-01-26,117.36100006103516,118.47899627685547,117.37999725341797,117.37999725341797,0
2015-01-27,118.5199966430664,118.6510009765625,117.33999633789062,118.50800323486328,0
2015-01-28,117.7750015258789,118.24299621582031,117.56600189208984,117.81800079345703,0
2015-01-29,117.59200286865234,118.15499877929688,117.56800079345703,117.62799835205078,0
2015-01-30,118.24800109863281,118.27300262451172,117.40399932861328,118.24800109863281,0
2015-02-02,117.18399810791016,117.85900115966797,117.16799926757812,117.18499755859375,0
2015-02-03,117.57499694824219,117.72000122070312,116.89600372314453,117.60199737548828,0
2015-02-04,117.64600372314453,117.98300170898438,117.26000213623047,117.6760025024414,0
2015-02-05,117.28800201416016,117.54199981689453,117.03299713134766,117.31400299072266,0
2015-02-06,117.53500366210938,119.13200378417969,117.18000030517578,117.5199966430664,0
2015-02-09,118.97000122070312,119.03299713134766,118.44599914550781,118.95700073242188,0
2015-02-10,118.56300354003906,119.58799743652344,118.39800262451172,118.61399841308594,0
2015-02-11,119.35800170898438,120.4020004272461,119.28600311279297,119.3479995727539,0
2015-02-12,120.16999816894531,120.36900329589844,118.8949966430664,120.19300079345703,0
2015-02-13,118.91600036621094,119.18399810791016,118.43800354003906,118.88099670410156,0
2015-02-16,118.56999969482422,118.76399993896484,118.38300323486328,118.625,0
2015-02-17,118.49199676513672,119.10299682617188,118.24400329589844,118.50599670410156,0
2015-02-18,119.20800018310547,119.39299774169922,118.91500091552734,119.18299865722656,0
2015-02-19,118.68900299072266,119.15499877929688,118.48200225830078,118.7239990234375,0
2015-02-20,118.98799896240234,119.07499694824219,118.30699920654297,119.00299835205078,0
2015-02-23,119.07599639892578,119.33999633789062,118.81700134277344,119.0739974975586,0
2015-02-24,118.90299987792969,119.83300018310547,118.87000274658203,118.9000015258789,0
2015-02-25,118.89199829101562,119.04000091552734,118.62000274658203,118.84500122070312,0
2015-02-26,118.8219985961914,119.38200378417969,118.6760025024414,118.8280029296875,0
2015-02-27,119.37699890136719,119.54100036621094,119.12699890136719,119.40399932861328,0
2015-03-02,119.82599639892578,120.13300323486328,119.6709976196289,119.84500122070312,0
2015-03-03,120.2040023803711,120.197998046875,119.41600036621094,120.197998046875,0
2015-03-04,119.63700103759766,119.80999755859375,119.47799682617188,119.6050033569336,0
2015-03-05,119.6510009765625,120.37699890136719,119.62000274658203,119.63800048828125,0
2015-03-06,120.04499816894531,121.26699829101562,119.89800262451172,120.06600189208984,0
2015-03-09,120.73899841308594,121.2490005493164,120.60600280761719,120.70999908447266,0
2015-03-10,121.40799713134766,121.99600219726562,120.95999908447266,121.427001953125,0
2015-03-11,121.03800201416016,121.61000061035156,121.0260009765625,121.05999755859375,0
2015-03-12,121.41100311279297,121.65299987792969,120.7229995727539,121.44499969482422,0
2015-03-13,121.31800079345703,121.55500030517578,121.16699981689453,121.302001953125,0
2015-03-16,121.34300231933594,121.41000366210938,121.08000183105469,121.33000183105469,0
2015-03-17,121.36699676513672,121.50700378417969,121.1449966430664,121.37300109863281,0
2015-03-18,121.27999877929688,121.39800262451172,120.77999877929688,121.28900146484375,0
2015-03-19,120.06400299072266,120.97200012207031,119.697998046875,120.0790023803711,0
2015-03-20,120.76200103759766,121.17900085449219,120.25800323486328,120.73999786376953,0
2015-03-23,120.0270004272461,120.14900207519531,119.5989990234375,120.01300048828125,0
2015-03-24,119.75,119.98100280761719,119.25,119.74099731445312,0
2015-03-25,119.79100036621094,119.81199645996094,119.24800109863281,119.7699966430664,0
2015-03-26,119.51799774169922,119.50800323486328,118.33000183105469,119.50599670410156,0
2015-03-27,119.18299865722656,119.48200225830078,118.93800354003906,119.21399688720703,0
2015-03-30,119.25,120.13200378417969,119.12200164794922,119.23999786376953,0
2015-03-31,120.01300048828125,120.33000183105469,119.7969970703125,120.02899932861328,0
2015-04-01,120.02200317382812,120.30000305175781,119.41699981689453,119.9520034790039,0
2015-04-02,119.5739974975586,119.85800170898438,119.447998046875,119.57599639892578,0
2015-04-03,119.6969985961914,119.75299835205078,118.7229995727539,119.69599914550781,0
2015-04-06,118.822998046875,119.16300201416016,118.83200073242188,118.85399627685547,0
2015-04-07,119.47699737548828,120.44300079345703,119.4489974975586,119.48799896240234,0
2015-04-08,120.29000091552734,120.30599975585938,119.66000366210938,120.27999877929688,0
2015-04-09,120.09400177001953,120.39600372314453,119.8550033569336,120.08999633789062,0
2015-04-10,120.55000305175781,120.61599731445312,120.06600189208984,120.55000305175781,0
2015-04-13,120.20899963378906,120.83300018310547,119.83200073242188,120.19100189208984,0
2015-04-14,120.05899810791016,120.06099700927734,119.06800079345703,120.05799865722656,0
2015-04-15,119.45700073242188,119.73200225830078,119.1449966430664,119.45999908447266,0
2015-04-16,119.14299774169922,119.45899963378906,118.79000091552734,119.14099884033203,0
2015-04-17,119.04399871826172,119.23500061035156,118.55999755859375,119.05400085449219,0
2015-04-20,118.81800079345703,119.35099792480469,118.5469970703125,118.83399963378906,0
2015-04-21,119.19499969482422,119.8239974975586,119.22699737548828,119.22699737548828,0
2015-04-22,119.63300323486328,119.93800354003906,119.3499984741211,119.64099884033203,0
2015-04-23,119.94999694824219,120.0780029296875,119.60099792480469,119.96399688720703,0
2015-04-24,119.57099914550781,119.62000274658203,118.89199829101562,119.58000183105469,0
2015-04-27,118.927001953125,119.43099975585938,118.7750015258789,118.91500091552734,0
2015-04-28,119.1259994506836,119.18299865722656,118.77999877929688,119.13200378417969,0
2015-04-29,118.822998046875,119.3550033569336,118.7699966430664,118.83000183105469,0
2015-04-30,118.97000122070312,119.875,118.50700378417969,118.97599792480469,0
2015-05-01,119.4520034790039,120.26899719238281,119.49199676513672,119.49199676513672,0
2015-05-04,120.13600158691406,120.27100372314453,119.99800109863281,120.13200378417969,0
2015-05-05,120.0999984741211,120.49600219726562,119.73600006103516,120.10700225830078,0
2015-05-06,119.9219970703125,120.03900146484375,119.23799896240234,119.93000030517578,0
2015-05-07,119.39700317382812,119.78299713134766,119.05899810791016,119.38800048828125,0
2015-05-08,119.70899963378906,120.21900177001953,119.6259994506836,119.71600341796875,0
2015-05-11,119.77999877929688,120.0770034790039,119.71199798583984,119.8270034790039,0
2015-05-12,120.13099670410156,120.2699966430664,119.79499816894531,120.11799621582031,0
2015-05-13,119.83499908447266,119.9520034790039,119.0199966430664,119.875,0
2015-05-14,119.16000366210938,119.32599639892578,118.88999938964844,119.19599914550781,0
2015-05-15,119.19100189208984,119.9209976196289,119.16999816894531,119.20600128173828,0
2015-05-18,119.33000183105469,119.88300323486328,119.34400177001953,119.35299682617188,0
2015-05-19,119.9000015258789,120.71099853515625,119.8499984741211,119.9229965209961,0
2015-05-20,120.6520004272461,121.3759994506836,120.66200256347656,120.66200256347656,0
2015-05-21,121.21199798583984,121.24500274658203,120.85099792480469,121.197998046875,0
2015-05-22,121.03900146484375,121.55799865722656,120.64399719238281,121.0459976196289,0
2015-05-25,121.57099914550781,121.76300048828125,121.44000244140625,121.55999755859375,0
2015-05-26,121.5999984741211,123.31099700927734,121.64399719238281,121.64399719238281,0
2015-05-27,122.98600006103516,123.84500122070312,122.79199981689453,122.98999786376953,0
2015-05-28,123.73999786376953,124.44499969482422,123.50499725341797,123.70800018310547,0
2015-05-29,123.81999969482422,124.16200256347656,123.60800170898438,123.8030014038086,0
2015-06-01,124.19300079345703,124.66400146484375,123.88800048828125,124.24500274658203,0
2015-06-02,124.84700012207031,125.00900268554688,123.7750015258789,124.86399841308594,0
2015-06-03,124.03600311279297,124.66600036621094,123.79000091552734,124.05999755859375,0
2015-06-04,124.30400085449219,124.66200256347656,123.802001953125,124.31900024414062,0
2015-06-05,124.37999725341797,125.8219985961914,124.35900115966797,124.35900115966797,0
2015-06-08,125.62899780273438,125.60199737548828,124.97000122070312,125.60199737548828,0
2015-06-09,124.56300354003906,124.7229995727539,123.9000015258789,124.5979995727539,0
2015-06-10,124.33899688720703,124.61799621582031,122.52200317382812,124.38300323486328,0
2015-06-11,122.86599731445312,124.06999969482422,122.87100219726562,122.91999816894531,0
2015-06-12,123.58100128173828,123.81099700927734,123.1719970703125,123.5979995727539,0
2015-06-15,123.29000091552734,123.64700317382812,123.302001953125,123.34500122070312,0
2015-06-16,123.41999816894531,123.73100280761719,123.30799865722656,123.43599700927734,0
2015-06-17,123.43900299072266,124.29000091552734,123.3499984741211,123.44400024414062,0
2015-06-18,123.52999877929688,123.56300354003906,122.5199966430664,123.55500030517578,0
2015-06-19,123.00199890136719,123.20800018310547,122.56900024414062,123.03099822998047,0
2015-06-22,122.7509994506836,123.35299682617188,122.56999969482422,122.79000091552734,0
2015-06-23,123.37899780273438,124.16699981689453,123.36799621582031,123.41400146484375,0
2015-06-24,123.86000061035156,124.35700225830078,123.69999694824219,123.87200164794922,0
2015-06-25,123.85099792480469,123.9489974975586,123.33799743652344,123.86000061035156,0
2015-06-26,123.5979995727539,123.97599792480469,123.22799682617188,123.60099792480469,0
2015-06-29,122.61199951171875,123.17900085449219,122.3479995727539,122.46600341796875,0
2015-06-30,122.66999816894531,122.71099853515625,122.00399780273438,122.71099853515625,0
2015-07-01,122.38600158691406,123.21399688720703,122.37999725341797,122.40799713134766,0
2015-07-02,123.31999969482422,123.66200256347656,122.9540023803711,123.31800079345703,0
2015-07-03,123.05899810791016,123.16999816894531,122.60099792480469,123.05400085449219,0
2015-07-06,122.40699768066406,122.88999938964844,122.18699645996094,122.39399719238281,0
2015-07-07,122.61100006103516,122.86900329589844,122.05000305175781,122.6520004272461,0
2015-07-08,122.48999786376953,122.53399658203125,120.51499938964844,122.53399658203125,0
2015-07-09,120.86199951171875,121.55999755859375,120.58000183105469,120.9010009765625,0
2015-07-10,121.69999694824219,122.74400329589844,121.53199768066406,121.6969985961914,0
2015-07-13,122.49600219726562,123.51000213623047,122.4280014038086,122.5,0
2015-07-14,123.56999969482422,123.7020034790039,122.94999694824219,123.58100128173828,0
2015-07-15,123.31999969482422,123.96199798583984,123.26499938964844,123.33000183105469,0
2015-07-16,123.87000274658203,124.1719970703125,123.73999786376953,123.89199829101562,0
2015-07-17,124.14900207519531,124.22899627685547,123.91799926757812,124.16300201416016,0
2015-07-20,124.14199829101562,124.39299774169922,124.08000183105469,124.13600158691406,0
2015-07-21,124.29399871826172,124.4729995727539,123.77400207519531,124.28700256347656,0
2015-07-22,123.86000061035156,124.12200164794922,123.56999969482422,123.86599731445312,0
2015-07-23,124.06800079345703,124.1780014038086,123.6969985961914,124.06199645996094,0
2015-07-24,123.8759994506836,124.08999633789062,123.5999984741211,123.87699890136719,0
2015-07-27,123.76300048828125,123.77300262451172,123.0,123.76000213623047,0
2015-07-28,123.23999786376953,123.79000091552734,123.07499694824219,123.2699966430664,0
2015-07-29,123.57599639892578,123.89900207519531,123.3290023803711,123.56700134277344,0
2015-07-30,123.94000244140625,124.56400299072266,123.95899963378906,123.95899963378906,0
2015-07-31,124.07099914550781,124.37000274658203,123.51399993896484,124.072998046875,0
2015-08-03,124.04000091552734,124.26799774169922,123.91400146484375,124.04199981689453,0
2015-08-04,123.94499969482422,124.10199737548828,123.81400299072266,123.94300079345703,0
2015-08-05,124.27400207519531,124.9990005493164,124.02899932861328,124.30799865722656,0
2015-08-06,124.7300033569336,124.94100189208984,124.57099914550781,124.78399658203125,0
2015-08-07,124.73400115966797,125.03099822998047,124.125,124.75499725341797,0
2015-08-10,124.30000305175781,124.7770004272461,124.27999877929688,124.3499984741211,0
2015-08-11,124.61299896240234,125.052001953125,124.58000183105469,124.61599731445312,0
2015-08-12,125.06999969482422,125.27200317382812,123.81900024414062,125.08000183105469,0
2015-08-13,124.25499725341797,124.61699676513672,124.0999984741211,124.29900360107422,0
2015-08-14,124.36299896240234,124.51799774169922,124.0479965209961,124.38400268554688,0
2015-08-17,124.3499984741211,124.56600189208984,124.2300033569336,124.37799835205078,0
2015-08-18,124.43800354003906,124.5,124.19000244140625,124.43399810791016,0
2015-08-19,124.37100219726562,124.46399688720703,124.06999969482422,124.39299774169922,0
2015-08-20,123.89700317382812,124.1240005493164,123.49700164794922,123.9219970703125,0
2015-08-21,123.41999816894531,123.48699951171875,122.0199966430664,123.45999908447266,0
2015-08-24,121.73200225830078,121.91699981689453,116.50499725341797,121.74400329589844,0
2015-08-25,118.88400268554688,120.31099700927734,118.69999694824219,118.83200073242188,0
2015-08-26,118.54000091552734,119.88899993896484,118.65799713134766,118.65799713134766,0
2015-08-27,120.05799865722656,120.8759994506836,119.80999755859375,119.98600006103516,0
2015-08-28,121.00299835205078,121.43299865722656,120.65399932861328,120.98200225830078,0
2015-08-31,121.28900146484375,121.4000015258789,120.88200378417969,121.29000091552734,0
2015-09-01,121.08899688720703,121.11299896240234,119.53500366210938,121.11299896240234,0
2015-09-02,119.71499633789062,120.41500091552734,119.71499633789062,119.7229995727539,0
2015-09-03,120.58000183105469,120.67900085449219,119.70899963378906,120.62300109863281,0
2015-09-04,120.05599975585938,120.11000061035156,118.79299926757812,120.11000061035156,0
2015-09-07,119.16400146484375,119.55999755859375,118.8010025024414,119.14900207519531,0
2015-09-08,119.40299987792969,120.19000244140625,118.87000274658203,119.4229965209961,0
2015-09-09,120.08899688720703,121.18599700927734,120.0780029296875,120.0780029296875,0
2015-09-10,120.27799987792969,121.29499816894531,119.9800033569336,120.23400115966797,0
2015-09-11,120.61900329589844,120.9469985961914,120.39199829101562,120.66000366210938,0
2015-09-14,120.7959976196289,120.79000091552734,119.88099670410156,120.79000091552734,0
2015-09-15,120.36000061035156,120.62999725341797,119.40699768066406,120.31999969482422,0
2015-09-16,120.43399810791016,120.68199920654297,120.10900115966797,120.4000015258789,0
2015-09-17,120.52300262451172,120.9749984741211,120.36000061035156,120.53700256347656,0
2015-09-18,120.0459976196289,120.2249984741211,119.05699920654297,120.072998046875,0
2015-09-21,120.0009994506836,120.64199829101562,119.7249984741211,120.0,0
2015-09-22,120.49800109863281,120.5260009765625,119.69999694824219,120.49299621582031,0
2015-09-23,120.08000183105469,120.53399658203125,119.63899993896484,120.09100341796875,0
2015-09-24,120.19999694824219,120.38400268554688,119.22100067138672,120.22000122070312,0
2015-09-25,120.23999786376953,121.2300033569336,120.01000213623047,120.26399993896484,0
2015-09-28,120.36799621582031,120.45600128173828,119.69999694824219,120.3499984741211,0
2015-09-29,119.83999633789062,120.13999938964844,119.26000213623047,119.79299926757812,0
2015-09-30,119.86000061035156,120.33499908447266,119.56099700927734,119.85800170898438,0
2015-10-01,119.85900115966797,120.27300262451172,119.5,119.86900329589844,0
2015-10-02,119.80999755859375,120.39900207519531,118.69999694824219,119.82099914550781,0
2015-10-05,119.99500274658203,120.3550033569336,119.86799621582031,120.0,0
2015-10-06,120.46099853515625,120.56199645996094,120.12999725341797,120.44999694824219,0
2015-10-07,120.23999786376953,120.3499984741211,119.75299835205078,120.22000122070312,0
2015-10-08,119.91500091552734,120.0979995727539,119.64199829101562,119.93000030517578,0
2015-10-09,119.92900085449219,120.33200073242188,119.83999633789062,119.92400360107422,0
2015-10-12,120.17900085449219,120.21099853515625,119.90399932861328,120.15899658203125,0
2015-10-13,120.01100158691406,120.02999877929688,119.5479965209961,120.02799987792969,0
2015-10-14,119.72000122070312,119.74199676513672,119.06999969482422,119.74199676513672,0
2015-10-15,118.83000183105469,119.15399932861328,118.08100128173828,118.81999969482422,0
2015-10-16,119.05000305175781,119.62899780273438,118.91999816894531,119.08200073242188,0
2015-10-19,119.2699966430664,119.55999755859375,119.12999725341797,119.23999786376953,0
2015-10-20,119.50299835205078,119.94599914550781,119.41000366210938,119.48100280761719,0
2015-10-21,119.77999877929688,120.08200073242188,119.79499816894531,119.79499816894531,0
2015-10-22,119.84200286865234,120.4800033569336,119.62000274658203,119.86100006103516,0
2015-10-23,120.86000061035156,121.24700164794922,120.25199890136719,120.88999938964844,0
2015-10-26,121.2959976196289,121.31400299072266,120.66200256347656,121.31400299072266,0
2015-10-27,120.9489974975586,120.95700073242188,120.17500305175781,120.95700073242188,0
2015-10-28,120.47699737548828,120.54299926757812,120.27799987792969,120.47200012207031,0
2015-10-29,120.86000061035156,121.15399932861328,120.62999725341797,120.87899780273438,0
2015-10-30,121.0,121.43299865722656,120.30599975585938,121.03600311279297,0
2015-11-02,120.49500274658203,120.68800354003906,120.26000213623047,120.51000213623047,0
2015-11-03,120.78800201416016,121.22000122070312,120.58000183105469,120.80400085449219,0
2015-11-04,121.09500122070312,121.68900299072266,121.01899719238281,121.08000183105469,0
2015-11-05,121.48999786376953,121.98699951171875,121.39099884033203,121.5270004272461,0
2015-11-06,121.66999816894531,123.17500305175781,121.62000274658203,121.69499969482422,0
2015-11-09,123.19999694824219,123.59200286865234,123.13400268554688,123.19400024414062,0
2015-11-10,123.0770034790039,123.427001953125,123.04299926757812,123.04900360107422,0
2015-11-11,123.08399963378906,123.19999694824219,122.75,123.08899688720703,0
2015-11-12,122.75700378417969,123.06400299072266,122.66699981689453,122.74500274658203,0
2015-11-13,122.55999755859375,122.83300018310547,122.48200225830078,122.56999969482422,0
2015-11-16,122.36399841308594,123.16500091552734,122.3010025024414,122.3010025024414,0
2015-11-17,123.26599884033203,123.47599792480469,123.18000030517578,123.26000213623047,0
2015-11-18,123.44499969482422,123.55899810791016,123.22000122070312,123.44000244140625,0
2015-11-19,123.5250015258789,123.54900360107422,122.79900360107422,123.51399993896484,0
2015-11-20,122.91200256347656,123.03800201416016,122.73500061035156,122.9000015258789,0
2015-11-23,122.9229965209961,123.2490005493164,122.80000305175781,122.91999816894531,0
2015-11-24,122.91500091552734,122.94499969482422,122.37799835205078,122.94499969482422,0
2015-11-25,122.50499725341797,122.89800262451172,122.25,122.51499938964844,0
2015-11-26,122.68000030517578,122.68900299072266,122.5,122.67500305175781,0
2015-11-27,122.63400268554688,122.77200317382812,122.31500244140625,122.62999725341797,0
2015-11-30,122.83000183105469,123.25199890136719,122.68000030517578,122.81999969482422,0
2015-12-01,123.20999908447266,123.27200317382812,122.66000366210938,123.19999694824219,0
2015-12-02,122.91500091552734,123.44100189208984,122.83399963378906,122.91000366210938,0
2015-12-03,123.22599792480469,123.5510025024414,122.88500213623047,123.22000122070312,0
2015-12-04,122.65299987792969,123.3489990234375,122.45999908447266,122.63999938964844,0
2015-12-07,123.19000244140625,123.47000122070312,123.1500015258789,123.19400024414062,0
2015-12-08,123.27999877929688,123.31800079345703,122.72200012207031,123.30000305175781,0
2015-12-09,122.91200256347656,123.03700256347656,121.84400177001953,122.93000030517578,0
2015-12-10,121.69999694824219,121.85199737548828,121.25900268554688,121.69100189208984,0
2015-12-11,121.70999908447266,122.20999908447266,120.85099792480469,121.7030029296875,0
2015-12-14,120.89299774169922,121.33699798583984,120.64800262451172,120.88400268554688,0
2015-12-15,121.08999633789062,121.7239990234375,120.59600067138672,121.12000274658203,0
2015-12-16,121.67500305175781,122.08499908447266,121.58999633789062,121.6709976196289,0
2015-12-17,122.46299743652344,122.76000213623047,122.22799682617188,122.48100280761719,0
2015-12-18,122.44999694824219,123.33899688720703,121.08999633789062,122.45500183105469,0
2015-12-21,121.30000305175781,121.49600219726562,121.05999755859375,121.29299926757812,0
2015-12-22,121.20600128173828,121.30000305175781,120.72899627685547,121.20700073242188,0
2015-12-23,121.02999877929688,121.04499816894531,120.81999969482422,121.0270004272461,0
2015-12-24,120.93499755859375,120.9489974975586,120.25,120.94000244140625,0
2015-12-25,120.16999816894531,120.32599639892578,120.03900146484375,120.32499694824219,0
2015-12-28,120.23100280761719,120.625,120.23999786376953,120.24600219726562,0
2015-12-29,120.3499984741211,120.48999786376953,120.22000122070312,120.33499908447266,0
2015-12-30,120.52899932861328,120.62999725341797,120.3499984741211,120.52899932861328,0
2015-12-31,120.44999694824219,120.48999786376953,120.00399780273438,120.44999694824219,0
2016-01-01,120.28800201416016,120.28800201416016,120.28800201416016,120.28800201416016,0
2016-01-04,120.31099700927734,120.447998046875,118.72000122070312,120.31700134277344,0
2016-01-05,119.46700286865234,119.68000030517578,118.8010025024414,119.4739990234375,0
2016-01-06,119.10199737548828,119.1500015258789,118.26000213623047,119.0999984741211,0
2016-01-07,118.61000061035156,118.75299835205078,117.36399841308594,118.60900115966797,0
2016-01-08,117.54000091552734,118.70999908447266,117.51200103759766,117.52999877929688,0
2016-01-11,117.08000183105469,117.99199676513672,117.00900268554688,117.072998046875,0
2016-01-12,117.6500015258789,118.04399871826172,117.23999786376953,117.68099975585938,0
2016-01-13,117.83000183105469,118.36299896240234,117.77999877929688,117.83100128173828,0
2016-01-14,117.42500305175781,118.16100311279297,117.30999755859375,117.4000015258789,0
2016-01-15,118.2030029296875,118.25599670410156,116.6500015258789,118.2229995727539,0
2016-01-18,116.98999786376953,117.43399810791016,116.93099975585938,117.01000213623047,0
2016-01-19,117.38400268554688,118.0999984741211,117.26699829101562,117.39700317382812,0
2016-01-20,117.56500244140625,117.55999755859375,116.01699829101562,117.55999755859375,0
2016-01-21,117.13400268554688,117.45800018310547,116.47799682617188,117.20800018310547,0
2016-01-22,117.92400360107422,118.63700103759766,117.55999755859375,117.92500305175781,0
2016-01-25,118.5719985961914,118.84400177001953,118.18199920654297,118.55999755859375,0
2016-01-26,118.22799682617188,118.59500122070312,117.66600036621094,118.23500061035156,0
2016-01-27,118.37999725341797,118.73899841308594,118.0530014038086,118.38400268554688,0
2016-01-28,118.46700286865234,118.98699951171875,118.41000366210938,118.48200225830078,0
2016-01-29,118.93000030517578,121.66100311279297,118.5199966430664,118.93000030517578,0
2016-02-01,121.33999633789062,121.4020004272461,120.6989974975586,121.34200286865234,0
2016-02-02,120.83999633789062,121.0,120.19999694824219,120.85399627685547,0
2016-02-03,119.85600280761719,120.03800201416016,117.5790023803711,119.8499984741211,0
2016-02-04,118.12000274658203,118.16999816894531,116.81900024414062,118.16400146484375,0
2016-02-05,116.86599731445312,117.35900115966797,116.5199966430664,116.85199737548828,0
2016-02-08,116.94999694824219,117.5199966430664,115.58300018310547,116.9489974975586,0
2016-02-09,115.66799926757812,115.6500015258789,114.27100372314453,115.6500015258789,0
2016-02-10,115.19100189208984,115.18499755859375,114.27999877929688,115.18499755859375,0
2016-02-11,113.25199890136719,113.46299743652344,111.08100128173828,113.23899841308594,0
2016-02-12,112.49700164794922,113.12300109863281,111.75599670410156,112.48300170898438,0
2016-02-15,113.66999816894531,114.5469970703125,113.27799987792969,113.67500305175781,0
2016-02-16,114.3219985961914,114.86799621582031,113.66000366210938,114.31800079345703,0
2016-02-17,114.08000183105469,114.49500274658203,113.38899993896484,114.13400268554688,0
2016-02-18,114.27999877929688,114.29100036621094,113.62000274658203,114.29100036621094,0
2016-02-19,113.25,113.27200317382812,112.73100280761719,113.27100372314453,0
2016-02-22,112.48899841308594,113.36499786376953,112.5260009765625,112.5260009765625,0
2016-02-23,112.97100067138672,112.97100067138672,111.78900146484375,112.9530029296875,0
2016-02-24,111.87999725341797,112.22000122070312,111.11199951171875,111.91100311279297,0
2016-02-25,112.10099792480469,112.9209976196289,111.98600006103516,112.06500244140625,0
2016-02-26,113.11799621582031,113.93000030517578,112.55999755859375,113.13800048828125,0
2016-02-29,113.66000366210938,113.84200286865234,112.69599914550781,113.71900177001953,0
2016-03-01,112.43000030517578,113.80000305175781,112.1729965209961,112.4209976196289,0
2016-03-02,113.93000030517578,114.54100036621094,113.73600006103516,113.91999816894531,0
2016-03-03,113.46600341796875,114.26000213623047,113.45999908447266,113.49099731445312,0
2016-03-04,113.66999816894531,114.16000366210938,113.1449966430664,113.68000030517578,0
2016-03-07,113.8030014038086,113.81999969482422,113.40599822998047,113.81999969482422,0
2016-03-08,113.4520034790039,113.48200225830078,112.46499633789062,113.48200225830078,0
2016-03-09,112.66000366210938,113.14299774169922,112.23999786376953,112.68000030517578,0
2016-03-10,113.25299835205078,114.43199920654297,113.16000366210938,113.22000122070312,0
2016-03-11,112.86000061035156,113.91100311279297,112.83000183105469,112.83899688720703,0
2016-03-14,113.77799987792969,113.99500274658203,113.51399993896484,113.76300048828125,0
2016-03-15,113.83000183105469,113.927001953125,112.66999816894531,113.8270034790039,0
2016-03-16,113.1050033569336,113.80899810791016,113.02100372314453,113.10099792480469,0
2016-03-17,112.75199890136719,112.93399810791016,110.69000244140625,112.79399871826172,0
2016-03-18,111.3499984741211,111.60399627685547,110.8239974975586,111.38400268554688,0
2016-03-21,111.44499969482422,111.8499984741211,111.2300033569336,111.44000244140625,0
2016-03-22,112.13899993896484,112.18599700927734,111.41200256347656,112.14399719238281,0
2016-03-23,112.25199890136719,112.88700103759766,112.14700317382812,112.26100158691406,0
2016-03-24,112.4000015258789,112.98400115966797,112.30000305175781,112.42400360107422,0
2016-03-25,112.83000183105469,113.29199981689453,112.80999755859375,112.83000183105469,0
2016-03-28,113.44999694824219,113.68000030517578,113.15499877929688,113.47100067138672,0
2016-03-29,113.36399841308594,113.78399658203125,113.23400115966797,113.36499786376953,0
2016-03-30,112.68000030517578,112.69499969482422,112.03199768066406,112.64700317382812,0
2016-03-31,112.36599731445312,112.63899993896484,112.11000061035156,112.34500122070312,0
2016-04-01,112.4800033569336,112.4800033569336,111.86299896240234,112.4800033569336,0
2016-04-04,111.72200012207031,111.73300170898438,111.13500213623047,111.70500183105469,0
2016-04-05,111.25,111.24400329589844,110.04299926757812,111.24400329589844,0
2016-04-06,110.37799835205078,110.62899780273438,109.63400268554688,110.36900329589844,0
2016-04-07,109.6989974975586,109.77400207519531,107.76000213623047,109.73300170898438,0
2016-04-08,108.427001953125,109.08999633789062,108.22100067138672,108.51599884033203,0
2016-04-11,108.31099700927734,108.41999816894531,107.66400146484375,108.31199645996094,0
2016-04-12,107.93000030517578,108.66000366210938,107.90399932861328,107.94999694824219,0
2016-04-13,108.63999938964844,109.38099670410156,108.54000091552734,108.6709976196289,0
2016-04-14,109.41999816894531,109.53299713134766,108.9010009765625,109.41400146484375,0
2016-04-15,109.31600189208984,109.7300033569336,108.61599731445312,109.3270034790039,0
2016-04-18,108.01699829101562,108.94200134277344,107.86900329589844,108.10299682617188,0
2016-04-19,109.072998046875,109.47000122070312,108.7969970703125,109.05999755859375,0
2016-04-20,109.23999786376953,109.51000213623047,108.7699966430664,109.18099975585938,0
2016-04-21,109.83799743652344,109.83300018310547,109.33999633789062,109.83000183105469,0
2016-04-22,109.43699645996094,111.52999877929688,109.27999877929688,109.48100280761719,0
2016-04-25,111.43599700927734,111.4530029296875,110.85399627685547,111.4530029296875,0
2016-04-26,111.13600158691406,111.30599975585938,110.67400360107422,111.10800170898438,0
2016-04-27,111.2300033569336,111.38600158691406,111.0270004272461,111.23400115966797,0
2016-04-28,111.5199966430664,111.85299682617188,107.94999694824219,111.51599884033203,0
2016-04-29,108.07599639892578,108.08999633789062,106.70800018310547,108.08999633789062,0
2016-05-02,106.4530029296875,106.78800201416016,106.19599914550781,106.46499633789062,0
2016-05-03,106.39600372314453,106.40299987792969,105.54000091552734,106.40299987792969,0
2016-05-04,106.68000030517578,107.3499984741211,106.28399658203125,106.69599914550781,0
2016-05-05,106.91999816894531,107.43499755859375,106.80999755859375,106.94000244140625,0
2016-05-06,107.2750015258789,107.4219970703125,106.47200012207031,107.35700225830078,0
2016-05-09,107.36000061035156,108.59600067138672,107.24700164794922,107.33799743652344,0
2016-05-10,108.33100128173828,109.26100158691406,108.31700134277344,108.37000274658203,0
2016-05-11,109.19400024414062,109.20999908447266,108.44000244140625,109.20999908447266,0
2016-05-12,108.41500091552734,109.37799835205078,108.24199676513672,108.44000244140625,0
2016-05-13,109.0999984741211,109.4540023803711,108.51399993896484,109.12200164794922,0
2016-05-16,108.66100311279297,108.97000122070312,108.63300323486328,108.6709976196289,0
2016-05-17,109.08000183105469,109.64199829101562,108.85099792480469,109.06999969482422,0
2016-05-18,108.94999694824219,109.81900024414062,108.75299835205078,109.0260009765625,0
2016-05-19,110.13999938964844,110.35600280761719,109.70500183105469,110.20099639892578,0
2016-05-20,109.88099670410156,110.57599639892578,109.85700225830078,109.91200256347656,0
2016-05-23,110.05000305175781,110.06600189208984,109.33999633789062,110.06600189208984,0
2016-05-24,109.3740005493164,110.0459976196289,109.16999816894531,109.34300231933594,0
2016-05-25,110.16999816894531,110.44300079345703,109.86000061035156,110.16000366210938,0
2016-05-26,110.11100006103516,110.1259994506836,109.42500305175781,110.0989990234375,0
2016-05-27,109.71299743652344,109.98999786376953,109.48799896240234,109.68000030517578,0
2016-05-30,110.7699966430664,111.41999816894531,110.72000122070312,110.76200103759766,0
2016-05-31,110.84100341796875,111.33000183105469,110.7770004272461,110.85399627685547,0
2016-06-01,110.66999816894531,110.8239974975586,109.05999755859375,110.6500015258789,0
2016-06-02,109.47699737548828,109.44200134277344,108.5270004272461,109.4010009765625,0
2016-06-03,108.86000061035156,109.12799835205078,106.63700103759766,108.91899871826172,0
2016-06-06,106.72100067138672,107.4219970703125,106.55500030517578,106.69499969482422,0
2016-06-07,107.43800354003906,107.87300109863281,107.19000244140625,107.4000015258789,0
2016-06-08,107.25399780273438,107.26100158691406,106.60600280761719,107.24199676513672,0
2016-06-09,106.77999877929688,106.86399841308594,106.27799987792969,106.80400085449219,0
2016-06-10,107.08999633789062,107.22000122070312,106.69499969482422,107.0780029296875,0
2016-06-13,106.50399780273438,106.6259994506836,105.74500274658203,106.48200225830078,0
2016-06-14,106.22599792480469,106.40399932861328,105.64800262451172,106.19999694824219,0
2016-06-15,106.08699798583984,106.37000274658203,105.78600311279297,106.06400299072266,0
2016-06-16,105.8499984741211,105.86000061035156,103.62999725341797,105.86000061035156,0
2016-06-17,104.74299621582031,104.80599975585938,104.0999984741211,104.77300262451172,0
2016-06-20,104.64800262451172,104.83300018310547,104.30000305175781,104.65899658203125,0
2016-06-21,103.8239974975586,104.73999786376953,103.61499786376953,103.79299926757812,0
2016-06-22,104.66999816894531,104.76499938964844,104.33300018310547,104.66999816894531,0
2016-06-23,104.6500015258789,106.0,104.25299835205078,104.58499908447266,0
2016-06-24,104.89600372314453,105.49800109863281,99.9729995727539,104.90299987792969,0
2016-06-27,102.12699890136719,102.39800262451172,101.44999694824219,102.22000122070312,0
2016-06-28,101.81199645996094,102.79499816894531,101.58499908447266,101.7490005493164,0
2016-06-29,102.70099639892578,102.78600311279297,102.19000244140625,102.69000244140625,0
2016-06-30,102.77799987792969,102.93900299072266,102.39399719238281,102.73400115966797,0
2016-07-01,103.072998046875,103.14800262451172,102.45600128173828,103.0530014038086,0
2016-07-04,102.48799896240234,102.7959976196289,102.45999908447266,102.46499633789062,0
2016-07-05,102.51799774169922,102.52100372314453,101.45999908447266,102.5199966430664,0
2016-07-06,101.14099884033203,101.27300262451172,100.21499633789062,101.16000366210938,0
2016-07-07,101.1500015258789,101.2300033569336,100.61000061035156,101.09500122070312,0
2016-07-08,100.79000091552734,101.15299987792969,100.09600067138672,100.7969970703125,0
2016-07-11,100.69200134277344,102.69000244140625,100.55999755859375,100.6760025024414,0
2016-07-12,102.52400207519531,104.79299926757812,102.46499633789062,102.50299835205078,0
2016-07-13,104.75599670410156,104.84600067138672,103.96299743652344,104.73200225830078,0
2016-07-14,104.07599639892578,105.90899658203125,104.03600311279297,104.03600311279297,0
2016-07-15,105.19100189208984,106.30500030517578,105.1500015258789,105.16000366210938,0
2016-07-18,105.45899963378906,106.1760025024414,105.3030014038086,105.43599700927734,0
2016-07-19,106.14600372314453,106.53099822998047,105.67400360107422,106.13800048828125,0
2016-07-20,106.13700103759766,106.78299713134766,105.85099792480469,106.13600158691406,0
2016-07-21,107.2040023803711,107.48400115966797,105.44300079345703,107.16500091552734,0
2016-07-22,105.81099700927734,106.38400268554688,105.60199737548828,105.79499816894531,0
2016-07-25,106.32599639892578,106.7040023803711,105.9469985961914,106.26399993896484,0
2016-07-26,105.5780029296875,105.63400268554688,104.02899932861328,105.58799743652344,0
2016-07-27,104.8489990234375,106.51000213623047,104.83300018310547,104.83300018310547,0
2016-07-28,104.95099639892578,105.14900207519531,104.52100372314453,104.93599700927734,0
2016-07-29,104.74500274658203,104.80599975585938,102.27799987792969,104.77200317382812,0
2016-08-01,102.33200073242188,102.68000030517578,102.13800048828125,102.34700012207031,0
2016-08-02,102.35900115966797,102.79499816894531,100.81400299072266,102.30699920654297,0
2016-08-03,101.06800079345703,101.5459976196289,100.74800109863281,101.0780029296875,0
2016-08-04,101.33699798583984,101.66300201416016,100.86699676513672,101.31900024414062,0
2016-08-05,101.1989974975586,102.03099822998047,100.88800048828125,101.22699737548828,0
2016-08-08,102.1449966430664,102.62699890136719,101.91000366210938,102.03800201416016,0
2016-08-09,102.28800201416016,102.51699829101562,101.80000305175781,102.28299713134766,0
2016-08-10,101.91500091552734,101.9219970703125,100.96900177001953,101.9219970703125,0
2016-08-11,101.13300323486328,101.49500274658203,101.0250015258789,101.13600158691406,0
2016-08-12,101.80799865722656,102.26899719238281,100.86199951171875,101.81199645996094,0
2016-08-15,101.28299713134766,101.447998046875,100.88700103759766,101.26399993896484,0
2016-08-16,101.23999786376953,101.2509994506836,99.572998046875,101.2509994506836,0
2016-08-17,100.19999694824219,101.12300109863281,100.16899871826172,100.21199798583984,0
2016-08-18,99.90599822998047,100.47200012207031,99.6520004272461,99.89299774169922,0
2016-08-19,100.11199951171875,100.42900085449219,100.0459976196289,100.14099884033203,0
2016-08-22,100.55400085449219,100.9260025024414,100.2249984741211,100.54100036621094,0
2016-08-23,100.2509994506836,100.37999725341797,99.95600128173828,100.3010025024414,0
2016-08-24,100.31099700927734,100.5780029296875,100.0979995727539,100.3479995727539,0
2016-08-25,100.552001953125,100.59500122070312,100.30799865722656,100.54900360107422,0
2016-08-26,100.55500030517578,101.28900146484375,100.08799743652344,100.55699920654297,0
2016-08-29,101.91999816894531,102.38200378417969,101.86399841308594,101.96099853515625,0
2016-08-30,101.80899810791016,102.947998046875,101.75599670410156,101.81199645996094,0
2016-08-31,102.86799621582031,103.5199966430664,102.87300109863281,102.87300109863281,0
2016-09-01,103.302001953125,103.99400329589844,103.08200073242188,103.30699920654297,0
2016-09-02,103.25800323486328,104.28500366210938,102.84300231933594,103.2490005493164,0
2016-09-05,103.93399810791016,104.01100158691406,103.15399932861328,103.95800018310547,0
2016-09-06,103.51000213623047,103.80599975585938,102.0479965209961,103.5270004272461,0
2016-09-07,101.5250015258789,101.75599670410156,101.22899627685547,101.54299926757812,0
2016-09-08,101.8290023803711,102.28399658203125,101.447998046875,101.81700134277344,0
2016-09-09,102.30599975585938,103.02100372314453,101.98799896240234,102.30599975585938,0
2016-09-12,102.43800354003906,102.6500015258789,101.77100372314453,102.46700286865234,0
2016-09-13,101.7509994506836,102.41000366210938,101.47200012207031,101.75599670410156,0
2016-09-14,102.50399780273438,103.33599853515625,102.33200073242188,102.53399658203125,0
2016-09-15,102.5479965209961,102.73100280761719,101.95899963378906,102.5260009765625,0
2016-09-16,102.00800323486328,102.3949966430664,101.77400207519531,101.98400115966797,0
2016-09-19,102.30699920654297,102.36299896240234,101.58100128173828,102.33100128173828,0
2016-09-20,101.84600067138672,102.0479965209961,101.572998046875,101.90499877929688,0
2016-09-21,101.5469970703125,102.7770004272461,100.56300354003906,101.59400177001953,0
2016-09-22,100.39299774169922,100.89199829101562,100.10099792480469,100.4020004272461,0
2016-09-23,100.83100128173828,101.2300033569336,100.68900299072266,100.8030014038086,0
2016-09-26,100.88899993896484,101.07599639892578,100.2959976196289,100.91000366210938,0
2016-09-27,100.35900115966797,100.97599792480469,100.14099884033203,100.38400268554688,0
2016-09-28,100.46800231933594,100.81199645996094,100.4229965209961,100.4749984741211,0
2016-09-29,100.93499755859375,101.80999755859375,100.9209976196289,100.94400024414062,0
2016-09-30,101.1989974975586,101.68699645996094,100.75599670410156,101.18699645996094,0
2016-10-03,101.56300354003906,101.6520004272461,101.21499633789062,101.53900146484375,0
2016-10-04,101.81700134277344,102.86299896240234,101.83200073242188,101.83599853515625,0
2016-10-05,102.87999725341797,103.58300018310547,102.68199920654297,102.84200286865234,0
2016-10-06,103.45999908447266,104.14600372314453,103.34700012207031,103.4489974975586,0
2016-10-07,103.76499938964844,103.97799682617188,102.87100219726562,103.75299835205078,0
2016-10-10,103.01799774169922,103.74400329589844,102.81800079345703,103.05799865722656,0
2016-10-11,103.6969985961914,104.06400299072266,103.31600189208984,103.73600006103516,0
2016-10-12,103.34200286865234,104.4729995727539,103.30000305175781,103.30599975585938,0
2016-10-13,104.30400085449219,104.61100006103516,103.35900115966797,104.31700134277344,0
2016-10-14,103.72200012207031,104.45899963378906,103.66500091552734,103.75299835205078,0
2016-10-17,104.03900146484375,104.35199737548828,103.9020004272461,104.08000183105469,0
2016-10-18,103.85099792480469,104.19000244140625,103.68900299072266,103.85900115966797,0
2016-10-19,103.86499786376953,103.93599700927734,103.18299865722656,103.8740005493164,0
2016-10-20,103.39099884033203,104.0739974975586,103.41600036621094,103.43900299072266,0
2016-10-21,104.10900115966797,104.1989974975586,103.52400207519531,104.12999725341797,0
2016-10-24,103.91699981689453,104.29900360107422,103.72000122070312,103.90699768066406,0
2016-10-25,104.32099914550781,104.86499786376953,104.25,104.29000091552734,0
2016-10-26,104.15399932861328,104.46900177001953,104.02400207519531,104.14399719238281,0
2016-10-27,104.56300354003906,105.15499877929688,104.32599639892578,104.5719985961914,0
2016-10-28,105.20899963378906,105.49500274658203,105.06600189208984,105.23500061035156,0
2016-10-31,104.56500244140625,105.21700286865234,104.54100036621094,104.56700134277344,0
2016-11-01,104.81999969482422,105.12000274658203,104.45700073242188,104.8290023803711,0
2016-11-02,104.09200286865234,104.15599822998047,103.10800170898438,104.08300018310547,0
2016-11-03,103.37799835205078,103.43599700927734,102.57599639892578,103.39299774169922,0
2016-11-04,103.052001953125,103.34300231933594,102.84200286865234,103.04499816894531,0
2016-11-07,104.19499969482422,104.625,103.84700012207031,104.18000030517578,0
2016-11-08,104.43800354003906,104.82099914550781,104.302001953125,104.45500183105469,0
2016-11-09,105.02999877929688,105.4209976196289,101.20600128173828,104.99299621582031,0
2016-11-10,105.85299682617188,106.93499755859375,105.02300262451172,105.8499984741211,0
2016-11-11,106.85600280761719,106.91600036621094,106.05400085449219,106.80599975585938,0
2016-11-14,106.87100219726562,108.46700286865234,106.86299896240234,106.86299896240234,0
2016-11-15,108.2020034790039,108.9749984741211,107.79000091552734,108.22200012207031,0
2016-11-16,109.03800201416016,109.74700164794922,108.80899810791016,109.00599670410156,0
2016-11-17,108.78500366210938,109.61299896240234,108.572998046875,108.78199768066406,0
2016-11-18,110.25599670410156,110.87699890136719,109.81500244140625,110.23699951171875,0
2016-11-21,110.9729995727539,111.16400146484375,110.50599670410156,110.92900085449219,0
2016-11-22,110.6500015258789,111.35399627685547,110.28500366210938,110.677001953125,0
2016-11-23,111.00599670410156,112.94300079345703,110.86299896240234,110.9990005493164,0
2016-11-24,112.58200073242188,113.51100158691406,112.427001953125,112.51200103759766,0
2016-11-25,113.29199981689453,113.88999938964844,112.61000061035156,113.27300262451172,0
2016-11-28,112.6520004272461,112.76799774169922,111.3949966430664,112.6500015258789,0
2016-11-29,111.69000244140625,113.30000305175781,111.70500183105469,111.70500183105469,0
2016-11-30,112.47000122070312,113.94200134277344,112.06600189208984,112.50399780273438,0
2016-12-01,114.69400024414062,114.71299743652344,113.84100341796875,114.6709976196289,0
2016-12-02,113.90899658203125,114.15799713134766,113.33399963378906,113.9020004272461,0
2016-12-05,113.50499725341797,114.77100372314453,113.33499908447266,113.5250015258789,0
2016-12-06,113.86299896240234,114.16699981689453,113.51499938964844,113.88200378417969,0
2016-12-07,114.052001953125,114.38400268554688,113.51899719238281,114.08200073242188,0
2016-12-08,113.71299743652344,114.36100006103516,113.2020034790039,113.77200317382812,0
2016-12-09,114.07499694824219,115.26599884033203,114.0199966430664,114.06300354003906,0
2016-12-12,115.41200256347656,116.0790023803711,115.15699768066406,115.44000244140625,0
2016-12-13,115.00199890136719,115.46800231933594,114.7770004272461,114.99299621582031,0
2016-12-14,115.2239990234375,115.30400085449219,114.78099822998047,115.19499969482422,0
2016-12-15,117.21099853515625,118.64700317382812,117.1989974975586,117.23200225830078,0
2016-12-16,118.24099731445312,118.39800262451172,117.92649841308594,118.26799774169922,0
2016-12-19,117.79100036621094,117.83300018310547,116.84700012207031,117.81700134277344,0
2016-12-20,117.03700256347656,118.23100280761719,117.0,117.04399871826172,0
2016-12-21,117.875,118.0479965209961,117.11299896240234,117.80599975585938,0
2016-12-22,117.60399627685547,117.85099792480469,117.31700134277344,117.61799621582031,0
2016-12-23,117.54199981689453,117.55999755859375,117.1760025024414,117.55999755859375,0
2016-12-26,117.30999755859375,117.31300354003906,117.0009994506836,117.31300354003906,0
2016-12-27,117.19200134277344,117.60099792480469,117.18299865722656,117.18299865722656,0
2016-12-28,117.4800033569336,117.80500030517578,117.37799835205078,117.48699951171875,0
2016-12-29,117.08699798583984,117.0469970703125,116.23200225830078,117.0469970703125,0
2016-12-30,116.26699829101562,117.19000244140625,116.12200164794922,116.31500244140625,0
2017-01-02,116.79499816894531,117.48500061035156,116.7249984741211,116.80999755859375,0
2017-01-03,117.49500274658203,118.59300231933594,117.28600311279297,117.48799896240234,0
2017-01-04,117.65899658203125,118.1760025024414,117.06800079345703,117.6780014038086,0
2017-01-05,117.11299896240234,117.08499908447266,115.29299926757812,117.05599975585938,0
2017-01-06,115.26499938964844,116.74400329589844,115.26300048828125,115.31800079345703,0
2017-01-09,117.1500015258789,117.52400207519531,116.18299865722656,117.15899658203125,0
2017-01-10,115.98500061035156,116.33300018310547,115.2030029296875,115.99600219726562,0
2017-01-11,115.87200164794922,116.83499908447266,115.68099975585938,115.875,0
2017-01-12,115.0979995727539,115.21900177001953,113.76000213623047,115.05500030517578,0
2017-01-13,114.66400146484375,115.38800048828125,114.28399658203125,114.69599914550781,0
2017-01-16,114.22699737548828,114.4489974975586,113.69599914550781,114.26200103759766,0
2017-01-17,114.1520004272461,114.2760009765625,112.73999786376953,114.1259994506836,0
2017-01-18,112.87799835205078,113.55500030517578,112.6449966430664,112.90799713134766,0
2017-01-19,114.76200103759766,115.52100372314453,114.4229965209961,114.73799896240234,0
2017-01-20,114.9800033569336,115.37000274658203,114.5459976196289,114.89399719238281,0
2017-01-23,113.80999755859375,114.03600311279297,112.9749984741211,113.85299682617188,0
2017-01-24,112.77999877929688,113.46800231933594,112.58000183105469,112.83799743652344,0
2017-01-25,113.83999633789062,113.96199798583984,113.08300018310547,113.90299987792969,0
2017-01-26,113.29299926757812,114.76799774169922,113.06700134277344,113.19200134277344,0
2017-01-27,114.45500183105469,115.33599853515625,114.4010009765625,114.42500305175781,0
2017-01-30,114.66799926757812,114.91500091552734,113.76399993896484,114.68299865722656,0
2017-01-31,113.6500015258789,113.93199920654297,112.08300018310547,113.69400024414062,0
2017-02-01,112.74299621582031,113.91500091552734,112.76799774169922,112.76799774169922,0
2017-02-02,113.31099700927734,113.24299621582031,112.0770034790039,113.24299621582031,0
2017-02-03,112.78900146484375,113.23200225830078,112.32350158691406,112.77899932861328,0
2017-02-06,112.63899993896484,112.77100372314453,112.02799987792969,112.64700317382812,0
2017-02-07,111.8270034790039,112.55899810791016,111.5989990234375,111.7979965209961,0
2017-02-08,112.38700103759766,112.5199966430664,111.64900207519531,112.4020004272461,0
2017-02-09,111.9520034790039,113.17900085449219,111.90299987792969,111.95500183105469,0
2017-02-10,113.43399810791016,113.83999633789062,113.3740005493164,113.43699645996094,0
2017-02-13,113.91400146484375,114.13500213623047,113.4520034790039,113.97000122070312,0
2017-02-14,113.70500183105469,114.43299865722656,113.27100372314453,113.6729965209961,0
2017-02-15,114.3010025024414,114.94100189208984,114.24099731445312,114.28600311279297,0
2017-02-16,114.11199951171875,114.13600158691406,113.22799682617188,114.13600158691406,0
2017-02-17,113.30500030517578,113.48300170898438,112.62899780273438,113.35199737548828,0
2017-02-20,112.91100311279297,113.23200225830078,112.83699798583984,112.9000015258789,0
2017-02-21,113.27999877929688,113.75399780273438,113.24299621582031,113.24299621582031,0
2017-02-22,113.66899871826172,113.65399932861328,112.91300201416016,113.65399932861328,0
2017-02-23,113.41699981689453,113.39700317382812,112.5770034790039,113.375,0
2017-02-24,112.68199920654297,112.94999694824219,112.06400299072266,112.6760025024414,0
2017-02-27,112.18800354003906,112.46800231933594,111.93499755859375,112.17400360107422,0
2017-02-28,112.74500274658203,112.7969970703125,111.78350067138672,112.73400115966797,0
2017-03-01,113.0770034790039,114.03800201416016,112.81400299072266,113.03399658203125,0
2017-03-02,114.12100219726562,114.53600311279297,113.84700012207031,114.09700012207031,0
2017-03-03,114.34200286865234,114.52400207519531,114.07499694824219,114.322998046875,0
2017-03-06,113.84700012207031,113.91300201416016,113.56050109863281,113.8239974975586,0
2017-03-07,113.91699981689453,114.14099884033203,113.73899841308594,113.91600036621094,0
2017-03-08,113.9260025024414,114.71600341796875,113.61799621582031,113.92400360107422,0
2017-03-09,114.41100311279297,114.947998046875,114.36699676513672,114.40599822998047,0
2017-03-10,115.14900207519531,115.48799896240234,114.81500244140625,115.13899993896484,0
2017-03-13,114.73200225830078,114.91200256347656,114.48300170898438,114.7750015258789,0
2017-03-14,114.91500091552734,115.1760025024414,114.56099700927734,114.91300201416016,0
2017-03-15,114.65899658203125,114.88099670410156,114.5634994506836,114.65299987792969,0
2017-03-16,113.4020004272461,113.52799987792969,112.91999816894531,113.4000015258789,0
2017-03-17,113.33999633789062,113.48999786376953,112.55149841308594,113.3479995727539,0
2017-03-20,112.67400360107422,112.88400268554688,112.46700286865234,112.66500091552734,0
2017-03-21,112.572998046875,112.85800170898438,111.83399963378906,112.5739974975586,0
2017-03-22,111.53199768066406,111.75399780273438,110.76499938964844,111.56300354003906,0
2017-03-23,111.36900329589844,111.55799865722656,110.63200378417969,111.33399963378906,0
2017-03-24,111.00399780273438,111.47599792480469,110.87999725341797,110.99199676513672,0
2017-03-27,110.552001953125,110.58000183105469,110.12100219726562,110.54299926757812,0
2017-03-28,110.77100372314453,110.81300354003906,110.20700073242188,110.74700164794922,0
2017-03-29,111.22599792480469,111.2959976196289,110.75499725341797,111.18800354003906,0
2017-03-30,111.15399932861328,111.48100280761719,110.96499633789062,111.11900329589844,0
2017-03-31,111.7760009765625,112.18099975585938,111.39299774169922,111.74099731445312,0
2017-04-03,111.26499938964844,111.5739974975586,110.9229965209961,111.31300354003906,0
2017-04-04,110.70899963378906,110.8010025024414,110.27400207519531,110.70099639892578,0
2017-04-05,110.85399627685547,111.41600036621094,110.54499816894531,110.8270034790039,0
2017-04-06,110.38099670410156,111.10800170898438,110.2959976196289,110.3949966430664,0
2017-04-07,110.89700317382812,110.98999786376953,110.1520004272461,110.89299774169922,0
2017-04-10,111.2249984741211,111.5719985961914,110.93900299072266,111.2249984741211,0
2017-04-11,110.71700286865234,110.83300018310547,109.63600158691406,110.68800354003906,0
2017-04-12,109.58699798583984,109.75499725341797,109.36599731445312,109.58499908447266,0
2017-04-13,108.9020004272461,109.37100219726562,108.74099731445312,108.87300109863281,0
2017-04-14,109.10099792480469,109.21900177001953,108.56300354003906,109.11399841308594,0
2017-04-17,108.322998046875,108.6259994506836,108.14199829101562,108.2959976196289,0
2017-04-18,109.11199951171875,109.21199798583984,108.41400146484375,109.1510009765625,0
2017-04-19,108.53500366210938,109.16699981689453,108.42500305175781,108.5469970703125,0
2017-04-20,108.83399963378906,109.41100311279297,108.72000122070312,108.84100341796875,0
2017-04-21,109.375,109.38300323486328,108.94300079345703,109.36799621582031,0
2017-04-24,109.97799682617188,110.32599639892578,109.72100067138672,109.99299621582031,0
2017-04-25,109.64099884033203,110.99299621582031,109.6259994506836,109.6259994506836,0
2017-04-26,111.0459976196289,111.7239990234375,111.04199981689453,111.06199645996094,0
2017-04-27,111.19100189208984,111.59100341796875,111.05249786376953,111.17500305175781,0
2017-04-28,111.22599792480469,111.68699645996094,111.08000183105469,111.21499633789062,0
2017-05-01,111.302001953125,111.9000015258789,111.3030014038086,111.3030014038086,0
2017-05-02,111.81199645996094,112.29399871826172,111.81999969482422,111.81999969482422,0
2017-05-03,111.96900177001953,112.48999786376953,111.97200012207031,111.9739990234375,0
2017-05-04,112.78299713134766,113.03800201416016,112.66400146484375,112.79900360107422,0
2017-05-05,112.53700256347656,112.73799896240234,112.09500122070312,112.53099822998047,0
2017-05-08,112.68399810791016,112.87300109863281,112.40299987792969,112.69200134277344,0
2017-05-09,113.2300033569336,114.20500183105469,113.14099884033203,113.20999908447266,0
2017-05-10,113.697998046875,114.14900207519531,113.64700317382812,113.68900299072266,0
2017-05-11,114.3280029296875,114.33599853515625,113.4800033569336,114.3030014038086,0
2017-05-12,113.80899810791016,113.94599914550781,113.21299743652344,113.81400299072266,0
2017-05-15,113.27100372314453,113.72200012207031,113.25599670410156,113.26499938964844,0
2017-05-16,113.64199829101562,113.75700378417969,112.98100280761719,113.64800262451172,0
2017-05-17,112.64600372314453,112.72000122070312,111.23899841308594,112.71800231933594,0
2017-05-18,111.1259994506836,111.41600036621094,110.22650146484375,111.11499786376953,0
2017-05-19,111.4010009765625,111.68299865722656,111.06900024414062,111.4219970703125,0
2017-05-22,111.28399658203125,111.58999633789062,110.96099853515625,111.26799774169922,0
2017-05-23,110.89099884033203,111.69300079345703,110.91000366210938,110.9489974975586,0
2017-05-24,111.95700073242188,112.11100006103516,111.70700073242188,111.93599700927734,0
2017-05-25,111.52400207519531,111.93499755859375,111.5199966430664,111.5199966430664,0
2017-05-26,111.7300033569336,111.79399871826172,110.88700103759766,111.71600341796875,0
2017-05-29,111.25599670410156,111.45700073242188,111.20999908447266,111.26699829101562,0
2017-05-30,111.17400360107422,111.21299743652344,110.66500091552734,111.18900299072266,0
2017-05-31,110.83899688720703,111.19100189208984,110.49600219726562,110.875,0
2017-06-01,110.7959976196289,111.44599914550781,110.76899719238281,110.76899719238281,0
2017-06-02,111.43699645996094,111.6989974975586,110.34200286865234,111.45999908447266,0
2017-06-05,110.46299743652344,110.72000122070312,110.34500122070312,110.48400115966797,0
2017-06-06,110.38099670410156,110.43699645996094,109.24199676513672,110.37999725341797,0
2017-06-07,109.50900268554688,109.62799835205078,109.12799835205078,109.49500274658203,0
2017-06-08,109.9000015258789,110.36900329589844,109.41000366210938,109.91799926757812,0
2017-06-09,109.85900115966797,110.78700256347656,109.91200256347656,109.91200256347656,0
2017-06-12,110.28800201416016,110.31600189208984,109.6760025024414,110.30799865722656,0
2017-06-13,109.9209976196289,110.26599884033203,109.91600036621094,109.91600036621094,0
2017-06-14,110.05500030517578,110.33699798583984,108.94400024414062,110.04499816894531,0
2017-06-15,109.44599914550781,110.75800323486328,109.39900207519531,109.39900207519531,0
2017-06-16,110.9520034790039,111.40399932861328,110.66100311279297,111.0469970703125,0
2017-06-19,110.9540023803711,111.37699890136719,110.90899658203125,110.97799682617188,0
2017-06-20,111.6729965209961,111.76699829101562,111.3270034790039,111.73899841308594,0
2017-06-21,111.33399963378906,111.71299743652344,111.06549835205078,111.34300231933594,0
2017-06-22,111.30999755859375,111.43299865722656,110.95600128173828,111.33399963378906,0
2017-06-23,111.29000091552734,111.41600036621094,111.15799713134766,111.30999755859375,0
2017-06-26,111.23899841308594,111.71099853515625,111.22200012207031,111.25499725341797,0
2017-06-27,111.85800170898438,112.43800354003906,111.46800231933594,111.90299987792969,0
2017-06-28,112.18800354003906,112.39900207519531,111.86299896240234,112.17400360107422,0
2017-06-29,112.35399627685547,112.91999816894531,112.15399932861328,112.36699676513672,0
2017-06-30,112.00900268554688,112.38899993896484,111.7490005493164,111.97200012207031,0
2017-07-03,112.26200103759766,113.41699981689453,112.2040023803711,112.24299621582031,0
2017-07-04,113.38600158691406,113.37000274658203,112.77899932861328,113.36900329589844,0
2017-07-05,112.96199798583984,113.66999816894531,112.83300018310547,112.96499633789062,0
2017-07-06,113.18699645996094,113.45099639892578,112.89600372314453,113.2239990234375,0
2017-07-07,113.14900207519531,114.16799926757812,113.16500091552734,113.16500091552734,0
2017-07-10,113.98500061035156,114.29299926757812,113.9260025024414,113.94300079345703,0
2017-07-12,113.74800109863281,113.79199981689453,112.93949890136719,113.76799774169922,0
2017-07-13,113.33499908447266,113.51399993896484,112.8740005493164,113.30400085449219,0
2017-07-14,113.41799926757812,113.56600189208984,112.2699966430664,113.4000015258789,0
2017-07-17,112.39700317382812,112.8479995727539,112.34200286865234,112.4219970703125,0
2017-07-18,112.58100128173828,112.61699676513672,111.70099639892578,112.5999984741211,0
2017-07-19,111.99500274658203,112.21700286865234,111.55999755859375,111.9739990234375,0
2017-07-20,111.87699890136719,112.40699768066406,111.49099731445312,111.8550033569336,0
2017-07-21,111.88500213623047,112.06300354003906,111.09500122070312,111.89199829101562,0
2017-07-24,110.94499969482422,111.15599822998047,110.62799835205078,110.94400024414062,0
2017-07-25,111.23200225830078,111.66200256347656,110.83100128173828,111.2239990234375,0
2017-07-26,112.00299835205078,112.14299774169922,111.7239990234375,112.01699829101562,0
2017-07-27,111.12799835205078,111.65799713134766,110.79000091552734,111.13200378417969,0
2017-07-28,111.09700012207031,111.27899932861328,110.6614990234375,111.06700134277344,0
2017-07-31,110.51000213623047,110.75299835205078,110.35299682617188,110.52200317382812,0
2017-08-01,110.35900115966797,110.55500030517578,109.95899963378906,110.35199737548828,0
2017-08-02,110.43199920654297,110.95999908447266,110.28800201416016,110.45800018310547,0
2017-08-03,110.75700378417969,110.80799865722656,109.97899627685547,110.76399993896484,0
2017-08-04,109.9000015258789,111.0199966430664,109.86399841308594,109.87000274658203,0
2017-08-07,110.78600311279297,110.90299987792969,110.64700317382812,110.81099700927734,0
2017-08-08,110.75,110.82099914550781,110.2509994506836,110.75399780273438,0
2017-08-09,110.10199737548828,110.14099884033203,109.56900024414062,110.09500122070312,0
2017-08-10,110.04900360107422,110.16300201416016,109.26499938964844,110.04399871826172,0
2017-08-11,109.10600280761719,109.37899780273438,108.7969970703125,109.08999633789062,0
2017-08-14,109.2300033569336,109.78500366210938,109.20800018310547,109.25,0
2017-08-15,109.93199920654297,110.83999633789062,109.93900299072266,109.94499969482422,0
2017-08-16,110.59600067138672,110.94100189208984,110.572998046875,110.572998046875,0
2017-08-17,109.9990005493164,110.31199645996094,109.63400268554688,109.98300170898438,0
2017-08-18,109.3280029296875,109.51799774169922,108.6050033569336,109.34100341796875,0
2017-08-21,109.31999969482422,109.36399841308594,108.63300323486328,109.3239974975586,0
2017-08-22,108.94400024414062,109.52999877929688,109.052001953125,109.0739974975586,0
2017-08-23,109.73100280761719,109.80599975585938,108.9990005493164,109.75599670410156,0
2017-08-24,108.91000366210938,109.4530029296875,108.9209976196289,108.9209976196289,0
2017-08-25,109.51399993896484,109.7969970703125,109.12300109863281,109.5,0
2017-08-28,109.34600067138672,109.39199829101562,109.0469970703125,109.36699676513672,0
2017-08-29,108.73699951171875,109.05999755859375,108.3280029296875,108.73100280761719,0
2017-08-30,109.79000091552734,110.41200256347656,109.66899871826172,109.76799774169922,0
2017-08-31,110.45999908447266,110.6449966430664,109.9520034790039,110.46800231933594,0
2017-09-01,110.12899780273438,110.36900329589844,109.58000183105469,110.11699676513672,0
2017-09-04,109.79499816894531,109.90799713134766,109.39700317382812,109.7770004272461,0
2017-09-05,109.80999755859375,109.77999877929688,108.83000183105469,109.77999877929688,0
2017-09-06,108.60199737548828,109.09600067138672,108.48300170898438,108.59700012207031,0
2017-09-07,109.13400268554688,109.197998046875,108.0719985961914,109.16200256347656,0
2017-09-08,108.2699966430664,108.46700286865234,107.3219985961914,108.2969970703125,0
2017-09-11,108.23100280761719,109.09100341796875,108.23300170898438,108.28500366210938,0
2017-09-12,109.3949966430664,110.05899810791016,109.29399871826172,109.41300201416016,0
2017-09-13,110.22599792480469,110.677001953125,109.91899871826172,110.20600128173828,0
2017-09-14,110.51499938964844,110.99199676513672,110.36000061035156,110.50800323486328,0
2017-09-15,109.91899871826172,111.32099914550781,109.91899871826172,109.91899871826172,0
2017-09-18,111.1969985961914,111.58100128173828,111.1240005493164,111.15299987792969,0
2017-09-19,111.49600219726562,111.86199951171875,111.27200317382812,111.48699951171875,0
2017-09-20,111.5780029296875,111.63899993896484,111.22949981689453,111.57499694824219,0
2017-09-21,112.5459976196289,112.70700073242188,112.14199829101562,112.572998046875,0
2017-09-22,112.4520034790039,112.53399658203125,111.67500305175781,112.4469985961914,0
2017-09-25,112.44400024414062,112.4990005493164,111.56800079345703,112.44599914550781,0
2017-09-26,111.76100158691406,112.28500366210938,111.4990005493164,111.7509994506836,0
2017-09-27,112.37699890136719,113.23699951171875,112.28600311279297,112.43399810791016,0
2017-09-28,112.86000061035156,113.19000244140625,112.48100280761719,112.85399627685547,0
2017-09-29,112.46700286865234,112.71499633789062,112.23500061035156,112.50900268554688,0
2017-10-02,112.63800048828125,113.0479965209961,112.5364990234375,112.68299865722656,0
2017-10-03,112.7699966430664,113.18699645996094,112.68699645996094,112.7760009765625,0
2017-10-04,112.8479995727539,112.87899780273438,112.32599639892578,112.84600067138672,0
2017-10-05,112.822998046875,112.90399932861328,112.4219970703125,112.82599639892578,0
2017-10-06,112.77400207519531,113.43099975585938,112.6510009765625,112.7699966430664,0
2017-10-09,112.5510025024414,112.74299621582031,112.53399658203125,112.54100036621094,0
2017-10-10,112.65799713134766,112.82099914550781,112.00399780273438,112.68399810791016,0
2017-10-11,112.34500122070312,112.56300354003906,112.09300231933594,112.34700012207031,0
2017-10-12,112.43399810791016,112.45800018310547,112.20999908447266,112.40299987792969,0
2017-10-13,112.23899841308594,112.2490005493164,111.6989974975586,112.24400329589844,0
2017-10-16,111.88200378417969,112.07599639892578,111.6510009765625,111.87699890136719,0
2017-10-17,112.19499969482422,112.46700286865234,112.03700256347656,112.18599700927734,0
2017-10-18,112.21299743652344,113.03800201416016,112.14099884033203,112.2030029296875,0
2017-10-19,113.01300048828125,113.14099884033203,112.3290023803711,113.0009994506836,0
2017-10-20,112.68000030517578,113.55899810791016,112.60600280761719,112.6449966430664,0
2017-10-23,114.0479965209961,114.05899810791016,113.62300109863281,114.052001953125,0
2017-10-24,113.33999633789062,113.98799896240234,113.26200103759766,113.31999969482422,0
2017-10-25,113.94599914550781,114.23999786376953,113.57599639892578,113.93599700927734,0
2017-10-26,113.55799865722656,114.03099822998047,113.34200286865234,113.53900146484375,0
2017-10-27,114.1240005493164,114.43599700927734,113.71800231933594,114.125,0
2017-10-30,113.73899841308594,113.8239974975586,113.16500091552734,113.677001953125,0
2017-10-31,112.99600219726562,113.6449966430664,112.9739990234375,113.03800201416016,0
2017-11-01,113.6500015258789,114.26799774169922,113.63400268554688,113.64399719238281,0
2017-11-02,114.1520004272461,114.20800018310547,113.54900360107422,114.1709976196289,0
2017-11-03,114.01599884033203,114.40699768066406,113.68299865722656,114.01399993896484,0
2017-11-06,114.1780014038086,114.7249984741211,113.78900146484375,114.19000244140625,0
2017-11-07,113.77100372314453,114.33200073242188,113.7229995727539,113.77100372314453,0
2017-11-08,113.76100158691406,113.91300201416016,113.40299987792969,113.73200225830078,0
2017-11-09,113.927001953125,114.06300354003906,113.2405014038086,113.927001953125,0
2017-11-10,113.375,113.6240005493164,113.23600006103516,113.36900329589844,0
2017-11-13,113.68599700927734,113.70500183105469,113.24600219726562,113.69000244140625,0
2017-11-14,113.58499908447266,113.90699768066406,113.30999755859375,113.5999984741211,0
2017-11-15,113.4020004272461,113.48799896240234,112.51399993896484,113.40599822998047,0
2017-11-17,113.02799987792969,113.04499816894531,111.9729995727539,113.04499816894531,0
2017-11-20,112.03800201416016,112.52899932861328,111.96099853515625,112.01899719238281,0
2017-11-21,112.5510025024414,112.69999694824219,112.18399810791016,112.5479965209961,0
2017-11-22,112.34100341796875,112.34300231933594,111.51000213623047,112.33000183105469,0
2017-11-23,111.31300354003906,111.37699890136719,111.07099914550781,111.28500366210938,0
2017-11-24,111.25399780273438,111.5719985961914,111.25900268554688,111.25900268554688,0
2017-11-27,111.6709976196289,111.64900207519531,110.84700012207031,111.64900207519531,0
2017-11-28,111.16999816894531,111.45700073242188,110.93299865722656,111.15599822998047,0
2017-11-29,111.64800262451172,112.13099670410156,111.38500213623047,111.61100006103516,0
2017-11-30,112.00199890136719,112.47599792480469,111.74299621582031,112.02799987792969,0
2017-12-01,112.55599975585938,112.85199737548828,111.45500183105469,112.55500030517578,0
2017-12-04,112.86399841308594,113.07599639892578,112.66400146484375,112.83899688720703,0
2017-12-05,112.4990005493164,112.85800170898438,112.37699890136719,112.50800323486328,0
2017-12-06,112.46399688720703,112.51899719238281,112.00700378417969,112.46900177001953,0
2017-12-07,112.29100036621094,112.79399871826172,112.3219985961914,112.3219985961914,0
2017-12-08,113.1729965209961,113.58499908447266,113.12300109863281,113.1969985961914,0
2017-12-11,113.54299926757812,113.68099975585938,113.24099731445312,113.5270004272461,0
2017-12-12,113.54000091552734,113.73899841308594,113.3740005493164,113.55000305175781,0
2017-12-13,113.54499816894531,113.5270004272461,112.96600341796875,113.51300048828125,0
2017-12-14,112.78199768066406,112.87300109863281,112.4729995727539,112.74600219726562,0
2017-12-15,112.39600372314453,112.72699737548828,112.04299926757812,112.38800048828125,0
2017-12-18,112.71600341796875,112.82099914550781,112.3290023803711,112.7300033569336,0
2017-12-19,112.56800079345703,113.0260009765625,112.51100158691406,112.58999633789062,0
2017-12-20,112.98300170898438,113.3479995727539,112.86199951171875,113.00299835205078,0
2017-12-21,113.24099731445312,113.61499786376953,113.23799896240234,113.23899841308594,0
2017-12-22,113.322998046875,113.44000244140625,113.27999877929688,113.29299926757812,0
2017-12-25,113.30799865722656,113.34500122070312,113.21099853515625,113.29499816894531,0
2017-12-26,113.3030014038086,113.34400177001953,113.18900299072266,113.30899810791016,0
2017-12-27,113.2030029296875,113.35099792480469,113.15499877929688,113.20099639892578,0
2017-12-28,113.21700286865234,113.26399993896484,112.66699981689453,113.22200012207031,0
2017-12-29,112.875,112.96600341796875,112.46800231933594,112.8759994506836,0
2018-01-01,112.66600036621094,112.69000244140625,112.66999816894531,112.68000030517578,0
2018-01-02,112.7699966430664,112.78800201416016,112.07499694824219,112.7699966430664,0
2018-01-03,112.24400329589844,112.48500061035156,112.19300079345703,112.26399993896484,0
2018-01-04,112.60700225830078,112.85399627685547,112.50700378417969,112.60600280761719,0
2018-01-05,112.78299713134766,113.28900146484375,112.73100280761719,112.79000091552734,0
2018-01-08,113.15399932861328,113.37000274658203,112.89299774169922,113.1510009765625,0
2018-01-09,113.14099884033203,113.17400360107422,112.37000274658203,113.17400360107422,0
2018-01-10,112.75499725341797,112.7699966430664,111.28099822998047,112.7699966430664,0
2018-01-11,111.44400024414062,111.87100219726562,111.33399963378906,111.4260025024414,0
2018-01-12,111.29399871826172,111.66999816894531,111.00299835205078,111.28900146484375,0
2018-01-15,111.0999984741211,111.16999816894531,110.49299621582031,111.16999816894531,0
2018-01-16,110.58100128173828,110.9729995727539,110.60199737548828,110.62799835205078,0
2018-01-17,110.38800048828125,110.90899658203125,110.20800018310547,110.34700012207031,0
2018-01-18,111.3759994506836,111.4739990234375,110.73600006103516,111.34100341796875,0
2018-01-19,111.0260009765625,111.10600280761719,110.50499725341797,111.00499725341797,0
2018-01-22,110.68399810791016,111.14800262451172,110.61399841308594,110.6969985961914,0
2018-01-23,110.96600341796875,111.16000366210938,110.25599670410156,110.9739990234375,0
2018-01-24,110.10700225830078,110.29199981689453,109.00900268554688,110.12300109863281,0
2018-01-25,109.32599639892578,109.46199798583984,108.58999633789062,109.30599975585938,0
2018-01-26,109.7040023803711,109.75499725341797,108.33599853515625,109.66200256347656,0
2018-01-29,108.63899993896484,109.18900299072266,108.51100158691406,108.64800262451172,0
2018-01-30,108.9260025024414,109.19499969482422,108.42500305175781,108.95800018310547,0
2018-01-31,108.73200225830078,109.4209976196289,108.5999984741211,108.75599670410156,0
2018-02-01,109.20099639892578,109.74400329589844,109.11399841308594,109.17900085449219,0
2018-02-02,109.40599822998047,110.46700286865234,109.30400085449219,109.38700103759766,0
2018-02-05,110.03500366210938,110.25399780273438,109.66899871826172,110.02200317382812,0
2018-02-06,109.09500122070312,109.6259994506836,108.47100067138672,109.01300048828125,0
2018-02-07,109.62699890136719,109.6510009765625,108.9260025024414,109.61900329589844,0
2018-02-08,109.19599914550781,109.7760009765625,108.89700317382812,109.13099670410156,0
2018-02-09,108.52899932861328,109.28600311279297,108.44400024414062,108.5770034790039,0
2018-02-12,108.80000305175781,108.78600311279297,108.45500183105469,108.78600311279297,0
2018-02-13,108.69000244140625,108.75299835205078,107.43399810791016,108.67400360107422,0
2018-02-14,107.76399993896484,107.88600158691406,106.7239990234375,107.75900268554688,0
2018-02-15,106.58699798583984,106.8740005493164,106.19400024414062,106.59200286865234,0
2018-02-16,106.11100006103516,106.37000274658203,105.55799865722656,106.05999755859375,0
2018-02-19,106.26100158691406,106.71299743652344,106.0979995727539,106.2699966430664,0
2018-02-20,106.70899963378906,107.34600067138672,106.6449966430664,106.7239990234375,0
2018-02-21,107.38099670410156,107.88899993896484,107.3030014038086,107.37300109863281,0
2018-02-22,107.55500030517578,107.75700378417969,106.64900207519531,107.62999725341797,0
2018-02-23,106.81400299072266,107.11399841308594,106.52300262451172,106.84500122070312,0
2018-02-26,107.0739974975586,107.06300354003906,106.38300323486328,107.052001953125,0
2018-02-27,107.06900024414062,107.63999938964844,106.79499816894531,107.08599853515625,0
2018-02-28,107.4260025024414,107.52200317382812,106.58300018310547,107.46399688720703,0
2018-03-01,106.63999938964844,107.19300079345703,106.56700134277344,106.64299774169922,0
2018-03-02,106.16300201416016,106.28299713134766,105.26349639892578,106.17500305175781,0
2018-03-05,105.55599975585938,105.98300170898438,105.3489990234375,105.55999755859375,0
2018-03-06,106.25,106.4530029296875,105.85299682617188,106.2760009765625,0
2018-03-07,105.53700256347656,106.18000030517578,105.51100158691406,105.61399841308594,0
2018-03-08,106.18599700927734,106.25399780273438,105.89800262451172,106.16899871826172,0
2018-03-09,106.40599822998047,107.02899932861328,106.35900115966797,106.40299987792969,0
2018-03-12,106.89099884033203,106.96600341796875,106.3740005493164,106.88600158691406,0
2018-03-13,106.26000213623047,107.2750015258789,106.26300048828125,106.31800079345703,0
2018-03-14,106.50800323486328,106.73400115966797,106.08399963378906,106.54900360107422,0
2018-03-15,106.15499877929688,106.1719970703125,105.79000091552734,106.15399932861328,0
2018-03-16,106.30899810791016,106.3280029296875,105.60700225830078,106.3280029296875,0
2018-03-19,105.96900177001953,106.2979965209961,105.68099975585938,105.96800231933594,0
2018-03-20,105.99600219726562,106.58300018310547,105.98400115966797,106.03800201416016,0
2018-03-21,106.46900177001953,106.51200103759766,106.13899993896484,106.4800033569336,0
2018-03-22,105.92900085449219,105.96099853515625,105.28299713134766,105.91699981689453,0
2018-03-23,104.96800231933594,105.27899932861328,104.66699981689453,104.97899627685547,0
2018-03-26,104.85900115966797,105.24400329589844,104.73600006103516,104.83999633789062,0
2018-03-27,105.5,105.88800048828125,105.45899963378906,105.5459976196289,0
2018-03-28,105.49299621582031,106.3239974975586,105.43099975585938,105.52200317382812,0
2018-03-29,106.81199645996094,106.9260025024414,106.2594985961914,106.79900360107422,0
2018-03-30,106.47899627685547,106.50399780273438,106.11599731445312,106.4739990234375,0
2018-04-02,106.31199645996094,106.44599914550781,105.96199798583984,106.31800079345703,0
2018-04-03,105.79900360107422,106.58999633789062,105.69499969482422,105.80500030517578,0
2018-04-04,106.43599700927734,106.68000030517578,105.99500274658203,106.42900085449219,0
2018-04-05,106.77400207519531,107.48100280761719,106.71600341796875,106.78399658203125,0
2018-04-06,107.052001953125,107.4540023803711,106.96900177001953,107.08100128173828,0
2018-04-09,106.96800231933594,107.1989974975586,106.85299682617188,106.94999694824219,0
2018-04-10,106.7490005493164,107.39299774169922,106.62899780273438,106.72000122070312,0
2018-04-11,107.11299896240234,107.14900207519531,106.65399932861328,107.11100006103516,0
2018-04-12,106.8290023803711,107.41200256347656,106.7030029296875,106.81400299072266,0
2018-04-13,107.22200012207031,107.77400207519531,107.25900268554688,107.27999877929688,0
2018-04-16,107.49800109863281,107.50499725341797,107.13600158691406,107.48799896240234,0
2018-04-17,107.0459976196289,107.19599914550781,106.88400268554688,107.00800323486328,0
2018-04-18,107.01599884033203,107.37799835205078,107.00700378417969,107.02799987792969,0
2018-04-19,107.34600067138672,107.51100158691406,107.2699966430664,107.36199951171875,0
2018-04-20,107.43199920654297,107.8479995727539,107.40499877929688,107.44000244140625,0
2018-04-23,107.86900329589844,108.62999725341797,107.73300170898438,107.84300231933594,0
2018-04-24,108.76100158691406,109.18800354003906,108.7020034790039,108.74800109863281,0
2018-04-25,108.8030014038086,109.3740005493164,108.78900146484375,108.802001953125,0
2018-04-26,109.36399841308594,109.447998046875,109.072998046875,109.36699676513672,0
2018-04-27,109.30000305175781,109.53299713134766,108.9800033569336,109.31500244140625,0
2018-04-30,109.0979995727539,109.43949890136719,109.0199966430664,109.09500122070312,0
2018-05-01,109.322998046875,109.78700256347656,109.25800323486328,109.30599975585938,0
2018-05-02,109.87200164794922,109.99800109863281,109.6520004272461,109.84600067138672,0
2018-05-03,109.8270034790039,109.84400177001953,108.93000030517578,109.8219985961914,0
2018-05-04,109.09600067138672,109.26100158691406,108.64900207519531,109.11900329589844,0
2018-05-07,109.14600372314453,109.38200378417969,108.75700378417969,109.13899993896484,0
2018-05-08,108.94300079345703,109.33100128173828,108.85800170898438,108.94000244140625,0
2018-05-09,109.02400207519531,109.82099914550781,109.0009994506836,109.03900146484375,0
2018-05-10,109.84700012207031,109.98699951171875,109.33200073242188,109.82599639892578,0
2018-05-11,109.43599700927734,109.56199645996094,109.16100311279297,109.46399688720703,0
2018-05-14,109.33799743652344,109.63500213623047,109.20999908447266,109.32599639892578,0
2018-05-15,109.73100280761719,110.36199951171875,109.6729965209961,109.72899627685547,0
2018-05-16,110.2969970703125,110.37899780273438,110.04299926757812,110.28299713134766,0
2018-05-17,110.35900115966797,110.85800170898438,110.09500122070312,110.37999725341797,0
2018-05-18,110.8280029296875,111.0719985961914,110.65599822998047,110.84400177001953,0
2018-05-21,110.87999725341797,111.38500213623047,110.90599822998047,110.91799926757812,0
2018-05-22,110.97799682617188,111.1709976196289,110.8010025024414,111.00700378417969,0
2018-05-23,110.72599792480469,110.8740005493164,109.55899810791016,110.7300033569336,0
2018-05-24,109.86900329589844,109.91300201416016,108.97599792480469,109.90899658203125,0
2018-05-25,109.31199645996094,109.72100067138672,109.11900329589844,109.33000183105469,0
2018-05-28,109.62300109863281,109.73100280761719,109.2509994506836,109.63700103759766,0
2018-05-29,109.38899993896484,109.38700103759766,108.47599792480469,109.38700103759766,0
2018-05-30,108.39399719238281,109.05999755859375,108.39900207519531,108.4489974975586,0
2018-05-31,108.71199798583984,108.98400115966797,108.4000015258789,108.7239990234375,0
2018-06-01,108.7490005493164,109.72000122070312,108.76200103759766,108.76499938964844,0
2018-06-04,109.5979995727539,109.7490005493164,109.37300109863281,109.5979995727539,0
2018-06-05,109.96299743652344,109.98600006103516,109.59300231933594,109.9729995727539,0
2018-06-06,109.85900115966797,110.21499633789062,109.8010025024414,109.87300109863281,0
2018-06-07,110.125,110.21499633789062,109.8499984741211,110.11699676513672,0
2018-06-08,109.69400024414062,109.84500122070312,109.1989974975586,109.72200012207031,0
2018-06-11,109.44300079345703,110.0469970703125,109.39900207519531,109.51000213623047,0
2018-06-12,110.38600158691406,110.47000122070312,110.0999984741211,110.36199951171875,0
2018-06-13,110.4520034790039,110.7040023803711,110.34300231933594,110.46600341796875,0
2018-06-14,110.24199676513672,110.45700073242188,109.91899871826172,110.24400329589844,0
2018-06-15,110.6449966430664,110.89700317382812,110.39199829101562,110.66100311279297,0
2018-06-18,110.61699676513672,110.64900207519531,110.30799865722656,110.62300109863281,0
2018-06-19,110.13800048828125,110.19300079345703,109.55899810791016,110.16899871826172,0
2018-06-20,110.07099914550781,110.24400329589844,109.87000274658203,110.08100128173828,0
2018-06-21,110.35199737548828,110.7490005493164,109.88600158691406,110.34400177001953,0
2018-06-22,109.9520034790039,110.20899963378906,109.802001953125,109.93599700927734,0
2018-06-25,109.93699645996094,109.93499755859375,109.38099670410156,109.93499755859375,0
2018-06-26,109.64299774169922,110.01599884033203,109.38899993896484,109.63300323486328,0
2018-06-27,110.09700012207031,110.47899627685547,109.68800354003906,110.12999725341797,0
2018-06-28,110.21499633789062,110.41100311279297,109.9739990234375,110.22899627685547,0
2018-06-29,110.48600006103516,110.87100219726562,110.38800048828125,110.44200134277344,0
2018-07-02,110.70999908447266,111.0530014038086,110.60600280761719,110.74500274658203,0
2018-07-03,110.87100219726562,111.1259994506836,110.51000213623047,110.88700103759766,0
2018-07-04,110.40799713134766,110.5459976196289,110.28199768066406,110.4000015258789,0
2018-07-05,110.50199890136719,110.7030029296875,110.29499816894531,110.49700164794922,0
2018-07-06,110.5790023803711,110.77799987792969,110.38400268554688,110.55500030517578,0
2018-07-09,110.4219970703125,110.7760009765625,110.36000061035156,110.4229965209961,0
2018-07-10,110.9530029296875,111.34300231933594,110.92400360107422,110.94100189208984,0
2018-07-11,110.83100128173828,111.62000274658203,110.77400207519531,110.875,0
2018-07-12,111.95800018310547,112.61599731445312,111.98600006103516,111.98600006103516,0
2018-07-13,112.66500091552734,112.79299926757812,112.36900329589844,112.65499877929688,0
2018-07-16,112.39900207519531,112.54900360107422,112.2509994506836,112.40299987792969,0
2018-07-17,112.3740005493164,112.89900207519531,112.23500061035156,112.36299896240234,0
2018-07-18,113.01200103759766,113.12899780273438,112.72000122070312,112.99099731445312,0
2018-07-19,112.79100036621094,113.14700317382812,112.65399932861328,112.802001953125,0
2018-07-20,112.36299896240234,112.61299896240234,111.64600372314453,112.37200164794922,0
2018-07-23,111.0530014038086,111.4209976196289,110.77899932861328,111.05799865722656,0
2018-07-24,111.45999908447266,111.44999694824219,110.97599792480469,111.44999694824219,0
2018-07-25,111.24099731445312,111.36000061035156,110.90499877929688,111.26799774169922,0
2018-07-26,110.84500122070312,111.1989974975586,110.60299682617188,110.8759994506836,0
2018-07-27,111.14600372314453,111.21600341796875,110.90499877929688,111.13899993896484,0
2018-07-30,110.93399810791016,111.15599822998047,110.89399719238281,110.9219970703125,0
2018-07-31,110.99400329589844,111.9530029296875,110.85900115966797,110.98899841308594,0
2018-08-01,111.80799865722656,112.13700103759766,111.69999694824219,111.79499816894531,0
2018-08-02,111.62000274658203,111.7239990234375,111.33000183105469,111.63700103759766,0
2018-08-03,111.69000244140625,111.78299713134766,111.0999984741211,111.6989974975586,0
2018-08-06,111.23400115966797,111.52200317382812,111.16699981689453,111.21700286865234,0
2018-08-07,111.33999633789062,111.36399841308594,110.9990005493164,111.3280029296875,0
2018-08-08,111.34500122070312,111.41999816894531,110.83999633789062,111.34700012207031,0
2018-08-09,110.89199829101562,111.1780014038086,110.70999908447266,110.90299987792969,0
2018-08-10,111.09100341796875,111.12799835205078,110.51799774169922,111.06400299072266,0
2018-08-13,110.62899780273438,110.927001953125,110.11499786376953,110.64900207519531,0
2018-08-14,110.66100311279297,111.12300109863281,110.5979995727539,110.5979995727539,0
2018-08-15,111.24600219726562,111.41799926757812,110.43599700927734,111.25299835205078,0
2018-08-16,110.57599639892578,110.91000366210938,110.47200012207031,110.58499908447266,0
2018-08-17,111.00399780273438,111.03500366210938,110.322998046875,110.99299621582031,0
2018-08-20,110.4749984741211,110.67500305175781,110.30999755859375,110.47699737548828,0
2018-08-21,109.947998046875,110.48899841308594,109.7760009765625,109.93599700927734,0
2018-08-22,110.13400268554688,110.60900115966797,110.02999877929688,110.10099792480469,0
2018-08-23,110.58799743652344,111.28500366210938,110.552001953125,110.55999755859375,0
2018-08-24,111.36699676513672,111.48100280761719,111.14099884033203,111.33799743652344,0
2018-08-27,111.28199768066406,111.33799743652344,110.94400024414062,111.28900146484375,0
2018-08-28,111.13700103759766,111.35099792480469,110.94000244140625,111.1259994506836,0
2018-08-29,111.16200256347656,111.81199645996094,111.12899780273438,111.16100311279297,0
2018-08-30,111.71199798583984,111.74600219726562,111.13600158691406,111.69100189208984,0
2018-08-31,110.9990005493164,111.08599853515625,110.68599700927734,110.99800109863281,0
2018-09-03,111.14399719238281,111.16600036621094,110.85099792480469,111.14099884033203,0
2018-09-04,111.08799743652344,111.5250015258789,110.91699981689453,111.06099700927734,0
2018-09-05,111.46099853515625,111.75199890136719,111.40499877929688,111.44599914550781,0
2018-09-06,111.4489974975586,111.43099975585938,110.84700012207031,111.43099975585938,0
2018-09-07,110.49500274658203,111.23300170898438,110.3949966430664,110.48600006103516,0
2018-09-10,110.91999816894531,111.18499755859375,110.875,110.91400146484375,0
2018-09-11,111.14800262451172,111.59200286865234,111.1510009765625,111.15899658203125,0
2018-09-12,111.60700225830078,111.60199737548828,111.21900177001953,111.5979995727539,0
2018-09-13,111.22000122070312,111.94499969482422,111.1719970703125,111.1719970703125,0
2018-09-14,112.01200103759766,112.16500091552734,111.75399780273438,112.0469970703125,0
2018-09-17,111.9530029296875,112.11699676513672,111.85700225830078,111.95099639892578,0
2018-09-18,111.69000244140625,112.375,111.66699981689453,111.66699981689453,0
2018-09-19,112.2770004272461,112.4260025024414,112.19000244140625,112.28700256347656,0
2018-09-20,112.31700134277344,112.57499694824219,112.05999755859375,112.31700134277344,0
2018-09-21,112.49500274658203,112.87100219726562,112.46399688720703,112.48300170898438,0
2018-09-24,112.52400207519531,112.68399810791016,112.44400024414062,112.5250015258789,0
2018-09-25,112.78600311279297,112.95700073242188,112.73999786376953,112.79499816894531,0
2018-09-26,112.96900177001953,113.0459976196289,112.7699966430664,112.97699737548828,0
2018-09-27,112.7040023803711,113.3949966430664,112.56999969482422,112.69999694824219,0
2018-09-28,113.35700225830078,113.64900207519531,113.33000183105469,113.38899993896484,0
2018-10-01,113.7959976196289,114.05400085449219,113.73799896240234,113.78399658203125,0
2018-10-02,113.94599914550781,114.00700378417969,113.52799987792969,113.95800018310547,0
2018-10-03,113.5770034790039,114.2239990234375,113.51799774169922,113.5739974975586,0
2018-10-04,114.48600006103516,114.51100158691406,113.66200256347656,114.48899841308594,0
2018-10-05,113.89399719238281,114.08599853515625,113.56400299072266,113.89900207519531,0
2018-10-08,113.71499633789062,113.94000244140625,113.00199890136719,113.69599914550781,0
2018-10-09,113.09700012207031,113.37999725341797,112.94000244140625,113.09300231933594,0
2018-10-10,112.99800109863281,113.27200317382812,112.6050033569336,112.9990005493164,0
2018-10-11,112.09200286865234,112.51799774169922,111.98699951171875,112.12100219726562,0
2018-10-12,112.08000183105469,112.48999786376953,112.00700378417969,112.10199737548828,0
2018-10-15,112.19200134277344,112.21900177001953,111.62300109863281,112.21900177001953,0
2018-10-16,111.84100341796875,112.28500366210938,111.81300354003906,111.84700012207031,0
2018-10-17,112.34200286865234,112.41400146484375,112.01799774169922,112.31400299072266,0
2018-10-18,112.62799835205078,112.7249984741211,112.08999633789062,112.61799621582031,0
2018-10-19,112.18499755859375,112.62300109863281,112.1989974975586,112.21099853515625,0
2018-10-22,112.4800033569336,112.8740005493164,112.35199737548828,112.45099639892578,0
2018-10-23,112.75700378417969,112.79499816894531,111.96199798583984,112.74099731445312,0
2018-10-24,112.44400024414062,112.73699951171875,112.33100128173828,112.4469985961914,0
2018-10-25,112.01200103759766,112.63099670410156,111.82499694824219,112.02899932861328,0
2018-10-26,112.3499984741211,112.43399810791016,111.38500213623047,112.31300354003906,0
2018-10-29,111.90799713134766,112.5510025024414,111.79000091552734,111.91200256347656,0
2018-10-30,112.3239974975586,112.9729995727539,112.30699920654297,112.30699920654297,0
2018-10-31,113.052001953125,113.375,112.8280029296875,113.05699920654297,0
2018-11-01,112.85099792480469,112.99500274658203,112.64199829101562,112.84600067138672,0
2018-11-02,112.71499633789062,113.10299682617188,112.66100311279297,112.7229995727539,0
2018-11-05,113.13899993896484,113.32099914550781,113.07499694824219,113.13300323486328,0
2018-11-06,113.24600219726562,113.43599700927734,113.10800170898438,113.27300262451172,0
2018-11-07,113.36299896240234,113.80799865722656,112.94999694824219,113.35199737548828,0
2018-11-08,113.5469970703125,113.875,113.5510025024414,113.56600189208984,0
2018-11-09,113.9530029296875,114.00199890136719,113.65599822998047,113.95899963378906,0
2018-11-12,113.84600067138672,114.18399810791016,113.66000366210938,113.83799743652344,0
2018-11-13,113.69599914550781,114.13999938964844,113.59200286865234,113.66000366210938,0
2018-11-14,113.78900146484375,113.99600219726562,113.65499877929688,113.79299926757812,0
2018-11-15,113.56400299072266,113.6500015258789,113.10099792480469,113.55899810791016,0
2018-11-16,113.55500030517578,113.60199737548828,112.67900085449219,113.55899810791016,0
2018-11-19,112.7300033569336,112.86499786376953,112.4489974975586,112.72699737548828,0
2018-11-20,112.44300079345703,112.73100280761719,112.30000305175781,112.45600128173828,0
2018-11-21,112.7030029296875,113.14199829101562,112.7020034790039,112.71199798583984,0
2018-11-22,113.02100372314453,113.12300109863281,112.87999725341797,113.02100372314453,0
2018-11-23,112.97799682617188,113.00499725341797,112.66400146484375,112.99800109863281,0
2018-11-26,112.91899871826172,113.58799743652344,112.90399932861328,112.92400360107422,0
2018-11-27,113.50399780273438,113.83200073242188,113.40599822998047,113.51499938964844,0
2018-11-28,113.76699829101562,114.01499938964844,113.70999908447266,113.7770004272461,0
2018-11-29,113.55500030517578,113.60800170898438,113.20099639892578,113.56999969482422,0
2018-11-30,113.41100311279297,113.59600067138672,113.33799743652344,113.41200256347656,0
2018-12-03,113.76300048828125,113.75800323486328,113.37300109863281,113.75800323486328,0
2018-12-04,113.58699798583984,113.61399841308594,112.72000122070312,113.58899688720703,0
2018-12-05,112.6989974975586,113.22599792480469,112.68299865722656,112.6969985961914,0
2018-12-06,113.0510025024414,113.15299987792969,112.23999786376953,113.06199645996094,0
2018-12-07,112.68900299072266,112.92500305175781,112.56300354003906,112.73100280761719,0
2018-12-10,112.50199890136719,113.04900360107422,112.2490005493164,112.50599670410156,0
2018-12-11,113.18099975585938,113.4530029296875,113.00599670410156,113.19999694824219,0
2018-12-12,113.38400268554688,113.51200103759766,113.16000366210938,113.38400268554688,0
2018-12-13,113.28500366210938,113.7020034790039,113.28700256347656,113.28700256347656,0
2018-12-14,113.55999755859375,113.66799926757812,113.31900024414062,113.572998046875,0
2018-12-17,113.38999938964844,113.51699829101562,112.87699890136719,113.39099884033203,0
2018-12-18,112.8290023803711,112.83200073242188,112.25,112.83200073242188,0
2018-12-19,112.52400207519531,112.58399963378906,112.13300323486328,112.49700164794922,0
2018-12-20,112.41000366210938,112.5989990234375,111.33100128173828,112.4219970703125,0
2018-12-21,111.1709976196289,111.44999694824219,110.93900299072266,111.197998046875,0
2018-12-24,111.05400085449219,111.13999938964844,110.26699829101562,111.0999984741211,0
2018-12-25,110.31099700927734,110.34400177001953,109.99099731445312,110.31400299072266,0
2018-12-26,110.4020004272461,110.697998046875,110.28600311279297,110.43099975585938,0
2018-12-27,111.20600128173828,111.22200012207031,110.65299987792969,111.22100067138672,0
2018-12-28,110.8550033569336,110.93000030517578,110.22200012207031,110.86000061035156,0
2018-12-31,110.33000183105469,110.46800231933594,109.65899658203125,110.3239974975586,0
2019-01-01,109.62999725341797,109.63400268554688,109.58999633789062,109.62999725341797,0
2019-01-02,109.66799926757812,109.67400360107422,108.7300033569336,109.66000366210938,0
2019-01-03,107.44100189208984,108.27100372314453,106.7760009765625,107.44999694824219,0
2019-01-04,107.80799865722656,108.58300018310547,107.51300048828125,107.86599731445312,0
2019-01-07,108.52200317382812,108.625,108.03600311279297,108.48899841308594,0
2019-01-08,108.61599731445312,109.0770034790039,108.44999694824219,108.64299774169922,0
2019-01-09,108.7760009765625,108.9800033569336,108.06400299072266,108.7509994506836,0
2019-01-10,108.18900299072266,108.322998046875,107.77300262451172,108.16200256347656,0
2019-01-11,108.2979965209961,108.57099914550781,108.15399932861328,108.28700256347656,0
2019-01-14,108.45800018310547,108.4749984741211,107.99800109863281,108.46600341796875,0
2019-01-15,108.25,108.75,108.20700073242188,108.24500274658203,0
2019-01-16,108.64399719238281,108.90699768066406,108.37100219726562,108.65399932861328,0
2019-01-17,109.03700256347656,109.08799743652344,108.68900299072266,109.03600311279297,0
2019-01-18,109.15299987792969,109.79199981689453,109.14299774169922,109.14299774169922,0
2019-01-21,109.66100311279297,109.697998046875,109.48200225830078,109.65699768066406,0
2019-01-22,109.66999816894531,109.6780014038086,109.27999877929688,109.66300201416016,0
2019-01-23,109.3550033569336,109.9739990234375,109.36499786376953,109.36499786376953,0
2019-01-24,109.49199676513672,109.79199981689453,109.427001953125,109.47699737548828,0
2019-01-25,109.59700012207031,109.94300079345703,109.53500366210938,109.59200286865234,0
2019-01-28,109.4000015258789,109.51899719238281,109.16400146484375,109.38800048828125,0
2019-01-29,109.25399780273438,109.52999877929688,109.14099884033203,109.26300048828125,0
2019-01-30,109.41699981689453,109.73600006103516,109.22599792480469,109.41200256347656,0
2019-01-31,108.98100280761719,108.99500274658203,108.5,108.95700073242188,0
2019-02-01,108.84400177001953,109.56199645996094,108.75,108.84600067138672,0
2019-02-04,109.43800354003906,110.13999938964844,109.4729995727539,109.4800033569336,0
2019-02-05,109.96099853515625,110.03399658203125,109.78700256347656,109.98500061035156,0
2019-02-06,109.94100189208984,110.04900360107422,109.55899810791016,109.93499755859375,0
2019-02-07,109.9739990234375,110.0770034790039,109.60399627685547,109.98600006103516,0
2019-02-08,109.75599670410156,109.88999938964844,109.65399932861328,109.76000213623047,0
2019-02-11,109.80999755859375,110.44499969482422,109.7770004272461,109.81700134277344,0
2019-02-12,110.4000015258789,110.6449966430664,110.3479995727539,110.39199829101562,0
2019-02-13,110.51499938964844,110.88099670410156,110.50199890136719,110.51300048828125,0
2019-02-14,110.9229965209961,111.12100219726562,110.51100158691406,110.93800354003906,0
2019-02-15,110.53800201416016,110.63700103759766,110.26000213623047,110.53900146484375,0
2019-02-18,110.56400299072266,110.60700225830078,110.46399688720703,110.54299926757812,0
2019-02-19,110.59100341796875,110.81099700927734,110.4540023803711,110.5989990234375,0
2019-02-20,110.5719985961914,110.94400024414062,110.59400177001953,110.59700012207031,0
2019-02-21,110.76499938964844,110.8489990234375,110.59700012207031,110.77899932861328,0
2019-02-22,110.70800018310547,110.9000015258789,110.62999725341797,110.70099639892578,0
2019-02-25,110.77200317382812,111.07099914550781,110.5790023803711,110.76899719238281,0
2019-02-26,111.0459976196289,111.06600189208984,110.66999816894531,111.03500366210938,0
2019-02-27,110.55599975585938,110.96600341796875,110.35700225830078,110.5510025024414,0
2019-02-28,110.86199951171875,111.43499755859375,110.66000366210938,110.87300109863281,0
2019-03-01,111.35700225830078,111.97599792480469,111.37100219726562,111.37100219726562,0
2019-03-04,111.93800354003906,112.00700378417969,111.66300201416016,111.9229965209961,0
2019-03-05,111.7770004272461,112.12899780273438,111.76000213623047,111.76000213623047,0
2019-03-06,111.86599731445312,111.91000366210938,111.61399841308594,111.8550033569336,0
2019-03-07,111.62300109863281,111.84100341796875,111.4800033569336,111.64199829101562,0
2019-03-08,111.63400268554688,111.63899993896484,110.83000183105469,111.63800048828125,0
2019-03-11,111.08000183105469,111.2959976196289,110.87799835205078,111.0770034790039,0
2019-03-12,111.34200286865234,111.4530029296875,111.10700225830078,111.3239974975586,0
2019-03-13,111.30599975585938,111.45500183105469,111.1449966430664,111.3219985961914,0
2019-03-14,111.19599914550781,111.72200012207031,111.1449966430664,111.19599914550781,0
2019-03-15,111.75299835205078,111.89600372314453,111.38999938964844,111.77100372314453,0
2019-03-18,111.56099700927734,111.62000274658203,111.41200256347656,111.5479965209961,0
2019-03-19,111.37300109863281,111.46900177001953,111.15899658203125,111.38400268554688,0
2019-03-20,111.4010009765625,111.68800354003906,111.375,111.4280014038086,0
2019-03-21,110.66000366210938,110.94499969482422,110.30899810791016,110.64399719238281,0
2019-03-22,110.80599975585938,110.88500213623047,109.73999786376953,110.81199645996094,0
2019-03-25,110.08100128173828,110.22899627685547,109.72899627685547,110.12000274658203,0
2019-03-26,110.06800079345703,110.67500305175781,110.0009994506836,110.06400299072266,0
2019-03-27,110.55400085449219,110.69300079345703,110.24700164794922,110.5479965209961,0
2019-03-28,110.48999786376953,110.81700134277344,110.03099822998047,110.48500061035156,0
2019-03-29,110.63700103759766,110.93599700927734,110.54000091552734,110.6780014038086,0
2019-04-01,110.99500274658203,111.31099700927734,110.86299896240234,110.99299621582031,0
2019-04-02,111.45099639892578,111.43399810791016,111.2509994506836,111.43399810791016,0
2019-04-03,111.30500030517578,111.5739974975586,111.20999908447266,111.31999969482422,0
2019-04-04,111.3949966430664,111.61699676513672,111.33799743652344,111.37300109863281,0
2019-04-05,111.65799713134766,111.81600189208984,111.61000061035156,111.65699768066406,0
2019-04-08,111.71099853515625,111.7030029296875,111.28399658203125,111.6969985961914,0
2019-04-09,111.45600128173828,111.56400299072266,110.98999786376953,111.44999694824219,0
2019-04-10,111.1050033569336,111.23999786376953,110.88700103759766,111.1050033569336,0
2019-04-11,110.98500061035156,111.52100372314453,110.99099731445312,110.99099731445312,0
2019-04-12,111.62100219726562,112.0199966430664,111.63500213623047,111.64900207519531,0
2019-04-15,112.02799987792969,112.08300018310547,111.88800048828125,112.03500366210938,0
2019-04-16,111.94300079345703,112.03399658203125,111.8489990234375,111.95099639892578,0
2019-04-17,111.99299621582031,112.15799713134766,111.9260025024414,111.98699951171875,0
2019-04-18,112.03600311279297,112.04399871826172,111.78199768066406,112.04399871826172,0
2019-04-19,111.98899841308594,112.00299835205078,111.89700317382812,111.98600006103516,0
2019-04-22,111.91000366210938,111.98699951171875,111.88400268554688,111.90899658203125,0
2019-04-23,111.92900085449219,112.02400207519531,111.66400146484375,111.93299865722656,0
2019-04-24,111.87699890136719,111.96800231933594,111.69000244140625,111.86499786376953,0
2019-04-25,112.12999725341797,112.22599792480469,111.4010009765625,112.13999938964844,0
2019-04-26,111.53900146484375,111.90799713134766,111.427001953125,111.50599670410156,0
2019-04-29,111.59300231933594,111.88300323486328,111.57499694824219,111.60099792480469,0
2019-04-30,111.677001953125,111.6780014038086,111.2300033569336,111.6780014038086,0
2019-05-01,111.3949966430664,111.54399871826172,111.13600158691406,111.40399932861328,0
2019-05-02,111.4520034790039,111.65499877929688,111.37899780273438,111.44999694824219,0
2019-05-03,111.49500274658203,111.62200164794922,111.1500015258789,111.48699951171875,0
2019-05-06,110.62300109863281,110.94599914550781,110.29900360107422,110.5989990234375,0
2019-05-07,110.80500030517578,110.80500030517578,110.33000183105469,110.80500030517578,0
2019-05-08,110.25700378417969,110.23999786376953,109.90799713134766,110.23799896240234,0
2019-05-09,110.02799987792969,110.06600189208984,109.47599792480469,110.02200317382812,0
2019-05-10,109.80699920654297,110.03800201416016,109.50399780273438,109.85800170898438,0
2019-05-13,109.65399932861328,109.7969970703125,109.02899932861328,109.63700103759766,0
2019-05-14,109.15399932861328,109.76000213623047,109.15299987792969,109.1729965209961,0
2019-05-15,109.6709976196289,109.69599914550781,109.16100311279297,109.68099975585938,0
2019-05-16,109.4749984741211,109.94999694824219,109.3489990234375,109.4469985961914,0
2019-05-17,109.87100219726562,110.00299835205078,109.50800323486328,109.85099792480469,0
2019-05-20,110.16000366210938,110.3030014038086,109.80999755859375,110.15399932861328,0
2019-05-21,110.06999969482422,110.64800262451172,110.05799865722656,110.10099792480469,0
2019-05-23,110.22100067138672,110.3489990234375,109.55599975585938,110.2249984741211,0
2019-05-24,109.55799865722656,109.7239990234375,109.27999877929688,109.55599975585938,0
2019-05-27,109.4010009765625,109.57499694824219,109.37999725341797,109.4000015258789,0
2019-05-28,109.50900268554688,109.62200164794922,109.20999908447266,109.50299835205078,0
2019-05-29,109.34600067138672,109.44100189208984,109.1520004272461,109.36599731445312,0
2019-05-30,109.54199981689453,109.9209976196289,109.48799896240234,109.55500030517578,0
2019-05-31,109.35700225830078,109.38800048828125,108.56300354003906,109.30000305175781,0
2019-06-03,108.21199798583984,108.43099975585938,108.06700134277344,108.22699737548828,0
2019-06-04,108.0270004272461,108.3550033569336,107.85399627685547,108.05899810791016,0
2019-06-05,108.25399780273438,108.35399627685547,107.81999969482422,108.22899627685547,0
2019-06-06,108.3280029296875,108.40299987792969,108.03500366210938,108.34400177001953,0
2019-06-07,108.4540023803711,108.60399627685547,107.89800262451172,108.45700073242188,0
2019-06-10,108.4489974975586,108.70800018310547,108.36799621582031,108.4469985961914,0
2019-06-11,108.35900115966797,108.7969970703125,108.35900115966797,108.36699676513672,0
2019-06-12,108.4739990234375,108.55799865722656,108.21800231933594,108.48400115966797,0
2019-06-13,108.48799896240234,108.52200317382812,108.16500091552734,108.50499725341797,0
2019-06-14,108.32099914550781,108.49700164794922,108.16000366210938,108.31500244140625,0
2019-06-17,108.57599639892578,108.7229995727539,108.52799987792969,108.56199645996094,0
2019-06-18,108.53900146484375,108.67400360107422,108.09700012207031,108.53800201416016,0
2019-06-19,108.572998046875,108.60600280761719,108.25,108.58000183105469,0
2019-06-20,108.11499786376953,108.1050033569336,107.4729995727539,108.1050033569336,0
2019-06-21,107.2770004272461,107.7229995727539,107.0459976196289,107.29499816894531,0
2019-06-24,107.31199645996094,107.51499938964844,107.2509994506836,107.31999969482422,0
2019-06-25,107.3270034790039,107.40399932861328,106.78299713134766,107.3489990234375,0
2019-06-26,107.16600036621094,107.75,107.16400146484375,107.18299865722656,0
2019-06-27,107.73799896240234,108.15299987792969,107.65399932861328,107.73400115966797,0
2019-06-28,107.74700164794922,107.8479995727539,107.56400299072266,107.77200317382812,0
2019-07-01,108.38200378417969,108.52799987792969,108.10800170898438,108.36699676513672,0
2019-07-02,108.36599731445312,108.46600341796875,107.9280014038086,108.38600158691406,0
2019-07-03,107.80500030517578,107.86199951171875,107.5260009765625,107.822998046875,0
2019-07-04,107.77899932861328,107.83000183105469,107.70700073242188,107.75599670410156,0
2019-07-05,107.80799865722656,108.61299896240234,107.80899810791016,107.81400299072266,0
2019-07-08,108.4739990234375,108.7249984741211,108.27799987792969,108.4749984741211,0
2019-07-09,108.72100067138672,108.95800018310547,108.71600341796875,108.73200225830078,0
2019-07-10,108.92400360107422,108.98400115966797,108.39600372314453,108.92400360107422,0
2019-07-11,108.33399963378906,108.34600067138672,107.85900115966797,108.33200073242188,0
2019-07-12,108.58799743652344,108.59200286865234,107.95500183105469,108.59200286865234,0
2019-07-15,107.83200073242188,108.09600067138672,107.80799865722656,107.8280029296875,0
2019-07-16,107.88899993896484,108.36000061035156,107.87999725341797,107.88999938964844,0
2019-07-17,108.20099639892578,108.31800079345703,108.06800079345703,108.21099853515625,0
2019-07-18,107.93699645996094,107.9990005493164,107.62100219726562,107.91999816894531,0
2019-07-19,107.4010009765625,107.78299713134766,107.33799743652344,107.41000366210938,0
2019-07-22,107.80999755859375,108.05899810791016,107.71199798583984,107.83200073242188,0
2019-07-23,107.90399932861328,108.2750015258789,107.83799743652344,107.88200378417969,0
2019-07-24,108.23200225830078,108.25900268554688,107.94999694824219,108.22799682617188,0
2019-07-25,108.18900299072266,108.58200073242188,108.04000091552734,108.17900085449219,0
2019-07-26,108.66600036621094,108.822998046875,108.55599975585938,108.66899871826172,0
2019-07-29,108.63300323486328,108.89099884033203,108.427001953125,108.62699890136719,0
2019-07-30,108.86599731445312,108.93099975585938,108.44999694824219,108.86299896240234,0
2019-07-31,108.56199645996094,108.64700317382812,108.49500274658203,108.5530014038086,0
2019-08-01,108.81999969482422,109.27899932861328,108.15899658203125,108.81500244140625,0
2019-08-02,107.43099975585938,107.48200225830078,106.5530014038086,107.4010009765625,0
2019-08-05,106.5770034790039,106.61699676513672,105.80999755859375,106.59600067138672,0
2019-08-06,105.59300231933594,107.0459976196289,105.5719985961914,105.62300109863281,0
2019-08-07,106.33699798583984,106.35199737548828,105.56099700927734,106.29000091552734,0
2019-08-08,106.12100219726562,106.28700256347656,105.91300201416016,106.125,0
2019-08-09,105.8740005493164,106.04100036621094,105.34600067138672,105.875,0
2019-08-12,105.38200378417969,105.55899810791016,105.04900360107422,105.4000015258789,0
2019-08-13,105.35800170898438,106.93299865722656,105.072998046875,105.38400268554688,0
2019-08-14,106.58999633789062,106.5989990234375,105.70800018310547,106.58899688720703,0
2019-08-15,105.91600036621094,106.50599670410156,105.70999908447266,105.91000366210938,0
2019-08-16,106.08300018310547,106.47699737548828,106.0260009765625,106.09200286865234,0
2019-08-19,106.43000030517578,106.66300201416016,106.24800109863281,106.41200256347656,0
2019-08-20,106.5739974975586,106.68399810791016,106.18399810791016,106.56800079345703,0
2019-08-21,106.27400207519531,106.58799743652344,106.27400207519531,106.29199981689453,0
2019-08-22,106.59700012207031,106.64700317382812,106.2699966430664,106.5999984741211,0
2019-08-23,106.46800231933594,106.71900177001953,105.29499816894531,106.48500061035156,0
2019-08-26,104.85199737548828,106.28700256347656,104.87100219726562,104.87100219726562,0
2019-08-27,105.97799682617188,106.05699920654297,105.58599853515625,105.98799896240234,0
2019-08-28,105.73799896240234,105.93399810791016,105.65399932861328,105.74700164794922,0
2019-08-29,106.06999969482422,106.53399658203125,105.83300018310547,106.09100341796875,0
2019-08-30,106.43800354003906,106.53700256347656,106.11599731445312,106.46600341796875,0
2019-09-02,106.12799835205078,106.39299774169922,106.07499694824219,106.15399932861328,0
2019-09-03,106.19300079345703,106.37799835205078,105.75,106.19400024414062,0
2019-09-04,105.86100006103516,106.32099914550781,105.83200073242188,105.86299896240234,0
2019-09-05,106.32499694824219,107.19300079345703,106.33599853515625,106.34300231933594,0
2019-09-06,107.0719985961914,107.08999633789062,106.62999725341797,107.06999969482422,0
2019-09-09,106.94499969482422,107.16799926757812,106.7699966430664,106.94100189208984,0
2019-09-10,107.33699798583984,107.49600219726562,107.20500183105469,107.31700134277344,0
2019-09-11,107.5999984741211,107.84700012207031,107.55899810791016,107.58200073242188,0
2019-09-12,108.02100372314453,108.13500213623047,107.54000091552734,107.9990005493164,0
2019-09-13,108.1760025024414,108.25499725341797,107.91999816894531,108.1780014038086,0
2019-09-16,107.76499938964844,108.05500030517578,107.4990005493164,107.76499938964844,0
2019-09-17,108.16100311279297,108.33999633789062,108.0270004272461,108.1449966430664,0
2019-09-18,108.08699798583984,108.26599884033203,108.09700012207031,108.10099792480469,0
2019-09-19,108.42500305175781,108.46399688720703,107.802001953125,108.43499755859375,0
2019-09-20,108.04100036621094,108.06800079345703,107.7699966430664,108.06800079345703,0
2019-09-23,107.6520004272461,107.76300048828125,107.30999755859375,107.63500213623047,0
2019-09-24,107.61399841308594,107.76499938964844,107.25,107.60700225830078,0
2019-09-25,107.16300201416016,107.79100036621094,107.00499725341797,107.177001953125,0
2019-09-26,107.69200134277344,107.72100067138672,107.43499755859375,107.68199920654297,0
2019-09-27,107.75599670410156,108.1729965209961,107.65599822998047,107.74400329589844,0
2019-09-30,107.94400024414062,108.13999938964844,107.74500274658203,107.93199920654297,0
2019-10-01,108.06900024414062,108.447998046875,107.66999816894531,108.05799865722656,0
2019-10-02,107.73699951171875,107.88400268554688,107.18399810791016,107.73200225830078,0
2019-10-03,107.16300201416016,107.29100036621094,106.50599670410156,107.1500015258789,0
2019-10-04,106.82599639892578,107.11399841308594,106.65699768066406,106.822998046875,0
2019-10-07,106.76399993896484,107.06800079345703,106.68900299072266,106.76300048828125,0
2019-10-08,107.2509994506836,107.43599700927734,106.81099700927734,107.25599670410156,0
2019-10-09,106.96099853515625,107.4530029296875,106.95099639892578,106.95099639892578,0
2019-10-10,107.1780014038086,107.97200012207031,107.18199920654297,107.2229995727539,0
2019-10-11,107.87999725341797,108.60800170898438,107.85199737548828,107.85199737548828,0
2019-10-14,108.45899963378906,108.45899963378906,108.0510025024414,108.45899963378906,0
2019-10-15,108.38800048828125,108.87999725341797,108.15599822998047,108.3759994506836,0
2019-10-16,108.81700134277344,108.83999633789062,108.6050033569336,108.81700134277344,0
2019-10-17,108.677001953125,108.91799926757812,108.51200103759766,108.67500305175781,0
2019-10-18,108.58100128173828,108.71700286865234,108.41999816894531,108.59100341796875,0
2019-10-21,108.40799713134766,108.66000366210938,108.36900329589844,108.40499877929688,0
2019-10-22,108.60099792480469,108.71700286865234,108.46600341796875,108.60299682617188,0
2019-10-23,108.48300170898438,108.66300201416016,108.25299835205078,108.4729995727539,0
2019-10-24,108.64199829101562,108.74199676513672,108.50199890136719,108.61199951171875,0
2019-10-25,108.60600280761719,108.75800323486328,108.51599884033203,108.61199951171875,0
2019-10-28,108.73400115966797,109.03099822998047,108.65799713134766,108.72599792480469,0
2019-10-29,108.96399688720703,109.04299926757812,108.802001953125,108.96900177001953,0
2019-10-30,108.8740005493164,108.96900177001953,108.81099700927734,108.88600158691406,0
2019-10-31,108.78900146484375,108.8550033569336,108.05400085449219,108.79399871826172,0
2019-11-01,107.99600219726562,108.23600006103516,107.91200256347656,108.01699829101562,0
2019-11-04,108.22000122070312,108.60900115966797,108.20500183105469,108.20999908447266,0
2019-11-05,108.69400024414062,109.19000244140625,108.6510009765625,108.697998046875,0
2019-11-06,109.14600372314453,109.17400360107422,108.8290023803711,109.13200378417969,0
2019-11-07,108.91300201416016,109.4260025024414,108.65699768066406,108.91400146484375,0
2019-11-08,109.27400207519531,109.46299743652344,109.08300018310547,109.27200317382812,0
2019-11-11,109.22599792480469,109.23799896240234,108.90499877929688,109.21099853515625,0
2019-11-12,109.04199981689453,109.28800201416016,108.98600006103516,109.0469970703125,0
2019-11-13,108.99299621582031,109.14099884033203,108.677001953125,108.99700164794922,0
2019-11-14,108.7979965209961,108.85700225830078,108.27400207519531,108.78700256347656,0
2019-11-15,108.49199676513672,108.85199737548828,108.4530029296875,108.48600006103516,0
2019-11-18,108.6989974975586,109.06300354003906,108.51599884033203,108.7030029296875,0
2019-11-19,108.66200256347656,108.83000183105469,108.4520034790039,108.68099975585938,0
2019-11-20,108.44499969482422,108.72100067138672,108.35800170898438,108.48500061035156,0
2019-11-21,108.47799682617188,108.66400146484375,108.27799987792969,108.48600006103516,0
2019-11-22,108.58499908447266,108.71700286865234,108.47699737548828,108.5790023803711,0
2019-11-25,108.7300033569336,108.95600128173828,108.6989974975586,108.72899627685547,0
2019-11-26,108.99199676513672,109.1709976196289,108.87699890136719,108.99299621582031,0
2019-11-27,109.09700012207031,109.39299774169922,109.05999755859375,109.08399963378906,0
2019-11-28,109.36699676513672,109.54299926757812,109.34300231933594,109.3759994506836,0
2019-11-29,109.51200103759766,109.66200256347656,109.42500305175781,109.51699829101562,0
2019-12-02,109.53500366210938,109.72000122070312,108.9990005493164,109.53199768066406,0
2019-12-03,109.02200317382812,109.2040023803711,108.5,109.01399993896484,0
2019-12-04,108.65299987792969,108.88999938964844,108.43000030517578,108.66999816894531,0
2019-12-05,108.83200073242188,108.98699951171875,108.6709976196289,108.83799743652344,0
2019-12-06,108.73799896240234,108.90799713134766,108.5479965209961,108.75399780273438,0
2019-12-09,108.62699890136719,108.6259994506836,108.4280014038086,108.61499786376953,0
2019-12-10,108.58200073242188,108.7509994506836,108.5199966430664,108.5989990234375,0
2019-12-11,108.76399993896484,108.78299713134766,108.63700103759766,108.77100372314453,0
2019-12-12,108.54900360107422,109.29900360107422,108.45700073242188,108.54100036621094,0
2019-12-13,109.41300201416016,109.69599914550781,109.20899963378906,109.41400146484375,0
2019-12-16,109.4000015258789,109.66899871826172,109.35399627685547,109.37999725341797,0
2019-12-17,109.57599639892578,109.62799835205078,109.46299743652344,109.5719985961914,0
2019-12-18,109.51599884033203,109.62200164794922,109.39800262451172,109.52300262451172,0
2019-12-19,109.5510025024414,109.66999816894531,109.21499633789062,109.54499816894531,0
2019-12-20,109.38300323486328,109.48999786376953,109.25900268554688,109.39099884033203,0
2019-12-23,109.4990005493164,109.49299621582031,109.33799743652344,109.49299621582031,0
2019-12-24,109.38200378417969,109.4280014038086,109.322998046875,109.38300323486328,0
2019-12-25,109.38300323486328,109.78199768066406,109.30999755859375,109.37999725341797,0
2019-12-26,109.36900329589844,109.68199920654297,109.36699676513672,109.37300109863281,0
2019-12-27,109.54199981689453,109.58599853515625,109.4260025024414,109.53800201416016,0
2019-12-30,109.4280014038086,109.43800354003906,108.77300262451172,109.43800354003906,0
2019-12-31,108.87300109863281,108.86799621582031,108.46900177001953,108.86799621582031,0
2020-01-01,108.68099975585938,111.41000366210938,108.62999725341797,108.68000030517578,0
2020-01-02,108.71299743652344,108.86000061035156,108.22100067138672,108.71399688720703,0
2020-01-03,108.54299926757812,108.5510025024414,107.91500091552734,108.54000091552734,0
2020-01-06,107.96399688720703,108.41000366210938,107.9219970703125,107.9990005493164,0
2020-01-07,108.40599822998047,108.61699676513672,108.26100158691406,108.41100311279297,0
2020-01-08,108.01599884033203,109.08899688720703,107.65699768066406,107.97799682617188,0
2020-01-09,109.03099822998047,109.57599639892578,109.04900360107422,109.04900360107422,0
2020-01-10,109.50700378417969,109.67500305175781,109.45600128173828,109.4990005493164,0
2020-01-13,109.56600189208984,109.93499755859375,109.53199768066406,109.53399658203125,0
2020-01-14,109.99199676513672,110.1709976196289,109.89099884033203,110.0,0
2020-01-15,109.85399627685547,109.99600219726562,109.79199981689453,109.8740005493164,0
2020-01-16,109.88300323486328,110.16999816894531,109.8759994506836,109.8759994506836,0
2020-01-17,110.17500305175781,110.2750015258789,110.05799865722656,110.16899871826172,0
2020-01-20,110.18000030517578,110.21299743652344,110.11399841308594,110.19499969482422,0
2020-01-21,110.1729965209961,110.21800231933594,109.86199951171875,110.17900085449219,0
2020-01-22,109.90799713134766,110.0770034790039,109.83699798583984,109.91899871826172,0
2020-01-23,109.72799682617188,109.75,109.26899719238281,109.73600006103516,0
2020-01-24,109.552001953125,109.64600372314453,109.30500030517578,109.56500244140625,0
2020-01-27,108.802001953125,109.13200378417969,108.81400299072266,108.81400299072266,0
2020-01-28,108.91999816894531,109.18800354003906,108.76200103759766,108.92900085449219,0
2020-01-29,109.13200378417969,109.22599792480469,108.99400329589844,109.12999725341797,0
2020-01-30,108.98699951171875,109.03800201416016,108.65699768066406,108.99600219726562,0
2020-01-31,108.87699890136719,109.11499786376953,108.34100341796875,108.90899658203125,0
2020-02-03,108.37200164794922,108.7959976196289,108.36599731445312,108.38099670410156,0
2020-02-04,108.61199951171875,109.43800354003906,108.55799865722656,108.61000061035156,0
2020-02-05,109.4469985961914,109.83399963378906,109.31199645996094,109.44400024414062,0
2020-02-06,109.81400299072266,109.9800033569336,109.78099822998047,109.80400085449219,0
2020-02-07,109.96800231933594,109.97899627685547,109.53099822998047,109.95500183105469,0
2020-02-10,109.6449966430664,109.87000274658203,109.61100006103516,109.62899780273438,0
2020-02-11,109.76599884033203,109.9540023803711,109.74199676513672,109.75800323486328,0
2020-02-12,109.84300231933594,110.12100219726562,109.79000091552734,109.83699798583984,0
2020-02-13,109.84600067138672,109.97699737548828,109.62799835205078,109.85700225830078,0
2020-02-14,109.75800323486328,109.90799713134766,109.70500183105469,109.78600311279297,0
2020-02-17,109.79100036621094,109.9540023803711,109.72100067138672,109.7770004272461,0
2020-02-18,109.83000183105469,109.94000244140625,109.65599822998047,109.8290023803711,0
2020-02-19,109.91899871826172,111.302001953125,109.86599731445312,109.9280014038086,0
2020-02-20,111.20999908447266,112.18599700927734,111.11299896240234,111.2020034790039,0
2020-02-21,111.9540023803711,112.16799926757812,111.51699829101562,111.96700286865234,0
2020-02-24,111.55699920654297,111.65699768066406,110.51000213623047,111.55500030517578,0
2020-02-25,110.85700225830078,111.03500366210938,110.03900146484375,110.86699676513672,0
2020-02-26,110.28600311279297,110.68900299072266,110.14800262451172,110.27899932861328,0
2020-02-27,110.36299896240234,110.38800048828125,109.70700073242188,110.35800170898438,0
2020-02-28,109.66000366210938,109.65799713134766,107.77799987792969,109.65799713134766,0
2020-03-02,107.6969985961914,108.55799865722656,107.41500091552734,107.75199890136719,0
2020-03-03,108.48699951171875,108.4469985961914,107.22100067138672,108.4469985961914,0
2020-03-04,107.03700256347656,107.6709976196289,107.0479965209961,107.06900024414062,0
2020-03-05,107.677001953125,107.65299987792969,106.50800323486328,107.65299987792969,0
2020-03-06,106.24800109863281,106.33599853515625,104.99600219726562,106.26100158691406,0
2020-03-09,103.93800354003906,104.25700378417969,101.28299713134766,103.9729995727539,0
2020-03-10,103.11199951171875,105.18900299072266,102.73899841308594,103.10800170898438,0
2020-03-11,105.0260009765625,105.28099822998047,104.11900329589844,105.07099914550781,0
2020-03-12,104.55000305175781,105.71600341796875,103.13800048828125,104.63999938964844,0
2020-03-13,104.61000061035156,107.47100067138672,104.69100189208984,104.70899963378906,0
2020-03-16,106.68800354003906,107.52899932861328,105.14700317382812,106.5790023803711,0
2020-03-17,106.17500305175781,107.56099700927734,106.0790023803711,106.25900268554688,0
2020-03-18,107.37699890136719,108.48799896240234,106.75900268554688,107.34200286865234,0
2020-03-19,108.36000061035156,110.13899993896484,108.1969985961914,108.41300201416016,0
2020-03-20,111.29100036621094,111.33699798583984,109.3759994506836,111.30000305175781,0
2020-03-23,110.46199798583984,111.3489990234375,109.68099975585938,110.40399932861328,0
2020-03-24,110.8270034790039,111.48699951171875,110.11399841308594,110.86399841308594,0
2020-03-25,111.12000274658203,111.66799926757812,110.75199890136719,111.11499786376953,0
2020-03-26,110.8759994506836,110.93399810791016,109.36100006103516,110.85800170898438,0
2020-03-27,109.10900115966797,109.36399841308594,107.88400268554688,109.13600158691406,0
2020-03-30,107.41300201416016,108.28700256347656,107.15299987792969,107.43900299072266,0
2020-03-31,108.03500366210938,108.71199798583984,107.46499633789062,108.05599975585938,0
2020-04-01,107.50800323486328,107.89700317382812,107.02899932861328,107.45700073242188,0
2020-04-02,107.25700378417969,107.97799682617188,107.03399658203125,107.28600311279297,0
2020-04-03,108.0009994506836,108.6719970703125,107.81300354003906,108.0469970703125,0
2020-04-06,108.69300079345703,109.35299682617188,108.67900085449219,108.67900085449219,0
2020-04-07,109.11499786376953,109.12699890136719,108.6760025024414,109.08599853515625,0
2020-04-08,108.6510009765625,109.0739974975586,108.51300048828125,108.66500091552734,0
2020-04-09,108.9219970703125,109.05799865722656,108.36000061035156,108.89900207519531,0
2020-04-10,108.56099700927734,108.56400299072266,108.3290023803711,108.5510025024414,0
2020-04-13,108.33599853515625,108.37100219726562,107.56300354003906,108.3499984741211,0
2020-04-14,107.62300109863281,107.7490005493164,107.072998046875,107.63200378417969,0
2020-04-15,107.10399627685547,107.83699798583984,106.93000030517578,107.10399627685547,0
2020-04-16,107.60900115966797,108.0770034790039,107.18599700927734,107.61599731445312,0
2020-04-17,107.94499969482422,107.94300079345703,107.30599975585938,107.93399810791016,0
2020-04-20,107.66999816894531,107.94599914550781,107.60199737548828,107.68900299072266,0
2020-04-21,107.66899871826172,107.81199645996094,107.2959976196289,107.6709976196289,0
2020-04-22,107.72100067138672,107.93099975585938,107.5260009765625,107.75,0
2020-04-23,107.81300354003906,107.97000122070312,107.3499984741211,107.81199645996094,0
2020-04-24,107.66699981689453,107.75,107.41300201416016,107.64900207519531,0
2020-04-27,107.49500274658203,107.61599731445312,107.0,107.50399780273438,0
2020-04-28,107.28299713134766,107.33399963378906,106.56199645996094,107.28600311279297,0
2020-04-29,106.74099731445312,106.75800323486328,106.36399841308594,106.75199890136719,0
2020-04-30,106.61000061035156,107.10800170898438,106.41600036621094,106.60099792480469,0
2020-05-01,107.28500366210938,107.39900207519531,106.61000061035156,107.30500030517578,0
2020-05-04,106.73799896240234,107.05500030517578,106.6719970703125,106.7509994506836,0
2020-05-05,106.6969985961914,106.88899993896484,106.48400115966797,106.68299865722656,0
2020-05-06,106.4520034790039,106.43099975585938,106.02400207519531,106.43099975585938,0
2020-05-07,106.19100189208984,106.64600372314453,106.13899993896484,106.20999908447266,0
2020-05-08,106.35900115966797,106.72000122070312,106.23300170898438,106.38999938964844,0
2020-05-11,106.91899871826172,107.72799682617188,106.7750015258789,106.90499877929688,0
2020-05-12,107.56600189208984,107.6729965209961,107.21600341796875,107.58799743652344,0
2020-05-13,107.13800048828125,107.2509994506836,106.76200103759766,107.16300201416016,0
2020-05-14,106.93299865722656,107.16400146484375,106.78500366210938,106.91400146484375,0
2020-05-15,107.36499786376953,107.43199920654297,106.8759994506836,107.36100006103516,0
2020-05-18,107.20800018310547,107.49500274658203,107.06700134277344,107.22899627685547,0
2020-05-19,107.38099670410156,108.0739974975586,107.30500030517578,107.37699890136719,0
2020-05-20,107.80999755859375,107.9749984741211,107.34600067138672,107.81900024414062,0
2020-05-21,107.59100341796875,107.84700012207031,107.57499694824219,107.5989990234375,0
2020-05-22,107.63099670410156,107.76000213623047,107.33399963378906,107.63400268554688,0
2020-05-25,107.73500061035156,107.77200317382812,107.62999725341797,107.73999786376953,0
2020-05-26,107.68699645996094,107.91600036621094,107.40299987792969,107.69000244140625,0
2020-05-27,107.49099731445312,107.93199920654297,107.37200164794922,107.48899841308594,0
2020-05-28,107.7979965209961,107.89600372314453,107.5790023803711,107.8030014038086,0
2020-05-29,107.64299774169922,107.81199645996094,107.08999633789062,107.6259994506836,0
2020-06-01,107.70800018310547,107.8499984741211,107.39399719238281,107.71399688720703,0
2020-06-02,107.5479965209961,108.65799713134766,107.51699829101562,107.5459976196289,0
2020-06-03,108.80899810791016,108.9739990234375,108.4209976196289,108.81800079345703,0
2020-06-04,108.9990005493164,109.15299987792969,108.61900329589844,108.98100280761719,0
2020-06-05,109.1500015258789,109.84600067138672,109.0479965209961,109.12000274658203,0
2020-06-08,109.63400268554688,109.5999984741211,108.41300201416016,109.58999633789062,0
2020-06-09,108.40899658203125,108.36900329589844,107.64600372314453,108.36900329589844,0
2020-06-10,107.7969970703125,107.86699676513672,107.177001953125,107.81700134277344,0
2020-06-11,106.98100280761719,107.22699737548828,106.5979995727539,107.01499938964844,0
2020-06-12,106.8030014038086,107.5510025024414,106.60099792480469,106.8219985961914,0
2020-06-15,107.31099700927734,107.47699737548828,107.0,107.30699920654297,0
2020-06-16,107.46399688720703,107.62000274658203,107.23999786376953,107.46499633789062,0
2020-06-17,107.41000366210938,107.43699645996094,107.16300201416016,107.37999725341797,0
2020-06-18,106.89399719238281,107.12300109863281,106.66600036621094,106.86299896240234,0
2020-06-19,107.00599670410156,107.04000091552734,106.77200317382812,106.99199676513672,0
2020-06-22,106.83100128173828,106.99800109863281,106.78299713134766,106.81800079345703,0
2020-06-23,106.90299987792969,107.21700286865234,106.08200073242188,106.88600158691406,0
2020-06-24,106.43199920654297,106.97599792480469,106.38400268554688,106.41300201416016,0
2020-06-25,107.04399871826172,107.44499969482422,107.02999877929688,107.03199768066406,0
2020-06-26,107.15499877929688,107.3489990234375,106.7979965209961,107.15299987792969,0
2020-06-29,107.21800231933594,107.87999725341797,107.0510025024414,107.22200012207031,0
2020-06-30,107.58999633789062,107.9219970703125,107.52999877929688,107.60099792480469,0
2020-07-01,107.98899841308594,108.15799713134766,107.36799621582031,107.98500061035156,0
2020-07-02,107.36599731445312,107.71700286865234,107.34700012207031,107.35800170898438,0
2020-07-03,107.49700164794922,107.56600189208984,107.43900299072266,107.50900268554688,0
2020-07-06,107.5790023803711,107.7699966430664,107.43399810791016,107.5790023803711,0
2020-07-07,107.35900115966797,107.78800201416016,107.2300033569336,107.35299682617188,0
2020-07-08,107.5780029296875,107.70500183105469,107.38700103759766,107.5739974975586,0
2020-07-09,107.28299713134766,107.39199829101562,107.10299682617188,107.26499938964844,0
2020-07-10,107.23600006103516,107.26200103759766,106.66500091552734,107.23300170898438,0
2020-07-13,106.91000366210938,107.31099700927734,106.78800201416016,106.91200256347656,0
2020-07-14,107.2760009765625,107.41200256347656,107.12000274658203,107.29000091552734,0
2020-07-15,107.24500274658203,107.30500030517578,106.66300201416016,107.24500274658203,0
2020-07-16,106.91699981689453,107.1969985961914,106.83799743652344,106.88400268554688,0
2020-07-17,107.27799987792969,107.35299682617188,107.05999755859375,107.28800201416016,0
2020-07-20,107.08999633789062,107.5,107.03700256347656,107.0770034790039,0
2020-07-21,107.19599914550781,107.36399841308594,106.80500030517578,107.1709976196289,0
2020-07-22,106.83200073242188,107.2020034790039,106.71800231933594,106.81400299072266,0
2020-07-23,107.17500305175781,107.21600341796875,106.83300018310547,107.16600036621094,0
2020-07-24,106.83799743652344,106.83599853515625,105.75900268554688,106.83599853515625,0
2020-07-27,105.99299621582031,106.0469970703125,105.12100219726562,105.95600128173828,0
2020-07-28,105.26100158691406,105.67900085449219,104.95800018310547,105.29100036621094,0
2020-07-29,105.10700225830078,105.22799682617188,104.80000305175781,105.11000061035156,0
2020-07-30,105.03199768066406,105.28800201416016,104.91200256347656,105.01599884033203,0
2020-07-31,104.68299865722656,105.7959976196289,104.1989974975586,104.66699981689453,0
2020-08-03,105.86599731445312,106.42900085449219,105.5790023803711,105.84500122070312,0
2020-08-04,106.02999877929688,106.19200134277344,105.72699737548828,106.0469970703125,0
2020-08-05,105.61399841308594,105.86399841308594,105.3280029296875,105.59700012207031,0
2020-08-06,105.5530014038086,105.69100189208984,105.302001953125,105.55000305175781,0
2020-08-07,105.58100128173828,106.04199981689453,105.4800033569336,105.56099700927734,0
2020-08-10,105.8499984741211,106.19400024414062,105.70999908447266,105.85199737548828,0
2020-08-11,105.99199676513672,106.57099914550781,105.94400024414062,105.99800109863281,0
2020-08-12,106.52100372314453,106.99800109863281,106.45800018310547,106.45800018310547,0
2020-08-13,106.8219985961914,106.99099731445312,106.56999969482422,106.81199645996094,0
2020-08-14,106.98600006103516,107.0270004272461,106.44599914550781,106.96499633789062,0
2020-08-17,106.55400085449219,106.63800048828125,105.9530029296875,106.56900024414062,0
2020-08-18,105.99500274658203,105.98600006103516,105.29399871826172,105.98600006103516,0
2020-08-19,105.2239990234375,105.75900268554688,105.11399841308594,105.22200012207031,0
2020-08-20,106.0790023803711,106.197998046875,105.77200317382812,106.08999633789062,0
2020-08-21,105.66500091552734,106.06900024414062,105.4530029296875,105.66899871826172,0
2020-08-24,105.87699890136719,105.93900299072266,105.69000244140625,105.90299987792969,0
2020-08-25,105.99299621582031,106.56400299072266,105.88099670410156,105.99199676513672,0
2020-08-26,106.40499877929688,106.5510025024414,106.06300354003906,106.4219970703125,0
2020-08-27,105.85600280761719,106.552001953125,105.62300109863281,105.87100219726562,0
2020-08-28,106.63700103759766,106.93800354003906,105.2030029296875,106.65899658203125,0
2020-08-31,105.53500366210938,106.08100128173828,105.30699920654297,105.52400207519531,0
2020-09-01,106.00399780273438,106.13600158691406,105.5989990234375,105.98999786376953,0
2020-09-02,105.89600372314453,106.2969970703125,105.86399841308594,105.86399841308594,0
2020-09-03,106.20800018310547,106.53600311279297,106.04299926757812,106.20099639892578,0
2020-09-04,106.08599853515625,106.49500274658203,106.09100341796875,106.09100341796875,0
2020-09-07,106.31099700927734,106.37100219726562,106.13500213623047,106.29199981689453,0
2020-09-08,106.30500030517578,106.37799835205078,105.9000015258789,106.29399871826172,0
2020-09-09,105.96800231933594,106.25599670410156,105.81300354003906,105.95999908447266,0
2020-09-10,106.23100280761719,106.28299713134766,105.98799896240234,106.23799896240234,0
2020-09-11,106.14299774169922,106.24400329589844,106.08000183105469,106.1449966430664,0
2020-09-14,106.1449966430664,106.16300201416016,105.552001953125,106.12699890136719,0
2020-09-15,105.71499633789062,105.81500244140625,105.30000305175781,105.74400329589844,0
2020-09-16,105.38099670410156,105.39600372314453,104.80799865722656,105.38099670410156,0
2020-09-17,105.06199645996094,105.16400146484375,104.52400207519531,105.04900360107422,0
2020-09-18,104.697998046875,104.85900115966797,104.27300262451172,104.68900299072266,0
2020-09-21,104.53700256347656,104.76200103759766,104.00800323486328,104.53399658203125,0
2020-09-22,104.69000244140625,105.06600189208984,104.41100311279297,104.71900177001953,0
2020-09-23,105.03399658203125,105.37300109863281,104.91000366210938,105.06900024414062,0
2020-09-24,105.30400085449219,105.5199966430664,105.21499633789062,105.32499694824219,0
2020-09-25,105.43499755859375,105.697998046875,105.24700164794922,105.43599700927734,0
2020-09-28,105.5739974975586,105.65899658203125,105.26399993896484,105.58399963378906,0
2020-09-29,105.43299865722656,105.72200012207031,105.3479995727539,105.43900299072266,0
2020-09-30,105.66400146484375,105.7959976196289,105.40899658203125,105.66400146484375,0
2020-10-01,105.45099639892578,105.72200012207031,105.41799926757812,105.4489974975586,0
2020-10-02,105.54299926757812,105.66500091552734,104.96199798583984,105.56400299072266,0
2020-10-05,105.51000213623047,105.75299835205078,105.41000366210938,105.53500366210938,0
2020-10-06,105.70700073242188,105.73799896240234,105.51000213623047,105.7249984741211,0
2020-10-07,105.63999938964844,106.1050033569336,105.62699890136719,105.63800048828125,0
2020-10-08,105.96499633789062,106.08300018310547,105.9229965209961,105.9729995727539,0
2020-10-09,106.01799774169922,106.02100372314453,105.60800170898438,106.02100372314453,0
2020-10-12,105.63200378417969,105.6510009765625,105.24400329589844,105.63800048828125,0
2020-10-13,105.33899688720703,105.6259994506836,105.28800201416016,105.3479995727539,0
2020-10-14,105.47000122070312,105.51100158691406,105.03800201416016,105.4739990234375,0
2020-10-15,105.13899993896484,105.38800048828125,105.11199951171875,105.13899993896484,0
2020-10-16,105.36000061035156,105.43699645996094,105.19000244140625,105.3550033569336,0
2020-10-19,105.427001953125,105.49700164794922,105.30500030517578,105.43800354003906,0
2020-10-20,105.47000122070312,105.74500274658203,105.47000122070312,105.47000122070312,0
2020-10-21,105.47699737548828,105.4749984741211,104.3499984741211,105.4749984741211,0
2020-10-22,104.6760025024414,104.87999725341797,104.45999908447266,104.6510009765625,0
2020-10-23,104.9209976196289,104.90699768066406,104.55000305175781,104.90699768066406,0
2020-10-26,104.68299865722656,105.03900146484375,104.64900207519531,104.70700073242188,0
2020-10-27,104.83200073242188,104.83000183105469,104.39299774169922,104.80599975585938,0
2020-10-28,104.54499816894531,104.54199981689453,104.11499786376953,104.54100036621094,0
2020-10-29,104.31500244140625,104.7020034790039,104.02999877929688,104.31900024414062,0
2020-10-30,104.55400085449219,104.72100067138672,104.13899993896484,104.55799865722656,0
2020-11-02,104.58000183105469,104.94300079345703,104.61199951171875,104.61199951171875,0
2020-11-03,104.7249984741211,104.8010025024414,104.43699645996094,104.7239990234375,0
2020-11-04,104.5459976196289,105.34100341796875,104.16100311279297,104.50599670410156,0
2020-11-05,104.43800354003906,104.44999694824219,103.5739974975586,104.43599700927734,0
2020-11-06,103.60299682617188,103.75800323486328,103.18399810791016,103.59600067138672,0
2020-11-09,103.25299835205078,105.63600158691406,103.23999786376953,103.23999786376953,0
2020-11-10,105.13700103759766,105.47799682617188,104.8219985961914,105.16200256347656,0
2020-11-11,105.26000213623047,105.66000366210938,105.01200103759766,105.26300048828125,0
2020-11-12,105.41500091552734,105.47100067138672,105.10299682617188,105.42400360107422,0
2020-11-13,105.08999633789062,105.1449966430664,104.61100006103516,105.08499908447266,0
2020-11-16,104.6760025024414,105.09500122070312,104.36499786376953,104.66600036621094,0
2020-11-17,104.54100036621094,104.56400299072266,104.0739974975586,104.49500274658203,0
2020-11-18,104.18099975585938,104.15299987792969,103.66400146484375,104.15299987792969,0
2020-11-19,103.89399719238281,104.2040023803711,103.71900177001953,103.90399932861328,0
2020-11-20,103.82499694824219,103.90499877929688,103.70600128173828,103.79299926757812,0
2020-11-23,103.81700134277344,104.6240005493164,103.68699645996094,103.8239974975586,0
2020-11-24,104.5250015258789,104.74500274658203,104.14900207519531,104.55699920654297,0
2020-11-25,104.51300048828125,104.58499908447266,104.26799774169922,104.50599670410156,0
2020-11-26,104.4000015258789,104.39199829101562,104.22599792480469,104.37899780273438,0
2020-11-27,104.24199676513672,104.26699829101562,103.90699768066406,104.26399993896484,0
2020-11-30,104.08200073242188,104.38400268554688,103.83000183105469,104.10099792480469,0
2020-12-01,104.29900360107422,104.572998046875,104.18599700927734,104.3010025024414,0
2020-12-02,104.30899810791016,104.74700164794922,104.2249984741211,104.28900146484375,0
2020-12-03,104.45800018310547,104.53299713134766,103.67500305175781,104.45600128173828,0
2020-12-04,103.822998046875,104.24199676513672,103.73799896240234,103.8239974975586,0
2020-12-07,104.197998046875,104.30999755859375,103.92400360107422,104.20099639892578,0
2020-12-08,103.99800109863281,104.19200134277344,103.95999908447266,104.00800323486328,0
2020-12-09,104.13500213623047,104.3010025024414,104.0530014038086,104.13300323486328,0
2020-12-10,104.27200317382812,104.5739974975586,104.23200225830078,104.28700256347656,0
2020-12-11,104.18199920654297,104.16799926757812,103.82599639892578,104.16799926757812,0
2020-12-14,103.93900299072266,104.08300018310547,103.51399993896484,103.96199798583984,0
2020-12-15,104.01000213623047,104.14700317382812,103.68099975585938,104.01200103759766,0
2020-12-16,103.63400268554688,103.70999908447266,103.26200103759766,103.6510009765625,0
2020-12-17,103.4749984741211,103.54900360107422,102.89399719238281,103.46399688720703,0
2020-12-18,103.13099670410156,103.58999633789062,103.12899780273438,103.14900207519531,0
2020-12-21,103.45700073242188,103.88500213623047,103.25700378417969,103.4729995727539,0
2020-12-22,103.33999633789062,103.72200012207031,103.27899932861328,103.33699798583984,0
2020-12-23,103.53399658203125,103.63500213623047,103.36299896240234,103.5270004272461,0
2020-12-24,103.552001953125,103.75599670410156,103.5,103.5250015258789,0
2020-12-25,103.65299987792969,103.65499877929688,103.21399688720703,103.62100219726562,0
2020-12-28,103.53299713134766,103.89399719238281,103.4000015258789,103.5260009765625,0
2020-12-29,103.68900299072266,103.79100036621094,103.46600341796875,103.69100189208984,0
2020-12-30,103.55899810791016,103.56999969482422,102.96299743652344,103.552001953125,0
2020-12-31,103.12100219726562,103.27899932861328,103.00299835205078,103.13400268554688,0
2021-01-01,103.22599792480469,103.25,103.22599792480469,103.22599792480469,0
2021-01-04,103.23899841308594,103.24400329589844,102.70999908447266,103.24400329589844,0
2021-01-05,103.125,103.18000030517578,102.6719970703125,103.14199829101562,0
2021-01-06,102.6780014038086,103.43099975585938,102.58999633789062,102.69999694824219,0
2021-01-07,103.02400207519531,103.95099639892578,102.95600128173828,103.02799987792969,0
2021-01-08,103.79000091552734,104.0780029296875,103.61699676513672,103.79499816894531,0
2021-01-11,104.09100341796875,104.38899993896484,104.03700256347656,104.072998046875,0
2021-01-12,104.12799835205078,104.31900024414062,104.08999633789062,104.13200378417969,0
2021-01-13,103.75199890136719,103.98799896240234,103.54000091552734,103.74800109863281,0
2021-01-14,103.83699798583984,104.18800354003906,103.64199829101562,103.84500122070312,0
2021-01-15,103.8280029296875,103.88500213623047,103.62000274658203,103.83699798583984,0
2021-01-18,103.90799713134766,103.9229965209961,103.63899993896484,103.91200256347656,0
2021-01-19,103.7030029296875,104.08200073242188,103.6500015258789,103.69599914550781,0
2021-01-20,103.89700317382812,103.91799926757812,103.46299743652344,103.89800262451172,0
2021-01-21,103.55500030517578,103.65899658203125,103.32599639892578,103.55699920654297,0
2021-01-22,103.50599670410156,103.88200378417969,103.49500274658203,103.51200103759766,0
2021-01-25,103.7770004272461,103.93099975585938,103.677001953125,103.78700256347656,0
2021-01-26,103.76000213623047,103.8270034790039,103.55500030517578,103.76200103759766,0
2021-01-27,103.60299682617188,104.16799926757812,103.59300231933594,103.60299682617188,0
2021-01-28,104.14299774169922,104.4520034790039,104.13600158691406,104.13600158691406,0
2021-01-29,104.29100036621094,104.93499755859375,104.28900146484375,104.31199645996094,0
2021-02-01,104.68599700927734,104.98999786376953,104.6240005493164,104.71900177001953,0
2021-02-02,104.88099670410156,105.16200256347656,104.822998046875,104.87799835205078,0
2021-02-03,105.02799987792969,105.09700012207031,104.92400360107422,105.02200317382812,0
2021-02-04,104.99500274658203,105.49099731445312,104.9729995727539,104.99500274658203,0
2021-02-05,105.5719985961914,105.76300048828125,105.33100128173828,105.56800079345703,0
2021-02-08,105.4000015258789,105.66600036621094,105.15799713134766,105.39700317382812,0
2021-02-09,105.20999908447266,105.22699737548828,104.51200103759766,105.22699737548828,0
2021-02-10,104.57499694824219,104.83699798583984,104.41799926757812,104.58200073242188,0
2021-02-11,104.61499786376953,104.77999877929688,104.552001953125,104.61900329589844,0
2021-02-12,104.74099731445312,105.16999816894531,104.72000122070312,104.75499725341797,0
2021-02-15,105.05899810791016,105.40499877929688,104.98300170898438,105.06099700927734,0
2021-02-16,105.38700103759766,105.86799621582031,105.1989974975586,105.38500213623047,0
2021-02-17,106.10299682617188,106.20500183105469,105.81999969482422,106.12899780273438,0
2021-02-18,105.86100006103516,105.91799926757812,105.5989990234375,105.85600280761719,0
2021-02-19,105.6520004272461,105.72699737548828,105.25,105.66799926757812,0
2021-02-22,105.51399993896484,105.83599853515625,105.0,105.54299926757812,0
2021-02-23,104.98400115966797,105.41100311279297,104.9000015258789,105.01200103759766,0
2021-02-24,105.28299713134766,106.09400177001953,105.26799774169922,105.28700256347656,0
2021-02-25,105.94400024414062,106.28600311279297,105.8550033569336,105.94599914550781,0
2021-02-26,106.37899780273438,106.68199920654297,105.85700225830078,106.38999938964844,0
2021-03-01,106.50299835205078,106.77300262451172,106.3759994506836,106.4739990234375,0
2021-03-02,106.85099792480469,106.94999694824219,106.68800354003906,106.84600067138672,0
2021-03-03,106.75800323486328,107.13899993896484,106.70099639892578,106.75399780273438,0
2021-03-04,107.05799865722656,107.63500213623047,106.97000122070312,107.05899810791016,0
2021-03-05,107.95500183105469,108.60900115966797,107.82599639892578,107.96099853515625,0
2021-03-08,108.41899871826172,108.94000244140625,108.31400299072266,108.39600372314453,0
2021-03-09,108.93900299072266,109.22899627685547,108.55999755859375,108.9260025024414,0
2021-03-10,108.5770034790039,108.91999816894531,108.33899688720703,108.56400299072266,0
2021-03-11,108.43199920654297,108.802001953125,108.36299896240234,108.43599700927734,0
2021-03-12,108.55500030517578,109.14800262451172,108.51899719238281,108.5739974975586,0
2021-03-15,109.11699676513672,109.35600280761719,108.93099975585938,109.11399841308594,0
2021-03-16,109.13400268554688,109.2760009765625,108.78299713134766,109.11900329589844,0
2021-03-17,109.02899932861328,109.2760009765625,109.01399993896484,109.02300262451172,0
2021-03-18,108.89099884033203,109.28399658203125,108.69300079345703,108.91000366210938,0
2021-03-19,108.93099975585938,109.10099792480469,108.61199951171875,108.93199920654297,0
2021-03-22,108.87100219726562,108.947998046875,108.62100219726562,108.87799835205078,0
2021-03-23,108.7760009765625,108.86900329589844,108.41500091552734,108.7770004272461,0
2021-03-24,108.5199966430664,108.94100189208984,108.45500183105469,108.52300262451172,0
2021-03-25,108.79000091552734,109.18900299072266,108.78399658203125,108.78399658203125,0
2021-03-26,109.17900085449219,109.83399963378906,109.13899993896484,109.18199920654297,0
2021-03-29,109.79100036621094,109.77899932861328,109.38400268554688,109.77799987792969,0
2021-03-30,109.83599853515625,110.41899871826172,109.78800201416016,109.83000183105469,0
2021-03-31,110.30500030517578,110.9530029296875,110.27799987792969,110.29299926757812,0
2021-04-01,110.75,110.84500122070312,110.56300354003906,110.73799896240234,0
2021-04-02,110.61299896240234,110.74400329589844,110.38200378417969,110.62000274658203,0
2021-04-05,110.677001953125,110.71199798583984,109.95700073242188,110.66999816894531,0
2021-04-06,110.19300079345703,110.5479965209961,109.68900299072266,110.19400024414062,0
2021-04-07,109.79299926757812,109.93499755859375,109.59200286865234,109.78299713134766,0
2021-04-08,109.85199737548828,109.89399719238281,109.0009994506836,109.87799835205078,0
2021-04-09,109.33000183105469,109.9520034790039,109.22200012207031,109.32499694824219,0
2021-04-12,109.69400024414062,109.76100158691406,109.24700164794922,109.71900177001953,0
2021-04-13,109.3740005493164,109.74700164794922,109.04299926757812,109.37999725341797,0
2021-04-14,108.92400360107422,109.08000183105469,108.76499938964844,108.91699981689453,0
2021-04-15,108.89399719238281,108.95099639892578,108.625,108.88600158691406,0
2021-04-16,108.68900299072266,108.96099853515625,108.625,108.65499877929688,0
2021-04-19,108.71900177001953,108.75499725341797,108.00700378417969,108.69400024414062,0
2021-04-20,108.0979995727539,108.52200317382812,107.9800033569336,108.1050033569336,0
2021-04-21,108.13300323486328,108.2699966430664,107.89199829101562,108.13200378417969,0
2021-04-22,108.03900146484375,108.18599700927734,107.8239974975586,108.0270004272461,0
2021-04-23,107.97799682617188,108.12300109863281,107.47000122070312,107.93599700927734,0
2021-04-26,107.8740005493164,108.18699645996094,107.6520004272461,107.88099670410156,0
2021-04-27,108.2020034790039,108.56999969482422,108.10099792480469,108.18800354003906,0
2021-04-28,108.75,109.06999969482422,108.71299743652344,108.73799896240234,0
2021-04-29,108.50499725341797,109.21900177001953,108.43800354003906,108.50499725341797,0
2021-04-30,108.90399932861328,109.33300018310547,108.71299743652344,108.91500091552734,0
2021-05-03,109.28299713134766,109.69300079345703,108.90599822998047,109.29900360107422,0
2021-05-04,109.08699798583984,109.48100280761719,109.0469970703125,109.08599853515625,0
2021-05-05,109.3290023803711,109.46299743652344,109.1520004272461,109.32599639892578,0
2021-05-06,109.21900177001953,109.41899871826172,109.0459976196289,109.18900299072266,0
2021-05-07,109.05000305175781,109.27799987792969,108.34700012207031,109.01399993896484,0
2021-05-10,108.5719985961914,109.04499816894531,108.58799743652344,108.5999984741211,0
2021-05-11,108.84400177001953,108.96600341796875,108.37899780273438,108.83499908447266,0
2021-05-12,108.71499633789062,109.53600311279297,108.66400146484375,108.71900177001953,0
2021-05-13,109.66400146484375,109.7770004272461,109.47599792480469,109.7229995727539,0
2021-05-14,109.51599884033203,109.64399719238281,109.2300033569336,109.51899719238281,0
2021-05-17,109.41200256347656,109.49600219726562,109.06999969482422,109.41200256347656,0
2021-05-18,109.24199676513672,109.2760009765625,108.84400177001953,109.2760009765625,0
2021-05-19,108.86799621582031,109.322998046875,108.58399963378906,108.85700225830078,0
2021-05-20,109.27300262451172,109.28299713134766,108.75299835205078,109.26100158691406,0
2021-05-21,108.86000061035156,108.9739990234375,108.60900115966797,108.83100128173828,0
2021-05-24,108.91899871826172,108.98300170898438,108.697998046875,108.91500091552734,0
2021-05-25,108.85099792480469,109.05599975585938,108.5790023803711,108.8239974975586,0
2021-05-26,108.802001953125,109.13700103759766,108.7239990234375,108.79100036621094,0
2021-05-27,109.16999816894531,109.84200286865234,109.04100036621094,109.18900299072266,0
2021-05-28,109.80899810791016,110.19599914550781,109.79399871826172,109.84200286865234,0
2021-05-31,109.90699768066406,109.9280014038086,109.36599731445312,109.91899871826172,0
2021-06-01,109.49299621582031,109.69300079345703,109.33300018310547,109.47799682617188,0
2021-06-02,109.49299621582031,109.88300323486328,109.48300170898438,109.48300170898438,0
2021-06-03,109.59500122070312,110.30999755859375,109.58300018310547,109.59300231933594,0
2021-06-04,110.26599884033203,110.322998046875,109.37100219726562,110.28600311279297,0
2021-06-07,109.61699676513672,109.63200378417969,109.18499755859375,109.63200378417969,0
2021-06-08,109.27400207519531,109.5530014038086,109.20500183105469,109.28800201416016,0
2021-06-09,109.46900177001953,109.63700103759766,109.23400115966797,109.48799896240234,0
2021-06-10,109.61000061035156,109.78299713134766,109.43000030517578,109.6520004272461,0
2021-06-11,109.40899658203125,109.83599853515625,109.3239974975586,109.39299774169922,0
2021-06-14,109.70899963378906,109.99700164794922,109.61100006103516,109.74400329589844,0
2021-06-15,110.04100036621094,110.16200256347656,109.98999786376953,110.0250015258789,0
2021-06-16,110.08399963378906,110.13600158691406,109.81199645996094,110.07499694824219,0
2021-06-17,110.7699966430664,110.81700134277344,110.21099853515625,110.77999877929688,0
2021-06-18,110.32499694824219,110.4749984741211,109.9469985961914,110.30799865722656,0
2021-06-21,110.20099639892578,110.3280029296875,109.73600006103516,110.19200134277344,0
2021-06-22,110.3740005493164,110.78800201416016,110.22100067138672,110.38500213623047,0
2021-06-23,110.65399932861328,111.09100341796875,110.68499755859375,110.68499755859375,0
2021-06-24,111.01200103759766,111.09500122070312,110.70999908447266,110.98600006103516,0
2021-06-25,110.9209976196289,110.9749984741211,110.48200225830078,110.91699981689453,0
2021-06-28,110.8219985961914,110.97100067138672,110.50700378417969,110.80400085449219,0
2021-06-29,110.60299682617188,110.74600219726562,110.44200134277344,110.60399627685547,0
2021-06-30,110.53500366210938,111.06500244140625,110.42900085449219,110.52400207519531,0
2021-07-01,111.1240005493164,111.62200164794922,111.0260009765625,111.12899780273438,0
2021-07-02,111.5719985961914,111.65599822998047,111.15499877929688,111.58399963378906,0
2021-07-05,111.13500213623047,111.18399810791016,110.7979965209961,111.13999938964844,0
2021-07-06,110.91600036621094,110.91200256347656,110.5260009765625,110.90699768066406,0
2021-07-07,110.60199737548828,110.80699920654297,110.4020004272461,110.56999969482422,0
2021-07-08,110.63500213623047,110.62200164794922,109.53500366210938,110.62200164794922,0
2021-07-09,109.8010025024414,110.24600219726562,109.76699829101562,109.78800201416016,0
2021-07-12,110.21499633789062,110.38899993896484,109.98200225830078,110.20800018310547,0
2021-07-13,110.32499694824219,110.55000305175781,110.2020034790039,110.3280029296875,0
2021-07-14,110.59500122070312,110.69400024414062,109.98500061035156,110.59600067138672,0
2021-07-15,109.98400115966797,110.08200073242188,109.71600341796875,109.99400329589844,0
2021-07-16,109.77799987792969,110.33599853515625,109.73300170898438,109.75700378417969,0
2021-07-19,109.8740005493164,110.0250015258789,109.08599853515625,109.90399932861328,0
2021-07-20,109.53399658203125,109.9540023803711,109.33399963378906,109.5270004272461,0
2021-07-21,109.91999816894531,110.38300323486328,109.80699920654297,109.9260025024414,0
2021-07-22,110.25499725341797,110.3479995727539,110.02400207519531,110.23899841308594,0
2021-07-23,110.13999938964844,110.58300018310547,110.11499786376953,110.12899780273438,0
2021-07-26,110.54399871826172,110.58000183105469,110.1259994506836,110.54299926757812,0
2021-07-27,110.302001953125,110.31900024414062,109.625,110.30699920654297,0
2021-07-28,109.80599975585938,110.21600341796875,109.74700164794922,109.78399658203125,0
2021-07-29,109.89099884033203,109.88899993896484,109.47100067138672,109.87899780273438,0
2021-07-30,109.40899658203125,109.79299926757812,109.36699676513672,109.39099884033203,0
2021-08-02,109.70600128173828,109.74400329589844,109.19599914550781,109.69400024414062,0
2021-08-03,109.26899719238281,109.33100128173828,108.87799835205078,109.27200317382812,0
2021-08-04,108.99099731445312,109.64600372314453,108.72899627685547,108.98600006103516,0
2021-08-05,109.52899932861328,109.77799987792969,109.40799713134766,109.53500366210938,0
2021-08-06,109.75199890136719,110.34500122070312,109.7020034790039,109.7509994506836,0
2021-08-09,110.25900268554688,110.31099700927734,110.02799987792969,110.26100158691406,0
2021-08-10,110.30599975585938,110.58599853515625,110.3030014038086,110.31800079345703,0
2021-08-11,110.5979995727539,110.8030014038086,110.38700103759766,110.5989990234375,0
2021-08-12,110.3740005493164,110.5260009765625,110.31600189208984,110.36499786376953,0
2021-08-13,110.40299987792969,110.45500183105469,109.73500061035156,110.41200256347656,0
2021-08-16,109.6240005493164,109.59400177001953,109.11299896240234,109.59400177001953,0
2021-08-17,109.2969970703125,109.64800262451172,109.13800048828125,109.302001953125,0
2021-08-18,109.53700256347656,109.94400024414062,109.48300170898438,109.54100036621094,0
2021-08-19,109.84200286865234,110.20999908447266,109.49299621582031,109.85199737548828,0
2021-08-20,109.76799774169922,109.88500213623047,109.5780029296875,109.78199768066406,0
2021-08-23,109.83999633789062,110.13999938964844,109.7300033569336,109.86399841308594,0
2021-08-24,109.6780014038086,109.87699890136719,109.4219970703125,109.6719970703125,0
2021-08-25,109.7300033569336,110.0999984741211,109.68499755859375,109.74199676513672,0
2021-08-26,109.97599792480469,110.22200012207031,109.9260025024414,109.99700164794922,0
2021-08-27,110.0479965209961,110.25700378417969,109.83599853515625,110.03800201416016,0
2021-08-30,109.86499786376953,109.95600128173828,109.70600128173828,109.84100341796875,0
2021-08-31,109.94400024414062,110.06700134277344,109.60299682617188,109.93900299072266,0
2021-09-01,110.05599975585938,110.41000366210938,109.88300323486328,110.06199645996094,0
2021-09-02,110.09600067138672,110.10600280761719,109.9280014038086,110.10600280761719,0
2021-09-03,109.94499969482422,110.06600189208984,109.60399627685547,109.94499969482422,0
2021-09-06,109.76399993896484,109.93099975585938,109.7490005493164,109.77799987792969,0
2021-09-07,109.81999969482422,110.2509994506836,109.68699645996094,109.81900024414062,0
2021-09-08,110.2959976196289,110.44000244140625,110.13999938964844,110.28900146484375,0
2021-09-09,110.21800231933594,110.26799774169922,109.75299835205078,110.22000122070312,0
2021-09-10,109.78099822998047,109.98400115966797,109.70099639892578,109.77400207519531,0
2021-09-13,109.91500091552734,110.15599822998047,109.89900207519531,109.90899658203125,0
2021-09-14,109.99400329589844,110.14399719238281,109.61900329589844,109.99099731445312,0
2021-09-15,109.71900177001953,109.71700286865234,109.11399841308594,109.71199798583984,0
2021-09-16,109.38300323486328,109.8239974975586,109.21499633789062,109.39099884033203,0
2021-09-17,109.6989974975586,110.0719985961914,109.66799926757812,109.68599700927734,0
2021-09-20,109.97100067138672,110.03299713134766,109.43000030517578,109.9800033569336,0
2021-09-21,109.43699645996094,109.69499969482422,109.19000244140625,109.43399810791016,0
2021-09-22,109.14900207519531,109.63999938964844,109.12999725341797,109.15399932861328,0
2021-09-23,109.8219985961914,110.19499969482422,109.79199981689453,109.80899810791016,0
2021-09-24,110.32599639892578,110.73899841308594,110.31099700927734,110.322998046875,0
2021-09-27,110.76399993896484,111.05500030517578,110.53399658203125,110.75,0
2021-09-28,110.96399688720703,111.62899780273438,110.93699645996094,110.96199798583984,0
2021-09-29,111.52799987792969,111.91699981689453,111.21900177001953,111.51300048828125,0
2021-09-30,111.93599700927734,112.06800079345703,111.41400146484375,111.9219970703125,0
2021-10-01,111.46099853515625,111.4800033569336,110.91200256347656,111.46399688720703,0
2021-10-04,110.9469985961914,111.2979965209961,110.84200286865234,110.96299743652344,0
2021-10-05,110.96800231933594,111.5530014038086,110.8759994506836,110.96900177001953,0
2021-10-06,111.48699951171875,111.77300262451172,111.20500183105469,111.5199966430664,0
2021-10-07,111.41300201416016,111.5459976196289,111.24299621582031,111.40699768066406,0
2021-10-08,111.66200256347656,112.177001953125,111.52200317382812,111.6729965209961,0
2021-10-11,112.2699966430664,113.38400268554688,112.18299865722656,112.27200317382812,0
2021-10-12,113.38800048828125,113.7770004272461,113.01699829101562,113.41100311279297,0
2021-10-13,113.51899719238281,113.78800201416016,113.24800109863281,113.53600311279297,0
2021-10-14,113.3010025024414,113.70700073242188,113.27799987792969,113.2959976196289,0
2021-10-15,113.83399963378906,114.4469985961914,113.81600189208984,113.83599853515625,0
2021-10-18,114.3239974975586,114.43599700927734,114.0199966430664,114.30899810791016,0
2021-10-19,114.28500366210938,114.34600067138672,113.88300323486328,114.29100036621094,0
2021-10-20,114.54299926757812,114.68499755859375,114.14099884033203,114.5270004272461,0
2021-10-21,114.38899993896484,114.38999938964844,113.6719970703125,114.38300323486328,0
2021-10-22,113.8499984741211,114.18499755859375,113.51499938964844,113.8479995727539,0
2021-10-25,113.66400146484375,113.89600372314453,113.48999786376953,113.63800048828125,0
2021-10-26,113.76499938964844,114.2979965209961,113.7249984741211,113.75599670410156,0
2021-10-27,114.18800354003906,114.21499633789062,113.41699981689453,114.1780014038086,0
2021-10-28,113.7760009765625,113.85600280761719,113.25499725341797,113.77100372314453,0
2021-10-29,113.61599731445312,114.08599853515625,113.3949966430664,113.64399719238281,0
2021-11-01,114.23600006103516,114.43399810791016,114.02999877929688,114.21800231933594,0
2021-11-02,114.09400177001953,114.13400268554688,113.46600341796875,114.08399963378906,0
2021-11-03,113.96199798583984,114.14199829101562,113.72200012207031,113.96700286865234,0
2021-11-04,114.06999969482422,114.27300262451172,113.5270004272461,114.06600189208984,0
2021-11-05,113.83699798583984,114.0,113.4280014038086,113.82499694824219,0
2021-11-08,113.4749984741211,113.66200256347656,113.08200073242188,113.46299743652344,0
2021-11-09,113.25399780273438,113.25299835205078,112.73100280761719,113.24299621582031,0
2021-11-10,112.91200256347656,113.93599700927734,112.77400207519531,112.91300201416016,0
2021-11-11,113.90499877929688,114.12699890136719,113.81400299072266,113.92900085449219,0
2021-11-12,114.04299926757812,114.2979965209961,113.77100372314453,114.0479965209961,0
2021-11-15,113.98100280761719,114.04100036621094,113.76000213623047,113.99099731445312,0
2021-11-16,114.13200378417969,114.63099670410156,114.11000061035156,114.13099670410156,0
2021-11-17,114.90399932861328,114.94200134277344,114.33000183105469,114.91600036621094,0
2021-11-18,114.19000244140625,114.4749984741211,113.88400268554688,114.20999908447266,0
2021-11-19,114.28199768066406,114.52100372314453,113.60399627685547,114.31999969482422,0
2021-11-22,114.13800048828125,114.80699920654297,114.01899719238281,114.13899993896484,0
2021-11-23,114.79000091552734,115.14600372314453,114.55000305175781,114.802001953125,0
2021-11-24,115.14099884033203,115.47599792480469,114.8290023803711,115.15699768066406,0
2021-11-25,115.40799713134766,115.43599700927734,115.23600006103516,115.41400146484375,0
2021-11-26,115.06900024414062,115.10199737548828,113.05599975585938,115.10199737548828,0
2021-11-29,113.71900177001953,113.93399810791016,113.03500366210938,113.70500183105469,0
2021-11-30,113.80400085449219,113.88500213623047,112.54299926757812,113.80699920654297,0
2021-12-01,113.29900360107422,113.61299896240234,112.77400207519531,113.26300048828125,0
2021-12-02,112.88200378417969,113.30899810791016,112.71399688720703,112.86299896240234,0
2021-12-03,113.02200317382812,113.60600280761719,112.86000061035156,113.0260009765625,0
2021-12-06,113.04199981689453,113.48200225830078,112.85600280761719,113.01100158691406,0
2021-12-07,113.45800018310547,113.77300262451172,113.41000366210938,113.48600006103516,0
2021-12-08,113.5250015258789,113.93000030517578,113.3239974975586,113.51599884033203,0
2021-12-09,113.68399810791016,113.80599975585938,113.28399658203125,113.71399688720703,0
2021-12-10,113.447998046875,113.78600311279297,113.23699951171875,113.43800354003906,0
2021-12-13,113.5009994506836,113.72100067138672,113.38600158691406,113.51000213623047,0
2021-12-14,113.5770034790039,113.7490005493164,113.43900299072266,113.5739974975586,0
2021-12-15,113.74299621582031,113.89700317382812,113.63099670410156,113.73899841308594,0
2021-12-16,114.13600158691406,114.24500274658203,113.56400299072266,114.15599822998047,0
2021-12-17,113.66300201416016,113.84500122070312,113.1510009765625,113.68000030517578,0
2021-12-20,113.51799774169922,113.68499755859375,113.33100128173828,113.5510025024414,0
2021-12-21,113.66200256347656,114.16300201416016,113.56700134277344,113.65899658203125,0
2021-12-22,113.99400329589844,114.36199951171875,114.0009994506836,114.01499938964844,0
2021-12-23,114.12100219726562,114.44100189208984,114.10700225830078,114.1240005493164,0
2021-12-24,114.45800018310547,114.50499725341797,114.29900360107422,114.45700073242188,0
2021-12-27,114.33300018310547,114.9010009765625,114.31900024414062,114.33799743652344,0
2021-12-28,114.79199981689453,114.93399810791016,114.70899963378906,114.78800201416016,0
2021-12-29,114.77300262451172,115.03199768066406,114.6729965209961,114.76699829101562,0
2021-12-30,114.947998046875,115.19999694824219,114.9469985961914,114.95700073242188,0
2021-12-31,115.06300354003906,115.19200134277344,115.00499725341797,115.05899810791016,0
2022-01-03,115.14199829101562,115.36000061035156,114.9739990234375,115.13600158691406,0
2022-01-04,115.3280029296875,116.33999633789062,115.29900360107422,115.31600189208984,0
2022-01-05,116.17400360107422,116.23500061035156,115.62699890136719,116.16500091552734,0
2022-01-06,116.12799835205078,116.17900085449219,115.65399932861328,116.12899780273438,0
2022-01-07,115.86499786376953,116.02999877929688,115.59100341796875,115.87000274658203,0
2022-01-10,115.61799621582031,115.84200286865234,115.04499816894531,115.62200164794922,0
2022-01-11,115.27799987792969,115.6760025024414,115.13700103759766,115.28299713134766,0
2022-01-12,115.33100128173828,115.45899963378906,114.71499633789062,115.33100128173828,0
2022-01-13,114.67500305175781,114.69200134277344,114.00599670410156,114.66999816894531,0
2022-01-14,114.11799621582031,114.1709976196289,113.50499725341797,114.10099792480469,0
2022-01-17,114.30599975585938,114.63600158691406,114.28399658203125,114.30599975585938,0
2022-01-18,114.57099914550781,115.03099822998047,114.44999694824219,114.57099914550781,0
2022-01-19,114.55400085449219,114.76799774169922,114.22100067138672,114.55599975585938,0
2022-01-20,114.34700012207031,114.53099822998047,113.97799682617188,114.34700012207031,0
2022-01-21,113.99299621582031,114.01799774169922,113.61900329589844,113.94599914550781,0
2022-01-24,113.78500366210938,113.98999786376953,113.48899841308594,113.78600311279297,0
2022-01-25,114.01100158691406,114.14399719238281,113.67500305175781,114.01499938964844,0
2022-01-26,113.875,114.37699890136719,113.78800201416016,113.89099884033203,0
2022-01-27,114.72100067138672,115.48100280761719,114.48600006103516,114.71700286865234,0
2022-01-28,115.35199737548828,115.66999816894531,115.13700103759766,115.36799621582031,0
2022-01-31,115.26200103759766,115.5770034790039,115.1760025024414,115.23899841308594,0
2022-02-01,115.12100219726562,115.19200134277344,114.56800079345703,115.14399719238281,0
2022-02-02,114.73600006103516,114.7959976196289,114.19300079345703,114.7249984741211,0
2022-02-03,114.38200378417969,114.96900177001953,114.32599639892578,114.36799621582031,0
2022-02-04,114.95700073242188,115.4260025024414,114.78099822998047,114.96900177001953,0
2022-02-07,115.2239990234375,115.37300109863281,114.91899871826172,115.24600219726562,0
2022-02-08,115.06300354003906,115.61799621582031,115.06600189208984,115.06600189208984,0
2022-02-09,115.53099822998047,115.58300018310547,115.31900024414062,115.54199981689453,0
2022-02-10,115.60199737548828,116.3239974975586,115.48500061035156,115.5999984741211,0
2022-02-11,116.0469970703125,116.16600036621094,115.7760009765625,116.04900360107422,0
2022-02-14,115.58399963378906,115.7239990234375,115.0199966430664,115.55899810791016,0
2022-02-15,115.53600311279297,115.86900329589844,115.25599670410156,115.54199981689453,0
2022-02-16,115.63500213623047,115.77400207519531,115.39099884033203,115.63999938964844,0
2022-02-17,115.38700103759766,115.52799987792969,114.86100006103516,115.39399719238281,0
2022-02-18,114.86599731445312,115.26399993896484,114.78700256347656,114.85600280761719,0
2022-02-21,114.96099853515625,115.10600280761719,114.79900360107422,114.95600128173828,0
2022-02-22,114.60900115966797,115.23200225830078,114.5260009765625,114.58300018310547,0
2022-02-23,115.09600067138672,115.18499755859375,114.96700286865234,115.10199737548828,0
2022-02-24,114.89800262451172,115.6259994506836,114.41400146484375,114.91600036621094,0
2022-02-25,115.57099914550781,115.63099670410156,115.1520004272461,115.5469970703125,0
2022-02-28,115.58499908447266,115.64700317382812,115.09300231933594,115.58799743652344,0
2022-03-01,115.0780029296875,115.26499938964844,114.71900177001953,115.08200073242188,0
2022-03-02,114.83300018310547,115.68000030517578,114.79499816894531,114.81500244140625,0
2022-03-03,115.51899719238281,115.80000305175781,115.49500274658203,115.49700164794922,0
2022-03-04,115.4739990234375,115.53299713134766,114.6510009765625,115.4800033569336,0
2022-03-07,114.94999694824219,115.47100067138672,114.84200286865234,114.93699645996094,0
2022-03-08,115.37300109863281,115.7760009765625,115.33200073242188,115.36900329589844,0
2022-03-09,115.72200012207031,115.94100189208984,115.5790023803711,115.74199676513672,0
2022-03-10,115.90899658203125,116.19000244140625,115.81999969482422,115.91100311279297,0
2022-03-11,116.17900085449219,117.16400146484375,116.1500015258789,116.15899658203125,0
2022-03-14,117.52899932861328,118.05899810791016,117.46700286865234,117.50399780273438,0
2022-03-15,118.21800231933594,118.43399810791016,117.74500274658203,118.21800231933594,0
2022-03-16,118.29199981689453,118.5009994506836,118.1719970703125,118.31199645996094,0
2022-03-17,118.87000274658203,118.99800109863281,118.4219970703125,118.89099884033203,0
2022-03-18,118.48600006103516,119.38899993896484,118.48500061035156,118.48500061035156,0
2022-03-21,119.26300048828125,119.29299926757812,119.0999984741211,119.26100158691406,0
2022-03-22,119.59400177001953,120.97599792480469,119.59400177001953,119.59400177001953,0
2022-03-23,121.33999633789062,121.29900360107422,120.62799835205078,121.26499938964844,0
2022-03-24,121.12699890136719,122.10299682617188,120.9800033569336,121.13800048828125,0
2022-03-25,122.34600067138672,122.3499984741211,121.21700286865234,122.3499984741211,0
2022-03-28,122.2699966430664,125.05500030517578,122.15899658203125,122.2699966430664,0
2022-03-29,123.66000366210938,124.20899963378906,122.05799865722656,123.66000366210938,0
2022-03-30,123.125,123.02300262451172,121.31600189208984,123.125,0
2022-03-31,122.02100372314453,122.41600036621094,121.29100036621094,122.02100372314453,0
2022-04-01,121.75599670410156,122.99700164794922,121.74299621582031,121.75599670410156,0
2022-04-04,122.61000061035156,122.9280014038086,122.28800201416016,122.61000061035156,0
2022-04-05,122.80899810791016,123.4990005493164,122.41999816894531,122.80899810791016,0
2022-04-06,123.65599822998047,124.04399871826172,123.58799743652344,123.65599822998047,0
2022-04-07,123.7229995727539,123.99500274658203,123.50800323486328,123.7229995727539,0
2022-04-08,124.09600067138672,124.6500015258789,123.68299865722656,124.09600067138672,0
2022-04-11,124.38500213623047,125.76100158691406,124.302001953125,124.38500213623047,0
2022-04-12,125.47200012207031,125.74299621582031,124.87300109863281,125.47200012207031,0
2022-04-13,125.41600036621094,126.2969970703125,125.37100219726562,125.41600036621094,0
2022-04-14,125.37699890136719,125.98799896240234,125.13099670410156,125.37699890136719,0
2022-04-15,126.17900085449219,126.6709976196289,126.06900024414062,126.17900085449219,0
2022-04-18,126.61799621582031,126.79000091552734,126.26300048828125,126.61799621582031,0
2022-04-19,127.0979995727539,128.86099243164062,127.03900146484375,127.0979995727539,0
2022-04-20,129.33299255371094,129.37399291992188,127.51100158691406,129.33299255371094,0
2022-04-21,128.01300048828125,128.6959991455078,127.8270034790039,128.01300048828125,0
2022-04-22,128.4080047607422,129.0590057373047,127.80699920654297,128.4080047607422,0
2022-04-25,128.60499572753906,128.82200622558594,127.5250015258789,128.60499572753906,0
2022-04-26,127.74400329589844,128.18800354003906,127.04399871826172,127.74400329589844,0
2022-04-27,127.26599884033203,128.5780029296875,127.25900268554688,127.26599884033203,0
2022-04-28,128.3939971923828,131.2209930419922,128.3679962158203,128.3939971923828,0
2022-04-29,130.81100463867188,130.80999755859375,129.4600067138672,130.81100463867188,0
2022-05-02,130.01100158691406,130.4709930419922,129.61599731445312,130.01100158691406,0
2022-05-03,130.11199951171875,130.27999877929688,129.718994140625,130.11199951171875,0
2022-05-04,130.11599731445312,130.197998046875,129.80299377441406,130.11599731445312,0
2022-05-05,129.22300720214844,130.4320068359375,128.77499389648438,129.22300720214844,0
2022-05-06,130.3300018310547,130.80499267578125,130.2209930419922,130.3300018310547,0
2022-05-09,130.74899291992188,131.3249969482422,130.14999389648438,130.74899291992188,0
2022-05-10,130.3769989013672,130.5279998779297,129.81500244140625,130.3769989013672,0
2022-05-11,130.3509979248047,130.7830047607422,129.61199951171875,130.3509979248047,0
2022-05-12,129.8350067138672,129.8979949951172,127.58499908447266,129.8350067138672,0
2022-05-13,128.58799743652344,129.43699645996094,128.36599731445312,128.58799743652344,0
2022-05-16,129.4320068359375,129.60400390625,128.70599365234375,129.4320068359375,0
2022-05-17,128.92300415039062,129.75,128.83999633789062,128.92300415039062,0
2022-05-18,129.45399475097656,129.43299865722656,128.1199951171875,129.45399475097656,0
2022-05-19,127.91400146484375,128.93800354003906,127.02899932861328,127.91400146484375,0
2022-05-20,127.83200073242188,128.28399658203125,127.53700256347656,127.83200073242188,0
2022-05-23,127.90299987792969,127.93299865722656,127.16699981689453,127.90299987792969,0
2022-05-24,127.84600067138672,128.0500030517578,126.39199829101562,127.84600067138672,0
2022-05-25,126.76899719238281,127.41500091552734,126.67500305175781,126.76899719238281,0
2022-05-26,127.1520004272461,127.55999755859375,126.56900024414062,127.1520004272461,0
2022-05-27,127.04499816894531,127.21099853515625,126.677001953125,127.04499816894531,0
2022-05-30,127.28500366210938,127.80599975585938,126.87000274658203,127.28500366210938,0
2022-05-31,127.78399658203125,128.8780059814453,127.65299987792969,127.78399658203125,0
2022-06-01,128.73599243164062,130.11599731445312,128.8000030517578,128.73599243164062,0
2022-06-02,130.1219940185547,130.18099975585938,129.52699279785156,130.1219940185547,0
2022-06-03,129.91799926757812,130.9709930419922,129.69500732421875,129.91799926757812,0
2022-06-06,130.70700073242188,131.67599487304688,130.47300720214844,130.70700073242188,0
2022-06-07,132.17599487304688,132.98800659179688,132.0970001220703,132.17599487304688,0
2022-06-08,132.8470001220703,134.43600463867188,132.73300170898438,132.8470001220703,0
2022-06-09,134.42999267578125,134.5540008544922,133.1909942626953,134.42999267578125,0
2022-06-10,134.41799926757812,134.38099670410156,133.38699340820312,134.41799926757812,0
2022-06-13,134.81399536132812,135.1580047607422,133.60899353027344,134.81399536132812,0
2022-06-14,134.22500610351562,134.96800231933594,133.89999389648438,134.22500610351562,0
2022-06-15,135.29400634765625,135.28500366210938,134.2969970703125,135.29400634765625,0
2022-06-16,134.11500549316406,134.6719970703125,131.5469970703125,134.11500549316406,0
2022-06-17,132.42100524902344,135.41200256347656,132.18699645996094,132.42100524902344,0
2022-06-20,135.2760009765625,135.41200256347656,134.5489959716797,135.2760009765625,0
2022-06-21,135.08700561523438,136.32899475097656,134.94500732421875,135.08700561523438,0
2022-06-22,136.2689971923828,136.59500122070312,135.75100708007812,136.2689971923828,0
2022-06-23,136.0240020751953,136.18099975585938,134.29400634765625,136.0240020751953,0
2022-06-24,134.83999633789062,135.27200317382812,134.3699951171875,134.83999633789062,0
2022-06-27,135.06199645996094,135.53900146484375,134.53500366210938,135.06199645996094,0
2022-06-28,135.43499755859375,136.30299377441406,135.12399291992188,135.43499755859375,0
2022-06-29,136.0469970703125,136.9969940185547,135.81100463867188,136.0469970703125,0
2022-06-30,136.58900451660156,136.7989959716797,135.68699645996094,136.58900451660156,0
2022-07-01,135.78599548339844,135.9770050048828,134.79600524902344,135.78599548339844,0
2022-07-04,135.04299926757812,135.77099609375,134.79800415039062,135.04299926757812,0
2022-07-05,135.83999633789062,136.34500122070312,135.55499267578125,135.83999633789062,0
2022-07-06,135.52099609375,135.96200561523438,134.97500610351562,135.52099609375,0
2022-07-07,135.96600341796875,136.20399475097656,135.57000732421875,135.96600341796875,0
2022-07-08,135.91299438476562,136.54400634765625,135.35699462890625,135.91299438476562,0
2022-07-11,136.30099487304688,137.7449951171875,136.27000427246094,136.30099487304688,0
2022-07-12,137.38800048828125,137.5019989013672,136.49600219726562,137.38800048828125,0
2022-07-13,136.7259979248047,137.85800170898438,136.7310028076172,136.7259979248047,0
2022-07-14,137.6280059814453,139.3769989013672,137.60499572753906,137.6280059814453,0
2022-07-15,138.9669952392578,139.07400512695312,138.4040069580078,138.9669952392578,0
2022-07-18,138.31399536132812,138.43699645996094,137.89599609375,138.31399536132812,0
2022-07-19,138.22900390625,138.38699340820312,137.38600158691406,138.22900390625,0
2022-07-20,138.1909942626953,138.36500549316406,137.91400146484375,138.1909942626953,0
2022-07-21,138.39500427246094,138.86700439453125,137.7220001220703,138.39500427246094,0
2022-07-22,137.09800720214844,137.93899536132812,135.5959930419922,137.09800720214844,0
2022-07-25,136.31199645996094,136.7830047607422,135.93600463867188,136.31199645996094,0
2022-07-26,136.43099975585938,136.83399963378906,136.29200744628906,136.43099975585938,0
2022-07-27,136.97000122070312,137.34300231933594,136.55099487304688,136.97000122070312,0
2022-07-28,136.11099243164062,136.41099548339844,134.35499572753906,136.11099243164062,0
2022-07-29,134.39700317382812,134.64999389648438,132.552001953125,134.39700317382812,0
2022-08-01,133.40699768066406,133.36500549316406,131.6219940185547,133.40699768066406,0
2022-08-02,131.57200622558594,132.36599731445312,130.42999267578125,131.57200622558594,0
2022-08-03,133.37899780273438,134.52999877929688,132.34100341796875,133.37899780273438,0
2022-08-04,133.96200561523438,134.38800048828125,133.07000732421875,133.96200561523438,0
2022-08-05,132.62100219726562,135.45599365234375,132.58999633789062,132.62100219726562,0
2022-08-08,135.0570068359375,135.51800537109375,134.3820037841797,135.0570068359375,0
2022-08-09,134.83999633789062,135.1699981689453,134.68600463867188,134.83999633789062,0
2022-08-10,135.18699645996094,135.2949981689453,132.06300354003906,135.18699645996094,0
2022-08-11,132.8300018310547,133.30499267578125,131.78599548339844,132.8300018310547,0
2022-08-12,132.99400329589844,133.86900329589844,132.9199981689453,132.99400329589844,0
2022-08-15,133.28799438476562,133.53599548339844,132.58399963378906,133.28799438476562,0
2022-08-16,133.14300537109375,134.6540069580078,132.9739990234375,133.14300537109375,0
2022-08-17,134.27699279785156,135.48899841308594,133.92300415039062,134.27699279785156,0
2022-08-18,134.94400024414062,135.40699768066406,134.6540069580078,134.94400024414062,0
2022-08-19,135.7949981689453,137.1999969482422,135.83399963378906,135.7949981689453,0
2022-08-22,137.04100036621094,137.64700317382812,136.73699951171875,137.04100036621094,0
2022-08-23,137.54600524902344,137.6929931640625,135.8820037841797,137.54600524902344,0
2022-08-24,136.73300170898438,137.22500610351562,136.1929931640625,136.73300170898438,0
2022-08-25,137.08099365234375,137.17999267578125,136.3260040283203,137.08099365234375,0
2022-08-26,136.56300354003906,137.43299865722656,136.36000061035156,136.56300354003906,0
2022-08-29,137.52000427246094,138.9949951171875,138.09800720214844,137.6300048828125,0
2022-08-30,138.5959930419922,139.05599975585938,138.05299377441406,138.5959930419922,0
2022-08-31,138.73399353027344,138.87600708007812,138.2760009765625,138.73399353027344,0
2022-09-01,139.29600524902344,140.21800231933594,139.08599853515625,139.29600524902344,0
2022-09-02,140.08099365234375,140.7949981689453,139.8780059814453,140.08099365234375,0
2022-09-05,140.48699951171875,140.64700317382812,140.12899780273438,140.48699951171875,0
2022-09-06,140.42999267578125,142.96800231933594,140.2519989013672,140.42999267578125,0
2022-09-07,143.1510009765625,144.98199462890625,142.97999572753906,143.1510009765625,0
2022-09-08,144.1280059814453,144.50399780273438,143.33799743652344,144.1280059814453,0
2022-09-09,143.8560028076172,143.94700622558594,141.50599670410156,143.8560028076172,0
2022-09-12,142.5959930419922,143.48599243164062,142.2570037841797,142.5959930419922,0
2022-09-13,142.5850067138672,144.677001953125,141.89599609375,142.5850067138672,0
2022-09-14,144.4040069580078,144.8260040283203,142.5570068359375,144.4040069580078,0
2022-09-15,142.92300415039062,143.79400634765625,142.9499969482422,142.92300415039062,0
2022-09-16,143.36500549316406,143.6719970703125,142.87100219726562,143.36500549316406,0
2022-09-19,142.76499938964844,143.63400268554688,142.6959991455078,142.76499938964844,0
2022-09-20,143.22300720214844,143.9010009765625,142.96200561523438,143.22300720214844,0
2022-09-21,143.6020050048828,144.18699645996094,143.3780059814453,143.6020050048828,0
2022-09-22,144.3159942626953,145.88299560546875,140.39700317382812,144.3159942626953,0
2022-09-23,142.27999877929688,143.31700134277344,141.78199768066406,142.27999877929688,0
2022-09-26,143.51100158691406,144.48599243164062,143.43800354003906,143.51100158691406,0
2022-09-27,144.45899963378906,144.83999633789062,144.08200073242188,144.45899963378906,0
2022-09-28,144.6909942626953,144.8179931640625,144.1479949951172,144.6909942626953,0
2022-09-29,144.3979949951172,144.78500366210938,144.2100067138672,144.3979949951172,0
2022-09-30,144.43099975585938,144.77999877929688,144.21400451660156,144.43099975585938,0
2022-10-03,144.8159942626953,145.2779998779297,144.16099548339844,144.8159942626953,0
2022-10-04,144.5189971923828,144.92100524902344,144.31900024414062,144.5189971923828,0
2022-10-05,143.78700256347656,144.843994140625,143.55599975585938,143.78700256347656,0
2022-10-06,144.44900512695312,145.13299560546875,144.38699340820312,144.44900512695312,0
2022-10-07,145.03900146484375,145.3260040283203,144.75999450683594,145.03900146484375,0
2022-10-10,145.48199462890625,145.8179931640625,145.23599243164062,145.48199462890625,0
2022-10-11,145.6739959716797,145.8459930419922,145.5050048828125,145.6739959716797,0
2022-10-12,145.8699951171875,146.96099853515625,145.87899780273438,145.8699951171875,0
2022-10-13,146.73699951171875,147.6009979248047,146.66299438476562,146.73699951171875,0
2022-10-14,147.29299926757812,148.49200439453125,147.11000061035156,147.29299926757812,0
2022-10-17,148.6320037841797,148.88999938964844,148.43099975585938,148.6320037841797,0
2022-10-18,148.9709930419922,149.28500366210938,148.6929931640625,148.9709930419922,0
2022-10-19,149.20899963378906,149.781005859375,149.12399291992188,149.20899963378906,0
2022-10-20,149.8209991455078,149.98899841308594,149.56700134277344,149.8209991455078,0
2022-10-21,150.17599487304688,151.93699645996094,146.32000732421875,150.17599487304688,0
2022-10-24,147.81900024414062,149.45199584960938,147.8090057373047,147.81900024414062,0
2022-10-25,148.88699340820312,148.99600219726562,147.55499267578125,148.88699340820312,0
2022-10-26,147.97999572753906,148.4029998779297,146.40899658203125,147.97999572753906,0
2022-10-27,146.13400268554688,146.86099243164062,145.156005859375,146.13400268554688,0
2022-10-28,146.2740020751953,147.84800720214844,146.0279998779297,146.2740020751953,0
2022-10-31,147.81199645996094,148.8419952392578,147.75,147.81199645996094,0
2022-11-01,148.73699951171875,148.8070068359375,146.99099731445312,148.73699951171875,0
2022-11-02,147.9149932861328,147.96499633789062,146.8520050048828,147.9149932861328,0
2022-11-03,147.89199829101562,148.4340057373047,147.11000061035156,147.89199829101562,0
2022-11-04,148.39300537109375,148.39300537109375,146.57899475097656,148.39300537109375,0
2022-11-07,146.84100341796875,147.55299377441406,146.11399841308594,146.84100341796875,0
2022-11-08,146.62399291992188,146.927001953125,145.31300354003906,146.62399291992188,0
2022-11-09,145.2949981689453,146.55799865722656,145.218994140625,145.2949981689453,0
2022-11-10,146.20899963378906,146.58200073242188,141.53799438476562,146.20899963378906,0
2022-11-11,141.73399353027344,142.46600341796875,138.88800048828125,141.73399353027344,0
2022-11-14,139.55299377441406,140.7689971923828,138.86900329589844,139.55299377441406,0
2022-11-15,140.11500549316406,140.58099365234375,137.8090057373047,140.11500549316406,0
2022-11-16,138.96499633789062,140.28500366210938,138.8939971923828,138.96499633789062,0
2022-11-17,139.32200622558594,140.71400451660156,138.906005859375,139.32200622558594,0
2022-11-18,140.41200256347656,140.47000122070312,139.64999389648438,140.41200256347656,0
2022-11-21,140.2530059814453,142.01800537109375,140.2030029296875,140.2530059814453,0
2022-11-22,142.09800720214844,142.23899841308594,141.08599853515625,142.09800720214844,0
2022-11-23,141.15499877929688,141.57400512695312,139.58700561523438,141.15499877929688,0
2022-11-24,139.2779998779297,139.48599243164062,138.09500122070312,139.2779998779297,0
2022-11-25,138.60299682617188,139.59100341796875,138.38900756835938,138.60299682617188,0
2022-11-28,139.10000610351562,139.4199981689453,137.51400756835938,139.30999755859375,0
2022-11-29,138.718994140625,139.3209991455078,137.88600158691406,138.718994140625,0
2022-11-30,138.7449951171875,139.88299560546875,138.33799743652344,138.7449951171875,0
2022-12-01,137.35899353027344,137.51600646972656,135.53900146484375,137.35899353027344,0
2022-12-02,135.14999389648438,135.9759979248047,133.67300415039062,135.14999389648438,0
2022-12-05,134.47500610351562,136.58099365234375,134.13400268554688,134.47500610351562,0
2022-12-06,136.65199279785156,137.41299438476562,136.00799560546875,136.65199279785156,0
2022-12-07,136.88600158691406,137.83799743652344,136.41799926757812,136.88600158691406,0
2022-12-08,136.38099670410156,137.2239990234375,136.29600524902344,136.38099670410156,0
2022-12-09,136.61399841308594,136.86599731445312,135.61199951171875,136.61399841308594,0
2022-12-12,136.71200561523438,137.6179962158203,136.63299560546875,136.71200561523438,0
2022-12-13,137.50399780273438,137.94200134277344,134.68800354003906,137.50399780273438,0
2022-12-14,135.58399963378906,135.6820068359375,134.68099975585938,135.58399963378906,0
2022-12-15,135.34800720214844,137.92100524902344,135.2830047607422,135.34800720214844,0
2022-12-16,137.75100708007812,137.75100708007812,136.41000366210938,137.75100708007812,0
2022-12-19,136.69000244140625,137.14999389648438,135.7729949951172,136.02999877929688,0
2022-12-20,136.9949951171875,137.45199584960938,131.01699829101562,136.9949951171875,0
2022-12-21,131.89199829101562,132.4759979248047,131.52200317382812,131.89199829101562,0
2022-12-22,132.3699951171875,132.68099975585938,131.65499877929688,132.3699951171875,0
2022-12-23,132.35699462890625,133.12100219726562,132.29100036621094,132.35699462890625,0
2022-12-26,132.7899932861328,133.23699951171875,132.3300018310547,132.77000427246094,0
2022-12-27,132.76400756835938,133.58700561523438,132.6479949951172,132.76400756835938,0
2022-12-28,133.48599243164062,134.39500427246094,133.41099548339844,133.48599243164062,0
2022-12-29,134.03399658203125,134.18800354003906,132.93600463867188,134.03399658203125,0
2022-12-30,132.91600036621094,132.91700744628906,131.54100036621094,132.91600036621094,0
2023-01-02,130.84500122070312,131.03500366210938,130.62100219726562,130.84500122070312,0
2023-01-03,130.79400634765625,131.1820068359375,129.53399658203125,130.79400634765625,0
2023-01-04,131.2480010986328,132.1699981689453,129.96400451660156,131.2480010986328,0
2023-01-05,132.24600219726562,133.99200439453125,131.72999572753906,132.24600219726562,0
2023-01-06,133.3070068359375,134.74099731445312,132.18699645996094,133.3070068359375,0
2023-01-09,131.86199951171875,132.64500427246094,131.32699584960938,131.86199951171875,0
2023-01-10,131.72900390625,132.46600341796875,131.43299865722656,131.72900390625,0
2023-01-11,132.1009979248047,132.85400390625,132.10299682617188,132.1009979248047,0
2023-01-12,131.90199279785156,132.02099609375,129.56900024414062,131.90199279785156,0
2023-01-13,129.1719970703125,129.3419952392578,127.46800231933594,129.1719970703125,0
2023-01-16,128.0260009765625,128.80999755859375,127.25399780273438,128.0260009765625,0
2023-01-17,128.3209991455078,129.11599731445312,128.02200317382812,128.3209991455078,0
2023-01-18,128.281005859375,131.5590057373047,127.60700225830078,128.281005859375,0
2023-01-19,128.53900146484375,128.7729949951172,127.7770004272461,128.53900146484375,0
2023-01-20,128.3699951171875,130.60400390625,128.35499572753906,128.3699951171875,0
2023-01-23,129.35400390625,130.875,129.06199645996094,129.38499450683594,0
2023-01-24,130.5970001220703,131.06900024414062,129.74400329589844,130.5970001220703,0
2023-01-25,130.23899841308594,130.5679931640625,129.29299926757812,130.23899841308594,0
2023-01-26,129.23699951171875,130.58299255371094,129.03500366210938,129.23699951171875,0
2023-01-27,129.8000030517578,130.2550048828125,129.54600524902344,129.8000030517578,0
2023-01-30,129.85400390625,130.46099853515625,129.2050018310547,129.85400390625,0
2023-01-31,130.47900390625,130.4759979248047,129.7689971923828,130.47900390625,0
2023-02-01,130.11000061035156,130.39599609375,129.2100067138672,130.11000061035156,0
2023-02-02,128.6219940185547,129.09100341796875,128.09300231933594,128.6219940185547,0
2023-02-03,128.74600219726562,131.13699340820312,128.33599853515625,128.74600219726562,0
2023-02-06,132.00900268554688,132.89199829101562,131.59100341796875,132.00900268554688,0
2023-02-07,132.6230010986328,132.6219940185547,131.16000366210938,132.6230010986328,0
2023-02-08,131.04200744628906,131.51400756835938,130.60899353027344,131.04200744628906,0
2023-02-09,131.38699340820312,131.8090057373047,130.3520050048828,131.38699340820312,0
2023-02-10,131.5189971923828,131.83200073242188,129.83399963378906,131.5189971923828,0
2023-02-13,131.55099487304688,132.86399841308594,131.46600341796875,131.55099487304688,0
2023-02-14,132.33700561523438,133.1179962158203,131.66200256347656,132.33700561523438,0
2023-02-15,132.99099731445312,134.32400512695312,132.55499267578125,132.99099731445312,0
2023-02-16,133.9029998779297,134.4429931640625,133.60899353027344,133.9029998779297,0
2023-02-17,134.07400512695312,135.0800018310547,134.07200622558594,134.07400512695312,0
2023-02-20,134.3070068359375,134.52999877929688,133.9290008544922,134.3070068359375,0
2023-02-21,134.33599853515625,135.1909942626953,134.156005859375,134.33599853515625,0
2023-02-22,134.9759979248047,135.04800415039062,134.38299560546875,134.9759979248047,0
2023-02-23,134.9320068359375,135.34300231933594,134.6439971923828,134.9320068359375,0
2023-02-24,134.6280059814453,136.4239959716797,134.18099975585938,134.6280059814453,0
2023-02-27,136.39500427246094,136.4759979248047,135.9290008544922,136.39500427246094,0
2023-02-28,136.31700134277344,136.90899658203125,136.02200317382812,136.31700134277344,0
2023-03-01,136.34800720214844,136.46200561523438,135.25999450683594,136.34800720214844,0
2023-03-02,136.19400024414062,137.06500244140625,136.08799743652344,136.19400024414062,0
2023-03-03,136.7050018310547,136.74000549316406,135.8280029296875,136.7050018310547,0
2023-03-06,135.86000061035156,136.1790008544922,135.39500427246094,135.8699951171875,0
2023-03-07,135.99899291992188,136.94700622558594,135.58099365234375,135.99899291992188,0
2023-03-08,137.39100646972656,137.89599609375,136.50599670410156,137.39100646972656,0
2023-03-09,137.2259979248047,137.2519989013672,135.99000549316406,137.2259979248047,0
2023-03-10,136.39500427246094,136.97900390625,134.1719970703125,136.39500427246094,0
2023-03-13,134.97999572753906,135.02000427246094,132.29299926757812,134.97000122070312,0
2023-03-14,133.11399841308594,134.8730010986328,133.0709991455078,133.11399841308594,0
2023-03-15,134.39700317382812,135.05799865722656,132.2519989013672,134.39700317382812,0
2023-03-16,132.9290008544922,133.45799255371094,131.74400329589844,132.9290008544922,0
2023-03-17,133.3679962158203,133.5659942626953,131.83700561523438,133.3679962158203,0
2023-03-20,132.28399658203125,132.6300048828125,130.55799865722656,132.28399658203125,0
2023-03-21,131.39199829101562,132.43699645996094,131.04800415039062,131.39199829101562,0
2023-03-22,132.34800720214844,132.9929962158203,132.26699829101562,132.34800720214844,0
2023-03-23,131.1790008544922,131.63600158691406,130.447998046875,131.1790008544922,0
2023-03-24,130.86500549316406,130.91900634765625,129.6739959716797,130.86500549316406,0
2023-03-27,130.8459930419922,131.74099731445312,130.50900268554688,130.8459930419922,0
2023-03-28,131.23300170898438,131.2760009765625,130.4459991455078,131.23300170898438,0
2023-03-29,131.04600524902344,132.697998046875,130.92799377441406,131.04600524902344,0
2023-03-30,132.5760040283203,132.93299865722656,132.2220001220703,132.5760040283203,0
2023-03-31,133.2010040283203,133.56399536132812,132.7259979248047,133.2010040283203,0
2023-04-03,133.3470001220703,133.7310028076172,132.2209930419922,133.3470001220703,0
2023-04-04,132.2989959716797,133.13999938964844,131.57400512695312,132.2989959716797,0
2023-04-05,131.48500061035156,131.83900451660156,130.6840057373047,131.48500061035156,0
2023-04-06,130.9340057373047,131.85299682617188,130.79100036621094,130.9340057373047,0
2023-04-07,131.66900634765625,132.3159942626953,131.52499389648438,131.66900634765625,0
2023-04-10,132.0970001220703,133.8419952392578,132.01400756835938,132.0970001220703,0
2023-04-11,133.468994140625,133.66600036621094,132.9810028076172,133.468994140625,0
2023-04-12,133.593994140625,134.0229949951172,132.781005859375,133.593994140625,0
2023-04-13,133.0850067138672,133.36700439453125,132.02999877929688,133.0850067138672,0
2023-04-14,132.48699951171875,133.75599670410156,132.17599487304688,132.48699951171875,0
2023-04-17,133.9709930419922,134.56500244140625,133.71400451660156,133.9709930419922,0
2023-04-18,134.4250030517578,134.6929931640625,133.8679962158203,134.4250030517578,0
2023-04-19,134.04400634765625,135.0469970703125,133.96099853515625,134.04400634765625,0
2023-04-20,134.70399475097656,134.9600067138672,134.02699279785156,134.70399475097656,0
2023-04-21,133.99600219726562,134.46499633789062,133.55499267578125,133.99600219726562,0
2023-04-24,133.96099853515625,134.72500610351562,133.88999938964844,133.96099853515625,0
2023-04-25,134.08399963378906,134.44900512695312,133.7469940185547,134.08399963378906,0
2023-04-26,133.71099853515625,133.86599731445312,133.0260009765625,133.71099853515625,0
2023-04-27,133.46499633789062,134.1820068359375,133.2949981689453,133.46499633789062,0
2023-04-28,133.802001953125,136.5290069580078,133.73399353027344,133.802001953125,0
2023-05-01,136.38600158691406,137.40199279785156,136.26300048828125,136.38600158691406,0
2023-05-02,137.52099609375,137.76499938964844,136.40899658203125,137.52099609375,0
2023-05-03,136.46600341796875,136.56900024414062,135.07200622558594,136.46600341796875,0
2023-05-04,134.54400634765625,134.8699951171875,133.68600463867188,134.54400634765625,0
2023-05-05,134.1790008544922,135.0850067138672,133.88600158691406,134.1790008544922,0
2023-05-08,135.19900512695312,135.20599365234375,134.66400146484375,135.19900512695312,0
2023-05-09,135.072998046875,135.33599853515625,134.73699951171875,135.072998046875,0
2023-05-10,135.28799438476562,135.45599365234375,134.30999755859375,135.28799438476562,0
2023-05-11,134.08700561523438,134.84100341796875,133.7519989013672,134.08700561523438,0
2023-05-12,134.4980010986328,135.62899780273438,134.40199279785156,134.4980010986328,0
2023-05-15,135.82200622558594,136.31199645996094,135.71600341796875,135.82200622558594,0
2023-05-16,136.0449981689453,136.6750030517578,135.697998046875,136.0449981689453,0
2023-05-17,136.42999267578125,137.5659942626953,136.3040008544922,136.42999267578125,0
2023-05-18,137.61399841308594,138.65899658203125,137.31100463867188,137.61399841308594,0
2023-05-19,138.6199951171875,138.64700317382812,137.46200561523438,138.6199951171875,0
2023-05-22,137.69200134277344,138.65899658203125,137.50399780273438,137.69200134277344,0
2023-05-23,138.6719970703125,138.87600708007812,138.2530059814453,138.6719970703125,0
2023-05-24,138.59800720214844,139.177001953125,138.24899291992188,138.59800720214844,0
2023-05-25,139.2830047607422,139.87600708007812,139.20599365234375,139.2830047607422,0
2023-05-26,140.01699829101562,140.68099975585938,139.51400756835938,140.01699829101562,0
2023-05-29,140.87100219726562,140.9010009765625,140.1199951171875,140.87100219726562,0
2023-05-30,140.4409942626953,140.9029998779297,139.5800018310547,140.4409942626953,0
2023-05-31,139.79200744628906,140.34100341796875,139.3159942626953,139.79200744628906,0
2023-06-01,139.1269989013672,139.9459991455078,138.4969940185547,139.1269989013672,0
2023-06-02,138.7480010986328,139.7969970703125,138.61000061035156,138.7480010986328,0
2023-06-05,140.20700073242188,140.44500732421875,139.25599670410156,140.20700073242188,0
2023-06-06,139.38299560546875,139.96099853515625,139.11700439453125,139.38299560546875,0
2023-06-07,139.52699279785156,140.0260009765625,139.04299926757812,139.52699279785156,0
2023-06-08,139.8990020751953,140.08999633789062,138.8249969482422,139.8990020751953,0
2023-06-09,138.86300659179688,139.71499633789062,138.89999389648438,138.86300659179688,0
2023-06-12,139.37100219726562,139.72500610351562,139.0709991455078,139.37100219726562,0
2023-06-13,139.4600067138672,140.10699462890625,139.01600646972656,139.4600067138672,0
2023-06-14,140.177001953125,140.1929931640625,139.2969970703125,140.177001953125,0
2023-06-15,139.9770050048828,141.4759979248047,139.9600067138672,139.9770050048828,0
2023-06-16,140.26800537109375,141.86599731445312,139.86199951171875,140.26800537109375,0
2023-06-19,141.86700439453125,141.99600219726562,141.45399475097656,141.86700439453125,0
2023-06-20,141.8990020751953,142.2239990234375,141.2449951171875,141.8990020751953,0
2023-06-21,141.3350067138672,142.32899475097656,141.37100219726562,141.3350067138672,0
2023-06-22,141.68800354003906,142.9340057373047,141.62600708007812,141.68800354003906,0
2023-06-23,143.02999877929688,143.85400390625,142.76199340820312,143.02999877929688,0
2023-06-26,143.54100036621094,143.6820068359375,142.97300720214844,143.54100036621094,0
2023-06-27,143.4600067138672,144.16299438476562,143.29200744628906,143.4600067138672,0
2023-06-28,143.8820037841797,144.59500122070312,143.73599243164062,143.8820037841797,0
2023-06-29,144.38900756835938,144.89199829101562,144.13800048828125,144.38900756835938,0
2023-06-30,144.77999877929688,145.0330047607422,144.22799682617188,144.77999877929688,0
2023-07-03,144.3979949951172,144.90899658203125,144.0229949951172,144.3979949951172,0
2023-07-04,144.58399963378906,144.67300415039062,144.2100067138672,144.58399963378906,0
2023-07-05,144.406005859375,144.72500610351562,144.08999633789062,144.406005859375,0
2023-07-06,144.48899841308594,144.64199829101562,143.58299255371094,144.48899841308594,0
2023-07-07,143.9510040283203,144.1929931640625,142.11000061035156,143.9510040283203,0
2023-07-10,142.20899963378906,142.99899291992188,141.5279998779297,142.20899963378906,0
2023-07-11,141.2969970703125,141.4409942626953,140.1649932861328,141.2969970703125,0
2023-07-12,140.1179962158203,140.07400512695312,138.2050018310547,140.1179962158203,0
2023-07-13,138.31500244140625,138.93699645996094,138.05599975585938,138.31500244140625,0
2023-07-14,138.0749969482422,139.1009979248047,137.31500244140625,138.0749969482422,0
2023-07-17,138.6820068359375,139.3939971923828,138.01499938964844,138.6820068359375,0
2023-07-18,138.72900390625,138.95599365234375,137.8280029296875,138.72900390625,0
2023-07-19,139.02699279785156,139.99000549316406,138.87600708007812,139.02699279785156,0
2023-07-20,139.59800720214844,140.4029998779297,139.1230010986328,139.59800720214844,0
2023-07-21,139.86399841308594,141.93699645996094,139.7519989013672,139.86399841308594,0
2023-07-24,141.75,141.77099609375,140.88600158691406,141.75,0
2023-07-25,141.52200317382812,141.69000244140625,140.9149932861328,141.52200317382812,0
2023-07-26,140.91299438476562,141.1790008544922,140.18899536132812,140.91299438476562,0
2023-07-27,140.36700439453125,141.281005859375,139.3979949951172,140.36700439453125,0
2023-07-28,138.86399841308594,140.95700073242188,138.08999633789062,138.86399841308594,0
2023-07-31,140.75799560546875,142.6479949951172,140.7010040283203,140.75799560546875,0
2023-08-01,142.322998046875,143.4530029296875,142.2899932861328,142.322998046875,0
2023-08-02,142.97000122070312,143.4600067138672,142.2570037841797,142.97000122070312,0
2023-08-03,143.343994140625,143.8780059814453,142.09300231933594,143.343994140625,0
2023-08-04,142.59800720214844,142.86700439453125,141.5570068359375,142.59800720214844,0
2023-08-07,141.87600708007812,142.48800659179688,141.5229949951172,141.87600708007812,0
2023-08-08,142.5240020751953,143.41900634765625,142.572998046875,142.5240020751953,0
2023-08-09,143.2779998779297,143.71200561523438,143.01400756835938,143.2779998779297,0
2023-08-10,143.7270050048828,144.48300170898438,143.33900451660156,143.7270050048828,0
2023-08-11,144.85400390625,144.96299743652344,144.43699645996094,144.85400390625,0
2023-08-14,144.81700134277344,145.5659942626953,144.75100708007812,144.81700134277344,0
2023-08-15,145.43699645996094,145.85800170898438,145.10699462890625,145.43699645996094,0
2023-08-16,145.60800170898438,145.88299560546875,145.31900024414062,145.60800170898438,0
2023-08-17,146.33299255371094,146.52499389648438,145.63800048828125,146.33299255371094,0
2023-08-18,145.71400451660156,145.7740020751953,145.13400268554688,145.71400451660156,0
2023-08-21,145.30499267578125,146.38299560546875,145.1490020751953,145.30499267578125,0
2023-08-22,146.23800659179688,146.38999938964844,145.5019989013672,146.23800659179688,0
2023-08-23,145.76300048828125,145.81300354003906,144.5800018310547,145.76300048828125,0
2023-08-24,144.67300415039062,145.94700622558594,144.62100219726562,144.67300415039062,0
2023-08-25,146.06700134277344,146.60499572753906,145.73399353027344,146.06700134277344,0
2023-08-28,146.531005859375,146.71600341796875,146.2779998779297,146.531005859375,0
2023-08-29,146.46400451660156,147.343994140625,145.8520050048828,146.46400451660156,0
2023-08-30,145.98800659179688,146.5229949951172,145.55799865722656,145.98800659179688,0
2023-08-31,146.0989990234375,146.1909942626953,145.531005859375,146.0989990234375,0
2023-09-01,145.47300720214844,146.2270050048828,144.48199462890625,145.47300720214844,0
2023-09-04,146.0570068359375,146.49000549316406,146.04100036621094,146.0570068359375,0
2023-09-05,146.54299926757812,147.71600341796875,146.4980010986328,146.54299926757812,0
2023-09-06,147.4709930419922,147.79600524902344,147.03700256347656,147.4709930419922,0
2023-09-07,147.70899963378906,147.86500549316406,147.0570068359375,147.70899963378906,0
2023-09-08,147.33099365234375,147.74200439453125,146.68699645996094,147.33099365234375,0
2023-09-11,147.11300659179688,147.10000610351562,145.91299438476562,147.11300659179688,0
2023-09-12,146.67799377441406,147.218994140625,146.47300720214844,146.67799377441406,0
2023-09-13,147.1580047607422,147.61500549316406,147.11199951171875,147.1580047607422,0
2023-09-14,147.3459930419922,147.53700256347656,147.02699279785156,147.3459930419922,0
2023-09-15,147.48199462890625,147.94900512695312,147.34100341796875,147.48199462890625,0
2023-09-18,147.8679962158203,147.86099243164062,147.55999755859375,147.8679962158203,0
2023-09-19,147.60499572753906,147.88999938964844,147.51499938964844,147.60499572753906,0
2023-09-20,147.74200439453125,148.16299438476562,147.6230010986328,147.74200439453125,0
2023-09-21,148.3209991455078,148.447998046875,147.3249969482422,148.3209991455078,0
2023-09-22,147.6439971923828,148.4040069580078,147.5290069580078,147.6439971923828,0
2023-09-25,148.4340057373047,148.94400024414062,148.28500366210938,148.4340057373047,0
2023-09-26,148.81100463867188,149.17599487304688,148.70799255371094,148.81100463867188,0
2023-09-27,149.0449981689453,149.4949951171875,148.86599731445312,149.0449981689453,0
2023-09-28,149.4980010986328,149.54200744628906,149.16400146484375,149.4980010986328,0
2023-09-29,149.33700561523438,149.4459991455078,148.531005859375,149.33700561523438,0
2023-10-02,149.5399932861328,149.86399841308594,149.46499633789062,149.5399932861328,0
2023-10-03,149.8509979248047,150.14199829101562,148.71200561523438,149.8509979248047,0
2023-10-04,149.19200134277344,149.30599975585938,148.74000549316406,149.19200134277344,0
2023-10-05,148.96600341796875,149.10000610351562,148.30599975585938,148.96600341796875,0
2023-10-06,148.46299743652344,149.48800659179688,148.46499633789062,148.46299743652344,0
2023-10-09,149.16000366210938,149.21800231933594,148.5229949951172,149.16000366210938,0
2023-10-10,148.32699584960938,149.09300231933594,148.18899536132812,148.32699584960938,0
2023-10-11,148.6280059814453,149.17999267578125,148.43800354003906,148.6280059814453,0
2023-10-12,149.03599548339844,149.78199768066406,148.95799255371094,149.03599548339844,0
2023-10-13,149.7899932861328,149.822998046875,149.45599365234375,149.7899932861328,0
2023-10-16,149.5659942626953,149.7530059814453,149.3780059814453,149.5659942626953,0
2023-10-17,149.5780029296875,149.78900146484375,149.31900024414062,149.5780029296875,0
2023-10-18,149.75900268554688,149.87899780273438,149.51300048828125,149.75900268554688,0
2023-10-19,149.74200439453125,149.9320068359375,149.70700073242188,149.74200439453125,0
2023-10-20,149.802001953125,149.99200439453125,149.80499267578125,149.802001953125,0
2023-10-23,149.8800048828125,149.98899841308594,149.74200439453125,149.8800048828125,0
2023-10-24,149.7689971923828,149.91799926757812,149.3350067138672,149.7689971923828,0
2023-10-25,149.85400390625,149.97000122070312,149.7949981689453,149.85400390625,0
2023-10-26,150.09800720214844,150.77200317382812,150.04800415039062,150.09800720214844,0
2023-10-27,150.36599731445312,150.4029998779297,149.5540008544922,150.36599731445312,0
2023-10-30,149.73300170898438,149.8459930419922,148.81399536132812,149.73300170898438,0
2023-10-31,149.11099243164062,151.5290069580078,149.02999877929688,149.11099243164062,0
2023-11-01,151.29400634765625,151.4320068359375,150.82400512695312,151.29400634765625,0
2023-11-02,150.5749969482422,150.58799743652344,149.85000610351562,150.5749969482422,0
2023-11-03,150.4969940185547,150.4929962158203,149.25900268554688,150.4969940185547,0
2023-11-06,149.44900512695312,149.8300018310547,149.3820037841797,149.44900512695312,0
2023-11-07,149.98899841308594,150.68699645996094,149.968994140625,149.98899841308594,0
2023-11-08,150.39599609375,150.98199462890625,150.3459930419922,150.39599609375,0
2023-11-09,150.86399841308594,151.17599487304688,150.79800415039062,150.86399841308594,0
2023-11-10,151.3489990234375,151.5590057373047,151.22500610351562,151.3489990234375,0
2023-11-13,151.468994140625,151.9029998779297,151.24000549316406,151.468994140625,0
2023-11-14,151.64599609375,151.77499389648438,150.69700622558594,151.64599609375,0
2023-11-15,150.48500061035156,151.23199462890625,150.25999450683594,150.48500061035156,0
2023-11-16,151.21499633789062,151.42100524902344,150.2969970703125,151.21499633789062,0
2023-11-17,150.7050018310547,150.7689971923828,149.21499633789062,150.7050018310547,0
2023-11-20,149.94200134277344,149.968994140625,148.10899353027344,149.94200134277344,0
2023-11-21,148.36199951171875,148.41700744628906,147.16900634765625,148.36199951171875,0
2023-11-22,148.15199279785156,149.74400329589844,148.093994140625,148.15199279785156,0
2023-11-23,149.4600067138672,149.68699645996094,148.88800048828125,149.4600067138672,0
2023-11-24,149.63499450683594,149.69900512695312,149.2010040283203,149.63499450683594,0
2023-11-27,149.5709991455078,149.6529998779297,148.6739959716797,149.5709991455078,0
2023-11-28,148.45199584960938,148.79600524902344,147.39999389648438,148.45199584960938,0
2023-11-29,147.06300354003906,147.88800048828125,146.69900512695312,147.06300354003906,0
2023-11-30,147.03900146484375,148.4600067138672,146.88600158691406,147.03900146484375,0
2023-12-01,147.99899291992188,148.31399536132812,146.8509979248047,147.99899291992188,0
2023-12-04,146.39300537109375,147.22300720214844,146.25399780273438,146.39300537109375,0
2023-12-05,147.32699584960938,147.3699951171875,146.593994140625,147.32699584960938,0
2023-12-06,147.18499755859375,147.48699951171875,146.90499877929688,147.18499755859375,0
2023-12-07,147.1840057373047,147.18099975585938,143.85699462890625,147.1840057373047,0
2023-12-08,144.2779998779297,145.1479949951172,142.5229949951172,144.2779998779297,0
2023-12-11,144.98300170898438,146.55299377441406,144.9029998779297,144.98300170898438,0
2023-12-12,146.0850067138672,146.11599731445312,144.81500244140625,146.0850067138672,0
2023-12-13,145.27999877929688,145.9770050048828,145.06199645996094,145.27999877929688,0
2023-12-14,142.7729949951172,142.8730010986328,141.04400634765625,142.7729949951172,0
2023-12-15,142.2790069580078,142.44700622558594,141.47000122070312,142.2790069580078,0
2023-12-18,142.31300354003906,143.1269989013672,142.0760040283203,142.31300354003906,0
2023-12-19,142.7220001220703,144.93499755859375,142.26300048828125,142.7220001220703,0
2023-12-20,143.88900756835938,144.06300354003906,143.302001953125,143.88900756835938,0
2023-12-21,143.5229949951172,143.5489959716797,142.05999755859375,143.5229949951172,0
2023-12-22,142.07000732421875,142.64599609375,141.88400268554688,142.07000732421875,0
2023-12-25,142.3419952392578,142.47999572753906,142.13900756835938,142.3419952392578,0
2023-12-26,142.22999572753906,142.6199951171875,142.10800170898438,142.22999572753906,0
2023-12-27,142.46099853515625,142.83200073242188,141.85800170898438,142.46099853515625,0
2023-12-28,141.3990020751953,141.65199279785156,140.2899932861328,141.3990020751953,0
2023-12-29,141.42999267578125,141.8990020751953,140.82899475097656,141.42999267578125,0
2024-01-01,140.95199584960938,141.02499389648438,140.95199584960938,140.95199584960938,0
2024-01-02,141.12600708007812,142.18600463867188,141.10699462890625,141.12600708007812,0
2024-01-03,142.15499877929688,143.6929931640625,141.86900329589844,142.15499877929688,0
2024-01-04,142.99899291992188,144.83200073242188,142.8679962158203,142.99899291992188,0
2024-01-05,144.76499938964844,145.95799255371094,143.84800720214844,144.76499938964844,0
2024-01-08,144.71600341796875,144.79299926757812,143.6699981689453,144.71600341796875,0
2024-01-09,144.22999572753906,144.4320068359375,143.4530029296875,144.22999572753906,0
2024-01-10,144.42799377441406,145.80999755859375,144.43899536132812,144.42799377441406,0
2024-01-11,145.73399353027344,146.35899353027344,145.2790069580078,145.73399353027344,0
2024-01-12,145.04600524902344,145.51100158691406,144.36900329589844,145.04600524902344,0
2024-01-15,145.1490020751953,145.9340057373047,145.0970001220703,145.1490020751953,0
2024-01-16,145.79400634765625,147.16400146484375,145.59100341796875,145.79400634765625,0
2024-01-17,147.24600219726562,148.5019989013672,147.1269989013672,147.24600219726562,0
2024-01-18,148.1179962158203,148.29800415039062,147.66700744628906,148.1179962158203,0
2024-01-19,148.1280059814453,148.781005859375,147.85000610351562,148.1280059814453,0
2024-01-22,148.12100219726562,148.2760009765625,147.64100646972656,148.12100219726562,0
2024-01-23,148.14199829101562,148.5800018310547,147.04299926757812,148.14199829101562,0
2024-01-24,148.25100708007812,148.23800659179688,146.67599487304688,148.25100708007812,0
2024-01-25,147.59100341796875,147.85800170898438,147.10899353027344,147.59100341796875,0
2024-01-26,147.72300720214844,148.13900756835938,147.50900268554688,147.72300720214844,0
2024-01-29,148.13999938964844,148.32200622558594,147.6060028076172,148.13999938964844,0
2024-01-30,147.46800231933594,147.90199279785156,147.11000061035156,147.46800231933594,0
2024-01-31,147.36900329589844,147.88999938964844,146.08200073242188,147.36900329589844,0
2024-02-01,146.99600219726562,147.10899353027344,145.92100524902344,146.99600219726562,0
2024-02-02,146.4510040283203,148.56199645996094,146.2480010986328,146.4510040283203,0
2024-02-05,148.50100708007812,148.8800048828125,148.27999877929688,148.50100708007812,0
2024-02-06,148.63999938964844,148.7830047607422,148.00599670410156,148.63999938964844,0
2024-02-07,147.8179931640625,148.2449951171875,147.66299438476562,147.8179931640625,0
2024-02-08,148.08599853515625,149.4739990234375,147.93499755859375,148.08599853515625,0
2024-02-09,149.25900268554688,149.5709991455078,149.0590057373047,149.25900268554688,0
2024-02-12,149.16700744628906,149.4759979248047,148.9320068359375,149.16700744628906,0
2024-02-13,149.40499877929688,150.75399780273438,149.28399658203125,149.40499877929688,0
2024-02-14,150.7239990234375,150.7740020751953,150.36300659179688,150.7239990234375,0
2024-02-15,150.54400634765625,150.5590057373047,149.75900268554688,150.54400634765625,0
2024-02-16,149.9459991455078,150.63699340820312,149.92999267578125,149.9459991455078,0
2024-02-19,150.09100341796875,150.18699645996094,149.88299560546875,150.13900756835938,0
2024-02-20,150.27000427246094,150.4340057373047,149.697998046875,150.27000427246094,0
2024-02-21,149.93899536132812,150.2949981689453,149.85699462890625,149.93899536132812,0
2024-02-22,150.35499572753906,150.63900756835938,150.01600646972656,150.35499572753906,0
2024-02-23,150.48300170898438,150.76199340820312,150.30599975585938,150.48300170898438,0
2024-02-26,150.4980010986328,150.81399536132812,150.29600524902344,150.4969940185547,0
2024-02-27,150.5659942626953,150.60000610351562,150.1280059814453,150.5659942626953,0
2024-02-28,150.4949951171875,150.83700561523438,150.3730010986328,150.4949951171875,0
2024-02-29,150.656005859375,150.64100646972656,149.21499633789062,150.656005859375,0
2024-03-01,150.09500122070312,150.697998046875,150.06900024414062,150.09500122070312,0
2024-03-04,150.10499572753906,150.5659942626953,149.843994140625,150.10499572753906,0
2024-03-05,150.46600341796875,150.54200744628906,149.73300170898438,150.46600341796875,0
2024-03-06,150.0489959716797,150.0760040283203,149.13900756835938,150.0489959716797,0
2024-03-07,149.2689971923828,149.25900268554688,147.58299255371094,149.2689971923828,0
2024-03-08,147.8679962158203,148.10000610351562,146.50399780273438,147.8679962158203,0
2024-03-11,146.7740020751953,147.125,146.4949951171875,146.7740020751953,0
2024-03-12,146.73199462890625,147.95599365234375,146.64500427246094,146.73199462890625,0
2024-03-13,147.61900329589844,148.031005859375,147.2519989013672,147.61900329589844,0
2024-03-14,147.62100219726562,148.30299377441406,147.50900268554688,147.62100219726562,0
2024-03-15,148.29600524902344,149.1580047607422,148.0570068359375,148.29600524902344,0
2024-03-18,148.9550018310547,149.3209991455078,148.9290008544922,148.9550018310547,0
2024-03-19,149.1439971923828,150.83900451660156,149.11700439453125,149.1439971923828,0
2024-03-20,151.03500366210938,151.79100036621094,151.01600646972656,151.03500366210938,0
2024-03-21,150.75999450683594,151.65199279785156,150.2760009765625,150.75999450683594,0
2024-03-22,151.63299560546875,151.8459930419922,151.0260009765625,151.63299560546875,0
2024-03-25,151.30499267578125,151.42999267578125,151.0570068359375,151.30499267578125,0
2024-03-26,151.3730010986328,151.59100341796875,151.218994140625,151.3730010986328,0
2024-03-27,151.52999877929688,151.94400024414062,151.03799438476562,151.52999877929688,0
2024-03-28,151.28700256347656,151.53900146484375,151.15199279785156,151.28700256347656,0
2024-03-29,151.44000244140625,151.48899841308594,151.16900634765625,151.44000244140625,0
2024-04-01,151.3979949951172,151.75399780273438,151.25799560546875,151.3979949951172,0
2024-04-02,151.58099365234375,151.78700256347656,151.4770050048828,151.58099365234375,0
2024-04-03,151.5399932861328,151.94700622558594,151.45899963378906,151.5399932861328,0
2024-04-04,151.58099365234375,151.76300048828125,151.51199340820312,151.58099365234375,0
2024-04-05,151.29200744628906,151.7429962158203,150.85400390625,151.29200744628906,0
2024-04-08,151.69000244140625,151.9320068359375,151.677001953125,151.69000244140625,0
2024-04-09,151.84300231933594,151.92799377441406,151.57899475097656,151.84300231933594,0
2024-04-10,151.77699279785156,152.92599487304688,151.68299865722656,151.77699279785156,0
2024-04-11,152.96400451660156,153.3090057373047,152.76699829101562,152.96400451660156,0
2024-04-12,153.19200134277344,153.3769989013672,152.61700439453125,153.19200134277344,0
2024-04-15,153.2830047607422,154.43600463867188,153.28500366210938,153.2830047607422,0
2024-04-16,154.20599365234375,154.76100158691406,154.14999389648438,154.20599365234375,0
2024-04-17,154.697998046875,154.7270050048828,154.46099853515625,154.697998046875,0
2024-04-18,154.3419952392578,154.64100646972656,153.98500061035156,154.3419952392578,0
2024-04-19,154.61000061035156,154.66099548339844,153.6179962158203,154.61000061035156,0
2024-04-22,154.63999938964844,154.78399658203125,154.58700561523438,154.62899780273438,0
2024-04-23,154.81300354003906,154.87100219726562,154.593994140625,154.81300354003906,0
2024-04-24,154.74400329589844,155.1300048828125,154.74000549316406,154.74400329589844,0
2024-04-25,155.25900268554688,155.73599243164062,155.25900268554688,155.25900268554688,0
2024-04-26,155.5970001220703,157.66600036621094,155.47900390625,155.5970001220703,0
2024-04-29,158.2239990234375,159.96099853515625,154.5489959716797,158.2239990234375,0
2024-04-30,156.31399536132812,157.55599975585938,156.20399475097656,156.31399536132812,0
2024-05-01,157.7220001220703,157.98199462890625,157.42100524902344,157.7220001220703,0
2024-05-02,155.70399475097656,156.25100708007812,153.4949951171875,155.70399475097656,0
2024-05-03,153.0449981689453,153.41000366210938,151.88099670410156,153.0449981689453,0
2024-05-06,153.5659942626953,154.0050048828125,153.3209991455078,153.5659942626953,0
2024-05-07,154.23699951171875,154.63999938964844,153.8939971923828,154.23699951171875,0
2024-05-08,154.7480010986328,155.64999389648438,154.69400024414062,154.7480010986328,0
2024-05-09,155.41900634765625,155.94700622558594,155.2259979248047,155.41900634765625,0
2024-05-10,155.38900756835938,155.88600158691406,155.38099670410156,155.38900756835938,0
2024-05-13,155.8179931640625,156.2100067138672,155.5959930419922,155.8179931640625,0
2024-05-14,156.23300170898438,156.67100524902344,156.2270050048828,156.23300170898438,0
2024-05-15,156.4980010986328,156.55299377441406,154.75900268554688,156.4980010986328,0
2024-05-16,154.28199768066406,155.51600646972656,153.58999633789062,154.28199768066406,0
2024-05-17,155.37899780273438,155.97500610351562,155.27099609375,155.37899780273438,0
2024-05-20,155.75399780273438,156.218994140625,155.51400756835938,155.75399780273438,0
2024-05-21,156.3699951171875,156.5240020751953,155.8719940185547,156.3699951171875,0
2024-05-22,156.25100708007812,156.60499572753906,156.14700317382812,156.25100708007812,0
2024-05-23,156.70399475097656,157.16299438476562,156.5290069580078,156.70399475097656,0
2024-05-24,156.97300720214844,157.13699340820312,156.8679962158203,156.97300720214844,0
2024-05-27,156.8699951171875,156.9550018310547,156.67799377441406,156.8699951171875,0
2024-05-28,156.84500122070312,156.98899841308594,156.61199951171875,156.84500122070312,0
2024-05-29,157.26199340820312,157.63900756835938,157.02200317382812,157.26199340820312,0
2024-05-30,157.60800170898438,157.6269989013672,156.427001953125,157.60800170898438,0
2024-05-31,156.9530029296875,157.36199951171875,156.57000732421875,156.9530029296875,0
2024-06-03,157.17999267578125,157.4510040283203,155.9709930419922,157.17999267578125,0
2024-06-04,156.0760040283203,156.47900390625,154.6009979248047,156.0760040283203,0
2024-06-05,155.12399291992188,156.47300720214844,155.11099243164062,155.12399291992188,0
2024-06-06,155.9290008544922,156.39599609375,155.40699768066406,155.9290008544922,0
2024-06-07,155.69700622558594,157.06700134277344,155.14199829101562,155.69700622558594,0
2024-06-10,156.83299255371094,157.18600463867188,156.72300720214844,156.83299255371094,0
2024-06-11,157.0399932861328,157.38800048828125,156.81100463867188,157.0399932861328,0
2024-06-12,157.10499572753906,157.36500549316406,155.72900390625,157.10499572753906,0
2024-06-13,156.8000030517578,157.3000030517578,156.57699584960938,156.8000030517578,0
2024-06-14,157.1280059814453,158.2469940185547,156.89999389648438,157.1280059814453,0
2024-06-17,157.54600524902344,157.95199584960938,157.1699981689453,157.54600524902344,0
2024-06-18,157.6999969482422,158.22799682617188,157.52499389648438,157.6999969482422,0
2024-06-19,157.87100219726562,157.94500732421875,157.61300659179688,157.87100219726562,0
2024-06-20,157.95799255371094,158.77200317382812,157.95599365234375,157.95799255371094,0
2024-06-21,158.93099975585938,159.60800170898438,158.68600463867188,158.93099975585938,0
2024-06-24,159.86099243164062,159.91299438476562,159.01800537109375,159.86099243164062,0
2024-06-25,159.68600463867188,159.75,159.2530059814453,159.68600463867188,0
2024-06-26,159.68600463867188,160.80299377441406,159.66299438476562,159.68600463867188,0
2024-06-27,160.62100219726562,160.7239990234375,160.31399536132812,160.62100219726562,0
2024-06-28,160.68699645996094,161.24099731445312,160.27699279785156,160.68699645996094,0
2024-07-01,160.90699768066406,161.71499633789062,160.81900024414062,160.90699768066406,0
2024-07-02,161.51199340820312,161.72999572753906,161.28500366210938,161.51199340820312,0
2024-07-03,161.50399780273438,161.94200134277344,160.86500549316406,161.50399780273438,0
2024-07-04,161.62100219726562,161.58599853515625,160.9550018310547,161.62100219726562,0
2024-07-05,161.35800170898438,161.3719940185547,160.4459991455078,161.35800170898438,0
2024-07-08,160.63800048828125,161.10699462890625,160.27200317382812,160.63800048828125,0
2024-07-09,160.85699462890625,161.4949951171875,160.7469940185547,160.85699462890625,0
2024-07-10,161.33099365234375,161.74000549316406,161.3000030517578,161.33099365234375,0
2024-07-11,161.60699462890625,161.7469940185547,157.48899841308594,161.60699462890625,0
2024-07-12,158.2010040283203,159.37600708007812,157.37899780273438,158.2010040283203,0
2024-07-15,158.31300354003906,158.35800170898438,157.75399780273438,158.31300354003906,0
2024-07-16,158.14100646972656,158.84100341796875,158.11300659179688,158.14100646972656,0
2024-07-17,158.35000610351562,158.5780029296875,156.1199951171875,158.35000610351562,0
2024-07-18,155.68600463867188,156.98500061035156,155.4969940185547,155.68600463867188,0
2024-07-19,157.14999389648438,157.85499572753906,156.97799682617188,157.14999389648438,0
2024-07-22,157.4219970703125,157.60499572753906,156.2989959716797,157.4219970703125,0
2024-07-23,156.89100646972656,156.9029998779297,155.82899475097656,156.89100646972656,0
2024-07-24,155.76800537109375,155.9770050048828,153.11099243164062,155.76800537109375,0
2024-07-25,153.89100646972656,154.1510009765625,151.9669952392578,153.89100646972656,0
2024-07-26,153.69700622558594,154.7310028076172,153.26199340820312,153.69700622558594,0
2024-07-29,154.13900756835938,154.33700561523438,153.06300354003906,154.13900756835938,0
2024-07-30,153.83299255371094,155.19000244140625,153.656005859375,153.83299255371094,0
2024-07-31,152.6699981689453,153.58099365234375,149.66400146484375,152.6699981689453,0
2024-08-01,149.74400329589844,150.85699462890625,148.5050048828125,149.74400329589844,0
2024-08-02,149.2010040283203,149.76400756835938,146.4239959716797,149.2010040283203,0
2024-08-05,145.58399963378906,145.91799926757812,141.69700622558594,145.58399963378906,0
2024-08-06,145.7899932861328,146.2570037841797,144.06300354003906,145.7899932861328,0
2024-08-07,144.73199462890625,147.82200622558594,144.5540008544922,144.73199462890625,0
2024-08-08,146.12399291992188,147.47500610351562,145.4709930419922,146.12399291992188,0
2024-08-09,147.66900634765625,147.73599243164062,146.31199645996094,147.66900634765625,0
2024-08-12,147.04200744628906,148.2010040283203,146.69900512695312,147.04200744628906,0
2024-08-13,146.98199462890625,147.92999267578125,146.91099548339844,146.98199462890625,0
2024-08-14,146.9709930419922,147.552001953125,146.08099365234375,146.9709930419922,0
2024-08-15,147.2530059814453,149.26300048828125,147.06300354003906,147.2530059814453,0
2024-08-16,149.2220001220703,149.22999572753906,147.63900756835938,149.2220001220703,0
2024-08-19,147.95599365234375,147.95899963378906,145.2209930419922,147.95599365234375,0
2024-08-20,146.69900512695312,147.31900024414062,145.53399658203125,146.69900512695312,0
2024-08-21,145.3470001220703,146.33900451660156,144.9810028076172,145.3470001220703,0
2024-08-22,145.1179962158203,146.47000122070312,144.947998046875,145.1179962158203,0
2024-08-23,146.20199584960938,146.47300720214844,144.60499572753906,146.20199584960938,0
2024-08-26,144.0,144.57899475097656,143.4600067138672,144.0,0
2024-08-27,144.51600646972656,145.1529998779297,144.1649932861328,144.51600646972656,0
2024-08-28,143.97500610351562,145.02499389648438,143.91200256347656,143.97500610351562,0
2024-08-29,144.43299865722656,145.52499389648438,144.2830047607422,144.43299865722656,0
2024-08-30,144.88999938964844,145.96200561523438,144.70199584960938,144.88999938964844,0
2024-09-02,146.38099670410156,147.11900329589844,145.79600524902344,146.38099670410156,0
2024-09-03,146.7220001220703,147.18800354003906,145.16799926757812,146.7220001220703,0
2024-09-04,145.35299682617188,145.53799438476562,144.02699279785156,145.35299682617188,0
2024-09-05,143.32400512695312,144.20399475097656,142.85400390625,143.32400512695312,0
2024-09-06,143.39300537109375,143.84800720214844,141.76499938964844,143.39300537109375,0
2024-09-09,142.48599243164062,143.78599548339844,142.44500732421875,142.48599243164062,0
2024-09-10,143.177001953125,143.6750030517578,142.26199340820312,143.177001953125,0
2024-09-11,142.23399353027344,142.46800231933594,140.71800231933594,142.23399353027344,0
2024-09-12,142.58999633789062,143.01100158691406,141.91299438476562,142.58999633789062,0
2024-09-13,141.49899291992188,141.52699279785156,140.36199951171875,141.49899291992188,0
2024-09-16,140.7899932861328,140.8990020751953,139.5780029296875,140.7899932861328,0
2024-09-17,140.7899932861328,141.85000610351562,140.322998046875,140.7899932861328,0
2024-09-18,142.01499938964844,142.05099487304688,141.24400329589844,142.01499938964844,0
2024-09-19,142.7100067138672,143.93499755859375,142.06500244140625,142.7100067138672,0
2024-09-20,142.85800170898438,144.4759979248047,141.76300048828125,142.85800170898438,0
2024-09-23,144.00399780273438,144.43899536132812,143.1959991455078,144.00399780273438,0
2024-09-24,143.63800048828125,144.6649932861328,143.41200256347656,143.63800048828125,0
2024-09-25,142.96299743652344,144.58799743652344,142.93600463867188,142.96299743652344,0
2024-09-26,144.68299865722656,145.18800354003906,144.11700439453125,144.68299865722656,0
2024-09-27,145.0760040283203,146.46200561523438,142.45399475097656,145.0760040283203,0
2024-09-30,142.7830047607422,143.3560028076172,141.64700317382812,142.7830047607422,0
2024-10-01,143.7100067138672,144.49600219726562,143.0229949951172,143.7100067138672,0
2024-10-02,143.73599243164062,146.2519989013672,143.53199768066406,143.73599243164062,0
2024-10-03,146.58200073242188,147.2100067138672,146.33299255371094,146.58200073242188,0
2024-10-04,146.83999633789062,148.73800659179688,145.94200134277344,146.83999633789062,0
2024-10-07,148.82000732421875,148.78799438476562,147.86300659179688,148.82000732421875,0
2024-10-08,148.14599609375,148.3509979248047,147.38800048828125,148.14599609375,0
2024-10-09,148.15899658203125,149.25799560546875,148.02499389648438,148.15899658203125,0
2024-10-10,149.16000366210938,149.52999877929688,148.41799926757812,149.16000366210938,0
2024-10-11,148.70399475097656,149.26300048828125,148.3990020751953,148.70399475097656,0
2024-10-14,149.33399963378906,149.94900512695312,149.14599609375,149.33399963378906,0
2024-10-15,149.6699981689453,149.74000549316406,148.85299682617188,149.6699981689453,0
2024-10-16,149.0989990234375,149.73500061035156,148.92999267578125,149.0989990234375,0
2024-10-17,149.5760040283203,150.13800048828125,149.2570037841797,149.5760040283203,0
2024-10-18,150.10000610351562,150.13900756835938,149.51499938964844,150.10000610351562,0
2024-10-21,149.60000610351562,150.48699951171875,149.0959930419922,149.60000610351562,0
2024-10-22,150.60499572753906,151.12899780273438,150.51800537109375,150.60499572753906,0
2024-10-23,151.13800048828125,153.1649932861328,151.15199279785156,151.13800048828125,0
2024-10-24,152.7689971923828,152.76800537109375,151.78399658203125,152.7689971923828,0
2024-10-25,151.7830047607422,152.13999938964844,151.49400329589844,151.7830047607422,0
2024-10-28,152.95199584960938,153.8679962158203,152.42100524902344,152.95199584960938,0
2024-10-29,153.1790008544922,153.83999633789062,152.76800537109375,153.1790008544922,0
2024-10-30,153.2740020751953,153.4720001220703,152.8000030517578,153.2740020751953,0
2024-10-31,153.20399475097656,153.55599975585938,151.9219970703125,153.20399475097656,0
2024-11-01,151.97999572753906,153.0019989013672,151.8350067138672,151.97999572753906,0
2024-11-04,152.28700256347656,152.28500366210938,151.55099487304688,152.28700256347656,0
2024-11-05,152.2760009765625,152.531005859375,151.79600524902344,152.2760009765625,0
2024-11-06,151.43499755859375,154.64999389648438,151.34300231933594,151.43499755859375,0
2024-11-07,154.32000732421875,154.70199584960938,152.86099243164062,154.32000732421875,0
2024-11-08,153.17999267578125,153.35299682617188,152.17100524902344,153.17999267578125,0
2024-11-11,152.9040069580078,153.94400024414062,152.8699951171875,152.9040069580078,0
2024-11-12,153.47999572753906,154.75999450683594,153.41099548339844,153.47999572753906,0
2024-11-13,154.65499877929688,155.29200744628906,154.35000610351562,154.65499877929688,0
2024-11-14,155.4290008544922,156.23800659179688,155.42599487304688,155.4290008544922,0
2024-11-15,156.46800231933594,156.74600219726562,154.52999877929688,156.46800231933594,0
2024-11-18,154.66400146484375,155.33999633789062,153.86399841308594,154.66400146484375,0
2024-11-19,154.61700439453125,154.64500427246094,153.39700317382812,154.61700439453125,0
2024-11-20,154.71800231933594,155.8719940185547,154.61199951171875,154.71800231933594,0
2024-11-21,155.2949981689453,155.27000427246094,153.95199584960938,155.2949981689453,0
2024-11-22,154.21800231933594,154.97900390625,153.97500610351562,154.21800231933594,0
2024-11-25,154.14599609375,154.6959991455078,153.5500030517578,154.14599609375,0
2024-11-26,154.3780059814453,154.37399291992188,153.02499389648438,154.3780059814453,0
2024-11-27,153.00900268554688,153.0070037841797,150.52699279785156,153.00900268554688,0
2024-11-28,151.33599853515625,151.9409942626953,151.28900146484375,151.33599853515625,0
2024-11-29,151.1739959716797,151.18499755859375,149.58999633789062,151.1739959716797,0
2024-12-02,149.8979949951172,150.74000549316406,149.1179962158203,149.8159942626953,0
2024-12-03,149.50799560546875,150.21499633789062,148.6510009765625,149.50799560546875,0
2024-12-04,149.64700317382812,151.2169952392578,149.53700256347656,149.64700317382812,0
2024-12-05,150.56700134277344,150.6840057373047,149.6649932861328,150.56700134277344,0
2024-12-06,150.20700073242188,150.68299865722656,149.4199981689453,150.20700073242188,0
2024-12-09,150.02999877929688,151.24899291992188,149.69700622558594,149.93099975585938,0
2024-12-10,151.4080047607422,152.16700744628906,150.91099548339844,151.4080047607422,0
2024-12-11,151.8070068359375,152.77000427246094,151.197998046875,151.8070068359375,0
2024-12-12,152.2449951171875,152.76800537109375,151.83599853515625,152.2449951171875,0
2024-12-13,152.58700561523438,153.77099609375,152.60000610351562,152.58700561523438,0
2024-12-16,153.4530029296875,154.4739990234375,153.3260040283203,153.4530029296875,0
2024-12-17,154.08599853515625,154.3280029296875,153.39999389648438,154.08599853515625,0
2024-12-18,153.57200622558594,154.072998046875,153.33799743652344,153.57200622558594,0
2024-12-19,154.67300415039062,157.79100036621094,154.46299743652344,154.67300415039062,0
2024-12-20,157.6439971923828,157.8730010986328,156.10299682617188,157.6439971923828,0
2024-12-23,156.5330047607422,157.25999450683594,156.33599853515625,156.5330047607422,0
2024-12-24,157.1649932861328,157.3769989013672,156.89999389648438,157.1649932861328,0
2024-12-25,157.10699462890625,157.86099243164062,146.20199584960938,157.10699462890625,0
2024-12-26,157.13299560546875,158.0749969482422,157.0800018310547,157.13299560546875,0
2024-12-27,157.7480010986328,157.9149932861328,157.3520050048828,157.7480010986328,0
2024-12-30,157.8730010986328,158.0590057373047,156.66799926757812,157.8730010986328,0
2024-12-31,156.9949951171875,157.41000366210938,156.04299926757812,156.9949951171875,0
2025-01-02,157.718994140625,157.76499938964844,156.44900512695312,157.718994140625,0
2025-01-03,157.36199951171875,157.4810028076172,157.0279998779297,157.36199951171875,0
2025-01-06,157.4810028076172,157.9499969482422,156.2740020751953,157.4810028076172,0
2025-01-07,157.7429962158203,158.42100524902344,157.38999938964844,157.7429962158203,0
2025-01-08,158.23599243164062,158.54299926757812,157.90199279785156,158.23599243164062,0
2025-01-09,158.19200134277344,158.3040008544922,157.58099365234375,158.19200134277344,0
2025-01-10,158.04800415039062,158.85699462890625,157.22500610351562,158.04800415039062,0
2025-01-13,157.88699340820312,157.9550018310547,156.90899658203125,157.88699340820312,0
2025-01-14,157.36399841308594,158.1219940185547,157.1490020751953,157.36399841308594,0
2025-01-15,158.0500030517578,158.08200073242188,155.968994140625,158.0500030517578,0
2025-01-16,156.2550048828125,156.50399780273438,155.11900329589844,156.2550048828125,0
2025-01-17,155.3560028076172,156.36500549316406,154.98300170898438,155.3560028076172,0
2025-01-20,156.30599975585938,156.45700073242188,155.42300415039062,156.30599975585938,0
2025-01-21,155.24899291992188,156.16099548339844,154.79800415039062,155.24899291992188,0
2025-01-22,155.7740020751953,156.63499450683594,155.38499450683594,155.7740020751953,0
2025-01-23,156.44000244140625,156.7469940185547,155.87399291992188,156.44000244140625,0
2025-01-24,156.15499877929688,156.5679931640625,154.86199951171875,156.15499877929688,0
2025-01-27,155.74400329589844,156.2259979248047,153.72500610351562,155.74400329589844,0
2025-01-28,154.90899658203125,155.9709930419922,154.8070068359375,154.90899658203125,0
2025-01-29,155.5590057373047,155.77699279785156,154.97300720214844,155.5590057373047,0
2025-01-30,155.1699981689453,155.17599487304688,153.802001953125,155.1699981689453,0
2025-01-31,154.0970001220703,154.99400329589844,153.9320068359375,154.0970001220703,0
2025-02-03,155.36300659179688,155.86399841308594,154.0189971923828,155.36300659179688,0
2025-02-04,155.27699279785156,155.49099731445312,154.4739990234375,155.27699279785156,0
2025-02-05,154.13299560546875,154.3489990234375,152.11700439453125,154.13299560546875,0
2025-02-06,152.6060028076172,152.86099243164062,151.6840057373047,152.6060028076172,0
2025-02-07,151.1929931640625,152.27699279785156,150.94400024414062,151.1929931640625,0
2025-02-10,151.8459930419922,152.52499389648438,151.57899475097656,151.8459930419922,0
2025-02-11,151.75900268554688,152.57899475097656,151.68699645996094,151.75900268554688,0
2025-02-12,152.73899841308594,154.79200744628906,152.73899841308594,152.73899841308594,0
2025-02-13,154.2550048828125,154.64700317382812,152.9320068359375,154.2550048828125,0
2025-02-14,152.98899841308594,153.07899475097656,152.0290069580078,152.98899841308594,0
2025-02-17,152.0229949951172,152.09500122070312,151.33799743652344,152.0229949951172,0
2025-02-18,151.44400024414062,152.20700073242188,151.43600463867188,151.44400024414062,0
2025-02-19,151.93099975585938,152.29800415039062,151.2550048828125,151.93099975585938,0
2025-02-20,151.22000122070312,151.20899963378906,149.49200439453125,151.22000122070312,0
2025-02-21,149.4080047607422,150.73500061035156,149.41099548339844,149.4080047607422,0
2025-02-24,149.38699340820312,149.86000061035156,148.843994140625,149.38699340820312,0
2025-02-25,149.86399841308594,150.28700256347656,148.5959930419922,149.86399841308594,0
2025-02-26,149.0780029296875,149.88499450683594,148.6580047607422,149.0780029296875,0
2025-02-27,148.83799743652344,150.14700317382812,148.802001953125,148.83799743652344,0
2025-02-28,150.01199340820312,150.96499633789062,149.10699462890625,150.01199340820312,0
2025-03-03,150.77099609375,151.2989959716797,149.94900512695312,150.77099609375,0
2025-03-04,149.30499267578125,149.5570068359375,148.10299682617188,149.30499267578125,0
2025-03-05,149.7989959716797,150.1790008544922,148.4199981689453,149.7989959716797,0
2025-03-06,148.8979949951172,149.31399536132812,147.3280029296875,148.8979949951172,0
2025-03-07,148.10800170898438,148.13699340820312,146.99000549316406,148.10800170898438,0
2025-03-10,147.60800170898438,147.7830047607422,146.63800048828125,147.60800170898438,0
2025-03-11,147.06900024414062,148.11399841308594,146.5469970703125,147.06900024414062,0
2025-03-12,148.04200744628906,149.18600463867188,147.84800720214844,148.04200744628906,0
2025-03-13,148.2790069580078,148.36000061035156,147.58799743652344,148.2790069580078,0
2025-03-14,147.94900512695312,148.99600219726562,147.85000610351562,147.94900512695312,0
2025-03-17,148.59800720214844,149.0800018310547,148.28799438476562,148.59800720214844,0
2025-03-18,149.37899780273438,149.93299865722656,149.25900268554688,149.37899780273438,0
2025-03-19,149.45199584960938,150.14199829101562,149.15499877929688,149.45199584960938,0
2025-03-20,148.49000549316406,148.94200134277344,148.17999267578125,148.49000549316406,0
2025-03-21,148.5959930419922,149.6510009765625,148.5970001220703,148.5959930419922,0
2025-03-24,149.677001953125,150.7429962158203,149.47000122070312,149.677001953125,0
2025-03-25,150.7740020751953,150.93499755859375,149.552001953125,150.7740020751953,0
2025-03-26,149.9499969482422,150.74200439453125,149.8509979248047,149.9499969482422,0
2025-03-27,150.47300720214844,151.08299255371094,150.06500244140625,150.47300720214844,0
2025-03-28,150.8470001220703,151.1999969482422,149.92300415039062,150.8470001220703,0
2025-03-31,149.61700439453125,149.9530029296875,148.7100067138672,149.61700439453125,0
2025-04-01,149.91299438476562,149.97999572753906,148.9770050048828,149.91299438476562,0
2025-04-02,149.7830047607422,150.0760040283203,149.11099243164062,149.7830047607422,0
2025-04-03,147.8719940185547,148.3179931640625,145.33900451660156,147.8719940185547,0
2025-04-04,146.2310028076172,146.5,144.6020050048828,146.2310028076172,0
2025-04-07,145.43299865722656,147.96200561523438,145.09500122070312,145.43299865722656,0
2025-04-08,147.78900146484375,147.93499755859375,146.6820068359375,147.78900146484375,0
2025-04-09,145.84500122070312,145.88499450683594,144.0449981689453,145.84500122070312,0
2025-04-10,147.3990020751953,147.43499755859375,144.06700134277344,147.3990020751953,0
2025-04-11,143.7469940185547,144.11000061035156,142.1009979248047,143.7469940185547,0
2025-04-14,143.6959991455078,144.0469970703125,142.26499938964844,143.6959991455078,0
2025-04-15,143.2209930419922,143.57899475097656,142.61199951171875,143.2209930419922,0
2025-04-16,143.18099975585938,143.1580047607422,142.0709991455078,143.18099975585938,0
2025-04-17,141.92799377441406,143.02000427246094,141.9149932861328,141.92799377441406,0
2025-04-22,140.87600708007812,141.13999938964844,139.89199829101562,140.87600708007812,0
2025-04-23,142.68800354003906,142.7519989013672,141.531005859375,142.68800354003906,0
2025-04-24,143.22300720214844,143.33299255371094,142.30799865722656,143.22300720214844,0
2025-04-25,142.87899780273438,144.0229949951172,142.843994140625,142.87899780273438,0
2025-04-28,143.84100341796875,143.86399841308594,142.64500427246094,143.84100341796875,0
2025-04-29,142.17799377441406,142.7570037841797,142.02200317382812,142.17799377441406,0
2025-04-30,142.2989959716797,143.14300537109375,142.17100524902344,142.2989959716797,0
2025-05-01,143.00900268554688,145.63400268554688,142.88999938964844,143.00900268554688,0
2025-05-02,145.447998046875,145.906005859375,143.73800659179688,145.447998046875,0
2025-05-05,144.62399291992188,144.77699279785156,143.54400634765625,144.62399291992188,0
2025-05-06,143.6540069580078,144.25,142.36300659179688,143.6540069580078,0
2025-05-07,143.03500366210938,143.50799560546875,142.76800537109375,143.03500366210938,0
2025-05-08,143.84800720214844,145.5540008544922,143.46800231933594,143.84800720214844,0
2025-05-09,146.01499938964844,146.16600036621094,144.8489990234375,146.01499938964844,0
2025-05-12,145.81199645996094,148.58200073242188,145.71800231933594,145.81199645996094,0
2025-05-13,148.30999755859375,148.2449951171875,147.656005859375,148.30999755859375,0
2025-05-14,147.5279998779297,147.64599609375,145.62899780273438,147.5279998779297,0
2025-05-15,146.64999389648438,146.7209930419922,145.41600036621094,146.64999389648438,0
2025-05-16,145.61300659179688,146.0570068359375,144.9320068359375,145.61300659179688,0
2025-05-19,145.29800415039062,145.33900451660156,144.6580047607422,145.29800415039062,0
2025-05-20,144.97500610351562,145.44900512695312,144.0970001220703,144.97500610351562,0
2025-05-21,144.3280029296875,144.3470001220703,143.45899963378906,144.3280029296875,0
2025-05-22,143.7550048828125,144.0449981689453,142.8280029296875,143.7550048828125,0
2025-05-23,143.85800170898438,144.00999450683594,142.468994140625,143.85800170898438,0
2025-05-26,142.86700439453125,143.0330047607422,142.23399353027344,142.86700439453125,0
2025-05-27,142.65499877929688,144.44900512695312,142.13099670410156,142.65499877929688,0
2025-05-28,144.177001953125,145.06399536132812,143.86900329589844,144.177001953125,0
2025-05-29,145.69700622558594,146.25100708007812,144.06700134277344,145.69700622558594,0
2025-05-30,143.7790069580078,144.4010009765625,143.44400024414062,143.7790069580078,0
2025-06-02,143.81500244140625,143.7969970703125,142.54600524902344,143.81500244140625,0
2025-06-03,142.45199584960938,143.97300720214844,142.42300415039062,142.45199584960938,0
2025-06-04,143.83700561523438,144.3489990234375,142.9029998779297,143.83700561523438,0
2025-06-05,142.73199462890625,143.947998046875,142.58700561523438,142.73199462890625,0
2025-06-06,143.54200744628906,145.0749969482422,143.5449981689453,143.54200744628906,0
2025-06-09,144.6909942626953,144.9409942626953,143.98399353027344,144.6909942626953,0
2025-06-10,144.5399932861328,145.28799438476562,144.41000366210938,144.5399932861328,0
2025-06-11,144.83799743652344,145.41299438476562,144.3769989013672,144.83799743652344,0
2025-06-12,144.2030029296875,144.3249969482422,143.20599365234375,144.2030029296875,0
2025-06-13,143.19400024414062,144.46400451660156,142.81700134277344,143.19400024414062,0
2025-06-16,144.09100341796875,144.5709991455078,143.66000366210938,144.09100341796875,0
2025-06-17,144.72900390625,145.26300048828125,144.41400146484375,144.72900390625,0
2025-06-18,145.37600708007812,145.43800354003906,144.5500030517578,145.37600708007812,0
2025-06-19,144.9550018310547,145.76499938964844,144.7480010986328,144.9550018310547,0
2025-06-20,145.21800231933594,145.9530029296875,145.14700317382812,145.21800231933594,0
2025-06-23,146.2239990234375,148.0019989013672,146.14100646972656,146.2239990234375,0
2025-06-24,145.92799377441406,145.8990020751953,144.5260009765625,145.92799377441406,0
2025-06-25,144.95700073242188,145.94900512695312,144.6280059814453,144.95700073242188,0
2025-06-26,144.9040069580078,144.93499755859375,143.77099609375,144.9040069580078,0
2025-06-27,144.69400024414062,144.93099975585938,144.1959991455078,144.69400024414062,0
2025-06-30,144.51699829101562,144.7259979248047,143.79800415039062,144.51699829101562,0
2025-07-01,143.8000030517578,143.9239959716797,142.69500732421875,143.8000030517578,0
2025-07-02,143.40199279785156,144.2209930419922,143.375,143.40199279785156,0
2025-07-03,143.5260009765625,145.21600341796875,143.4550018310547,143.5260009765625,0
2025-07-04,144.6820068359375,144.77999877929688,144.1929931640625,144.6820068359375,0
2025-07-07,144.4980010986328,145.88800048828125,144.23399353027344,144.4980010986328,0
2025-07-08,145.89199829101562,146.96400451660156,145.85000610351562,145.89199829101562,0
2025-07-09,146.8489990234375,147.1719970703125,146.27099609375,146.8489990234375,0
2025-07-10,146.11399841308594,146.76300048828125,145.76499938964844,146.11399841308594,0
2025-07-11,146.28799438476562,147.49200439453125,146.26199340820312,146.28799438476562,0
2025-07-14,147.2949981689453,147.70799255371094,146.88099670410156,147.2949981689453,0
2025-07-15,147.79200744628906,149.01300048828125,147.552001953125,147.79200744628906,0
2025-07-16,148.76100158691406,149.16700744628906,146.9669952392578,148.76100158691406,0
2025-07-17,148.0030059814453,149.01400756835938,148.00599670410156,148.0030059814453,0
2025-07-18,148.44200134277344,148.88299560546875,148.21400451660156,148.44200134277344,0
2025-07-21,148.43099975585938,148.55099487304688,147.2570037841797,148.43099975585938,0
2025-07-22,147.40899658203125,147.92999267578125,146.34500122070312,147.40899658203125,0
2025-07-23,146.78500366210938,147.18499755859375,146.13600158691406,146.78500366210938,0
2025-07-24,146.3489990234375,146.94500732421875,145.8560028076172,146.3489990234375,0
2025-07-25,147.0050048828125,147.92300415039062,146.86399841308594,147.0050048828125,0
2025-07-28,147.81300354003906,148.48399353027344,147.52499389648438,147.81300354003906,0
2025-07-29,148.47900390625,148.7989959716797,148.1699981689453,148.47900390625,0
2025-07-30,148.44200134277344,149.0959930419922,147.81100463867188,148.44200134277344,0
2025-07-31,149.2259979248047,150.62600708007812,148.6009979248047,149.2259979248047,0
2025-08-01,150.77200317382812,150.9149932861328,147.68099975585938,150.77200317382812,0
2025-08-04,147.34300231933594,148.06700134277344,146.8780059814453,147.34300231933594,0
2025-08-05,146.79299926757812,147.82699584960938,146.61700439453125,146.79299926757812,0
2025-08-06,147.55999755859375,147.87399291992188,147.22900390625,147.55999755859375,0
2025-08-07,147.1929931640625,147.69400024414062,146.6999969482422,147.1929931640625,0
2025-08-08,146.83700561523438,147.8800048828125,146.77000427246094,146.83700561523438,0
2025-08-11,147.66400146484375,148.0989990234375,147.35299682617188,147.66400146484375,0
2025-08-12,148.125,148.5050048828125,147.6060028076172,148.125,0
2025-08-13,147.75799560546875,148.16099548339844,147.10400390625,147.75799560546875,0
2025-08-14,147.1199951171875,147.79800415039062,146.2220001220703,147.1199951171875,0
2025-08-15,147.6909942626953,147.71299743652344,146.75599670410156,147.6909942626953,0
2025-08-18,147.26400756835938,147.9810028076172,147.1269989013672,147.26400756835938,0
2025-08-19,147.91600036621094,148.09300231933594,147.54600524902344,147.91600036621094,0
2025-08-20,147.7310028076172,147.80999755859375,146.88499450683594,147.7310028076172,0
2025-08-21,147.3179931640625,148.36900329589844,147.26199340820312,147.3179931640625,0
2025-08-22,148.38600158691406,148.76600646972656,146.58799743652344,148.38600158691406,0
2025-08-25,147.21499633789062,147.66700744628906,147.0989990234375,147.21499633789062,0
2025-08-26,147.82200622558594,147.89500427246094,147.00399780273438,147.82200622558594,0
2025-08-27,147.46200561523438,148.16600036621094,147.40199279785156,147.46200561523438,0
2025-08-28,147.3159942626953,147.46600341796875,146.8070068359375,147.3159942626953,0
2025-08-29,146.7899932861328,147.38900756835938,146.77000427246094,146.7899932861328,0
2025-09-01,147.0970001220703,147.37100219726562,146.78900146484375,147.0970001220703,0
2025-09-02,147.08399963378906,148.93299865722656,147.09300231933594,147.08399963378906,0
2025-09-03,148.54800415039062,149.11599731445312,147.9530029296875,148.54800415039062,0
2025-09-04,147.97999572753906,148.77000427246094,147.83900451660156,147.97999572753906,0
2025-09-05,148.375,148.42799377441406,146.82400512695312,148.375,0
2025-09-08,148.343994140625,148.54600524902344,147.4709930419922,148.343994140625,0
2025-09-09,147.36399841308594,147.4149932861328,146.32699584960938,147.36399841308594,0
2025-09-10,147.39199829101562,147.5959930419922,147.1280059814453,147.39199829101562,0
2025-09-11,147.33200073242188,147.98199462890625,147.00599670410156,147.33200073242188,0
2025-09-12,147.2239990234375,148.052001953125,147.16799926757812,147.2239990234375,0
2025-09-15,147.66600036621094,147.68099975585938,147.23699951171875,147.66600036621094,0
2025-09-16,147.40499877929688,147.53700256347656,146.5070037841797,147.40499877929688,0
2025-09-17,146.41299438476562,146.68099975585938,146.2169952392578,146.41299438476562,0
2025-09-18,146.89100646972656,148.2570037841797,146.86500549316406,146.89100646972656,0
2025-09-19,147.94700622558594,148.2480010986328,147.2100067138672,147.94700622558594,0
2025-09-22,148.09500122070312,148.3699951171875,147.73699951171875,148.09500122070312,0
2025-09-23,147.72500610351562,147.9199981689453,147.50999450683594,147.72500610351562,0
2025-09-24,147.61300659179688,148.7689971923828,147.51400756835938,147.61300659179688,0
2025-09-25,148.75100708007812,149.822998046875,148.56199645996094,148.75100708007812,0
2025-09-26,149.86099243164062,149.93499755859375,149.4250030517578,149.86099243164062,0
2025-09-29,149.40499877929688,149.4040069580078,148.46800231933594,149.40499877929688,0
2025-09-30,148.59500122070312,148.81100463867188,147.65899658203125,148.59500122070312,0
2025-10-01,147.9969940185547,148.22000122070312,146.60899353027344,147.9969940185547,0
2025-10-02,147.08299255371094,147.50900268554688,146.60899353027344,147.08299255371094,0
2025-10-03,147.14999389648438,147.81100463867188,147.17100524902344,147.14999389648438,0
2025-10-06,149.6060028076172,150.4669952392578,149.4810028076172,149.6060028076172,0
2025-10-07,150.33099365234375,151.1999969482422,150.2480010986328,150.33099365234375,0
2025-10-08,152.05099487304688,152.99099731445312,152.0970001220703,152.05099487304688,0
2025-10-09,152.67999267578125,153.21200561523438,152.19200134277344,152.67999267578125,0
2025-10-10,152.96499633789062,153.14999389648438,151.5260009765625,152.96499633789062,0
2025-10-13,152.05599975585938,152.4409942626953,151.73500061035156,152.05599975585938,0
2025-10-14,152.4340057373047,152.59300231933594,151.65699768066406,152.4340057373047,0
2025-10-15,151.7310028076172,151.82200622558594,150.91400146484375,151.7310028076172,0
2025-10-16,150.9739990234375,151.39199829101562,150.52200317382812,150.9739990234375,0
2025-10-17,150.1199951171875,150.5850067138672,149.40699768066406,150.1199951171875,0
2025-10-20,150.89999389648438,151.19900512695312,150.28599548339844,150.89999389648438,0
2025-10-21,150.7740020751953,152.16000366210938,150.49200439453125,150.7740020751953,0
2025-10-22,151.89300537109375,152.02699279785156,151.5070037841797,151.89300537109375,0
2025-10-23,151.95399475097656,152.78599548339844,151.97500610351562,151.95399475097656,0
2025-10-24,152.6020050048828,153.05599975585938,152.3470001220703,152.6020050048828,0
2025-10-27,153.06100463867188,153.2429962158203,152.57699584960938,153.06100463867188,0
2025-10-28,152.69200134277344,152.72900390625,151.75599670410156,152.69200134277344,0
2025-10-29,151.7310028076172,152.51400756835938,151.5489959716797,151.7310028076172,0
2025-10-30,152.7220001220703,154.4409942626953,152.18499755859375,152.7220001220703,0
2025-10-31,153.89999389648438,154.37600708007812,153.656005859375,153.89999389648438,0
2025-11-03,154.19500732421875,154.28399658203125,153.94700622558594,154.19500732421875,0
2025-11-04,154.20399475097656,154.46200561523438,153.32200622558594,154.20399475097656,0
2025-11-05,153.5570068359375,154.3520050048828,152.9810028076172,153.5570068359375,0
2025-11-06,154.072998046875,154.1320037841797,152.9770050048828,154.072998046875,0
2025-11-07,152.947998046875,153.51699829101562,152.85299682617188,152.947998046875,0
2025-11-10,153.81700134277344,154.23500061035156,153.5449981689453,153.5449981689453,0
2025-11-11,154.14599609375,154.46499633789062,153.6699981689453,154.16400146484375,0
2025-11-12,154.0749969482422,155.0189971923828,154.05299377441406,154.05299377441406,0
2025-11-13,154.71299743652344,154.98500061035156,154.1479949951172,154.7030029296875,0
2025-11-14,154.63299560546875,154.7469940185547,153.64999389648438,154.62899780273438,0
2025-11-17,154.5850067138672,155.2949981689453,154.41400146484375,154.6179962158203,0
2025-11-18,155.2729949951172,155.4949951171875,154.8350067138672,155.25,0
2025-11-19,155.54800415039062,156.69900512695312,155.22000122070312,155.5240020751953,0
2025-11-20,156.99200439453125,157.88699340820312,156.87899780273438,156.99200439453125,0
2025-11-21,157.36900329589844,157.52699279785156,156.22500610351562,157.38299560546875,0
2025-11-24,156.68800354003906,157.1699981689453,156.49899291992188,156.66200256347656,0
2025-11-25,156.93899536132812,156.97000122070312,155.91400146484375,156.8780059814453,0
2025-11-26,156.22999572753906,156.7220001220703,155.67100524902344,156.16900634765625,0
2025-11-27,156.23899841308594,156.4010009765625,155.7220001220703,156.21200561523438,0
2025-11-28,156.28399658203125,156.57400512695312,155.97799682617188,156.28700256347656,0
2025-12-01,155.92799377441406,155.91099548339844,154.68600463867188,155.88699340820312,0
2025-12-02,155.5570068359375,156.17100524902344,155.45899963378906,155.5469970703125,0
2025-12-03,155.8070068359375,155.7949981689453,155.00999450683594,155.74899291992188,0
2025-12-04,155.10699462890625,155.52999877929688,154.5189971923828,155.0970001220703,0
2025-12-05,155.14199829101562,155.48199462890625,154.3520050048828,155.1020050048828,0
2025-12-08,155.33999633789062,155.97500610351562,154.9029998779297,155.30299377441406,0
2025-12-09,155.843994140625,156.9149932861328,155.75,155.83900451660156,0
2025-12-10,156.83799743652344,156.91799926757812,156.322998046875,156.79800415039062,0
2025-12-11,155.7899932861328,156.1439971923828,154.94500732421875,155.74400329589844,0
2025-12-12,155.56700134277344,156.1219940185547,155.46099853515625,155.4770050048828,0
2025-12-15,155.88800048828125,155.96800231933594,154.85000610351562,155.85899353027344,0
2025-12-16,155.01499938964844,155.11099243164062,154.47000122070312,155.0240020751953,0
2025-12-17,154.7779998779297,155.6269989013672,154.51400756835938,154.76800537109375,0
2025-12-18,155.4949951171875,155.96499633789062,155.28900146484375,155.47999572753906,0
2025-12-19,155.58599853515625,157.48699951171875,155.5679931640625,155.5679931640625,0
2025-12-22,157.67599487304688,157.6490020751953,156.86500549316406,157.60899353027344,0
2025-12-23,156.8769989013672,156.91099548339844,155.66400146484375,156.91099548339844,0
2025-12-24,156.17599487304688,156.2519989013672,155.57200622558594,156.1649932861328,0
2025-12-26,156.08999633789062,156.63800048828125,155.9949951171875,156.1699981689453,0
2025-12-29,156.46299743652344,156.5,155.92799377441406,156.27499389648438,0
2025-12-30,156.01300048828125,156.54800415039062,155.74200439453125,155.9320068359375,0
2025-12-31,156.41299438476562,156.98899841308594,156.33099365234375,156.36700439453125,0
2026-01-02,156.7310028076172,156.99200439453125,156.50999450683594,156.73699951171875,0
2026-01-05,156.98899841308594,157.29200744628906,156.31500244140625,156.96600341796875,0
2026-01-06,156.62600708007812,156.7830047607422,156.15899658203125,156.58599853515625,0
2026-01-07,156.67999267578125,156.79400634765625,156.2989959716797,156.65699768066406,0
2026-01-08,156.7310028076172,157.05999755859375,156.4669952392578,156.6929931640625,0
2026-01-09,156.8800048828125,158.16099548339844,156.88499450683594,156.89599609375,0
2026-01-12,158.1490020751953,158.18800354003906,157.52099609375,158.1230010986328,0
2026-01-13,157.98599243164062,159.18699645996094,157.96499633789062,157.99600219726562,0
2026-01-14,159.1790008544922,159.43800354003906,158.11000061035156,159.1790008544922,0
2026-01-15,158.40199279785156,158.875,158.22300720214844,158.43600463867188,0
2026-01-16,158.5959930419922,158.67599487304688,157.8209991455078,158.57200622558594,0
2026-01-19,157.53500366210938,158.1479949951172,157.4250030517578,157.56700134277344,0
2026-01-20,158.177001953125,158.5919952392578,157.5659942626953,158.17999267578125,0
2026-01-21,158.16200256347656,158.2969970703125,157.75,158.156005859375,0
2026-01-22,158.45599365234375,158.875,158.2030029296875,158.45700073242188,0
2026-01-23,158.50100708007812,159.20700073242188,157.39199829101562,158.48800659179688,0
2026-01-26,155.16600036621094,155.3260040283203,153.35299682617188,155.18699645996094,0
2026-01-27,154.33599853515625,154.86900329589844,152.89100646972656,154.3489990234375,0
2026-01-28,152.4530029296875,153.76600646972656,152.3300018310547,152.5189971923828,0
2026-01-29,153.0959930419922,153.50599670410156,152.75900268554688,153.12399291992188,0
2026-01-30,153.16200256347656,154.74600219726562,153.0850067138672,153.14700317382812,0
2026-02-02,155.20199584960938,155.68499755859375,154.56900024414062,155.13499450683594,0
2026-02-03,155.4429931640625,156.07000732421875,155.31199645996094,155.5030059814453,0
2026-02-04,155.7989959716797,156.84500122070312,155.81500244140625,155.81500244140625,0
2026-02-05,156.91700744628906,157.3280029296875,156.56300354003906,156.9040069580078,0
2026-02-06,156.78399658203125,157.13099670410156,156.53900146484375,156.77099609375,0
2026-02-09,157.24400329589844,157.2550048828125,155.53199768066406,157.2550048828125,0
2026-02-10,156.1320037841797,156.28500366210938,154.07400512695312,156.1219940185547,0
2026-02-11,154.48199462890625,154.54600524902344,152.82400512695312,154.5019989013672,0
2026-02-12,153.2689971923828,153.73800659179688,152.2779998779297,153.23899841308594,0
2026-02-13,152.8209991455078,153.65499877929688,152.7449951171875,152.7570037841797,0
2026-02-16,152.7790069580078,153.61900329589844,152.77000427246094,152.78799438476562,0
2026-02-17,153.60899353027344,153.88699340820312,152.7010040283203,153.5500030517578,0
2026-02-18,153.1490020751953,154.47900390625,153.06300354003906,153.11599731445312,0
2026-02-19,154.6929931640625,155.31199645996094,154.53799438476562,154.6840057373047,0
2026-02-20,155.16000366210938,155.625,154.718994140625,155.1739959716797,0
2026-02-23,154.33900451660156,155.02200317382812,153.9949951171875,154.3560028076172,0
2026-02-24,154.63499450683594,156.24200439453125,154.61900329589844,154.63699340820312,0
2026-02-25,155.8800048828125,156.80799865722656,155.35699462890625,155.91200256347656,0
2026-02-26,156.1999969482422,156.26100158691406,155.74600219726562,156.14300537109375,0
2026-02-27,155.85899353027344,156.2169952392578,155.54100036621094,155.87100219726562,0
2026-03-02,156.63299560546875,157.74400329589844,156.1479949951172,156.60800170898438,0
2026-03-03,157.2570037841797,157.96600341796875,157.1529998779297,157.27200317382812,0
2026-03-04,157.7729949951172,157.84500122070312,156.88299560546875,157.781005859375,0
2026-03-05,156.98300170898438,157.76800537109375,156.4739990234375,156.9709930419922,0
2026-03-06,157.53399658203125,158.07400512695312,157.41200256347656,157.52200317382812,0
2026-03-09,158.427001953125,158.8939971923828,158.0030059814453,158.38400268554688,0
2026-03-10,157.84800720214844,157.95899963378906,157.27699279785156,157.8560028076172,0
2026-03-11,158.11399841308594,158.83900451660156,157.8699951171875,158.0679931640625,0
2026-03-12,159.0749969482422,159.28399658203125,158.572998046875,159.09300231933594,0
2026-03-13,159.20599365234375,159.63099670410156,159.00399780273438,159.2100067138672,0
2026-03-16,159.5679931640625,159.62100219726562,158.85400390625,159.51199340820312,0
2026-03-17,159.10499572753906,159.48699951171875,158.72500610351562,159.13900756835938,0
2026-03-18,158.88900756835938,159.5659942626953,158.56700134277344,158.88999938964844,0
2026-03-19,159.7949981689453,159.8159942626953,158.07400512695312,159.8159942626953,0
2026-03-20,157.9239959716797,159.2570037841797,157.73699951171875,157.9149932861328,0
2026-03-23,159.23399353027344,159.64999389648438,158.22500610351562,159.13999938964844,0
2026-03-24,158.47900390625,158.93699645996094,158.40899658203125,158.49000549316406,0
2026-03-25,158.71800231933594,159.22500610351562,158.57699584960938,158.7100067138672,0
2026-03-26,159.38400268554688,159.68899536132812,159.28700256347656,159.4010009765625,0
2026-03-27,159.70399475097656,160.1580047607422,159.45599365234375,159.71499633789062,0
2026-03-30,160.23399353027344,160.2310028076172,159.3209991455078,160.2310028076172,0
2026-03-31,159.84100341796875,159.95899963378906,158.89199829101562,159.75399780273438,0
2026-04-01,158.57899475097656,158.99000549316406,158.2790069580078,158.5679931640625,0
2026-04-02,158.68800354003906,159.74200439453125,158.6009979248047,158.69900512695312,0
2026-04-03,159.49099731445312,159.69500732421875,159.427001953125,159.45599365234375,0
2026-04-06,159.77999877929688,159.79299926757812,159.31700134277344,159.75,0
2026-04-07,159.68299865722656,160.01499938964844,159.47300720214844,159.70599365234375,0
2026-04-08,158.71600341796875,158.7469940185547,157.89300537109375,158.6479949951172,0
2026-04-09,158.64199829101562,159.27999877929688,158.63400268554688,158.63400268554688,0
2026-04-10,159.11199951171875,159.36399841308594,159.00900268554688,159.08900451660156,0
2026-04-13,159.67999267578125,159.85000610351562,159.51699829101562,159.69700622558594,0
2026-04-14,159.21400451660156,159.32400512695312,158.60299682617188,159.26199340820312,0
2026-04-15,158.79200744628906,159.1529998779297,158.65199279785156,158.76300048828125,0
2026-04-16,158.8090057373047,159.28700256347656,158.2779998779297,158.7830047607422,0
2026-04-17,159.19500732421875,159.51499938964844,157.61199951171875,159.2239990234375,0
2026-04-20,159.16099548339844,159.177001953125,158.55099487304688,159.1529998779297,0
2026-04-21,158.843994140625,159.43099975585938,158.80299377441406,158.85400390625,0
2026-04-22,159.3730010986328,159.50399780273438,159.10400390625,159.33799743652344,0
2026-04-23,159.48800659179688,159.7760009765625,159.29800415039062,159.49400329589844,0
2026-04-24,159.7469940185547,159.83700561523438,159.33599853515625,159.74200439453125,0
2026-04-27,159.5760040283203,159.5749969482422,159.08999633789062,159.5749969482422,0
2026-04-28,159.35699462890625,159.78399658203125,158.97000122070312,159.35899353027344,0
2026-04-29,159.552001953125,160.28799438476562,159.52099609375,159.5449981689453,0
2026-04-30,160.1840057373047,160.70199584960938,155.55099487304688,160.1929931640625,0
2026-05-01,156.97799682617188,157.3090057373047,155.51600646972656,156.99400329589844,0
2026-05-04,156.8459930419922,157.27699279785156,155.81500244140625,156.89999389648438,0
2026-05-05,157.19400024414062,157.8350067138672,157.12100219726562,157.2050018310547,0
2026-05-06,157.677001953125,157.88900756835938,155.0469970703125,157.6649932861328,0
2026-05-07,156.50799560546875,156.51100158691406,156.03599548339844,156.51100158691406,0
2026-05-08,156.82899475097656,156.97300720214844,156.4459991455078,156.83799743652344,0
2026-05-11,156.85800170898438,157.16900634765625,156.85499572753906,156.88900756835938,0
2026-05-12,157.2310028076172,157.74600219726562,156.8090057373047,157.27000427246094,0
2026-05-13,157.67100524902344,157.89100646972656,157.57899475097656,157.6750030517578,0
2026-05-14,157.8509979248047,158.18299865722656,157.60899353027344,157.8470001220703,0
2026-05-15,158.3820037841797,158.73800659179688,158.30499267578125,158.39300537109375,0
2026-05-18,158.843994140625,159.0590057373047,158.63999938964844,158.86900329589844,0
2026-05-19,158.86099243164062,159.24200439453125,158.7779998779297,158.875,0
2026-05-20,159.03500366210938,159.16600036621094,158.593994140625,159.05299377441406,0
2026-05-21,158.88800048828125,159.3179931640625,158.8179931640625,158.88800048828125,0
2026-05-22,159.01800537109375,159.22500610351562,159.0,159.04800415039062,0
2026-05-25,158.9459991455078,159.03700256347656,158.75900268554688,158.94200134277344,0
2026-05-26,158.95399475097656,159.3719940185547,158.90699768066406,158.947998046875,0
2026-05-27,159.2429962158203,159.51800537109375,159.1739959716797,159.2239990234375,0
2026-05-28,159.5679931640625,159.64300537109375,159.16600036621094,159.57400512695312,0
2026-05-29,159.27000427246094,159.37600708007812,159.0989990234375,159.26100158691406,0
2026-06-01,159.35299682617188,159.74899291992188,159.3679962158203,159.38299560546875,0
2026-06-02,159.63600158691406,159.89500427246094,159.63600158691406,159.63999938964844,0
2026-06-03,159.96800231933594,159.99400329589844,159.51199340820312,159.97500610351562,0
2026-06-04,159.94000244140625,160.02099609375,159.75,159.9459991455078,0
2026-06-05,159.99000549316406,160.2899932861328,159.82400512695312,159.99000549316406,0
2026-06-08,159.9499969482422,160.3939971923828,159.83999633789062,160.0970001220703,0
